{
"type": "FeatureCollection",
"name": "buol",
"crs": { "type": "name", "properties": { "name": "urn:ogc:def:crs:OGC:1.3:CRS84" } },
"features": [
{ "type": "Feature", "properties": { "GID_0": "IDN", "NAME_0": "Indonesia", "GID_1": "IDN.27_1", "NAME_1": "Sulawesi Tengah", "GID_2": "IDN.27.3_1", "NAME_2": "Buol", "GID_3": "IDN.27.3.1_1", "NAME_3": "Biau", "GID_4": "IDN.27.3.1.1_1", "NAME_4": "Bugis", "VARNAME_4": null, "TYPE_4": "Desa", "ENGTYPE_4": "Village", "CC_4": "7207011001" }, "geometry": { "type": "MultiPolygon", "coordinates": [ [ [ [ 121.463188171386946, 1.131883740425053 ], [ 121.462638854980582, 1.131394624710197 ], [ 121.460945129394645, 1.129878401756287 ], [ 121.460243225097656, 1.129248857498283 ], [ 121.459732055664062, 1.128794193267936 ], [ 121.459373474121321, 1.128479003906193 ], [ 121.457901000976676, 1.127191185951347 ], [ 121.455711364746094, 1.125628352165222 ], [ 121.454315185546875, 1.124513149261531 ], [ 121.453536987304688, 1.123900175094661 ], [ 121.453193664550781, 1.123568058013973 ], [ 121.452766418457145, 1.123200297355766 ], [ 121.451286315917969, 1.121447682380676 ], [ 121.451080322265625, 1.121204495430106 ], [ 121.450706481933594, 1.120762467384452 ], [ 121.447990417480582, 1.117682576179618 ], [ 121.447837829589844, 1.117469191551265 ], [ 121.447731018066634, 1.117348432541007 ], [ 121.447380065918082, 1.116904854774475 ], [ 121.44715881347679, 1.116580605506897 ], [ 121.447036743164176, 1.116397976875362 ], [ 121.44696044921875, 1.116296172142029 ], [ 121.446273803711051, 1.116905450820923 ], [ 121.446022033691634, 1.117178678512573 ], [ 121.445678710937614, 1.117451906204224 ], [ 121.445442199707259, 1.117725133895931 ], [ 121.445205688476562, 1.1178959608078 ], [ 121.444885253906364, 1.11818623542797 ], [ 121.444648742675781, 1.118442416191158 ], [ 121.444190979003906, 1.118835210800285 ], [ 121.443832397460938, 1.119159817695561 ], [ 121.443428039550781, 1.119552612304688 ], [ 121.442939758300781, 1.120030760765076 ], [ 121.442611694336051, 1.120321035385246 ], [ 121.442222595214957, 1.120696783065853 ], [ 121.441902160644531, 1.120970129966679 ], [ 121.441566467285156, 1.121294617653007 ], [ 121.441207885742188, 1.121619105339164 ], [ 121.441032409667969, 1.121901273727531 ], [ 121.440986633300781, 1.122004508972282 ], [ 121.440849304199219, 1.122284889221248 ], [ 121.44071197509777, 1.122537136077881 ], [ 121.440498352050895, 1.122971415519771 ], [ 121.440460205078125, 1.123053312301579 ], [ 121.440170288086051, 1.123616695404053 ], [ 121.4398193359375, 1.124316692352295 ], [ 121.439628601074219, 1.124709367752075 ], [ 121.439376831054801, 1.125238656997738 ], [ 121.439140319824219, 1.125716805458126 ], [ 121.438880920410156, 1.126055359840507 ], [ 121.439628601074219, 1.126275420188961 ], [ 121.440040588378906, 1.126373529434318 ], [ 121.440299987793196, 1.126452922821102 ], [ 121.440452575683594, 1.126889467239494 ], [ 121.440666198730469, 1.127370238304195 ], [ 121.440643310546875, 1.12788903713232 ], [ 121.44071197509777, 1.127975344657841 ], [ 121.440933227539176, 1.128278374671936 ], [ 121.441917419433594, 1.129480004310722 ], [ 121.441795349121094, 1.130180239677486 ], [ 121.441383361816406, 1.130522131919861 ], [ 121.441307067871207, 1.13088405132288 ], [ 121.442077636718864, 1.130950212478751 ], [ 121.442390441894759, 1.131563425064144 ], [ 121.442710876464844, 1.131363034248409 ], [ 121.442817687988395, 1.131296038627625 ], [ 121.442985534668082, 1.131771206855774 ], [ 121.44239807128929, 1.132418274879456 ], [ 121.442077636718864, 1.132538318634147 ], [ 121.441513061523551, 1.132730484008789 ], [ 121.441856384277457, 1.133291006088371 ], [ 121.442779541015852, 1.133386373520011 ], [ 121.443008422851676, 1.133089184761047 ], [ 121.443359375000114, 1.132641673088187 ], [ 121.443611145019645, 1.13295483589178 ], [ 121.443550109863395, 1.133198857307491 ], [ 121.443389892578239, 1.133741378784293 ], [ 121.443275451660156, 1.134103775024414 ], [ 121.443084716796875, 1.134350061416569 ], [ 121.44287109375, 1.134608626365775 ], [ 121.443061828613281, 1.134848952293453 ], [ 121.443962097168082, 1.134795069694633 ], [ 121.444068908691406, 1.134988069534415 ], [ 121.444114685058821, 1.135096073150748 ], [ 121.444015502929688, 1.135311841964779 ], [ 121.443962097168082, 1.13542366027832 ], [ 121.443626403808594, 1.135730624198914 ], [ 121.443351745605696, 1.135970830917415 ], [ 121.44427490234375, 1.136421084403992 ], [ 121.44427490234375, 1.136889696121273 ], [ 121.444015502929688, 1.137306213378906 ], [ 121.4434814453125, 1.137600302696285 ], [ 121.443008422851676, 1.138214945793209 ], [ 121.442718505859375, 1.137627363204956 ], [ 121.442596435546989, 1.137548089027518 ], [ 121.442359924316406, 1.137366771697998 ], [ 121.441947937011719, 1.137520909309444 ], [ 121.441627502441634, 1.13873481750494 ], [ 121.442062377929801, 1.139131307602042 ], [ 121.443023681640739, 1.139321565628109 ], [ 121.443405151367301, 1.139657258987427 ], [ 121.4434814453125, 1.140130043029728 ], [ 121.442161560058594, 1.140218973159847 ], [ 121.441925048828125, 1.140433788299561 ], [ 121.441818237304915, 1.140526533126831 ], [ 121.441757202148438, 1.140749216079826 ], [ 121.441635131836165, 1.141155481338615 ], [ 121.441360473632812, 1.141126632690487 ], [ 121.441230773925781, 1.141101598739567 ], [ 121.440956115722656, 1.140758156776542 ], [ 121.440834045410156, 1.140727162361145 ], [ 121.440139770507926, 1.14030134677887 ], [ 121.439704895019531, 1.140848398208618 ], [ 121.439292907714844, 1.14136910438549 ], [ 121.43881988525402, 1.141453266143742 ], [ 121.438232421875114, 1.141556620597839 ], [ 121.437866210937614, 1.141903877258414 ], [ 121.437728881835938, 1.142037749290466 ], [ 121.43784332275402, 1.142424583435059 ], [ 121.437866210937614, 1.142511725425777 ], [ 121.439208984375114, 1.142511129379329 ], [ 121.439758300781364, 1.142192721366882 ], [ 121.439849853515625, 1.142143487930355 ], [ 121.440681457519759, 1.142069697380123 ], [ 121.440887451171989, 1.142543673515434 ], [ 121.440170288086051, 1.144227027893123 ], [ 121.439781188964957, 1.144703030586356 ], [ 121.439537048340071, 1.144986629486141 ], [ 121.438919067382812, 1.145215034484863 ], [ 121.438575744629134, 1.144975900649968 ], [ 121.438568115234375, 1.144847512245178 ], [ 121.438560485839844, 1.144543766975346 ], [ 121.438621520996207, 1.143820405006466 ], [ 121.43863677978527, 1.143701314926261 ], [ 121.438415527343864, 1.143373489379996 ], [ 121.437454223632926, 1.143592476844788 ], [ 121.437065124511832, 1.144362211227531 ], [ 121.437316894531364, 1.144922137260494 ], [ 121.437583923339844, 1.145594716072196 ], [ 121.437622070312727, 1.145697593689022 ], [ 121.437751770019531, 1.145894408226127 ], [ 121.438163757324219, 1.146546483039799 ], [ 121.438194274902571, 1.147169470787048 ], [ 121.438041687011832, 1.147194504737968 ], [ 121.437545776367188, 1.147257328033504 ], [ 121.436637878417969, 1.146690130233878 ], [ 121.436836242675781, 1.147322416305542 ], [ 121.436866760254134, 1.147403240203857 ], [ 121.436973571777344, 1.14765310287487 ], [ 121.437255859375114, 1.148338794708309 ], [ 121.437454223632926, 1.149065852165222 ], [ 121.437545776367188, 1.149128198623714 ], [ 121.438056945800895, 1.149482250213737 ], [ 121.438407897949332, 1.149767160415649 ], [ 121.438880920410156, 1.150040626525993 ], [ 121.43865966796875, 1.150334596634025 ], [ 121.438102722167969, 1.151014685630855 ], [ 121.437873840332145, 1.15145647525793 ], [ 121.437652587890739, 1.152079820632935 ], [ 121.43756103515625, 1.152570843696708 ], [ 121.441726684570312, 1.153649091720581 ], [ 121.443862915039062, 1.154251337051505 ], [ 121.444732666015739, 1.155081510543937 ], [ 121.445114135742301, 1.155573010444641 ], [ 121.445480346679801, 1.155329823494071 ], [ 121.446136474609375, 1.154833078384456 ], [ 121.446647644043082, 1.154450535774288 ], [ 121.447463989257812, 1.15383958816534 ], [ 121.448295593261719, 1.153211355209351 ], [ 121.450447082519645, 1.149141430854854 ], [ 121.451507568359375, 1.145360350608769 ], [ 121.452667236328125, 1.142696142196655 ], [ 121.453765869140625, 1.141190052032471 ], [ 121.454719543457031, 1.140009641647396 ], [ 121.457717895507926, 1.136896491050663 ], [ 121.458824157714957, 1.135895848274231 ], [ 121.461326599121207, 1.133599162101802 ], [ 121.463188171386946, 1.131883740425053 ] ] ] ] } },
{ "type": "Feature", "properties": { "GID_0": "IDN", "NAME_0": "Indonesia", "GID_1": "IDN.27_1", "NAME_1": "Sulawesi Tengah", "GID_2": "IDN.27.3_1", "NAME_2": "Buol", "GID_3": "IDN.27.3.1_1", "NAME_3": "Biau", "GID_4": "IDN.27.3.1.2_1", "NAME_4": "Buol", "VARNAME_4": null, "TYPE_4": "Desa", "ENGTYPE_4": "Village", "CC_4": "7207011003" }, "geometry": { "type": "MultiPolygon", "coordinates": [ [ [ [ 121.428092956543196, 1.137806534767151 ], [ 121.427879333496094, 1.138114094734135 ], [ 121.42832183837902, 1.139274954795951 ], [ 121.428253173828125, 1.139834880828914 ], [ 121.428184509277344, 1.140410304069519 ], [ 121.426216125488395, 1.142066240310669 ], [ 121.426109313964844, 1.142670154571647 ], [ 121.425880432128906, 1.143828988075313 ], [ 121.428215026855469, 1.144923925399723 ], [ 121.43019104003929, 1.144950151443481 ], [ 121.430862426757812, 1.146200180053711 ], [ 121.430313110351562, 1.146923422813416 ], [ 121.430068969726676, 1.147234559059257 ], [ 121.428733825683707, 1.147495031356868 ], [ 121.428276062011946, 1.147782325744629 ], [ 121.427459716796875, 1.148302674293575 ], [ 121.427391052246207, 1.148895382881221 ], [ 121.42734527587902, 1.149246454238948 ], [ 121.427932739257926, 1.14986169338232 ], [ 121.429405212402344, 1.149812102317924 ], [ 121.42919921875, 1.151055097580013 ], [ 121.429229736328352, 1.151671290397701 ], [ 121.429252624511832, 1.15209531784069 ], [ 121.429649353027457, 1.152761816978511 ], [ 121.430442810058707, 1.153401613235587 ], [ 121.430999755859489, 1.154121398925838 ], [ 121.431243896484375, 1.154550433158875 ], [ 121.431282043457031, 1.154632687568721 ], [ 121.432075500488281, 1.156111598014888 ], [ 121.432128906250114, 1.156215310096854 ], [ 121.432113647461051, 1.157110333442802 ], [ 121.431999206542969, 1.15823769569397 ], [ 121.43235015869152, 1.158403515815678 ], [ 121.432830810546875, 1.158714413642997 ], [ 121.432907104492301, 1.158768296241817 ], [ 121.433181762695312, 1.159077644348258 ], [ 121.433235168457259, 1.159405350685176 ], [ 121.4332275390625, 1.159648180008048 ], [ 121.433135986328125, 1.160009741783199 ], [ 121.432861328125227, 1.160496115684566 ], [ 121.433303833007926, 1.160739064216614 ], [ 121.434112548828125, 1.161187529563961 ], [ 121.434402465820426, 1.161396145820675 ], [ 121.43479156494152, 1.161670327186641 ], [ 121.435203552246207, 1.161951661109924 ], [ 121.435371398925895, 1.16206955909729 ], [ 121.435569763183707, 1.162204265594596 ], [ 121.436836242675781, 1.161222696304378 ], [ 121.437431335449446, 1.160764336586055 ], [ 121.437950134277344, 1.160363435745353 ], [ 121.439361572265739, 1.159457445144767 ], [ 121.439758300781364, 1.159198999404907 ], [ 121.441574096679688, 1.157966256141719 ], [ 121.442169189453125, 1.157565355301017 ], [ 121.443466186523438, 1.156683206558341 ], [ 121.443824768066406, 1.156438469886893 ], [ 121.444786071777344, 1.155796527862549 ], [ 121.445114135742301, 1.155573010444641 ], [ 121.444732666015739, 1.155081510543937 ], [ 121.443862915039062, 1.154251337051505 ], [ 121.441726684570312, 1.153649091720581 ], [ 121.43756103515625, 1.152570843696708 ], [ 121.437652587890739, 1.152079820632935 ], [ 121.437873840332145, 1.15145647525793 ], [ 121.438102722167969, 1.151014685630855 ], [ 121.43865966796875, 1.150334596634025 ], [ 121.438880920410156, 1.150040626525993 ], [ 121.438407897949332, 1.149767160415649 ], [ 121.438056945800895, 1.149482250213737 ], [ 121.437545776367188, 1.149128198623714 ], [ 121.437454223632926, 1.149065852165222 ], [ 121.437255859375114, 1.148338794708309 ], [ 121.436973571777344, 1.14765310287487 ], [ 121.436866760254134, 1.147403240203857 ], [ 121.436836242675781, 1.147322416305542 ], [ 121.436637878417969, 1.146690130233878 ], [ 121.437545776367188, 1.147257328033504 ], [ 121.438041687011832, 1.147194504737968 ], [ 121.438194274902571, 1.147169470787048 ], [ 121.438163757324219, 1.146546483039799 ], [ 121.437751770019531, 1.145894408226127 ], [ 121.437622070312727, 1.145697593689022 ], [ 121.437583923339844, 1.145594716072196 ], [ 121.437316894531364, 1.144922137260494 ], [ 121.437065124511832, 1.144362211227531 ], [ 121.437454223632926, 1.143592476844788 ], [ 121.438415527343864, 1.143373489379996 ], [ 121.43863677978527, 1.143701314926261 ], [ 121.438621520996207, 1.143820405006466 ], [ 121.438560485839844, 1.144543766975346 ], [ 121.438568115234375, 1.144847512245178 ], [ 121.438575744629134, 1.144975900649968 ], [ 121.438919067382812, 1.145215034484863 ], [ 121.439537048340071, 1.144986629486141 ], [ 121.439781188964957, 1.144703030586356 ], [ 121.440170288086051, 1.144227027893123 ], [ 121.440887451171989, 1.142543673515434 ], [ 121.440681457519759, 1.142069697380123 ], [ 121.439849853515625, 1.142143487930355 ], [ 121.439758300781364, 1.142192721366882 ], [ 121.439208984375114, 1.142511129379329 ], [ 121.437866210937614, 1.142511725425777 ], [ 121.43784332275402, 1.142424583435059 ], [ 121.437728881835938, 1.142037749290466 ], [ 121.437866210937614, 1.141903877258414 ], [ 121.438232421875114, 1.141556620597839 ], [ 121.43881988525402, 1.141453266143742 ], [ 121.439292907714844, 1.14136910438549 ], [ 121.439704895019531, 1.140848398208618 ], [ 121.440139770507926, 1.14030134677887 ], [ 121.440834045410156, 1.140727162361145 ], [ 121.440956115722656, 1.140758156776542 ], [ 121.441230773925781, 1.141101598739567 ], [ 121.441360473632812, 1.141126632690487 ], [ 121.441635131836165, 1.141155481338615 ], [ 121.441757202148438, 1.140749216079826 ], [ 121.441818237304915, 1.140526533126831 ], [ 121.441925048828125, 1.140433788299561 ], [ 121.442161560058594, 1.140218973159847 ], [ 121.4434814453125, 1.140130043029728 ], [ 121.443405151367301, 1.139657258987427 ], [ 121.443023681640739, 1.139321565628109 ], [ 121.442062377929801, 1.139131307602042 ], [ 121.441627502441634, 1.13873481750494 ], [ 121.441947937011719, 1.137520909309444 ], [ 121.442359924316406, 1.137366771697998 ], [ 121.442596435546989, 1.137548089027518 ], [ 121.442718505859375, 1.137627363204956 ], [ 121.443008422851676, 1.138214945793209 ], [ 121.4434814453125, 1.137600302696285 ], [ 121.444015502929688, 1.137306213378906 ], [ 121.44427490234375, 1.136889696121273 ], [ 121.44427490234375, 1.136421084403992 ], [ 121.443351745605696, 1.135970830917415 ], [ 121.443626403808594, 1.135730624198914 ], [ 121.443962097168082, 1.13542366027832 ], [ 121.444015502929688, 1.135311841964779 ], [ 121.444114685058821, 1.135096073150748 ], [ 121.444068908691406, 1.134988069534415 ], [ 121.443962097168082, 1.134795069694633 ], [ 121.443061828613281, 1.134848952293453 ], [ 121.44287109375, 1.134608626365775 ], [ 121.443084716796875, 1.134350061416569 ], [ 121.443275451660156, 1.134103775024414 ], [ 121.443389892578239, 1.133741378784293 ], [ 121.443550109863395, 1.133198857307491 ], [ 121.443611145019645, 1.13295483589178 ], [ 121.443359375000114, 1.132641673088187 ], [ 121.443008422851676, 1.133089184761047 ], [ 121.442779541015852, 1.133386373520011 ], [ 121.441856384277457, 1.133291006088371 ], [ 121.441513061523551, 1.132730484008789 ], [ 121.442077636718864, 1.132538318634147 ], [ 121.44239807128929, 1.132418274879456 ], [ 121.442985534668082, 1.131771206855774 ], [ 121.442817687988395, 1.131296038627625 ], [ 121.442710876464844, 1.131363034248409 ], [ 121.442390441894759, 1.131563425064144 ], [ 121.442077636718864, 1.130950212478751 ], [ 121.441307067871207, 1.13088405132288 ], [ 121.441383361816406, 1.130522131919861 ], [ 121.441795349121094, 1.130180239677486 ], [ 121.441917419433594, 1.129480004310722 ], [ 121.440933227539176, 1.128278374671936 ], [ 121.44071197509777, 1.127975344657841 ], [ 121.440643310546875, 1.12788903713232 ], [ 121.440666198730469, 1.127370238304195 ], [ 121.440452575683594, 1.126889467239494 ], [ 121.440299987793196, 1.126452922821102 ], [ 121.440040588378906, 1.126373529434318 ], [ 121.439628601074219, 1.126275420188961 ], [ 121.438880920410156, 1.126055359840507 ], [ 121.435989379882812, 1.1299343109132 ], [ 121.435920715332145, 1.130006909370422 ], [ 121.430404663086051, 1.134571313858032 ], [ 121.428092956543196, 1.137806534767151 ] ] ] ] } },
{ "type": "Feature", "properties": { "GID_0": "IDN", "NAME_0": "Indonesia", "GID_1": "IDN.27_1", "NAME_1": "Sulawesi Tengah", "GID_2": "IDN.27.3_1", "NAME_2": "Buol", "GID_3": "IDN.27.3.1_1", "NAME_3": "Biau", "GID_4": "IDN.27.3.1.3_1", "NAME_4": "Kali", "VARNAME_4": null, "TYPE_4": "Desa", "ENGTYPE_4": "Village", "CC_4": "7207011004" }, "geometry": { "type": "MultiPolygon", "coordinates": [ [ [ [ 121.43289947509777, 1.165381193161124 ], [ 121.43342590332054, 1.164655447006226 ], [ 121.433952331542969, 1.163911461830196 ], [ 121.434204101562614, 1.163435935974178 ], [ 121.434844970703125, 1.162763118743953 ], [ 121.435569763183707, 1.162204265594596 ], [ 121.435371398925895, 1.16206955909729 ], [ 121.435203552246207, 1.161951661109924 ], [ 121.43479156494152, 1.161670327186641 ], [ 121.434402465820426, 1.161396145820675 ], [ 121.434112548828125, 1.161187529563961 ], [ 121.433303833007926, 1.160739064216614 ], [ 121.432861328125227, 1.160496115684566 ], [ 121.433135986328125, 1.160009741783199 ], [ 121.4332275390625, 1.159648180008048 ], [ 121.433235168457259, 1.159405350685176 ], [ 121.433181762695312, 1.159077644348258 ], [ 121.432907104492301, 1.158768296241817 ], [ 121.432830810546875, 1.158714413642997 ], [ 121.43235015869152, 1.158403515815678 ], [ 121.431999206542969, 1.15823769569397 ], [ 121.432113647461051, 1.157110333442802 ], [ 121.432128906250114, 1.156215310096854 ], [ 121.432075500488281, 1.156111598014888 ], [ 121.431587219238395, 1.156037926673889 ], [ 121.429229736328352, 1.15555036067974 ], [ 121.426231384277457, 1.155913472175598 ], [ 121.425865173339957, 1.155951261520443 ], [ 121.423759460449332, 1.156164765357971 ], [ 121.421783447265625, 1.156935691833496 ], [ 121.421653747558707, 1.156997084617728 ], [ 121.419883728027571, 1.157876253128165 ], [ 121.419731140136832, 1.157949805259818 ], [ 121.418319702148438, 1.158842086792049 ], [ 121.418197631836051, 1.158945798873958 ], [ 121.417320251464844, 1.159768700599784 ], [ 121.417160034179688, 1.159843802452144 ], [ 121.416595458984375, 1.160099148750362 ], [ 121.415184020996207, 1.160770416259879 ], [ 121.414497375488281, 1.161229252815303 ], [ 121.413398742676009, 1.161950707435608 ], [ 121.413192749023438, 1.162009000778198 ], [ 121.412979125976562, 1.161905288696232 ], [ 121.412620544433594, 1.16169095039379 ], [ 121.411918640136832, 1.161624073982352 ], [ 121.4110107421875, 1.161715030670223 ], [ 121.409790039062614, 1.162129402160758 ], [ 121.408592224121094, 1.162532448768559 ], [ 121.407684326172102, 1.162617087364254 ], [ 121.407005310058594, 1.162674784660453 ], [ 121.4068603515625, 1.162694573402462 ], [ 121.405426025390739, 1.162927985191402 ], [ 121.405227661132926, 1.162965178489799 ], [ 121.404609680175781, 1.163066744804439 ], [ 121.40103912353527, 1.163733124733085 ], [ 121.398513793945312, 1.164418816566524 ], [ 121.397750854492188, 1.164621114730892 ], [ 121.393424987793082, 1.165594458580131 ], [ 121.38702392578125, 1.167021512985286 ], [ 121.380783081054915, 1.169275045395011 ], [ 121.378250122070312, 1.170182347297782 ], [ 121.378128051757926, 1.170132279396171 ], [ 121.377830505371094, 1.170007705688533 ], [ 121.377250671386719, 1.170308232307434 ], [ 121.376472473144645, 1.17069935798645 ], [ 121.37554931640625, 1.171282768249512 ], [ 121.3746337890625, 1.171974301338253 ], [ 121.37457275390625, 1.172017574310303 ], [ 121.37445068359375, 1.172089576721248 ], [ 121.3743896484375, 1.172157883644218 ], [ 121.373825073242188, 1.172837615013179 ], [ 121.372474670410156, 1.173282980918941 ], [ 121.371536254882812, 1.173583984375057 ], [ 121.370498657226676, 1.173894643783626 ], [ 121.369712829589844, 1.17408466339117 ], [ 121.369125366210938, 1.174153089523315 ], [ 121.36826324462902, 1.174268603324833 ], [ 121.367858886718864, 1.174233794212455 ], [ 121.366981506347656, 1.174093127250671 ], [ 121.366676330566634, 1.173961758613586 ], [ 121.365554809570426, 1.173427581787109 ], [ 121.365280151367188, 1.172966718673763 ], [ 121.364570617676009, 1.171807050704956 ], [ 121.36376953125, 1.171066284179688 ], [ 121.363449096679801, 1.170832753181458 ], [ 121.363029479980469, 1.170512557029724 ], [ 121.361846923828125, 1.170503258705082 ], [ 121.361030578613281, 1.170874238014221 ], [ 121.359504699707031, 1.170944809913692 ], [ 121.358009338378906, 1.17038702964777 ], [ 121.356666564941406, 1.169925570488033 ], [ 121.353431701660156, 1.169520139694214 ], [ 121.351097106933707, 1.169794559478873 ], [ 121.350906372070426, 1.169842600822562 ], [ 121.349380493164176, 1.170235633850211 ], [ 121.345352172851676, 1.170454025268555 ], [ 121.343948364257812, 1.170506119728145 ], [ 121.343345642089844, 1.170509457588309 ], [ 121.343124389648438, 1.17054390907299 ], [ 121.342582702636719, 1.170598864555473 ], [ 121.341926574707145, 1.170621871948242 ], [ 121.341621398925781, 1.170632719993534 ], [ 121.341476440429688, 1.170694828033504 ], [ 121.340110778808594, 1.171263933181763 ], [ 121.339004516601562, 1.171505331993103 ], [ 121.338706970214957, 1.171558976173401 ], [ 121.338531494140625, 1.171609759330806 ], [ 121.338264465332145, 1.171666502952689 ], [ 121.336906433105469, 1.172057867050285 ], [ 121.334388732910156, 1.172582268714962 ], [ 121.33408355712902, 1.172598719596863 ], [ 121.33441162109375, 1.173863768577633 ], [ 121.334632873535384, 1.174642086029166 ], [ 121.335296630859375, 1.177126407623291 ], [ 121.335525512695312, 1.178010821342468 ], [ 121.33558654785179, 1.178227424621582 ], [ 121.335639953613395, 1.178428173065242 ], [ 121.335678100585938, 1.178570508956909 ], [ 121.335784912109489, 1.17898523807537 ], [ 121.336051940917969, 1.179959535598698 ], [ 121.336181640625114, 1.180446743965149 ], [ 121.336761474609489, 1.182608366012573 ], [ 121.336860656738281, 1.182977676391658 ], [ 121.337455749511719, 1.184624671936035 ], [ 121.33892822265625, 1.188681840896663 ], [ 121.339118957519531, 1.189193964004517 ], [ 121.339614868164176, 1.190567374229488 ], [ 121.339897155761719, 1.191335082054081 ], [ 121.3590087890625, 1.185874819755611 ], [ 121.373313903808594, 1.181758046150208 ], [ 121.375305175781364, 1.181183815002441 ], [ 121.377250671386719, 1.180623650550899 ], [ 121.382041931152344, 1.179327487945557 ], [ 121.385406494140739, 1.178416609764156 ], [ 121.387893676757926, 1.177636384963989 ], [ 121.388114929199219, 1.177566051483268 ], [ 121.390998840332031, 1.176662921905574 ], [ 121.398017883300895, 1.174464344978333 ], [ 121.400886535644645, 1.173562884330863 ], [ 121.402969360351676, 1.173175096511955 ], [ 121.403953552246094, 1.172992229461727 ], [ 121.405647277832145, 1.172991394996757 ], [ 121.407417297363281, 1.173062920570487 ], [ 121.408149719238281, 1.173091292381343 ], [ 121.409172058105469, 1.172695636749381 ], [ 121.410270690917969, 1.17253673076641 ], [ 121.411041259765625, 1.172218799591178 ], [ 121.411125183105582, 1.170555949211121 ], [ 121.411399841308594, 1.169097900390568 ], [ 121.411964416503906, 1.167844057083187 ], [ 121.412315368652457, 1.166968107223511 ], [ 121.412445068359602, 1.166625618934745 ], [ 121.413131713867188, 1.166139006614742 ], [ 121.415512084961051, 1.166542887687683 ], [ 121.416473388671989, 1.166461229324398 ], [ 121.417007446289062, 1.16642963886261 ], [ 121.417846679687614, 1.166379809379634 ], [ 121.418571472168082, 1.166379332542419 ], [ 121.419036865234375, 1.166410446166992 ], [ 121.419174194336051, 1.166419506073055 ], [ 121.41934967041027, 1.166439652442932 ], [ 121.41953277587902, 1.166459918022213 ], [ 121.419776916503906, 1.166459798812866 ], [ 121.4200439453125, 1.16613876819622 ], [ 121.420341491699332, 1.16571748256689 ], [ 121.420387268066406, 1.165658473968506 ], [ 121.420669555664176, 1.165214657783451 ], [ 121.421096801757926, 1.164805293083305 ], [ 121.42121887207054, 1.164658546447811 ], [ 121.421867370605582, 1.164146065712089 ], [ 121.422569274902457, 1.163690447807255 ], [ 121.423088073730469, 1.163451075553894 ], [ 121.424026489257812, 1.162995338440055 ], [ 121.425102233886832, 1.162607789039669 ], [ 121.426208496093864, 1.162739872932491 ], [ 121.426856994628906, 1.162825226783752 ], [ 121.427391052246207, 1.16310441493988 ], [ 121.427490234375, 1.163145542144832 ], [ 121.428413391113281, 1.163488149642944 ], [ 121.428611755371094, 1.163540363311881 ], [ 121.429473876953239, 1.163901925087032 ], [ 121.429618835449446, 1.163957357406616 ], [ 121.430198669433707, 1.16416430473322 ], [ 121.431037902832031, 1.164550304412955 ], [ 121.431427001953125, 1.164646148681641 ], [ 121.431518554687727, 1.164646029472465 ], [ 121.431686401367188, 1.164708971977348 ], [ 121.431892395019531, 1.164799928665218 ], [ 121.432098388672102, 1.164888143539542 ], [ 121.432395935058594, 1.165025830268974 ], [ 121.43289947509777, 1.165381193161124 ] ] ] ] } },
{ "type": "Feature", "properties": { "GID_0": "IDN", "NAME_0": "Indonesia", "GID_1": "IDN.27_1", "NAME_1": "Sulawesi Tengah", "GID_2": "IDN.27.3_1", "NAME_2": "Buol", "GID_3": "IDN.27.3.1_1", "NAME_3": "Biau", "GID_4": "IDN.27.3.1.4_1", "NAME_4": "Kulango", "VARNAME_4": null, "TYPE_4": "Desa", "ENGTYPE_4": "Village", "CC_4": "7207011002" }, "geometry": { "type": "MultiPolygon", "coordinates": [ [ [ [ 121.427879333496094, 1.138114094734135 ], [ 121.427833557128906, 1.138203382492122 ], [ 121.42716217041027, 1.1390815973283 ], [ 121.422920227050781, 1.144614338874817 ], [ 121.422447204589844, 1.145102620124874 ], [ 121.422195434570426, 1.145358324051017 ], [ 121.421836853027457, 1.14571475982666 ], [ 121.421188354492188, 1.146374464035091 ], [ 121.419326782226676, 1.148259878158569 ], [ 121.41880035400402, 1.148287892341727 ], [ 121.41666412353527, 1.148325324058646 ], [ 121.416397094726562, 1.148312330246029 ], [ 121.416275024414176, 1.148304581642151 ], [ 121.415061950683594, 1.148224592208976 ], [ 121.414215087890739, 1.148173332214469 ], [ 121.413436889648551, 1.148123741149902 ], [ 121.411849975585938, 1.14801549911499 ], [ 121.410858154296875, 1.147917270660457 ], [ 121.409210205078352, 1.147743463516349 ], [ 121.408912658691406, 1.147689342498779 ], [ 121.407135009765739, 1.147361159324646 ], [ 121.404380798339844, 1.147127270698661 ], [ 121.403274536132812, 1.147024393081665 ], [ 121.402770996093864, 1.146976351737976 ], [ 121.40238189697277, 1.146949172019958 ], [ 121.40167236328125, 1.146897554397583 ], [ 121.40048980712902, 1.146683096885738 ], [ 121.399581909179688, 1.146518588066215 ], [ 121.398414611816406, 1.146304965019283 ], [ 121.39813232421875, 1.146319270134086 ], [ 121.393188476562727, 1.146571397781372 ], [ 121.390747070312614, 1.147934675216675 ], [ 121.388755798339844, 1.149043321609497 ], [ 121.388420104980696, 1.149790525436458 ], [ 121.387145996093864, 1.152564167976493 ], [ 121.384391784667969, 1.155966162681636 ], [ 121.382507324218977, 1.161227941513118 ], [ 121.382469177246094, 1.161410450935421 ], [ 121.381820678710938, 1.164459347724858 ], [ 121.380531311035156, 1.167236089706478 ], [ 121.380119323730469, 1.167757749557609 ], [ 121.379875183105582, 1.16802358627325 ], [ 121.379806518554688, 1.168160676956234 ], [ 121.379745483398438, 1.16824114322668 ], [ 121.379295349121207, 1.169140100479183 ], [ 121.37896728515625, 1.169323205947933 ], [ 121.378456115722656, 1.169581294059867 ], [ 121.377830505371094, 1.170007705688533 ], [ 121.378128051757926, 1.170132279396171 ], [ 121.378250122070312, 1.170182347297782 ], [ 121.380783081054915, 1.169275045395011 ], [ 121.38702392578125, 1.167021512985286 ], [ 121.393424987793082, 1.165594458580131 ], [ 121.397750854492188, 1.164621114730892 ], [ 121.398513793945312, 1.164418816566524 ], [ 121.40103912353527, 1.163733124733085 ], [ 121.404609680175781, 1.163066744804439 ], [ 121.405227661132926, 1.162965178489799 ], [ 121.405426025390739, 1.162927985191402 ], [ 121.4068603515625, 1.162694573402462 ], [ 121.407005310058594, 1.162674784660453 ], [ 121.407684326172102, 1.162617087364254 ], [ 121.408592224121094, 1.162532448768559 ], [ 121.409790039062614, 1.162129402160758 ], [ 121.4110107421875, 1.161715030670223 ], [ 121.411918640136832, 1.161624073982352 ], [ 121.412620544433594, 1.16169095039379 ], [ 121.412979125976562, 1.161905288696232 ], [ 121.413192749023438, 1.162009000778198 ], [ 121.413398742676009, 1.161950707435608 ], [ 121.414497375488281, 1.161229252815303 ], [ 121.415184020996207, 1.160770416259879 ], [ 121.416595458984375, 1.160099148750362 ], [ 121.417160034179688, 1.159843802452144 ], [ 121.417320251464844, 1.159768700599784 ], [ 121.418197631836051, 1.158945798873958 ], [ 121.418319702148438, 1.158842086792049 ], [ 121.419731140136832, 1.157949805259818 ], [ 121.419883728027571, 1.157876253128165 ], [ 121.421653747558707, 1.156997084617728 ], [ 121.421783447265625, 1.156935691833496 ], [ 121.423759460449332, 1.156164765357971 ], [ 121.425865173339957, 1.155951261520443 ], [ 121.426231384277457, 1.155913472175598 ], [ 121.429229736328352, 1.15555036067974 ], [ 121.431587219238395, 1.156037926673889 ], [ 121.432075500488281, 1.156111598014888 ], [ 121.431282043457031, 1.154632687568721 ], [ 121.431243896484375, 1.154550433158875 ], [ 121.430999755859489, 1.154121398925838 ], [ 121.430442810058707, 1.153401613235587 ], [ 121.429649353027457, 1.152761816978511 ], [ 121.429252624511832, 1.15209531784069 ], [ 121.429229736328352, 1.151671290397701 ], [ 121.42919921875, 1.151055097580013 ], [ 121.429405212402344, 1.149812102317924 ], [ 121.427932739257926, 1.14986169338232 ], [ 121.42734527587902, 1.149246454238948 ], [ 121.427391052246207, 1.148895382881221 ], [ 121.427459716796875, 1.148302674293575 ], [ 121.428276062011946, 1.147782325744629 ], [ 121.428733825683707, 1.147495031356868 ], [ 121.430068969726676, 1.147234559059257 ], [ 121.430313110351562, 1.146923422813416 ], [ 121.430862426757812, 1.146200180053711 ], [ 121.43019104003929, 1.144950151443481 ], [ 121.428215026855469, 1.144923925399723 ], [ 121.425880432128906, 1.143828988075313 ], [ 121.426109313964844, 1.142670154571647 ], [ 121.426216125488395, 1.142066240310669 ], [ 121.428184509277344, 1.140410304069519 ], [ 121.428253173828125, 1.139834880828914 ], [ 121.42832183837902, 1.139274954795951 ], [ 121.427879333496094, 1.138114094734135 ] ] ] ] } },
{ "type": "Feature", "properties": { "GID_0": "IDN", "NAME_0": "Indonesia", "GID_1": "IDN.27_1", "NAME_1": "Sulawesi Tengah", "GID_2": "IDN.27.3_1", "NAME_2": "Buol", "GID_3": "IDN.27.3.1_1", "NAME_3": "Biau", "GID_4": "IDN.27.3.1.5_1", "NAME_4": "Kumaligon", "VARNAME_4": null, "TYPE_4": "Desa", "ENGTYPE_4": "Village", "CC_4": "7207011007" }, "geometry": { "type": "MultiPolygon", "coordinates": [ [ [ [ 121.363327026367188, 1.218880772590637 ], [ 121.36460113525402, 1.220497488975582 ], [ 121.365104675292969, 1.221138715743962 ], [ 121.365737915039176, 1.22194242477417 ], [ 121.368125915527344, 1.225642561912537 ], [ 121.369415283203239, 1.227307558059692 ], [ 121.370292663574446, 1.228186130523738 ], [ 121.370391845703125, 1.228273749351501 ], [ 121.371559143066406, 1.229280233383236 ], [ 121.37176513671875, 1.229484796524048 ], [ 121.3726806640625, 1.230405807495174 ], [ 121.373558044433707, 1.231603860855159 ], [ 121.373741149902457, 1.231865286827087 ], [ 121.374046325683594, 1.232278227806091 ], [ 121.374198913574219, 1.232486963272152 ], [ 121.375167846679688, 1.233781933784485 ], [ 121.375930786132812, 1.235243201255798 ], [ 121.377273559570312, 1.234830737114009 ], [ 121.378105163574219, 1.234823703765869 ], [ 121.378570556640739, 1.234843373298702 ], [ 121.379508972168082, 1.234811782836914 ], [ 121.381088256835938, 1.234798312187252 ], [ 121.381622314453239, 1.234819769859371 ], [ 121.382804870605469, 1.235350847244263 ], [ 121.385955810546989, 1.236786365509033 ], [ 121.38720703125, 1.23740291595459 ], [ 121.387680053711051, 1.237643837928886 ], [ 121.388511657714844, 1.238043308258057 ], [ 121.38909912109375, 1.238332271576041 ], [ 121.390296936035156, 1.238090872764701 ], [ 121.390945434570426, 1.237937569618339 ], [ 121.392768859863281, 1.237531542778072 ], [ 121.39349365234375, 1.237378716468811 ], [ 121.393600463867301, 1.237355947494564 ], [ 121.3936767578125, 1.237356781959647 ], [ 121.398902893066634, 1.238624215126094 ], [ 121.399429321289062, 1.23875272274023 ], [ 121.401023864746207, 1.239127039909476 ], [ 121.402420043945312, 1.239500999450684 ], [ 121.403816223144531, 1.239870667457637 ], [ 121.404449462890739, 1.240200757980404 ], [ 121.405967712402571, 1.240983128547668 ], [ 121.406814575195312, 1.241650462150631 ], [ 121.410003662109489, 1.243780374527034 ], [ 121.411514282226676, 1.244491338729915 ], [ 121.412521362304801, 1.244963765144348 ], [ 121.412590026855469, 1.244984865188712 ], [ 121.414344787597656, 1.245486855507011 ], [ 121.414558410644645, 1.245665788650513 ], [ 121.414901733398438, 1.245934963226318 ], [ 121.415000915527457, 1.246056914329586 ], [ 121.415641784667969, 1.246846079826412 ], [ 121.417121887207031, 1.24810528755188 ], [ 121.418502807617188, 1.249271631240902 ], [ 121.419525146484489, 1.250155568122977 ], [ 121.419639587402344, 1.250250101089534 ], [ 121.421600341797102, 1.251348495483455 ], [ 121.423942565918082, 1.25265812873846 ], [ 121.427200317382926, 1.254392385482902 ], [ 121.427894592285384, 1.25476169586176 ], [ 121.432510375976676, 1.256963014602775 ], [ 121.43316650390625, 1.257305622100887 ], [ 121.433479309082145, 1.257456660270748 ], [ 121.435729980468864, 1.258505344390926 ], [ 121.4381103515625, 1.259461641311646 ], [ 121.438964843750227, 1.260012626647949 ], [ 121.439987182617301, 1.260668516159001 ], [ 121.441215515136719, 1.261183977127132 ], [ 121.442520141601562, 1.261728763580436 ], [ 121.444046020507812, 1.262449502945003 ], [ 121.44573974609375, 1.263246417045536 ], [ 121.446876525878906, 1.263788700103817 ], [ 121.44852447509777, 1.264563798904419 ], [ 121.449974060058594, 1.263339042663688 ], [ 121.451179504394645, 1.262281298637447 ], [ 121.451812744140739, 1.261704802513179 ], [ 121.451957702636832, 1.261603116989193 ], [ 121.452011108398438, 1.261554002761841 ], [ 121.453300476074332, 1.26062202453619 ], [ 121.454246520996207, 1.259762644767761 ], [ 121.45444488525402, 1.259583950042838 ], [ 121.455520629882812, 1.258449554443473 ], [ 121.456634521484375, 1.257360458373967 ], [ 121.458297729492301, 1.255703926086483 ], [ 121.458457946777457, 1.255538463592643 ], [ 121.4591064453125, 1.254888296127319 ], [ 121.459442138671989, 1.254457712173405 ], [ 121.459808349609489, 1.253959178924617 ], [ 121.4600830078125, 1.253641843795776 ], [ 121.460189819336051, 1.253508448600769 ], [ 121.460472106933594, 1.253271341323853 ], [ 121.461105346679801, 1.252716541290397 ], [ 121.461479187011832, 1.252352952957267 ], [ 121.462722778320312, 1.251120686531124 ], [ 121.461639404296875, 1.250618457794303 ], [ 121.459762573242301, 1.249705791473446 ], [ 121.459411621093864, 1.249858021736202 ], [ 121.458366394042969, 1.249488949775809 ], [ 121.457427978515625, 1.249763607978821 ], [ 121.456459045410156, 1.249488711357117 ], [ 121.455230712890739, 1.249489426612854 ], [ 121.453811645507812, 1.248651742935238 ], [ 121.451919555664062, 1.247282266616935 ], [ 121.450675964355469, 1.246356129646244 ], [ 121.449333190918082, 1.245535254478455 ], [ 121.44760894775402, 1.245412588119564 ], [ 121.446746826171875, 1.245413064956665 ], [ 121.445892333984489, 1.246402859687805 ], [ 121.444168090820426, 1.246403813362065 ], [ 121.444412231445312, 1.245414376258793 ], [ 121.445030212402344, 1.244424700737 ], [ 121.443183898925895, 1.24331271648407 ], [ 121.44134521484375, 1.242447972297782 ], [ 121.440727233886832, 1.241706371307373 ], [ 121.439987182617301, 1.240717411041317 ], [ 121.43863677978527, 1.240718126297111 ], [ 121.437042236328125, 1.239853382110653 ], [ 121.435195922851676, 1.239483356475944 ], [ 121.433967590332031, 1.239484071731567 ], [ 121.432128906250114, 1.239361405372676 ], [ 121.431388854980582, 1.240845799446163 ], [ 121.431762695312614, 1.242700576782283 ], [ 121.431144714355696, 1.243319272994938 ], [ 121.430534362792969, 1.244061589241142 ], [ 121.429672241211051, 1.243320107460079 ], [ 121.427337646484489, 1.243074059486446 ], [ 121.426597595214957, 1.243198037147636 ], [ 121.426048278808707, 1.242784261703491 ], [ 121.425750732421875, 1.242741107940617 ], [ 121.42508697509777, 1.24263322353363 ], [ 121.424385070800781, 1.242828249931335 ], [ 121.423774719238395, 1.243941664695797 ], [ 121.42327880859375, 1.244189262390137 ], [ 121.42254638671875, 1.244236111641044 ], [ 121.421463012695426, 1.244102239608821 ], [ 121.420951843261719, 1.243825912475529 ], [ 121.420021057128906, 1.243322968482971 ], [ 121.419876098632812, 1.243167042732239 ], [ 121.419235229492188, 1.241394519805965 ], [ 121.418708801269531, 1.241146564483699 ], [ 121.417709350585938, 1.240764141082877 ], [ 121.416732788085938, 1.239901185035819 ], [ 121.416656494140739, 1.23986208438879 ], [ 121.416648864746321, 1.239757657051086 ], [ 121.416610717773438, 1.239688038825989 ], [ 121.416419982910156, 1.239609837532157 ], [ 121.416290283203239, 1.239518523216248 ], [ 121.416351318359375, 1.239427089691105 ], [ 121.416519165039176, 1.239322662353572 ], [ 121.416595458984375, 1.239157199859562 ], [ 121.416671752929801, 1.239026665687675 ], [ 121.416709899902457, 1.238848209381217 ], [ 121.416709899902457, 1.238621950149593 ], [ 121.416694641113395, 1.238447904586735 ], [ 121.416633605957031, 1.238291263580436 ], [ 121.416473388671989, 1.238160848617554 ], [ 121.416305541992301, 1.238052129745597 ], [ 121.416160583496094, 1.237995743751583 ], [ 121.415855407714844, 1.237839221954459 ], [ 121.415740966796989, 1.23774790763855 ], [ 121.415489196777344, 1.237469553947506 ], [ 121.415527343750114, 1.237360715866203 ], [ 121.415847778320312, 1.237121224403438 ], [ 121.415901184082145, 1.23704731464386 ], [ 121.415878295898665, 1.236942887306157 ], [ 121.415802001953125, 1.236881971359196 ], [ 121.415664672851562, 1.236851572990417 ], [ 121.415489196777344, 1.236938714981136 ], [ 121.415451049804688, 1.237069249153194 ], [ 121.415367126464957, 1.237151980400142 ], [ 121.415290832519531, 1.237134575843925 ], [ 121.415161132812614, 1.237082481384334 ], [ 121.415069580078125, 1.236912846565247 ], [ 121.414947509765739, 1.236636400222835 ], [ 121.414978027343864, 1.236547350883541 ], [ 121.414970397949332, 1.236464858055172 ], [ 121.414939880371207, 1.236230969429016 ], [ 121.414886474609375, 1.235970377922058 ], [ 121.414848327636719, 1.235832214355582 ], [ 121.414939880371207, 1.235769867897091 ], [ 121.415054321289062, 1.235738515853996 ], [ 121.415168762207145, 1.235673904419059 ], [ 121.415184020996207, 1.235500097274894 ], [ 121.415130615234489, 1.235428810119686 ], [ 121.415008544921875, 1.235437870025578 ], [ 121.414924621582259, 1.235422253608817 ], [ 121.414779663086051, 1.235391139984245 ], [ 121.414764404296989, 1.235266447067261 ], [ 121.414825439453125, 1.235146045684928 ], [ 121.414710998535156, 1.235150575637874 ], [ 121.41458892822277, 1.235326647758484 ], [ 121.414428710937614, 1.235398888587952 ], [ 121.414352416992415, 1.235364198684749 ], [ 121.414375305175895, 1.235281467437801 ], [ 121.414337158203125, 1.235164046287537 ], [ 121.414291381835938, 1.235103130340576 ], [ 121.414367675781364, 1.234985589981079 ], [ 121.414306640625, 1.234881281852722 ], [ 121.414199829101676, 1.234845638275203 ], [ 121.414031982421989, 1.234837889671326 ], [ 121.413917541503906, 1.234824895858878 ], [ 121.413871765136719, 1.23474657535553 ], [ 121.413810729980582, 1.23446714878088 ], [ 121.413742065429688, 1.234068393707275 ], [ 121.413681030273438, 1.233787775039787 ], [ 121.413619995117301, 1.233475923538208 ], [ 121.413558959960938, 1.233208537101802 ], [ 121.413459777832145, 1.233063817024288 ], [ 121.413360595703125, 1.232996702194328 ], [ 121.413269042968864, 1.232852220535335 ], [ 121.413192749023438, 1.23270308971405 ], [ 121.413032531738395, 1.232515931129399 ], [ 121.412956237792969, 1.23232889175415 ], [ 121.412971496582031, 1.232088327407951 ], [ 121.413055419921989, 1.231849908828849 ], [ 121.413124084472656, 1.231586933136043 ], [ 121.413185119628906, 1.231194853782711 ], [ 121.413116455078125, 1.230840563774166 ], [ 121.413116455078125, 1.230595588684196 ], [ 121.413208007812727, 1.230499744415283 ], [ 121.413398742676009, 1.230550885200614 ], [ 121.413619995117301, 1.230617523193303 ], [ 121.41403961181652, 1.230842351913395 ], [ 121.414466857910156, 1.231194138526917 ], [ 121.414619445800895, 1.231370091438407 ], [ 121.4146728515625, 1.231686353683585 ], [ 121.414794921875114, 1.231762051582393 ], [ 121.415107727050781, 1.231768608093262 ], [ 121.415184020996207, 1.231797456741333 ], [ 121.41522216796875, 1.231895446777344 ], [ 121.41538238525402, 1.232013463974056 ], [ 121.416015625, 1.232376217842102 ], [ 121.416557312011719, 1.232554197311458 ], [ 121.41717529296875, 1.232495903968868 ], [ 121.417602539062727, 1.232526898384094 ], [ 121.418029785156364, 1.232355117797908 ], [ 121.418403625488395, 1.232181191444397 ], [ 121.418563842773551, 1.232161045074463 ], [ 121.418716430664062, 1.232058525085563 ], [ 121.418777465820426, 1.231833457946721 ], [ 121.418731689453125, 1.231583952903804 ], [ 121.419075012207031, 1.231320858001652 ], [ 121.419410705566406, 1.231218218803406 ], [ 121.419784545898438, 1.231275916099548 ], [ 121.420364379882812, 1.231854796409664 ], [ 121.421379089355469, 1.232437968254146 ], [ 121.42203521728527, 1.232475519180241 ], [ 121.422225952148551, 1.232348442077637 ], [ 121.422409057617301, 1.232036471366882 ], [ 121.422592163086051, 1.232094287872428 ], [ 121.423683166503906, 1.232871174812431 ], [ 121.424049377441406, 1.233038067817802 ], [ 121.42427062988304, 1.232890963554439 ], [ 121.424522399902457, 1.232964277267399 ], [ 121.425102233886832, 1.232964038848877 ], [ 121.425659179687614, 1.232800602913017 ], [ 121.426017761230582, 1.232709169387874 ], [ 121.426254272461051, 1.232709050178528 ], [ 121.426559448242415, 1.232835531234741 ], [ 121.426803588867301, 1.233029246330261 ], [ 121.429069519043082, 1.23485195636755 ], [ 121.43019104003929, 1.235397696495113 ], [ 121.431427001953125, 1.235669612884635 ], [ 121.433067321777457, 1.235613942146415 ], [ 121.434219360351676, 1.235087513923759 ], [ 121.434471130371094, 1.234542131424064 ], [ 121.434272766113281, 1.233904600143489 ], [ 121.43326568603527, 1.233486533164978 ], [ 121.432685852050895, 1.233523368835506 ], [ 121.432075500488281, 1.233415365219116 ], [ 121.431655883789062, 1.233269572258109 ], [ 121.431205749511832, 1.232910513877925 ], [ 121.430839538574219, 1.232578754425163 ], [ 121.43048095703125, 1.232415914535466 ], [ 121.43003082275402, 1.232088804244995 ], [ 121.429702758789062, 1.231798052787781 ], [ 121.429306030273551, 1.231197118759155 ], [ 121.429046630859602, 1.230973720550651 ], [ 121.428764343261719, 1.230743527412471 ], [ 121.428619384765625, 1.230472087860221 ], [ 121.428672790527457, 1.230160713195858 ], [ 121.429237365722884, 1.23005318641674 ], [ 121.429901123046875, 1.229652404785213 ], [ 121.430282592773438, 1.229343056678772 ], [ 121.43100738525402, 1.229015350341854 ], [ 121.43155670166027, 1.22897744178772 ], [ 121.431953430175895, 1.22894299030304 ], [ 121.432342529296989, 1.228739738464355 ], [ 121.432579040527344, 1.228576540947017 ], [ 121.432861328125227, 1.228432655334586 ], [ 121.433349609375, 1.227748036384639 ], [ 121.433830261230582, 1.226962924003658 ], [ 121.434165954589844, 1.226422071456909 ], [ 121.43424224853527, 1.226201891899109 ], [ 121.434387207031477, 1.226037621498108 ], [ 121.434600830078239, 1.22592568397522 ], [ 121.434646606445426, 1.225829839706535 ], [ 121.434669494628906, 1.225614309311027 ], [ 121.434562683105469, 1.225300669670162 ], [ 121.434616088867301, 1.225077033042908 ], [ 121.434570312500227, 1.224802136421204 ], [ 121.43442535400402, 1.224642634391842 ], [ 121.434341430664062, 1.224465847015438 ], [ 121.434249877929801, 1.224325537681693 ], [ 121.434150695800781, 1.224220752716121 ], [ 121.434120178222656, 1.224106669426078 ], [ 121.434120178222656, 1.224006295204276 ], [ 121.434135437011719, 1.22391498088831 ], [ 121.434272766113281, 1.223878383636531 ], [ 121.434646606445426, 1.223923921585026 ], [ 121.434837341308707, 1.223937392234916 ], [ 121.434944152832031, 1.223907709121704 ], [ 121.434997558593864, 1.223781108856315 ], [ 121.434761047363509, 1.223549723625126 ], [ 121.435028076171989, 1.22348332405096 ], [ 121.435356140136832, 1.223339438438529 ], [ 121.435546875000114, 1.223029136657829 ], [ 121.435523986816634, 1.222677826881522 ], [ 121.435363769531364, 1.222339153289795 ], [ 121.435173034668082, 1.222067713737545 ], [ 121.435028076171989, 1.222051858902034 ], [ 121.4349365234375, 1.221992611885128 ], [ 121.434890747070312, 1.221837520599365 ], [ 121.434997558593864, 1.221694350242728 ], [ 121.435081481933594, 1.221645832061824 ], [ 121.435295104980469, 1.221528172492981 ], [ 121.435409545898551, 1.221361637115479 ], [ 121.435409545898551, 1.220955491066036 ], [ 121.435340881347884, 1.22039091587078 ], [ 121.435394287109489, 1.219913005828914 ], [ 121.435493469238281, 1.219735026359501 ], [ 121.435447692871094, 1.219596982002258 ], [ 121.435333251953352, 1.219251394271907 ], [ 121.434997558593864, 1.218891501426754 ], [ 121.434516906738281, 1.218668222427368 ], [ 121.434562683105469, 1.218553185463065 ], [ 121.434539794921875, 1.218146204948539 ], [ 121.434471130371094, 1.217838764190731 ], [ 121.434432983398551, 1.217336058616638 ], [ 121.434616088867301, 1.217043399810848 ], [ 121.434410095214957, 1.216960787773132 ], [ 121.434272766113281, 1.216906905174255 ], [ 121.434181213378906, 1.216896891593933 ], [ 121.434074401855582, 1.216887116432247 ], [ 121.433868408203239, 1.216868042945805 ], [ 121.433250427246207, 1.216725945472831 ], [ 121.432807922363281, 1.216624855995235 ], [ 121.432571411132812, 1.216609954834041 ], [ 121.431396484375114, 1.216537594795227 ], [ 121.429336547851562, 1.216403961181697 ], [ 121.428466796875227, 1.216371178627071 ], [ 121.426322937011719, 1.216290950775146 ], [ 121.42578125, 1.216282844543571 ], [ 121.425689697265625, 1.216282963752747 ], [ 121.424919128418082, 1.216283679008484 ], [ 121.424423217773438, 1.216283679008484 ], [ 121.424209594726562, 1.21628379821783 ], [ 121.422424316406364, 1.216249704361019 ], [ 121.421455383300895, 1.216287374496517 ], [ 121.420394897460938, 1.216330051422119 ], [ 121.420166015625, 1.216281890869254 ], [ 121.419700622558821, 1.216186523437614 ], [ 121.418922424316406, 1.216049790382499 ], [ 121.417671203613395, 1.215835094451961 ], [ 121.416358947753906, 1.216004252433834 ], [ 121.416168212890625, 1.215756416320744 ], [ 121.415870666503906, 1.215375185012931 ], [ 121.415718078613395, 1.215066194534359 ], [ 121.415420532226562, 1.214451313018913 ], [ 121.413780212402571, 1.214108586311454 ], [ 121.412712097168082, 1.213760018348694 ], [ 121.411766052246094, 1.213449835777283 ], [ 121.411521911621207, 1.213369846344108 ], [ 121.411369323730582, 1.213323116302547 ], [ 121.411041259765625, 1.213227748870906 ], [ 121.410385131836051, 1.213037729263419 ], [ 121.410110473632812, 1.212958693504333 ], [ 121.408882141113395, 1.212609887123222 ], [ 121.407241821289062, 1.21215391159069 ], [ 121.406715393066406, 1.211956501007137 ], [ 121.40596008300804, 1.211677670478878 ], [ 121.405441284179801, 1.211508870124931 ], [ 121.403022766113281, 1.210717082023734 ], [ 121.402336120605696, 1.210495114326534 ], [ 121.40138244628929, 1.210179924964962 ], [ 121.401252746582145, 1.21014225482952 ], [ 121.40103912353527, 1.210080027580375 ], [ 121.400238037109602, 1.209839582443351 ], [ 121.396583557128906, 1.208753108978385 ], [ 121.39249420166027, 1.20788037776947 ], [ 121.392303466796989, 1.20783805847168 ], [ 121.39202880859375, 1.207779288292045 ], [ 121.390617370605469, 1.208006262779236 ], [ 121.388999938964957, 1.208269000053519 ], [ 121.386520385742301, 1.208674788475037 ], [ 121.385910034179688, 1.208885669708195 ], [ 121.384132385253906, 1.209501147270316 ], [ 121.383758544921875, 1.209627270698604 ], [ 121.383117675781364, 1.209849715232849 ], [ 121.382232666015625, 1.210136890411434 ], [ 121.38201904296875, 1.210206985473633 ], [ 121.381195068359489, 1.21047580242157 ], [ 121.380134582519531, 1.210822939872799 ], [ 121.375343322753906, 1.213297009468192 ], [ 121.374580383300781, 1.213684439659232 ], [ 121.372505187988281, 1.214730143547172 ], [ 121.369941711425895, 1.216021418571472 ], [ 121.369194030761832, 1.216374516487178 ], [ 121.366035461425781, 1.217868089675846 ], [ 121.363327026367188, 1.218880772590637 ] ] ] ] } },
{ "type": "Feature", "properties": { "GID_0": "IDN", "NAME_0": "Indonesia", "GID_1": "IDN.27_1", "NAME_1": "Sulawesi Tengah", "GID_2": "IDN.27.3_1", "NAME_2": "Buol", "GID_3": "IDN.27.3.1_1", "NAME_3": "Biau", "GID_4": "IDN.27.3.1.6_1", "NAME_4": "Leok I", "VARNAME_4": null, "TYPE_4": "Desa", "ENGTYPE_4": "Village", "CC_4": "7207011006" }, "geometry": { "type": "MultiPolygon", "coordinates": [ [ [ [ 121.434616088867301, 1.217043399810848 ], [ 121.434631347656364, 1.216803312301693 ], [ 121.43505859375, 1.214994668960628 ], [ 121.43505859375, 1.21439635753643 ], [ 121.435081481933594, 1.214239954948482 ], [ 121.435089111328125, 1.214104056358281 ], [ 121.435356140136832, 1.213695883750972 ], [ 121.435371398925895, 1.213478326797542 ], [ 121.435417175292969, 1.213342428207341 ], [ 121.435394287109489, 1.213196873664913 ], [ 121.435310363769531, 1.213063716888428 ], [ 121.435340881347884, 1.212954878807125 ], [ 121.435577392578239, 1.212866425514278 ], [ 121.435676574707031, 1.21266233921051 ], [ 121.435615539550781, 1.212322473526115 ], [ 121.435470581054688, 1.212200164794979 ], [ 121.435325622558594, 1.212023496627921 ], [ 121.435249328613281, 1.211690425872803 ], [ 121.435195922851676, 1.211003780365047 ], [ 121.435089111328125, 1.210344314575138 ], [ 121.435089111328125, 1.209800362586975 ], [ 121.435417175292969, 1.209283590316886 ], [ 121.435531616211165, 1.209011554718018 ], [ 121.435569763183707, 1.20878720283514 ], [ 121.435478210449219, 1.208698749542293 ], [ 121.434730529785156, 1.208594918250981 ], [ 121.434539794921875, 1.208434104919434 ], [ 121.434440612793082, 1.208223462104797 ], [ 121.434349060058594, 1.20797872543335 ], [ 121.434387207031477, 1.207557201385498 ], [ 121.433639526367301, 1.20708167552948 ], [ 121.433387756347656, 1.206898212432861 ], [ 121.433219909667969, 1.206694364547786 ], [ 121.433105468750114, 1.206469178199825 ], [ 121.432472229004134, 1.205783724784908 ], [ 121.432342529296989, 1.205464243888912 ], [ 121.432296752929801, 1.205273985862732 ], [ 121.431915283203239, 1.204369902610892 ], [ 121.431671142578125, 1.203778505325431 ], [ 121.43155670166027, 1.20318710803997 ], [ 121.43155670166027, 1.202663660049438 ], [ 121.431488037109375, 1.202269315719604 ], [ 121.431259155273438, 1.202038288116512 ], [ 121.431068420410156, 1.201929569244385 ], [ 121.431045532226562, 1.201814055442867 ], [ 121.431259155273438, 1.201575994491634 ], [ 121.431503295898438, 1.201460242271366 ], [ 121.431648254394531, 1.201174616813717 ], [ 121.431732177734489, 1.200882196426392 ], [ 121.431381225586051, 1.19966542720806 ], [ 121.431335449218977, 1.199298381805477 ], [ 121.431175231933707, 1.199148893356437 ], [ 121.4310302734375, 1.199084877967891 ], [ 121.430984497070426, 1.198839426040706 ], [ 121.430892944335938, 1.198652386665401 ], [ 121.430892944335938, 1.198566675186271 ], [ 121.430931091308594, 1.198500037193355 ], [ 121.430976867675895, 1.198327541351375 ], [ 121.430923461914062, 1.198240876197929 ], [ 121.430915832519531, 1.198071122169495 ], [ 121.430862426757812, 1.197874069213867 ], [ 121.430625915527457, 1.197551131248588 ], [ 121.430595397949332, 1.197322964668388 ], [ 121.430557250976562, 1.197118639946098 ], [ 121.430450439453239, 1.197017431259155 ], [ 121.430328369140625, 1.196973681449833 ], [ 121.430282592773438, 1.196908950805721 ], [ 121.430366516113281, 1.196788430213985 ], [ 121.430328369140625, 1.196674346923828 ], [ 121.430244445800895, 1.196266531944332 ], [ 121.430084228515625, 1.195933580398503 ], [ 121.429969787597656, 1.195712804794312 ], [ 121.429794311523438, 1.195592403411979 ], [ 121.4295654296875, 1.195550560951233 ], [ 121.429260253906364, 1.195453047752494 ], [ 121.429191589355469, 1.195371031761169 ], [ 121.429222106933594, 1.195192098617667 ], [ 121.429168701171875, 1.195049762725773 ], [ 121.42911529541027, 1.194638252258301 ], [ 121.428970336914062, 1.194257855415401 ], [ 121.428817749023438, 1.194160223007259 ], [ 121.428695678711051, 1.194101929664669 ], [ 121.428520202636832, 1.194096565246639 ], [ 121.42840576171875, 1.194191455841008 ], [ 121.428382873535156, 1.194436073303336 ], [ 121.428237915039062, 1.194542050361747 ], [ 121.427719116211051, 1.195098042488212 ], [ 121.42752838134777, 1.195186614990234 ], [ 121.427368164062614, 1.195114612579459 ], [ 121.427047729492188, 1.194983363151607 ], [ 121.426727294921875, 1.194779157638663 ], [ 121.426551818847656, 1.19466328620922 ], [ 121.426422119140739, 1.194526553154105 ], [ 121.426292419433594, 1.194532036781368 ], [ 121.426185607910384, 1.194606065750122 ], [ 121.425918579101562, 1.19482517242443 ], [ 121.425842285156364, 1.194889068603629 ], [ 121.425727844238281, 1.194913744926453 ], [ 121.425621032714957, 1.194884657859859 ], [ 121.425498962402344, 1.194758772850037 ], [ 121.425361633300781, 1.194813609123344 ], [ 121.425254821777457, 1.194682240486145 ], [ 121.425247192382926, 1.194512486457882 ], [ 121.425178527832031, 1.194341897964478 ], [ 121.425033569336165, 1.194252610206661 ], [ 121.424888610839957, 1.194192409515495 ], [ 121.424774169921875, 1.194080233573914 ], [ 121.42453765869152, 1.193928003311214 ], [ 121.424324035644645, 1.193818569183463 ], [ 121.424140930175895, 1.193824172020072 ], [ 121.424057006835938, 1.193693757057133 ], [ 121.423919677734489, 1.193628072738704 ], [ 121.423767089843864, 1.193633675575313 ], [ 121.423591613769531, 1.193740487098694 ], [ 121.423530578613395, 1.193908452987671 ], [ 121.423530578613395, 1.194116473197994 ], [ 121.423316955566634, 1.193956017494145 ], [ 121.422996520996207, 1.193771839141959 ], [ 121.42266845703125, 1.193807601928825 ], [ 121.422454833984375, 1.193510174751339 ], [ 121.422004699707145, 1.193029522895813 ], [ 121.421920776367188, 1.192926526069584 ], [ 121.421890258789062, 1.192692875862178 ], [ 121.421981811523665, 1.19259250164032 ], [ 121.422355651855469, 1.192293882370052 ], [ 121.422416687011832, 1.192051172256527 ], [ 121.4224853515625, 1.191781878471375 ], [ 121.423782348632812, 1.191331386566276 ], [ 121.423774719238395, 1.190937161445618 ], [ 121.423698425293196, 1.190764784813041 ], [ 121.423492431640625, 1.190676331520137 ], [ 121.423263549804688, 1.190624475479126 ], [ 121.423095703125, 1.190786004066581 ], [ 121.422813415527457, 1.190966010093746 ], [ 121.422409057617301, 1.191077470779419 ], [ 121.422096252441406, 1.191250085830688 ], [ 121.421897888183594, 1.191020250320435 ], [ 121.421813964843864, 1.190637946128959 ], [ 121.42166900634777, 1.190147995948792 ], [ 121.421615600586051, 1.189396142959652 ], [ 121.421600341797102, 1.188686251640434 ], [ 121.421737670898438, 1.187725305557365 ], [ 121.422203063964957, 1.18595194816595 ], [ 121.422843933105469, 1.18452262878418 ], [ 121.420883178711051, 1.183352828025875 ], [ 121.420455932617415, 1.18329739570612 ], [ 121.418411254882926, 1.181894898414669 ], [ 121.417045593261832, 1.181216120720023 ], [ 121.416122436523551, 1.180619597434998 ], [ 121.415290832519531, 1.180275201797485 ], [ 121.414710998535156, 1.180036544799862 ], [ 121.412849426269645, 1.17978131771099 ], [ 121.410034179687614, 1.181277632713375 ], [ 121.407676696777571, 1.182862877845878 ], [ 121.405853271484375, 1.18429625034338 ], [ 121.405143737792969, 1.184683442115897 ], [ 121.403968811035156, 1.185325384140015 ], [ 121.401176452636719, 1.186590313911438 ], [ 121.400840759277457, 1.186745047569332 ], [ 121.396591186523438, 1.188649773597774 ], [ 121.393318176269531, 1.189926505088806 ], [ 121.391647338867188, 1.190574884414673 ], [ 121.384925842285156, 1.192991018295402 ], [ 121.384498596191406, 1.193139314651546 ], [ 121.383407592773438, 1.193515419960079 ], [ 121.382843017578125, 1.193709135055599 ], [ 121.380889892578125, 1.194381117820853 ], [ 121.377349853515852, 1.195584654808044 ], [ 121.375679016113395, 1.196154594421444 ], [ 121.373191833496207, 1.197015047073478 ], [ 121.370025634765625, 1.198113679885978 ], [ 121.367591857910156, 1.19895708560955 ], [ 121.362442016601562, 1.20042788982397 ], [ 121.349090576171875, 1.205068469047603 ], [ 121.3485107421875, 1.205296158790588 ], [ 121.348587036132926, 1.205436348915157 ], [ 121.348770141601676, 1.205850005149898 ], [ 121.349456787109375, 1.207195401191768 ], [ 121.349884033203352, 1.207392692565975 ], [ 121.351440429687614, 1.208168745040837 ], [ 121.353729248046989, 1.210009336471614 ], [ 121.356094360351562, 1.211950063705444 ], [ 121.358772277832031, 1.214121699333191 ], [ 121.359626770019645, 1.214813351631108 ], [ 121.359779357910156, 1.214937806129569 ], [ 121.36100006103527, 1.215923666954041 ], [ 121.362297058105582, 1.217556953430233 ], [ 121.36234283447277, 1.217616915702877 ], [ 121.362472534179915, 1.217779994010868 ], [ 121.363327026367188, 1.218880772590637 ], [ 121.366035461425781, 1.217868089675846 ], [ 121.369194030761832, 1.216374516487178 ], [ 121.369941711425895, 1.216021418571472 ], [ 121.372505187988281, 1.214730143547172 ], [ 121.374580383300781, 1.213684439659232 ], [ 121.375343322753906, 1.213297009468192 ], [ 121.380134582519531, 1.210822939872799 ], [ 121.381195068359489, 1.21047580242157 ], [ 121.38201904296875, 1.210206985473633 ], [ 121.382232666015625, 1.210136890411434 ], [ 121.383117675781364, 1.209849715232849 ], [ 121.383758544921875, 1.209627270698604 ], [ 121.384132385253906, 1.209501147270316 ], [ 121.385910034179688, 1.208885669708195 ], [ 121.386520385742301, 1.208674788475037 ], [ 121.388999938964957, 1.208269000053519 ], [ 121.390617370605469, 1.208006262779236 ], [ 121.39202880859375, 1.207779288292045 ], [ 121.392303466796989, 1.20783805847168 ], [ 121.39249420166027, 1.20788037776947 ], [ 121.396583557128906, 1.208753108978385 ], [ 121.400238037109602, 1.209839582443351 ], [ 121.40103912353527, 1.210080027580375 ], [ 121.401252746582145, 1.21014225482952 ], [ 121.40138244628929, 1.210179924964962 ], [ 121.402336120605696, 1.210495114326534 ], [ 121.403022766113281, 1.210717082023734 ], [ 121.405441284179801, 1.211508870124931 ], [ 121.40596008300804, 1.211677670478878 ], [ 121.406715393066406, 1.211956501007137 ], [ 121.407241821289062, 1.21215391159069 ], [ 121.408882141113395, 1.212609887123222 ], [ 121.410110473632812, 1.212958693504333 ], [ 121.410385131836051, 1.213037729263419 ], [ 121.411041259765625, 1.213227748870906 ], [ 121.411369323730582, 1.213323116302547 ], [ 121.411521911621207, 1.213369846344108 ], [ 121.411766052246094, 1.213449835777283 ], [ 121.412712097168082, 1.213760018348694 ], [ 121.413780212402571, 1.214108586311454 ], [ 121.415420532226562, 1.214451313018913 ], [ 121.415718078613395, 1.215066194534359 ], [ 121.415870666503906, 1.215375185012931 ], [ 121.416168212890625, 1.215756416320744 ], [ 121.416358947753906, 1.216004252433834 ], [ 121.417671203613395, 1.215835094451961 ], [ 121.418922424316406, 1.216049790382499 ], [ 121.419700622558821, 1.216186523437614 ], [ 121.420166015625, 1.216281890869254 ], [ 121.420394897460938, 1.216330051422119 ], [ 121.421455383300895, 1.216287374496517 ], [ 121.422424316406364, 1.216249704361019 ], [ 121.424209594726562, 1.21628379821783 ], [ 121.424423217773438, 1.216283679008484 ], [ 121.424919128418082, 1.216283679008484 ], [ 121.425689697265625, 1.216282963752747 ], [ 121.42578125, 1.216282844543571 ], [ 121.426322937011719, 1.216290950775146 ], [ 121.428466796875227, 1.216371178627071 ], [ 121.429336547851562, 1.216403961181697 ], [ 121.431396484375114, 1.216537594795227 ], [ 121.432571411132812, 1.216609954834041 ], [ 121.432807922363281, 1.216624855995235 ], [ 121.433250427246207, 1.216725945472831 ], [ 121.433868408203239, 1.216868042945805 ], [ 121.434074401855582, 1.216887116432247 ], [ 121.434181213378906, 1.216896891593933 ], [ 121.434272766113281, 1.216906905174255 ], [ 121.434410095214957, 1.216960787773132 ], [ 121.434616088867301, 1.217043399810848 ] ] ] ] } },
{ "type": "Feature", "properties": { "GID_0": "IDN", "NAME_0": "Indonesia", "GID_1": "IDN.27_1", "NAME_1": "Sulawesi Tengah", "GID_2": "IDN.27.3_1", "NAME_2": "Buol", "GID_3": "IDN.27.3.1_1", "NAME_3": "Biau", "GID_4": "IDN.27.3.1.7_1", "NAME_4": "Leok Ii", "VARNAME_4": null, "TYPE_4": "Desa", "ENGTYPE_4": "Village", "CC_4": "7207011005" }, "geometry": { "type": "MultiPolygon", "coordinates": [ [ [ [ 121.422843933105469, 1.18452262878418 ], [ 121.423294067382812, 1.183515906334037 ], [ 121.424285888671989, 1.181738734245243 ], [ 121.424842834472884, 1.180646181106624 ], [ 121.425895690917969, 1.178707480430717 ], [ 121.427154541015739, 1.17638897895813 ], [ 121.4288330078125, 1.173052072525024 ], [ 121.430557250976562, 1.169366359710807 ], [ 121.4312744140625, 1.168143272399902 ], [ 121.432693481445426, 1.165740847587529 ], [ 121.43289947509777, 1.165381193161124 ], [ 121.432395935058594, 1.165025830268974 ], [ 121.432098388672102, 1.164888143539542 ], [ 121.431892395019531, 1.164799928665218 ], [ 121.431686401367188, 1.164708971977348 ], [ 121.431518554687727, 1.164646029472465 ], [ 121.431427001953125, 1.164646148681641 ], [ 121.431037902832031, 1.164550304412955 ], [ 121.430198669433707, 1.16416430473322 ], [ 121.429618835449446, 1.163957357406616 ], [ 121.429473876953239, 1.163901925087032 ], [ 121.428611755371094, 1.163540363311881 ], [ 121.428413391113281, 1.163488149642944 ], [ 121.427490234375, 1.163145542144832 ], [ 121.427391052246207, 1.16310441493988 ], [ 121.426856994628906, 1.162825226783752 ], [ 121.426208496093864, 1.162739872932491 ], [ 121.425102233886832, 1.162607789039669 ], [ 121.424026489257812, 1.162995338440055 ], [ 121.423088073730469, 1.163451075553894 ], [ 121.422569274902457, 1.163690447807255 ], [ 121.421867370605582, 1.164146065712089 ], [ 121.42121887207054, 1.164658546447811 ], [ 121.421096801757926, 1.164805293083305 ], [ 121.420669555664176, 1.165214657783451 ], [ 121.420387268066406, 1.165658473968506 ], [ 121.420341491699332, 1.16571748256689 ], [ 121.4200439453125, 1.16613876819622 ], [ 121.419776916503906, 1.166459798812866 ], [ 121.41953277587902, 1.166459918022213 ], [ 121.41934967041027, 1.166439652442932 ], [ 121.419174194336051, 1.166419506073055 ], [ 121.419036865234375, 1.166410446166992 ], [ 121.418571472168082, 1.166379332542419 ], [ 121.417846679687614, 1.166379809379634 ], [ 121.417007446289062, 1.16642963886261 ], [ 121.416473388671989, 1.166461229324398 ], [ 121.415512084961051, 1.166542887687683 ], [ 121.413131713867188, 1.166139006614742 ], [ 121.412445068359602, 1.166625618934745 ], [ 121.412315368652457, 1.166968107223511 ], [ 121.411964416503906, 1.167844057083187 ], [ 121.411399841308594, 1.169097900390568 ], [ 121.411125183105582, 1.170555949211121 ], [ 121.411041259765625, 1.172218799591178 ], [ 121.410270690917969, 1.17253673076641 ], [ 121.409172058105469, 1.172695636749381 ], [ 121.408149719238281, 1.173091292381343 ], [ 121.407417297363281, 1.173062920570487 ], [ 121.405647277832145, 1.172991394996757 ], [ 121.403953552246094, 1.172992229461727 ], [ 121.402969360351676, 1.173175096511955 ], [ 121.400886535644645, 1.173562884330863 ], [ 121.398017883300895, 1.174464344978333 ], [ 121.390998840332031, 1.176662921905574 ], [ 121.388114929199219, 1.177566051483268 ], [ 121.387893676757926, 1.177636384963989 ], [ 121.385406494140739, 1.178416609764156 ], [ 121.382041931152344, 1.179327487945557 ], [ 121.377250671386719, 1.180623650550899 ], [ 121.375305175781364, 1.181183815002441 ], [ 121.373313903808594, 1.181758046150208 ], [ 121.3590087890625, 1.185874819755611 ], [ 121.339897155761719, 1.191335082054081 ], [ 121.341468811035156, 1.193382620811519 ], [ 121.343063354492301, 1.195495009422359 ], [ 121.345306396484602, 1.198063850402832 ], [ 121.345649719238281, 1.198830842971859 ], [ 121.346755981445312, 1.201359033584595 ], [ 121.347175598144531, 1.202257990837097 ], [ 121.3485107421875, 1.205296158790588 ], [ 121.349090576171875, 1.205068469047603 ], [ 121.362442016601562, 1.20042788982397 ], [ 121.367591857910156, 1.19895708560955 ], [ 121.370025634765625, 1.198113679885978 ], [ 121.373191833496207, 1.197015047073478 ], [ 121.375679016113395, 1.196154594421444 ], [ 121.377349853515852, 1.195584654808044 ], [ 121.380889892578125, 1.194381117820853 ], [ 121.382843017578125, 1.193709135055599 ], [ 121.383407592773438, 1.193515419960079 ], [ 121.384498596191406, 1.193139314651546 ], [ 121.384925842285156, 1.192991018295402 ], [ 121.391647338867188, 1.190574884414673 ], [ 121.393318176269531, 1.189926505088806 ], [ 121.396591186523438, 1.188649773597774 ], [ 121.400840759277457, 1.186745047569332 ], [ 121.401176452636719, 1.186590313911438 ], [ 121.403968811035156, 1.185325384140015 ], [ 121.405143737792969, 1.184683442115897 ], [ 121.405853271484375, 1.18429625034338 ], [ 121.407676696777571, 1.182862877845878 ], [ 121.410034179687614, 1.181277632713375 ], [ 121.412849426269645, 1.17978131771099 ], [ 121.414710998535156, 1.180036544799862 ], [ 121.415290832519531, 1.180275201797485 ], [ 121.416122436523551, 1.180619597434998 ], [ 121.417045593261832, 1.181216120720023 ], [ 121.418411254882926, 1.181894898414669 ], [ 121.420455932617415, 1.18329739570612 ], [ 121.420883178711051, 1.183352828025875 ], [ 121.422843933105469, 1.18452262878418 ] ] ] ] } },
{ "type": "Feature", "properties": { "GID_0": "IDN", "NAME_0": "Indonesia", "GID_1": "IDN.27_1", "NAME_1": "Sulawesi Tengah", "GID_2": "IDN.27.3_1", "NAME_2": "Buol", "GID_3": "IDN.27.3.2_1", "NAME_3": "Bokat", "GID_4": "IDN.27.3.2.1_1", "NAME_4": "Bokat", "VARNAME_4": null, "TYPE_4": "Desa", "ENGTYPE_4": "Village", "CC_4": "7207030016" }, "geometry": { "type": "MultiPolygon", "coordinates": [ [ [ [ 121.491386413574219, 1.042821049690303 ], [ 121.491874694824219, 1.048073410987854 ], [ 121.492301940917969, 1.052662968635559 ], [ 121.49259185791027, 1.055696010589713 ], [ 121.492797851562614, 1.05785965919506 ], [ 121.492973327636832, 1.059703111648673 ], [ 121.493034362792969, 1.060359358787593 ], [ 121.493194580078239, 1.062208771705684 ], [ 121.49338531494152, 1.06411719322216 ], [ 121.493492126464844, 1.065246701240653 ], [ 121.493545532226676, 1.065823316574097 ], [ 121.493637084960938, 1.066923856735343 ], [ 121.493843078613281, 1.069058060646171 ], [ 121.494178771972656, 1.072683453559875 ], [ 121.494598388671875, 1.073801755905151 ], [ 121.494888305664176, 1.074576377868709 ], [ 121.495658874511832, 1.076780438423214 ], [ 121.495391845703125, 1.077431797981319 ], [ 121.495338439941406, 1.077558994293327 ], [ 121.494468688965071, 1.080105423927421 ], [ 121.494438171386719, 1.080202698707637 ], [ 121.493598937988281, 1.082681894302425 ], [ 121.493476867675781, 1.082954287528935 ], [ 121.493011474609489, 1.083937168121338 ], [ 121.492973327636832, 1.084022998809871 ], [ 121.492202758789176, 1.085610270500297 ], [ 121.491340637207031, 1.087965846061763 ], [ 121.490036010742188, 1.090081334114188 ], [ 121.490043640136719, 1.091324687004203 ], [ 121.490043640136719, 1.091823101043815 ], [ 121.490112304687614, 1.092222094535941 ], [ 121.49041748046875, 1.094062566757316 ], [ 121.490562438964844, 1.094707369804382 ], [ 121.490730285644531, 1.095454573631343 ], [ 121.491477966308707, 1.095353245735225 ], [ 121.492729187011719, 1.095383524894658 ], [ 121.493858337402344, 1.095624208450431 ], [ 121.495262145996207, 1.096123456955013 ], [ 121.496063232421989, 1.096606016159171 ], [ 121.496337890625, 1.096904873847961 ], [ 121.4967041015625, 1.097304940223751 ], [ 121.497528076171989, 1.098205327987728 ], [ 121.500724792480469, 1.094552636146659 ], [ 121.503501892089957, 1.092233180999756 ], [ 121.506233215332031, 1.090186476707515 ], [ 121.510223388671875, 1.087570905685538 ], [ 121.512107849121094, 1.086602568626461 ], [ 121.513092041015625, 1.086501359939689 ], [ 121.513702392578125, 1.086660146713257 ], [ 121.513793945312614, 1.086682796478385 ], [ 121.514106750488509, 1.086728096008358 ], [ 121.514045715332031, 1.08614802360546 ], [ 121.513137817382812, 1.080842614174003 ], [ 121.512550354003906, 1.07832849025732 ], [ 121.51242828369152, 1.077824950218314 ], [ 121.511955261230469, 1.074725508689994 ], [ 121.511772155761719, 1.073695659637565 ], [ 121.511299133300895, 1.071298718452454 ], [ 121.51123046875, 1.071003317832947 ], [ 121.510917663574332, 1.070034623146171 ], [ 121.510162353515739, 1.067748069763297 ], [ 121.509147644043196, 1.066359877586422 ], [ 121.509071350097656, 1.066248297691402 ], [ 121.508422851562614, 1.065376281738281 ], [ 121.508270263671989, 1.065156340599003 ], [ 121.508132934570312, 1.064965844154472 ], [ 121.5072021484375, 1.063617706298885 ], [ 121.506820678710938, 1.06306612491619 ], [ 121.506126403808707, 1.061757206916923 ], [ 121.505752563476676, 1.061054348945675 ], [ 121.505523681640852, 1.060630202293453 ], [ 121.505218505859489, 1.060063600540218 ], [ 121.50498199462902, 1.059758901596069 ], [ 121.503868103027457, 1.058428764343319 ], [ 121.50361633300804, 1.058133125305233 ], [ 121.503494262695426, 1.057927608490104 ], [ 121.502754211425781, 1.056723713874817 ], [ 121.501304626464844, 1.05433368682867 ], [ 121.501075744628906, 1.053951740264893 ], [ 121.499481201171989, 1.052107214927787 ], [ 121.49920654296875, 1.049552917480469 ], [ 121.499153137207031, 1.049058914184627 ], [ 121.499114990234489, 1.048704028129634 ], [ 121.49887847900402, 1.046467185020504 ], [ 121.498832702636719, 1.045889258384705 ], [ 121.498825073242188, 1.045768141746578 ], [ 121.498786926269531, 1.044974684715328 ], [ 121.498748779296875, 1.044068813324088 ], [ 121.49869537353527, 1.043286204338131 ], [ 121.498657226562727, 1.042595028877258 ], [ 121.498649597167969, 1.042410850525016 ], [ 121.496963500976676, 1.04248309135437 ], [ 121.495155334472656, 1.042592883110103 ], [ 121.494789123535156, 1.042613506317252 ], [ 121.491386413574219, 1.042821049690303 ] ] ] ] } },
{ "type": "Feature", "properties": { "GID_0": "IDN", "NAME_0": "Indonesia", "GID_1": "IDN.27_1", "NAME_1": "Sulawesi Tengah", "GID_2": "IDN.27.3_1", "NAME_2": "Buol", "GID_3": "IDN.27.3.2_1", "NAME_3": "Bokat", "GID_4": "IDN.27.3.2.2_1", "NAME_4": "Bokat Iv", "VARNAME_4": null, "TYPE_4": "Desa", "ENGTYPE_4": "Village", "CC_4": "7207030009" }, "geometry": { "type": "MultiPolygon", "coordinates": [ [ [ [ 121.506851196289062, 1.041765093803519 ], [ 121.508811950683707, 1.040953993797302 ], [ 121.50974273681652, 1.040579080581665 ], [ 121.511787414550781, 1.039564490318298 ], [ 121.512382507324219, 1.039273738861084 ], [ 121.512489318847656, 1.039216995239371 ], [ 121.514678955078352, 1.038127064704895 ], [ 121.514991760253906, 1.039067149162292 ], [ 121.515548706054688, 1.039162635803279 ], [ 121.515380859375, 1.038585543632621 ], [ 121.515510559082145, 1.038187265396118 ], [ 121.515708923339957, 1.03652036190033 ], [ 121.515724182128906, 1.036368846893367 ], [ 121.515731811523438, 1.035933494567985 ], [ 121.515754699707031, 1.035289406776542 ], [ 121.515235900878906, 1.033370733261165 ], [ 121.514823913574219, 1.032734870910701 ], [ 121.514640808105469, 1.032430887222347 ], [ 121.514358520507926, 1.032234311103934 ], [ 121.513999938964844, 1.031974077224845 ], [ 121.513725280761946, 1.03155612945568 ], [ 121.513679504394531, 1.031336069107056 ], [ 121.513572692871207, 1.030854344368038 ], [ 121.513343811035384, 1.030571937561092 ], [ 121.511978149414062, 1.030054807663078 ], [ 121.51171875, 1.030486464500484 ], [ 121.511482238769645, 1.030491232872123 ], [ 121.510917663574332, 1.030502438545341 ], [ 121.511131286621207, 1.030872344970817 ], [ 121.511184692382812, 1.030981063842773 ], [ 121.504348754882812, 1.031033754348755 ], [ 121.500213623046989, 1.03106069564825 ], [ 121.495849609375114, 1.030949831009025 ], [ 121.494140625000114, 1.030902743339595 ], [ 121.493988037109375, 1.030905008316097 ], [ 121.493576049804801, 1.030910849571228 ], [ 121.492195129394645, 1.030947923660221 ], [ 121.489845275878906, 1.03100681304943 ], [ 121.48980712890625, 1.031596541404838 ], [ 121.489044189453125, 1.037936925888062 ], [ 121.488090515136719, 1.041237473487911 ], [ 121.488288879394531, 1.041263937950134 ], [ 121.488006591796989, 1.041997313499451 ], [ 121.487884521484375, 1.042417407035941 ], [ 121.487861633300895, 1.04254674911499 ], [ 121.48783111572277, 1.042879939079342 ], [ 121.487937927246094, 1.042879939079342 ], [ 121.488021850586051, 1.042879939079342 ], [ 121.490287780761832, 1.042878866195679 ], [ 121.491386413574219, 1.042821049690303 ], [ 121.494789123535156, 1.042613506317252 ], [ 121.495155334472656, 1.042592883110103 ], [ 121.496963500976676, 1.04248309135437 ], [ 121.498649597167969, 1.042410850525016 ], [ 121.499290466308707, 1.042375326156673 ], [ 121.499656677246207, 1.042367696762142 ], [ 121.499771118164062, 1.042365312576351 ], [ 121.499877929687614, 1.042358160019035 ], [ 121.500320434570312, 1.042329668998832 ], [ 121.50128173828125, 1.042292475700435 ], [ 121.501609802246094, 1.042282938957271 ], [ 121.501853942871094, 1.042276024818534 ], [ 121.502861022949446, 1.042153835296745 ], [ 121.503150939941406, 1.042118430137748 ], [ 121.504196166992415, 1.042015910148621 ], [ 121.505256652832031, 1.041911482811088 ], [ 121.506851196289062, 1.041765093803519 ] ] ] ] } },
{ "type": "Feature", "properties": { "GID_0": "IDN", "NAME_0": "Indonesia", "GID_1": "IDN.27_1", "NAME_1": "Sulawesi Tengah", "GID_2": "IDN.27.3_1", "NAME_2": "Buol", "GID_3": "IDN.27.3.2_1", "NAME_3": "Bokat", "GID_4": "IDN.27.3.2.3_1", "NAME_4": "Bongo", "VARNAME_4": null, "TYPE_4": "Desa", "ENGTYPE_4": "Village", "CC_4": "7207030008" }, "geometry": { "type": "MultiPolygon", "coordinates": [ [ [ [ 121.506851196289062, 1.041765093803519 ], [ 121.50872802734375, 1.043085694313163 ], [ 121.508842468261832, 1.043167591094971 ], [ 121.511680603027457, 1.044890165328979 ], [ 121.513717651367188, 1.045578837394828 ], [ 121.518074035644531, 1.048172473907528 ], [ 121.520111083984375, 1.049387693405151 ], [ 121.521934509277571, 1.051282525062618 ], [ 121.523483276367301, 1.052891612053031 ], [ 121.523696899414176, 1.053103566169852 ], [ 121.525825500488281, 1.055191397667045 ], [ 121.52732086181652, 1.056716680526733 ], [ 121.528869628906364, 1.058290958404541 ], [ 121.530563354492301, 1.062082886695919 ], [ 121.532226562500227, 1.066219806671199 ], [ 121.533576965332145, 1.068964004516715 ], [ 121.535255432128906, 1.07237362861639 ], [ 121.535469055176009, 1.072810888290519 ], [ 121.5369873046875, 1.075899481773376 ], [ 121.537162780761719, 1.075783491134757 ], [ 121.538307189941406, 1.074570298194885 ], [ 121.539421081542969, 1.074083328247127 ], [ 121.540458679199332, 1.073035240173397 ], [ 121.542953491211051, 1.07131290435791 ], [ 121.543571472167969, 1.070989012718201 ], [ 121.544364929199219, 1.070863246917725 ], [ 121.545326232910156, 1.070151925086975 ], [ 121.545700073242188, 1.069964647293148 ], [ 121.547172546386832, 1.069121837616024 ], [ 121.546043395996094, 1.067463397979736 ], [ 121.54498291015625, 1.065464138984737 ], [ 121.544754028320312, 1.064993023872489 ], [ 121.544174194335938, 1.06387019157421 ], [ 121.54410552978527, 1.062650918960685 ], [ 121.543975830078125, 1.060890674591064 ], [ 121.543869018554915, 1.058181643486023 ], [ 121.543869018554915, 1.058093667030391 ], [ 121.544113159179801, 1.056681275367737 ], [ 121.544189453125, 1.05623102188116 ], [ 121.544204711914062, 1.056149244308529 ], [ 121.544876098632926, 1.052316784858817 ], [ 121.544929504394531, 1.051888585090751 ], [ 121.544067382812614, 1.050121903419551 ], [ 121.542510986328125, 1.047155141830444 ], [ 121.542610168457031, 1.047130703926143 ], [ 121.541259765625114, 1.04610633850109 ], [ 121.540397644042969, 1.045455694198552 ], [ 121.53900146484375, 1.044402122497559 ], [ 121.538749694824332, 1.044391870498714 ], [ 121.535667419433821, 1.044309496879634 ], [ 121.525123596191406, 1.040837407112122 ], [ 121.522125244140852, 1.036148071289176 ], [ 121.521156311035156, 1.034652709960938 ], [ 121.519866943359489, 1.035689234733582 ], [ 121.517478942871094, 1.037623763084468 ], [ 121.515548706054688, 1.039162635803279 ], [ 121.514991760253906, 1.039067149162292 ], [ 121.514678955078352, 1.038127064704895 ], [ 121.512489318847656, 1.039216995239371 ], [ 121.512382507324219, 1.039273738861084 ], [ 121.511787414550781, 1.039564490318298 ], [ 121.50974273681652, 1.040579080581665 ], [ 121.508811950683707, 1.040953993797302 ], [ 121.506851196289062, 1.041765093803519 ] ] ] ] } },
{ "type": "Feature", "properties": { "GID_0": "IDN", "NAME_0": "Indonesia", "GID_1": "IDN.27_1", "NAME_1": "Sulawesi Tengah", "GID_2": "IDN.27.3_1", "NAME_2": "Buol", "GID_3": "IDN.27.3.2_1", "NAME_3": "Bokat", "GID_4": "IDN.27.3.2.4_1", "NAME_4": "Bukamog", "VARNAME_4": null, "TYPE_4": "Desa", "ENGTYPE_4": "Village", "CC_4": "7207030023" }, "geometry": { "type": "MultiPolygon", "coordinates": [ [ [ [ 121.56207275390625, 1.062228441238346 ], [ 121.561843872070426, 1.060163855552673 ], [ 121.56170654296875, 1.058791041374263 ], [ 121.559837341308594, 1.054894089698735 ], [ 121.558067321777344, 1.052535653114433 ], [ 121.557586669921875, 1.051177620887813 ], [ 121.557212829590071, 1.050004720687923 ], [ 121.55615234375, 1.047078967094421 ], [ 121.555778503417969, 1.046924114227352 ], [ 121.555175781250114, 1.046621799469051 ], [ 121.555091857910156, 1.046635866165104 ], [ 121.555000305175895, 1.046597003936824 ], [ 121.55426025390625, 1.046768784523067 ], [ 121.553680419921875, 1.046861886978206 ], [ 121.55344390869152, 1.046961426734924 ], [ 121.552932739257812, 1.047182321548462 ], [ 121.551445007324219, 1.047820448875427 ], [ 121.550605773925895, 1.047770977020377 ], [ 121.549308776855469, 1.047645211219788 ], [ 121.548240661621094, 1.048496842384282 ], [ 121.547859191894531, 1.048524379730225 ], [ 121.547309875488395, 1.048421025276127 ], [ 121.546890258789062, 1.046867609024162 ], [ 121.54502105712902, 1.046533823013419 ], [ 121.542610168457031, 1.047130703926143 ], [ 121.542510986328125, 1.047155141830444 ], [ 121.544067382812614, 1.050121903419551 ], [ 121.544929504394531, 1.051888585090751 ], [ 121.544876098632926, 1.052316784858817 ], [ 121.544204711914062, 1.056149244308529 ], [ 121.544189453125, 1.05623102188116 ], [ 121.544113159179801, 1.056681275367737 ], [ 121.543869018554915, 1.058093667030391 ], [ 121.543869018554915, 1.058181643486023 ], [ 121.543975830078125, 1.060890674591064 ], [ 121.54410552978527, 1.062650918960685 ], [ 121.544174194335938, 1.06387019157421 ], [ 121.544754028320312, 1.064993023872489 ], [ 121.54498291015625, 1.065464138984737 ], [ 121.546043395996094, 1.067463397979736 ], [ 121.547172546386832, 1.069121837616024 ], [ 121.549545288085938, 1.066598057747001 ], [ 121.55112457275402, 1.065370082855281 ], [ 121.553062438964957, 1.06423282623291 ], [ 121.555709838867301, 1.062958836555595 ], [ 121.558189392089957, 1.062183856964168 ], [ 121.560333251953239, 1.061752080917415 ], [ 121.561172485351562, 1.062092542648372 ], [ 121.56207275390625, 1.062228441238346 ] ] ] ] } },
{ "type": "Feature", "properties": { "GID_0": "IDN", "NAME_0": "Indonesia", "GID_1": "IDN.27_1", "NAME_1": "Sulawesi Tengah", "GID_2": "IDN.27.3_1", "NAME_2": "Buol", "GID_3": "IDN.27.3.2_1", "NAME_3": "Bokat", "GID_4": "IDN.27.3.2.5_1", "NAME_4": "Butukan", "VARNAME_4": null, "TYPE_4": "Desa", "ENGTYPE_4": "Village", "CC_4": "7207030021" }, "geometry": { "type": "MultiPolygon", "coordinates": [ [ [ [ 121.491386413574219, 1.042821049690303 ], [ 121.490287780761832, 1.042878866195679 ], [ 121.488021850586051, 1.042879939079342 ], [ 121.487937927246094, 1.042879939079342 ], [ 121.487785339355696, 1.044775247573853 ], [ 121.487480163574332, 1.047764301300163 ], [ 121.48709869384777, 1.051673054695243 ], [ 121.486869812011832, 1.054278969764766 ], [ 121.486564636230469, 1.05795776844019 ], [ 121.486175537109375, 1.062096476554927 ], [ 121.485794067382812, 1.065622091293392 ], [ 121.485641479492188, 1.067614793777466 ], [ 121.485260009765625, 1.068841099739132 ], [ 121.484642028808594, 1.0706804990769 ], [ 121.48380279541027, 1.072903156280574 ], [ 121.483032226562614, 1.075202345848197 ], [ 121.482269287109489, 1.077425003051758 ], [ 121.481307983398665, 1.080006003379879 ], [ 121.481582641601562, 1.080195784568843 ], [ 121.483825683593864, 1.081811666488704 ], [ 121.484100341796875, 1.082561492920036 ], [ 121.484237670898551, 1.083091139793396 ], [ 121.484283447265625, 1.083220481872672 ], [ 121.48431396484375, 1.083369255065918 ], [ 121.484420776367301, 1.083786249160823 ], [ 121.484687805175781, 1.08518481254589 ], [ 121.484710693359375, 1.085311055183411 ], [ 121.484802246093864, 1.0858154296875 ], [ 121.484909057617188, 1.086360454559326 ], [ 121.485351562500114, 1.088712692260856 ], [ 121.486099243164176, 1.091775059700126 ], [ 121.486717224121207, 1.093417048454342 ], [ 121.486839294433821, 1.09383046627056 ], [ 121.487083435058707, 1.094673037529049 ], [ 121.487518310546875, 1.096218228340263 ], [ 121.488082885742188, 1.096047043800468 ], [ 121.489318847656477, 1.095671892166251 ], [ 121.489479064941406, 1.095646023750419 ], [ 121.490470886230582, 1.095489501953125 ], [ 121.490730285644531, 1.095454573631343 ], [ 121.490562438964844, 1.094707369804382 ], [ 121.49041748046875, 1.094062566757316 ], [ 121.490112304687614, 1.092222094535941 ], [ 121.490043640136719, 1.091823101043815 ], [ 121.490043640136719, 1.091324687004203 ], [ 121.490036010742188, 1.090081334114188 ], [ 121.491340637207031, 1.087965846061763 ], [ 121.492202758789176, 1.085610270500297 ], [ 121.492973327636832, 1.084022998809871 ], [ 121.493011474609489, 1.083937168121338 ], [ 121.493476867675781, 1.082954287528935 ], [ 121.493598937988281, 1.082681894302425 ], [ 121.494438171386719, 1.080202698707637 ], [ 121.494468688965071, 1.080105423927421 ], [ 121.495338439941406, 1.077558994293327 ], [ 121.495391845703125, 1.077431797981319 ], [ 121.495658874511832, 1.076780438423214 ], [ 121.494888305664176, 1.074576377868709 ], [ 121.494598388671875, 1.073801755905151 ], [ 121.494178771972656, 1.072683453559875 ], [ 121.493843078613281, 1.069058060646171 ], [ 121.493637084960938, 1.066923856735343 ], [ 121.493545532226676, 1.065823316574097 ], [ 121.493492126464844, 1.065246701240653 ], [ 121.49338531494152, 1.06411719322216 ], [ 121.493194580078239, 1.062208771705684 ], [ 121.493034362792969, 1.060359358787593 ], [ 121.492973327636832, 1.059703111648673 ], [ 121.492797851562614, 1.05785965919506 ], [ 121.49259185791027, 1.055696010589713 ], [ 121.492301940917969, 1.052662968635559 ], [ 121.491874694824219, 1.048073410987854 ], [ 121.491386413574219, 1.042821049690303 ] ] ] ] } },
{ "type": "Feature", "properties": { "GID_0": "IDN", "NAME_0": "Indonesia", "GID_1": "IDN.27_1", "NAME_1": "Sulawesi Tengah", "GID_2": "IDN.27.3_1", "NAME_2": "Buol", "GID_3": "IDN.27.3.2_1", "NAME_3": "Bokat", "GID_4": "IDN.27.3.2.6_1", "NAME_4": "Doulan", "VARNAME_4": null, "TYPE_4": "Desa", "ENGTYPE_4": "Village", "CC_4": "7207030010" }, "geometry": { "type": "MultiPolygon", "coordinates": [ [ [ [ 121.506851196289062, 1.041765093803519 ], [ 121.505256652832031, 1.041911482811088 ], [ 121.504196166992415, 1.042015910148621 ], [ 121.503150939941406, 1.042118430137748 ], [ 121.502861022949446, 1.042153835296745 ], [ 121.501853942871094, 1.042276024818534 ], [ 121.501609802246094, 1.042282938957271 ], [ 121.50128173828125, 1.042292475700435 ], [ 121.500320434570312, 1.042329668998832 ], [ 121.499877929687614, 1.042358160019035 ], [ 121.499771118164062, 1.042365312576351 ], [ 121.499656677246207, 1.042367696762142 ], [ 121.499290466308707, 1.042375326156673 ], [ 121.498649597167969, 1.042410850525016 ], [ 121.498657226562727, 1.042595028877258 ], [ 121.49869537353527, 1.043286204338131 ], [ 121.498748779296875, 1.044068813324088 ], [ 121.498786926269531, 1.044974684715328 ], [ 121.498825073242188, 1.045768141746578 ], [ 121.498832702636719, 1.045889258384705 ], [ 121.49887847900402, 1.046467185020504 ], [ 121.499114990234489, 1.048704028129634 ], [ 121.499153137207031, 1.049058914184627 ], [ 121.49920654296875, 1.049552917480469 ], [ 121.499481201171989, 1.052107214927787 ], [ 121.499725341796875, 1.052172064781303 ], [ 121.499870300293082, 1.052212357521114 ], [ 121.500625610351676, 1.052443981170768 ], [ 121.501884460449219, 1.052829265594539 ], [ 121.50238037109375, 1.053018689155635 ], [ 121.502555847167969, 1.053084015846366 ], [ 121.503799438476562, 1.053573727607784 ], [ 121.50406646728527, 1.053673624992371 ], [ 121.504600524902457, 1.053877472877616 ], [ 121.507965087890625, 1.054946541786251 ], [ 121.511222839355469, 1.057072401046753 ], [ 121.51145172119152, 1.057185888290348 ], [ 121.513420104980582, 1.058184862136955 ], [ 121.515426635742188, 1.059502005577144 ], [ 121.516342163085938, 1.060488104820308 ], [ 121.518157958984489, 1.062455058097896 ], [ 121.519561767578125, 1.065385937690735 ], [ 121.520027160644759, 1.067138671875057 ], [ 121.521011352539176, 1.070793986320496 ], [ 121.521224975586051, 1.072131991386527 ], [ 121.521324157714844, 1.072770953178406 ], [ 121.521614074707145, 1.074916243553275 ], [ 121.521697998046875, 1.075539827346802 ], [ 121.521842956542969, 1.076197743415946 ], [ 121.522026062011719, 1.076997518539429 ], [ 121.522438049316406, 1.077909827232361 ], [ 121.523139953613395, 1.079472780227661 ], [ 121.523895263671989, 1.081185460090637 ], [ 121.524017333984375, 1.081450819969234 ], [ 121.524520874023438, 1.082258224487418 ], [ 121.524673461914176, 1.082495808601436 ], [ 121.525123596191406, 1.083238720893974 ], [ 121.526206970214844, 1.08301770687109 ], [ 121.527381896972656, 1.082653522491569 ], [ 121.528511047363281, 1.081675767898503 ], [ 121.529006958007926, 1.081266403198356 ], [ 121.530021667480469, 1.080856919288635 ], [ 121.53092193603527, 1.080151915550232 ], [ 121.531875610351676, 1.079356074333305 ], [ 121.532913208007812, 1.078560113906804 ], [ 121.533699035644531, 1.077877998352051 ], [ 121.536117553711051, 1.076581358909664 ], [ 121.536453247070426, 1.076285719871578 ], [ 121.537063598632926, 1.076080918312073 ], [ 121.5369873046875, 1.075899481773376 ], [ 121.535469055176009, 1.072810888290519 ], [ 121.535255432128906, 1.07237362861639 ], [ 121.533576965332145, 1.068964004516715 ], [ 121.532226562500227, 1.066219806671199 ], [ 121.530563354492301, 1.062082886695919 ], [ 121.528869628906364, 1.058290958404541 ], [ 121.52732086181652, 1.056716680526733 ], [ 121.525825500488281, 1.055191397667045 ], [ 121.523696899414176, 1.053103566169852 ], [ 121.523483276367301, 1.052891612053031 ], [ 121.521934509277571, 1.051282525062618 ], [ 121.520111083984375, 1.049387693405151 ], [ 121.518074035644531, 1.048172473907528 ], [ 121.513717651367188, 1.045578837394828 ], [ 121.511680603027457, 1.044890165328979 ], [ 121.508842468261832, 1.043167591094971 ], [ 121.50872802734375, 1.043085694313163 ], [ 121.506851196289062, 1.041765093803519 ] ] ] ] } },
{ "type": "Feature", "properties": { "GID_0": "IDN", "NAME_0": "Indonesia", "GID_1": "IDN.27_1", "NAME_1": "Sulawesi Tengah", "GID_2": "IDN.27.3_1", "NAME_2": "Buol", "GID_3": "IDN.27.3.2_1", "NAME_3": "Bokat", "GID_4": "IDN.27.3.2.7_1", "NAME_4": "Duwamayo", "VARNAME_4": null, "TYPE_4": "Desa", "ENGTYPE_4": "Village", "CC_4": "7207030020" }, "geometry": { "type": "MultiPolygon", "coordinates": [ [ [ [ 121.51429748535179, 1.023204445838985 ], [ 121.513740539550895, 1.02276182174694 ], [ 121.508163452148438, 1.018328428268489 ], [ 121.507942199707031, 1.017417788505611 ], [ 121.507217407226562, 1.014430522918701 ], [ 121.50693511962902, 1.013332605361995 ], [ 121.506713867187614, 1.01245307922369 ], [ 121.506210327148438, 1.01158607006073 ], [ 121.505661010742188, 1.010666847229004 ], [ 121.504692077636719, 1.009012222290096 ], [ 121.504280090332031, 1.00833356380474 ], [ 121.503494262695426, 1.00700044631958 ], [ 121.502853393554915, 1.006635904312134 ], [ 121.502517700195426, 1.006447076797599 ], [ 121.496482849121094, 1.00311207771307 ], [ 121.48817443847679, 1.006042599678096 ], [ 121.483642578125114, 1.007624268531913 ], [ 121.483657836914176, 1.007705450057983 ], [ 121.483711242675781, 1.008016586303825 ], [ 121.4837646484375, 1.008445620536804 ], [ 121.484878540039062, 1.009052276611385 ], [ 121.484970092773551, 1.009129881858939 ], [ 121.485534667968864, 1.009744882583561 ], [ 121.484901428222656, 1.010923981666679 ], [ 121.484405517578239, 1.011679410934448 ], [ 121.48468017578125, 1.012291789054927 ], [ 121.484725952148438, 1.012380719184989 ], [ 121.484916687011719, 1.012560248374939 ], [ 121.485633850097656, 1.013394236564693 ], [ 121.487083435058707, 1.014706373214722 ], [ 121.490005493164062, 1.017525315284729 ], [ 121.490737915039062, 1.018261194229183 ], [ 121.490814208984375, 1.020733118057251 ], [ 121.490814208984375, 1.022167801857108 ], [ 121.49078369140625, 1.022762298583984 ], [ 121.490859985351676, 1.022763729095516 ], [ 121.499740600585938, 1.022940039634648 ], [ 121.504203796386832, 1.023036360740775 ], [ 121.508628845214957, 1.023116469383353 ], [ 121.51429748535179, 1.023204445838985 ] ] ] ] } },
{ "type": "Feature", "properties": { "GID_0": "IDN", "NAME_0": "Indonesia", "GID_1": "IDN.27_1", "NAME_1": "Sulawesi Tengah", "GID_2": "IDN.27.3_1", "NAME_2": "Buol", "GID_3": "IDN.27.3.2_1", "NAME_3": "Bokat", "GID_4": "IDN.27.3.2.8_1", "NAME_4": "Kantanan", "VARNAME_4": null, "TYPE_4": "Desa", "ENGTYPE_4": "Village", "CC_4": "7207030017" }, "geometry": { "type": "MultiPolygon", "coordinates": [ [ [ [ 121.487518310546875, 1.096218228340263 ], [ 121.487319946289062, 1.096341967582759 ], [ 121.486763000488281, 1.096691727638301 ], [ 121.486679077148551, 1.096746087074393 ], [ 121.485794067382812, 1.097146034240779 ], [ 121.484161376953352, 1.09741306304926 ], [ 121.484016418457145, 1.097424387931824 ], [ 121.4835205078125, 1.097342014312801 ], [ 121.48297119140625, 1.09728050231945 ], [ 121.482208251953125, 1.097248911857605 ], [ 121.482078552246207, 1.097243547439575 ], [ 121.480888366699219, 1.097194075584525 ], [ 121.480140686035156, 1.097548604011536 ], [ 121.478256225586165, 1.098481297492924 ], [ 121.47796630859375, 1.098940253257695 ], [ 121.477828979492188, 1.09915471076971 ], [ 121.477706909179801, 1.099353075027523 ], [ 121.477325439453239, 1.099946618080139 ], [ 121.4766845703125, 1.101405143737907 ], [ 121.476364135742301, 1.10196590423584 ], [ 121.476470947265625, 1.101961255073547 ], [ 121.478134155273551, 1.101887583732662 ], [ 121.4783935546875, 1.102563381195125 ], [ 121.478874206543082, 1.103040337562675 ], [ 121.479957580566406, 1.103358030319214 ], [ 121.479774475097884, 1.103608012199402 ], [ 121.478874206543082, 1.103472113609428 ], [ 121.478286743164176, 1.10364663600933 ], [ 121.47788238525402, 1.103768110275325 ], [ 121.478195190429688, 1.104608774185181 ], [ 121.478805541992188, 1.104994893074092 ], [ 121.480171203613395, 1.105964064598083 ], [ 121.479171752929688, 1.106048226356506 ], [ 121.478225708007812, 1.105528593063354 ], [ 121.477226257324219, 1.105230093002376 ], [ 121.477340698242301, 1.105977892875785 ], [ 121.477386474609375, 1.106200098991337 ], [ 121.477836608886719, 1.106941938400269 ], [ 121.477996826171875, 1.107199668884334 ], [ 121.478866577148551, 1.107437849044913 ], [ 121.479095458984375, 1.107506632804927 ], [ 121.479667663574219, 1.107903361320552 ], [ 121.478538513183594, 1.108926653862113 ], [ 121.478347778320312, 1.109258413314933 ], [ 121.477905273437614, 1.110063195228577 ], [ 121.478416442871094, 1.110249280929565 ], [ 121.478950500488281, 1.110464453697318 ], [ 121.479064941406364, 1.111031055450383 ], [ 121.479118347167969, 1.111390948295707 ], [ 121.477973937988281, 1.111844062805176 ], [ 121.477630615234375, 1.111972332000789 ], [ 121.477294921875227, 1.113164067268428 ], [ 121.477470397949219, 1.113449096679688 ], [ 121.477821350097656, 1.11410582065588 ], [ 121.479354858398438, 1.113675951957703 ], [ 121.481369018554801, 1.110985875129757 ], [ 121.481704711914176, 1.110089182853756 ], [ 121.482231140136719, 1.108821511268673 ], [ 121.482841491699332, 1.108510494232178 ], [ 121.483840942382926, 1.108069062232971 ], [ 121.485130310058707, 1.108695983886719 ], [ 121.486801147460938, 1.108786106109676 ], [ 121.487907409667969, 1.108194589614868 ], [ 121.489280700683594, 1.107694029808101 ], [ 121.490547180175781, 1.106011629104728 ], [ 121.490974426269531, 1.105443239212036 ], [ 121.492393493652457, 1.103806257248038 ], [ 121.494087219238509, 1.101941823959407 ], [ 121.495574951171875, 1.100168466567993 ], [ 121.497528076171989, 1.098205327987728 ], [ 121.4967041015625, 1.097304940223751 ], [ 121.496337890625, 1.096904873847961 ], [ 121.496063232421989, 1.096606016159171 ], [ 121.495262145996207, 1.096123456955013 ], [ 121.493858337402344, 1.095624208450431 ], [ 121.492729187011719, 1.095383524894658 ], [ 121.491477966308707, 1.095353245735225 ], [ 121.490730285644531, 1.095454573631343 ], [ 121.490470886230582, 1.095489501953125 ], [ 121.489479064941406, 1.095646023750419 ], [ 121.489318847656477, 1.095671892166251 ], [ 121.488082885742188, 1.096047043800468 ], [ 121.487518310546875, 1.096218228340263 ] ] ] ] } },
{ "type": "Feature", "properties": { "GID_0": "IDN", "NAME_0": "Indonesia", "GID_1": "IDN.27_1", "NAME_1": "Sulawesi Tengah", "GID_2": "IDN.27.3_1", "NAME_2": "Buol", "GID_3": "IDN.27.3.2_1", "NAME_3": "Bokat", "GID_4": "IDN.27.3.2.9_1", "NAME_4": "Kodolagon", "VARNAME_4": null, "TYPE_4": "Desa", "ENGTYPE_4": "Village", "CC_4": "7207030015" }, "geometry": { "type": "MultiPolygon", "coordinates": [ [ [ [ 121.481307983398665, 1.080006003379879 ], [ 121.480781555175895, 1.079631447792053 ], [ 121.48065185546875, 1.079624652862663 ], [ 121.47967529296875, 1.080090165138301 ], [ 121.472969055175895, 1.079997658729553 ], [ 121.47186279296875, 1.080038428306636 ], [ 121.463279724121094, 1.083496809005737 ], [ 121.46270751953125, 1.084503293037528 ], [ 121.463226318359489, 1.086185336113033 ], [ 121.463623046875114, 1.087338089942989 ], [ 121.464118957519531, 1.08864343166357 ], [ 121.464179992675895, 1.088811874389648 ], [ 121.464439392089844, 1.089494109153804 ], [ 121.464950561523551, 1.090881228447017 ], [ 121.465705871582145, 1.094050526619014 ], [ 121.465728759765739, 1.09413754940033 ], [ 121.465896606445426, 1.096631169319267 ], [ 121.465782165527344, 1.097606897354183 ], [ 121.465538024902457, 1.09932363033306 ], [ 121.4654541015625, 1.099858641624508 ], [ 121.465438842773438, 1.099979400634766 ], [ 121.465301513671989, 1.100953936576843 ], [ 121.465248107910156, 1.101147294044438 ], [ 121.465179443359375, 1.101492047309875 ], [ 121.464866638183594, 1.102777004242 ], [ 121.464668273925781, 1.10352098941803 ], [ 121.464332580566634, 1.104904890060482 ], [ 121.463180541992415, 1.107166767120361 ], [ 121.463134765625, 1.107265710830632 ], [ 121.462661743164176, 1.10818457603466 ], [ 121.461990356445312, 1.109819531440735 ], [ 121.461585998535156, 1.110711336135921 ], [ 121.464065551757812, 1.109251976013184 ], [ 121.465408325195312, 1.108352899551392 ], [ 121.466461181640739, 1.107665419578552 ], [ 121.468742370605582, 1.10623824596405 ], [ 121.4696044921875, 1.105781793594474 ], [ 121.470733642578125, 1.10521316528326 ], [ 121.470848083496207, 1.105134725570736 ], [ 121.471244812011832, 1.104876518249625 ], [ 121.471443176269645, 1.104732394218502 ], [ 121.473274230957031, 1.103507399559021 ], [ 121.474411010742188, 1.102824687957821 ], [ 121.474617004394531, 1.102704286575261 ], [ 121.475700378417969, 1.102192759513855 ], [ 121.476211547851676, 1.10197293758398 ], [ 121.476364135742301, 1.10196590423584 ], [ 121.4766845703125, 1.101405143737907 ], [ 121.477325439453239, 1.099946618080139 ], [ 121.477706909179801, 1.099353075027523 ], [ 121.477828979492188, 1.09915471076971 ], [ 121.47796630859375, 1.098940253257695 ], [ 121.478256225586165, 1.098481297492924 ], [ 121.480140686035156, 1.097548604011536 ], [ 121.480888366699219, 1.097194075584525 ], [ 121.482078552246207, 1.097243547439575 ], [ 121.482208251953125, 1.097248911857605 ], [ 121.48297119140625, 1.09728050231945 ], [ 121.4835205078125, 1.097342014312801 ], [ 121.484016418457145, 1.097424387931824 ], [ 121.484161376953352, 1.09741306304926 ], [ 121.485794067382812, 1.097146034240779 ], [ 121.486679077148551, 1.096746087074393 ], [ 121.486763000488281, 1.096691727638301 ], [ 121.487319946289062, 1.096341967582759 ], [ 121.487518310546875, 1.096218228340263 ], [ 121.487083435058707, 1.094673037529049 ], [ 121.486839294433821, 1.09383046627056 ], [ 121.486717224121207, 1.093417048454342 ], [ 121.486099243164176, 1.091775059700126 ], [ 121.485351562500114, 1.088712692260856 ], [ 121.484909057617188, 1.086360454559326 ], [ 121.484802246093864, 1.0858154296875 ], [ 121.484710693359375, 1.085311055183411 ], [ 121.484687805175781, 1.08518481254589 ], [ 121.484420776367301, 1.083786249160823 ], [ 121.48431396484375, 1.083369255065918 ], [ 121.484283447265625, 1.083220481872672 ], [ 121.484237670898551, 1.083091139793396 ], [ 121.484100341796875, 1.082561492920036 ], [ 121.483825683593864, 1.081811666488704 ], [ 121.481582641601562, 1.080195784568843 ], [ 121.481307983398665, 1.080006003379879 ] ] ] ] } },
{ "type": "Feature", "properties": { "GID_0": "IDN", "NAME_0": "Indonesia", "GID_1": "IDN.27_1", "NAME_1": "Sulawesi Tengah", "GID_2": "IDN.27.3_1", "NAME_2": "Buol", "GID_3": "IDN.27.3.2_1", "NAME_3": "Bokat", "GID_4": "IDN.27.3.2.10_1", "NAME_4": "Langudon", "VARNAME_4": null, "TYPE_4": "Desa", "ENGTYPE_4": "Village", "CC_4": "7207030024" }, "geometry": { "type": "MultiPolygon", "coordinates": [ [ [ [ 121.520881652832031, 1.029520630836601 ], [ 121.515441894531477, 1.024289965629634 ], [ 121.514694213867301, 1.023576140403691 ], [ 121.514381408691406, 1.023270606994629 ], [ 121.51429748535179, 1.023204445838985 ], [ 121.508628845214957, 1.023116469383353 ], [ 121.504203796386832, 1.023036360740775 ], [ 121.499740600585938, 1.022940039634648 ], [ 121.490859985351676, 1.022763729095516 ], [ 121.49078369140625, 1.022762298583984 ], [ 121.490707397461051, 1.024012327194214 ], [ 121.490242004394531, 1.027949690818843 ], [ 121.490196228027344, 1.028171062469482 ], [ 121.489845275878906, 1.03100681304943 ], [ 121.492195129394645, 1.030947923660221 ], [ 121.493576049804801, 1.030910849571228 ], [ 121.493988037109375, 1.030905008316097 ], [ 121.494140625000114, 1.030902743339595 ], [ 121.495849609375114, 1.030949831009025 ], [ 121.500213623046989, 1.03106069564825 ], [ 121.504348754882812, 1.031033754348755 ], [ 121.511184692382812, 1.030981063842773 ], [ 121.511131286621207, 1.030872344970817 ], [ 121.510917663574332, 1.030502438545341 ], [ 121.511482238769645, 1.030491232872123 ], [ 121.51171875, 1.030486464500484 ], [ 121.511978149414062, 1.030054807663078 ], [ 121.513343811035384, 1.030571937561092 ], [ 121.513572692871207, 1.030854344368038 ], [ 121.513679504394531, 1.031336069107056 ], [ 121.513725280761946, 1.03155612945568 ], [ 121.513999938964844, 1.031974077224845 ], [ 121.514358520507926, 1.032234311103934 ], [ 121.514640808105469, 1.032430887222347 ], [ 121.514823913574219, 1.032734870910701 ], [ 121.515235900878906, 1.033370733261165 ], [ 121.515754699707031, 1.035289406776542 ], [ 121.515731811523438, 1.035933494567985 ], [ 121.515724182128906, 1.036368846893367 ], [ 121.515708923339957, 1.03652036190033 ], [ 121.515510559082145, 1.038187265396118 ], [ 121.515380859375, 1.038585543632621 ], [ 121.515548706054688, 1.039162635803279 ], [ 121.517478942871094, 1.037623763084468 ], [ 121.519866943359489, 1.035689234733582 ], [ 121.521156311035156, 1.034652709960938 ], [ 121.520881652832031, 1.029520630836601 ] ] ] ] } },
{ "type": "Feature", "properties": { "GID_0": "IDN", "NAME_0": "Indonesia", "GID_1": "IDN.27_1", "NAME_1": "Sulawesi Tengah", "GID_2": "IDN.27.3_1", "NAME_2": "Buol", "GID_3": "IDN.27.3.2_1", "NAME_3": "Bokat", "GID_4": "IDN.27.3.2.11_1", "NAME_4": "Negeri Lama", "VARNAME_4": null, "TYPE_4": "Desa", "ENGTYPE_4": "Village", "CC_4": "7207030018" }, "geometry": { "type": "MultiPolygon", "coordinates": [ [ [ [ 121.463188171386946, 1.131883740425053 ], [ 121.463768005371207, 1.131432890892086 ], [ 121.464462280273438, 1.130743741989136 ], [ 121.465225219726562, 1.12996959686285 ], [ 121.466606140136719, 1.128470778465271 ], [ 121.469963073730469, 1.125195503234863 ], [ 121.474044799804688, 1.12153148651123 ], [ 121.478561401367188, 1.117367982864494 ], [ 121.483314514160156, 1.112981677055416 ], [ 121.483398437500227, 1.113155007362366 ], [ 121.484085083007812, 1.111420750618095 ], [ 121.484428405761832, 1.109600067138729 ], [ 121.483840942382926, 1.108069062232971 ], [ 121.482841491699332, 1.108510494232178 ], [ 121.482231140136719, 1.108821511268673 ], [ 121.481704711914176, 1.110089182853756 ], [ 121.481369018554801, 1.110985875129757 ], [ 121.479354858398438, 1.113675951957703 ], [ 121.477821350097656, 1.11410582065588 ], [ 121.477470397949219, 1.113449096679688 ], [ 121.477294921875227, 1.113164067268428 ], [ 121.477630615234375, 1.111972332000789 ], [ 121.477973937988281, 1.111844062805176 ], [ 121.479118347167969, 1.111390948295707 ], [ 121.479064941406364, 1.111031055450383 ], [ 121.478950500488281, 1.110464453697318 ], [ 121.478416442871094, 1.110249280929565 ], [ 121.477905273437614, 1.110063195228577 ], [ 121.478347778320312, 1.109258413314933 ], [ 121.478538513183594, 1.108926653862113 ], [ 121.479667663574219, 1.107903361320552 ], [ 121.479095458984375, 1.107506632804927 ], [ 121.478866577148551, 1.107437849044913 ], [ 121.477996826171875, 1.107199668884334 ], [ 121.477836608886719, 1.106941938400269 ], [ 121.477386474609375, 1.106200098991337 ], [ 121.477340698242301, 1.105977892875785 ], [ 121.477226257324219, 1.105230093002376 ], [ 121.478225708007812, 1.105528593063354 ], [ 121.479171752929688, 1.106048226356506 ], [ 121.480171203613395, 1.105964064598083 ], [ 121.478805541992188, 1.104994893074092 ], [ 121.478195190429688, 1.104608774185181 ], [ 121.47788238525402, 1.103768110275325 ], [ 121.478286743164176, 1.10364663600933 ], [ 121.478874206543082, 1.103472113609428 ], [ 121.479774475097884, 1.103608012199402 ], [ 121.479957580566406, 1.103358030319214 ], [ 121.478874206543082, 1.103040337562675 ], [ 121.4783935546875, 1.102563381195125 ], [ 121.478134155273551, 1.101887583732662 ], [ 121.476470947265625, 1.101961255073547 ], [ 121.476364135742301, 1.10196590423584 ], [ 121.476211547851676, 1.10197293758398 ], [ 121.475700378417969, 1.102192759513855 ], [ 121.474617004394531, 1.102704286575261 ], [ 121.474411010742188, 1.102824687957821 ], [ 121.473274230957031, 1.103507399559021 ], [ 121.471443176269645, 1.104732394218502 ], [ 121.471244812011832, 1.104876518249625 ], [ 121.470848083496207, 1.105134725570736 ], [ 121.470733642578125, 1.10521316528326 ], [ 121.4696044921875, 1.105781793594474 ], [ 121.468742370605582, 1.10623824596405 ], [ 121.466461181640739, 1.107665419578552 ], [ 121.465408325195312, 1.108352899551392 ], [ 121.464065551757812, 1.109251976013184 ], [ 121.461585998535156, 1.110711336135921 ], [ 121.4608154296875, 1.111111164093131 ], [ 121.460571289062614, 1.111219406128043 ], [ 121.458847045898551, 1.111397743225098 ], [ 121.458030700683821, 1.111469149589482 ], [ 121.457572937011719, 1.111504912376347 ], [ 121.457008361816406, 1.111540675163212 ], [ 121.456832885742188, 1.111578702926749 ], [ 121.456695556640852, 1.111591219902095 ], [ 121.454246520996207, 1.111930012703056 ], [ 121.453041076660156, 1.112050175666866 ], [ 121.451507568359375, 1.112186193466243 ], [ 121.451408386230582, 1.112270116806144 ], [ 121.450675964355469, 1.112905859947318 ], [ 121.449745178222656, 1.113576531410217 ], [ 121.449523925781364, 1.113803505897579 ], [ 121.448692321777571, 1.114647507667542 ], [ 121.448539733886832, 1.114791989326534 ], [ 121.44696044921875, 1.116296172142029 ], [ 121.447036743164176, 1.116397976875362 ], [ 121.44715881347679, 1.116580605506897 ], [ 121.447380065918082, 1.116904854774475 ], [ 121.447731018066634, 1.117348432541007 ], [ 121.447837829589844, 1.117469191551265 ], [ 121.447990417480582, 1.117682576179618 ], [ 121.450706481933594, 1.120762467384452 ], [ 121.451080322265625, 1.121204495430106 ], [ 121.451286315917969, 1.121447682380676 ], [ 121.452766418457145, 1.123200297355766 ], [ 121.453193664550781, 1.123568058013973 ], [ 121.453536987304688, 1.123900175094661 ], [ 121.454315185546875, 1.124513149261531 ], [ 121.455711364746094, 1.125628352165222 ], [ 121.457901000976676, 1.127191185951347 ], [ 121.459373474121321, 1.128479003906193 ], [ 121.459732055664062, 1.128794193267936 ], [ 121.460243225097656, 1.129248857498283 ], [ 121.460945129394645, 1.129878401756287 ], [ 121.462638854980582, 1.131394624710197 ], [ 121.463188171386946, 1.131883740425053 ] ] ] ] } },
{ "type": "Feature", "properties": { "GID_0": "IDN", "NAME_0": "Indonesia", "GID_1": "IDN.27_1", "NAME_1": "Sulawesi Tengah", "GID_2": "IDN.27.3_1", "NAME_2": "Buol", "GID_3": "IDN.27.3.2_1", "NAME_3": "Bokat", "GID_4": "IDN.27.3.2.12_1", "NAME_4": "Poongan", "VARNAME_4": null, "TYPE_4": "Desa", "ENGTYPE_4": "Village", "CC_4": "7207030006" }, "geometry": { "type": "MultiPolygon", "coordinates": [ [ [ [ 121.560356140136719, 0.897109150886592 ], [ 121.560745239257812, 0.89665412902832 ], [ 121.560676574707145, 0.895917415618953 ], [ 121.560188293457031, 0.895075678825435 ], [ 121.558723449707031, 0.894199252128715 ], [ 121.558425903320426, 0.893951237201748 ], [ 121.558349609375, 0.893901169300079 ], [ 121.557281494140739, 0.89300853013998 ], [ 121.555961608886719, 0.891908168792668 ], [ 121.555213928222656, 0.891120731830654 ], [ 121.554893493652344, 0.89079791307455 ], [ 121.554824829101562, 0.890719711780605 ], [ 121.554351806640852, 0.889867603778839 ], [ 121.553184509277344, 0.887851774692592 ], [ 121.552963256835938, 0.887678027153072 ], [ 121.551849365234375, 0.886801719665527 ], [ 121.550895690917969, 0.886006295681057 ], [ 121.550529479980469, 0.885712862014884 ], [ 121.550247192382812, 0.885203897953033 ], [ 121.549575805664062, 0.88411641120922 ], [ 121.549179077148438, 0.882663369178829 ], [ 121.548934936523438, 0.881335139274654 ], [ 121.548873901367301, 0.880990147590751 ], [ 121.549179077148438, 0.880463778972683 ], [ 121.549278259277457, 0.880135357380027 ], [ 121.551979064941406, 0.878277957439479 ], [ 121.55118560791027, 0.878365933895111 ], [ 121.550323486328125, 0.878387570381165 ], [ 121.548751831054688, 0.878439545631409 ], [ 121.547752380371207, 0.878472566604728 ], [ 121.546615600585938, 0.878289580345154 ], [ 121.54547119140625, 0.878105759620667 ], [ 121.544860839843864, 0.877812564373016 ], [ 121.544067382812614, 0.877425789833183 ], [ 121.543144226074332, 0.877085685730037 ], [ 121.542510986328125, 0.876850247383175 ], [ 121.541557312011719, 0.876718223094997 ], [ 121.540832519531364, 0.876617729663963 ], [ 121.540321350097656, 0.876546919345856 ], [ 121.539550781250114, 0.876439571380672 ], [ 121.538352966308707, 0.876273632049561 ], [ 121.536949157714844, 0.875907242298126 ], [ 121.535964965820312, 0.874913811683768 ], [ 121.536224365234375, 0.873816311359519 ], [ 121.536796569824219, 0.872980237007198 ], [ 121.536636352539176, 0.872457563877163 ], [ 121.536231994629134, 0.871723115444297 ], [ 121.535652160644531, 0.870680093765316 ], [ 121.535156250000114, 0.869417250156403 ], [ 121.534614562988281, 0.868014097213745 ], [ 121.534614562988281, 0.866968750953731 ], [ 121.535026550292969, 0.865007758140621 ], [ 121.535140991211051, 0.864466369152069 ], [ 121.535339355468864, 0.863519489765224 ], [ 121.535514831543082, 0.862438321113586 ], [ 121.535606384277344, 0.861870825290794 ], [ 121.535705566406364, 0.861219882965145 ], [ 121.535705566406364, 0.860122263431549 ], [ 121.535293579101676, 0.859151422977504 ], [ 121.535072326660156, 0.858612418174744 ], [ 121.53466796875, 0.857665359974021 ], [ 121.534271240234375, 0.856704771518821 ], [ 121.534011840820426, 0.856082499027309 ], [ 121.53379058837902, 0.855540692806301 ], [ 121.533462524414062, 0.854763567447719 ], [ 121.533027648925895, 0.853705048561153 ], [ 121.532402038574219, 0.852711796760673 ], [ 121.531761169433594, 0.852446019649619 ], [ 121.530685424804688, 0.852136194705963 ], [ 121.529335021972656, 0.85213565826416 ], [ 121.52805328369152, 0.852236986160278 ], [ 121.527359008789062, 0.852291703224182 ], [ 121.526374816894645, 0.852239072322959 ], [ 121.524765014648438, 0.851663529873008 ], [ 121.523338317871207, 0.851278483867588 ], [ 121.522636413574219, 0.851087749004307 ], [ 121.521934509277571, 0.850959420204276 ], [ 121.520919799804688, 0.850773513317051 ], [ 121.519569396972656, 0.850145816803092 ], [ 121.518424987792969, 0.849884033203182 ], [ 121.517570495605582, 0.849807739257756 ], [ 121.516662597656364, 0.849726557731742 ], [ 121.51593017578125, 0.849517166614476 ], [ 121.514686584472884, 0.848314583301544 ], [ 121.513908386230469, 0.84815746545803 ], [ 121.512779235840071, 0.848188579082603 ], [ 121.512634277343864, 0.848192512989101 ], [ 121.512039184570426, 0.84820902347559 ], [ 121.511138916015625, 0.848027944564819 ], [ 121.510215759277344, 0.847842454910221 ], [ 121.509498596191406, 0.847473084926605 ], [ 121.507461547851676, 0.846430242061729 ], [ 121.505851745605469, 0.845854699611778 ], [ 121.505073547363281, 0.84585440158844 ], [ 121.504135131835938, 0.845854043960571 ], [ 121.503326416015625, 0.84598129987711 ], [ 121.502967834472656, 0.846036732196865 ], [ 121.50138092041027, 0.846062004566306 ], [ 121.501022338867301, 0.845016539096889 ], [ 121.501022338867301, 0.843971252441463 ], [ 121.501228332519531, 0.842873930931148 ], [ 121.500534057617188, 0.843214929103965 ], [ 121.500000000000227, 0.843474924564305 ], [ 121.499412536621094, 0.843231439590454 ], [ 121.498641967773438, 0.842876732349453 ], [ 121.498092651367415, 0.842544317245483 ], [ 121.497581481933707, 0.842145442962703 ], [ 121.49609375, 0.840984642505703 ], [ 121.494964599609375, 0.840106725692863 ], [ 121.494316101074332, 0.839803159236965 ], [ 121.493690490722656, 0.839508235454502 ], [ 121.492759704589957, 0.839507877826804 ], [ 121.491416931152571, 0.839595913887024 ], [ 121.490814208984375, 0.839662909507808 ], [ 121.490531921386832, 0.839693844318447 ], [ 121.490242004394531, 0.839726507663727 ], [ 121.490074157715071, 0.839745104312897 ], [ 121.489334106445426, 0.83982652425766 ], [ 121.488685607910156, 0.84275728464138 ], [ 121.488296508789062, 0.84446889162075 ], [ 121.488235473632926, 0.844816744327545 ], [ 121.488166809082259, 0.845069050788936 ], [ 121.487426757812614, 0.848325610160828 ], [ 121.48728179931652, 0.849041819572392 ], [ 121.486808776855469, 0.85119420289999 ], [ 121.48630523681652, 0.853402435779572 ], [ 121.48612213134777, 0.854105532169399 ], [ 121.485099792480469, 0.85859751701355 ], [ 121.484786987304801, 0.860226392745972 ], [ 121.484474182128906, 0.861359715461845 ], [ 121.484100341796875, 0.863024592399654 ], [ 121.483963012695312, 0.863734066486415 ], [ 121.483772277832031, 0.864563107490653 ], [ 121.483711242675781, 0.865264594554958 ], [ 121.48358154296875, 0.865774810314235 ], [ 121.483329772949219, 0.86673146486288 ], [ 121.483009338378906, 0.867852628231049 ], [ 121.482948303222656, 0.868110835552159 ], [ 121.482994079589844, 0.868933975696677 ], [ 121.483497619628906, 0.876783132553214 ], [ 121.483818054199332, 0.884913623333091 ], [ 121.484504699707031, 0.898561477661133 ], [ 121.485298156738281, 0.913988232612667 ], [ 121.485862731933594, 0.926771402359066 ], [ 121.488868713378906, 0.943317592144126 ], [ 121.489982604980469, 0.949579834938106 ], [ 121.490570068359375, 0.95266592502594 ], [ 121.490570068359375, 0.952864825725612 ], [ 121.4906005859375, 0.953046441078243 ], [ 121.49053955078125, 0.955212891101894 ], [ 121.490493774414176, 0.958086371421871 ], [ 121.49041748046875, 0.961832880973873 ], [ 121.49041748046875, 0.964543044567165 ], [ 121.490295410156364, 0.968429863452911 ], [ 121.49015045166027, 0.971966207027549 ], [ 121.490104675293082, 0.973959863185883 ], [ 121.490104675293082, 0.978160381317082 ], [ 121.490013122558594, 0.978117048740444 ], [ 121.489967346191406, 0.979664623737335 ], [ 121.489921569824332, 0.979847848415432 ], [ 121.488327026367188, 0.986500442028102 ], [ 121.487861633300895, 0.98850679397583 ], [ 121.487541198730469, 0.989813089370671 ], [ 121.487236022949332, 0.991085052490234 ], [ 121.486740112304688, 0.993504047393799 ], [ 121.48612213134777, 0.996097385883388 ], [ 121.485542297363395, 0.998432934284267 ], [ 121.485206604003906, 0.999547481536979 ], [ 121.483955383300781, 1.004774332046566 ], [ 121.483810424804801, 1.005439639091549 ], [ 121.483757019042969, 1.005625605583191 ], [ 121.483360290527344, 1.007272601127738 ], [ 121.483642578125114, 1.007624268531913 ], [ 121.48817443847679, 1.006042599678096 ], [ 121.496482849121094, 1.00311207771307 ], [ 121.502517700195426, 1.006447076797599 ], [ 121.502853393554915, 1.006635904312134 ], [ 121.503494262695426, 1.00700044631958 ], [ 121.504280090332031, 1.00833356380474 ], [ 121.504692077636719, 1.009012222290096 ], [ 121.505661010742188, 1.010666847229004 ], [ 121.506210327148438, 1.01158607006073 ], [ 121.506713867187614, 1.01245307922369 ], [ 121.50693511962902, 1.013332605361995 ], [ 121.507217407226562, 1.014430522918701 ], [ 121.507942199707031, 1.017417788505611 ], [ 121.508163452148438, 1.018328428268489 ], [ 121.513740539550895, 1.02276182174694 ], [ 121.51429748535179, 1.023204445838985 ], [ 121.514381408691406, 1.023270606994629 ], [ 121.514694213867301, 1.023576140403691 ], [ 121.515441894531477, 1.024289965629634 ], [ 121.520881652832031, 1.029520630836601 ], [ 121.523994445800781, 1.02688193321228 ], [ 121.530815124511719, 1.023345708847046 ], [ 121.531173706054688, 1.023501038551331 ], [ 121.534233093261719, 1.024788260459957 ], [ 121.53702545166027, 1.026942968368587 ], [ 121.538497924804688, 1.028044104576225 ], [ 121.538566589355582, 1.029771447181702 ], [ 121.538627624511719, 1.031104326248169 ], [ 121.539085388183594, 1.033197641372794 ], [ 121.539886474609489, 1.036813735961914 ], [ 121.539276123046875, 1.037280321121216 ], [ 121.537925720214844, 1.038312792778015 ], [ 121.535423278808594, 1.039171218872127 ], [ 121.534660339355469, 1.039434313774109 ], [ 121.533782958984489, 1.039586305618286 ], [ 121.531959533691406, 1.039915084838981 ], [ 121.527473449707145, 1.040506362915096 ], [ 121.525123596191406, 1.040837407112122 ], [ 121.535667419433821, 1.044309496879634 ], [ 121.538749694824332, 1.044391870498714 ], [ 121.53900146484375, 1.044402122497559 ], [ 121.540397644042969, 1.045455694198552 ], [ 121.541259765625114, 1.04610633850109 ], [ 121.542610168457031, 1.047130703926143 ], [ 121.54502105712902, 1.046533823013419 ], [ 121.546890258789062, 1.046867609024162 ], [ 121.552558898925781, 1.042212367057857 ], [ 121.556327819824332, 1.037560343742484 ], [ 121.556365966796875, 1.037400126457158 ], [ 121.556732177734375, 1.035701870918331 ], [ 121.556793212890625, 1.035411238670463 ], [ 121.556907653808707, 1.034872889518681 ], [ 121.556716918945426, 1.034784197807312 ], [ 121.556320190429801, 1.034241199493465 ], [ 121.556083679199332, 1.034302592277641 ], [ 121.555915832519645, 1.034480690956173 ], [ 121.55576324462902, 1.034680604934692 ], [ 121.555541992187614, 1.034988522529602 ], [ 121.55548095703125, 1.035091876983643 ], [ 121.555404663085938, 1.035121321678162 ], [ 121.555191040039176, 1.035221815109367 ], [ 121.555107116699219, 1.035175561904907 ], [ 121.554939270019645, 1.035092115402222 ], [ 121.554878234863281, 1.034697651863212 ], [ 121.554809570312614, 1.034399390220642 ], [ 121.554733276367415, 1.034228801727409 ], [ 121.554664611816406, 1.03412127494812 ], [ 121.554481506347656, 1.03407800197607 ], [ 121.554214477539176, 1.034017324447632 ], [ 121.554092407226562, 1.034000158309993 ], [ 121.553985595703239, 1.034000158309993 ], [ 121.553596496582259, 1.034016013145447 ], [ 121.553459167480582, 1.034000515937862 ], [ 121.553245544433707, 1.033939838409424 ], [ 121.55307769775402, 1.033648252487296 ], [ 121.55316162109375, 1.033424139022941 ], [ 121.553558349609375, 1.033375144004765 ], [ 121.553741455078125, 1.033347964286918 ], [ 121.554191589355582, 1.033291459083557 ], [ 121.554435729980469, 1.033215522766227 ], [ 121.55460357666027, 1.032798171043453 ], [ 121.554405212402457, 1.032482981681937 ], [ 121.553863525390625, 1.032426834106445 ], [ 121.55362701416027, 1.032470822334233 ], [ 121.553337097167969, 1.032544016838074 ], [ 121.553230285644645, 1.032574415207023 ], [ 121.553146362304688, 1.032599329948425 ], [ 121.553009033203125, 1.032635211944637 ], [ 121.552879333496207, 1.032616138458366 ], [ 121.552879333496207, 1.032266616821289 ], [ 121.552947998046875, 1.032063484192008 ], [ 121.553009033203125, 1.031850576400871 ], [ 121.553192138671875, 1.031450986862183 ], [ 121.553115844726562, 1.031268000602779 ], [ 121.55307769775402, 1.031201839447135 ], [ 121.552825927734602, 1.031209111213798 ], [ 121.552459716796989, 1.031239628791923 ], [ 121.55210113525402, 1.031353116035518 ], [ 121.551681518554915, 1.031507134437675 ], [ 121.551589965820312, 1.031543493270931 ], [ 121.551048278808594, 1.031574130058289 ], [ 121.550811767578125, 1.031552076339779 ], [ 121.55072021484375, 1.031298756599483 ], [ 121.550643920898438, 1.03117048740387 ], [ 121.551048278808594, 1.030785202980098 ], [ 121.551445007324219, 1.030518889427242 ], [ 121.551673889160156, 1.030353426933402 ], [ 121.551757812500114, 1.029987215995902 ], [ 121.551666259765625, 1.029881715774536 ], [ 121.551414489746094, 1.029667735099736 ], [ 121.551261901855469, 1.029578804969844 ], [ 121.551094055175781, 1.029504895210266 ], [ 121.55084228515625, 1.029111623764095 ], [ 121.551040649414062, 1.028757929801998 ], [ 121.551078796386719, 1.028691411018428 ], [ 121.551422119140625, 1.028410911560115 ], [ 121.551506042480582, 1.028339743614254 ], [ 121.551536560058707, 1.028006911277828 ], [ 121.551589965820312, 1.027618050575256 ], [ 121.55157470703125, 1.027224659919739 ], [ 121.551475524902344, 1.027034878730717 ], [ 121.551406860351562, 1.026940464973563 ], [ 121.551193237304688, 1.02692019939434 ], [ 121.550895690917969, 1.026931643486023 ], [ 121.550682067871094, 1.027356505393982 ], [ 121.5506591796875, 1.027511835098323 ], [ 121.550628662109375, 1.027724385261536 ], [ 121.550323486328125, 1.027629852295036 ], [ 121.550170898437614, 1.02748608589178 ], [ 121.549949645996094, 1.027292013168392 ], [ 121.549896240234375, 1.027235507965202 ], [ 121.549690246582031, 1.026889681816158 ], [ 121.549812316894645, 1.026733398437557 ], [ 121.549995422363395, 1.026503324508781 ], [ 121.550071716308594, 1.026367306709233 ], [ 121.55029296875, 1.025900244712886 ], [ 121.550254821777344, 1.025561094284058 ], [ 121.550239562988281, 1.025201320648307 ], [ 121.550231933593864, 1.024929285049438 ], [ 121.550285339355469, 1.024835109710807 ], [ 121.550407409668082, 1.024625658989009 ], [ 121.550949096679801, 1.024326920509338 ], [ 121.551040649414062, 1.024240970611686 ], [ 121.55108642578125, 1.024179100990409 ], [ 121.551223754882812, 1.0239577293396 ], [ 121.551132202148551, 1.023508071899471 ], [ 121.55073547363304, 1.023282527923584 ], [ 121.550529479980469, 1.023149847984371 ], [ 121.550354003906477, 1.023138880729732 ], [ 121.550140380859375, 1.023138999939079 ], [ 121.54986572265625, 1.023260474205131 ], [ 121.54959869384777, 1.023136615753231 ], [ 121.549491882324219, 1.023007273674011 ], [ 121.54939270019554, 1.022883772850037 ], [ 121.549247741699332, 1.022677421569938 ], [ 121.549201965332259, 1.022259473800773 ], [ 121.549346923828125, 1.022161960601807 ], [ 121.549652099609489, 1.021958231925964 ], [ 121.549804687500114, 1.021661639213619 ], [ 121.549705505371094, 1.021445751190242 ], [ 121.549514770507812, 1.021358966827393 ], [ 121.549438476562614, 1.021327495574951 ], [ 121.54920959472679, 1.021382331848258 ], [ 121.548934936523438, 1.021470665931759 ], [ 121.548484802246207, 1.021867871284485 ], [ 121.548423767089844, 1.021925687790031 ], [ 121.548225402832031, 1.022030353546256 ], [ 121.548149108886719, 1.02207791805273 ], [ 121.547729492187614, 1.022169113159293 ], [ 121.547592163085938, 1.022190451622009 ], [ 121.547393798828125, 1.022232413291931 ], [ 121.547103881836165, 1.022347092628536 ], [ 121.547035217285156, 1.022381901741085 ], [ 121.546852111816406, 1.022112846374455 ], [ 121.547416687011719, 1.021897912025565 ], [ 121.547592163085938, 1.021676659584159 ], [ 121.547729492187614, 1.021501541137809 ], [ 121.547874450683821, 1.02118885517126 ], [ 121.547943115234489, 1.021003842353934 ], [ 121.5479736328125, 1.020867347717399 ], [ 121.547988891601562, 1.020754337310848 ], [ 121.547874450683821, 1.020621180534363 ], [ 121.547782897949219, 1.020527958870048 ], [ 121.547645568847656, 1.020395040512142 ], [ 121.547218322753906, 1.020475029945487 ], [ 121.546699523925781, 1.020494461059627 ], [ 121.546463012695312, 1.020531177520809 ], [ 121.546096801757812, 1.020834803581295 ], [ 121.545982360839957, 1.021783828735408 ], [ 121.546035766601676, 1.022340416908264 ], [ 121.546043395996094, 1.022432804107666 ], [ 121.545982360839957, 1.022541165351925 ], [ 121.545921325683594, 1.022659182548637 ], [ 121.545783996582145, 1.022637486457825 ], [ 121.545402526855582, 1.022595047950745 ], [ 121.545303344726562, 1.022562026977596 ], [ 121.545227050781364, 1.022534489631653 ], [ 121.545249938964957, 1.022135734558105 ], [ 121.545166015625, 1.021884799003601 ], [ 121.545089721679688, 1.021738648414726 ], [ 121.545013427734602, 1.021707415580806 ], [ 121.544784545898438, 1.021621227264404 ], [ 121.5445556640625, 1.021612524986267 ], [ 121.544441223144759, 1.021624565124569 ], [ 121.544052124023665, 1.022165179252568 ], [ 121.543998718261719, 1.022392988204899 ], [ 121.543869018554915, 1.02295994758606 ], [ 121.543624877929688, 1.023475885391235 ], [ 121.543479919433821, 1.023655891418571 ], [ 121.543319702148551, 1.023858666419983 ], [ 121.543052673339844, 1.023900985717717 ], [ 121.542961120605582, 1.023659110069332 ], [ 121.54302978515625, 1.023561716079769 ], [ 121.543258666992188, 1.023216485977287 ], [ 121.543296813965071, 1.023045539856014 ], [ 121.543350219726676, 1.02279269695282 ], [ 121.543251037597656, 1.022526979446468 ], [ 121.543121337890739, 1.022214889526367 ], [ 121.542930603027457, 1.022124886512756 ], [ 121.542831420898438, 1.022084593772945 ], [ 121.542732238769645, 1.022048234939689 ], [ 121.542533874511946, 1.022028684616203 ], [ 121.542366027832145, 1.022021770477409 ], [ 121.542068481445312, 1.022009372711238 ], [ 121.541633605957145, 1.022112727165279 ], [ 121.541206359863395, 1.022452592849675 ], [ 121.541107177734375, 1.022528409957999 ], [ 121.540855407714957, 1.022688269615287 ], [ 121.540580749511719, 1.022749185562191 ], [ 121.540489196777457, 1.022764563560486 ], [ 121.5404052734375, 1.022781610488948 ], [ 121.540298461914176, 1.022388458251953 ], [ 121.540565490722656, 1.022005558013859 ], [ 121.540672302246207, 1.02184534072876 ], [ 121.540855407714957, 1.021504878997746 ], [ 121.54087066650402, 1.021335124969482 ], [ 121.5408935546875, 1.021023988723869 ], [ 121.541404724121207, 1.020116090774479 ], [ 121.541473388671875, 1.02002835273737 ], [ 121.542366027832145, 1.019092798233146 ], [ 121.542778015136832, 1.018773078918457 ], [ 121.542816162109375, 1.018583893776054 ], [ 121.542823791503906, 1.018440127372855 ], [ 121.54248046875, 1.018040895462036 ], [ 121.542198181152457, 1.017567634582633 ], [ 121.541999816894645, 1.01725625991827 ], [ 121.541938781738281, 1.016921639442444 ], [ 121.541801452636832, 1.016755580902156 ], [ 121.541618347168082, 1.016573071479854 ], [ 121.541404724121207, 1.016545772552433 ], [ 121.541122436523438, 1.016528367996273 ], [ 121.540565490722656, 1.016164660453796 ], [ 121.540130615234375, 1.015392661094779 ], [ 121.540184020996094, 1.014556407928467 ], [ 121.54026031494152, 1.014078021049556 ], [ 121.540283203125114, 1.0138214826585 ], [ 121.541000366211165, 1.01179742813116 ], [ 121.540969848632812, 1.011017918586788 ], [ 121.540649414062614, 1.010244607925415 ], [ 121.540420532226562, 1.00994181633007 ], [ 121.540023803710938, 1.009431719779968 ], [ 121.539176940917969, 1.009458661079464 ], [ 121.538772583007926, 1.00958240032196 ], [ 121.538497924804688, 1.00967192649847 ], [ 121.538169860839957, 1.010254383087215 ], [ 121.537963867187614, 1.01038229465496 ], [ 121.537895202636719, 1.01043081283575 ], [ 121.537559509277344, 1.010491609573307 ], [ 121.537261962890739, 1.010157942771968 ], [ 121.53717041015625, 1.009721636772269 ], [ 121.537078857421875, 1.009323000908012 ], [ 121.537155151367188, 1.008969187736568 ], [ 121.537200927734489, 1.008750438690299 ], [ 121.537231445312614, 1.008671164512691 ], [ 121.537315368652344, 1.008518815040645 ], [ 121.537384033203352, 1.008364200592098 ], [ 121.537612915039176, 1.008241415023861 ], [ 121.538017272949332, 1.008017778396606 ], [ 121.538619995117188, 1.007536888122559 ], [ 121.538925170898551, 1.007121324539185 ], [ 121.539054870605469, 1.006502270698604 ], [ 121.53836822509777, 1.005302309990043 ], [ 121.537948608398665, 1.004665374755916 ], [ 121.537734985351562, 1.004447937011832 ], [ 121.537223815918082, 1.003970742225704 ], [ 121.536735534667969, 1.00329780578619 ], [ 121.536529541015625, 1.003027439117375 ], [ 121.536354064941406, 1.002764463424796 ], [ 121.536140441894531, 1.002466797828788 ], [ 121.535789489746094, 1.002071976661739 ], [ 121.535324096679801, 1.001603722572384 ], [ 121.535163879394645, 1.001442074775696 ], [ 121.534812927246094, 1.000936269760246 ], [ 121.534553527832145, 1.000497102737484 ], [ 121.534469604492188, 0.999829351902065 ], [ 121.534446716308594, 0.999632179737091 ], [ 121.534439086914062, 0.999556660652217 ], [ 121.534362792968864, 0.99895274639141 ], [ 121.534210205078239, 0.997391581535339 ], [ 121.534202575683707, 0.997281730174961 ], [ 121.534362792968864, 0.997016370296535 ], [ 121.534378051757926, 0.996833860874233 ], [ 121.534378051757926, 0.996510744094849 ], [ 121.534034729003906, 0.996396660804862 ], [ 121.533912658691406, 0.996325492859 ], [ 121.533821105957145, 0.99626719951641 ], [ 121.533737182617188, 0.996181607246399 ], [ 121.533645629882812, 0.996089220046997 ], [ 121.534202575683707, 0.995773196220512 ], [ 121.534225463867188, 0.995622694492454 ], [ 121.534255981445312, 0.995318114757538 ], [ 121.533897399902344, 0.99486559629446 ], [ 121.533599853515739, 0.994559526443595 ], [ 121.533432006836051, 0.994405329227504 ], [ 121.533203125000114, 0.994105100631771 ], [ 121.533096313476562, 0.993973970413265 ], [ 121.53314208984375, 0.99336796998989 ], [ 121.533172607421875, 0.992948770523128 ], [ 121.533226013183707, 0.992896497249603 ], [ 121.533622741699332, 0.99250918626791 ], [ 121.53466796875, 0.992135882377681 ], [ 121.534957885742301, 0.991970896720886 ], [ 121.535629272460938, 0.991562664508763 ], [ 121.536064147949332, 0.991223394870815 ], [ 121.5361328125, 0.990976929664669 ], [ 121.535552978515625, 0.989925384521484 ], [ 121.534980773925781, 0.989512920379696 ], [ 121.534812927246094, 0.989238500595206 ], [ 121.534561157226676, 0.988834142684993 ], [ 121.534408569335938, 0.988675892353058 ], [ 121.534317016601562, 0.988594055175838 ], [ 121.533920288085938, 0.988582432269993 ], [ 121.533813476562614, 0.989037573337612 ], [ 121.5333251953125, 0.98952895402914 ], [ 121.533233642578239, 0.989506661891937 ], [ 121.533065795898551, 0.989389300346375 ], [ 121.532737731933594, 0.989232420921383 ], [ 121.53208160400402, 0.989579379558677 ], [ 121.531867980957145, 0.989391505718231 ], [ 121.531860351562614, 0.989156723022575 ], [ 121.531867980957145, 0.988988876342887 ], [ 121.531394958496094, 0.988737821579093 ], [ 121.530944824218864, 0.988894343376217 ], [ 121.530853271484375, 0.988933682441711 ], [ 121.530616760253906, 0.989152491092739 ], [ 121.530464172363281, 0.989320755004883 ], [ 121.530303955078125, 0.989392101764679 ], [ 121.530120849609375, 0.989495337009544 ], [ 121.5296630859375, 0.989565730094853 ], [ 121.529441833496207, 0.989254772663173 ], [ 121.529251098632926, 0.989162087440434 ], [ 121.529037475586051, 0.989109933376255 ], [ 121.529449462890625, 0.98895168304449 ], [ 121.52972412109375, 0.988842606544495 ], [ 121.529930114746094, 0.988564074039516 ], [ 121.530151367187614, 0.988197267055625 ], [ 121.530082702636719, 0.987777590751591 ], [ 121.53000640869152, 0.987407088279724 ], [ 121.52976226806652, 0.986699879169578 ], [ 121.529220581054801, 0.986512899398917 ], [ 121.528991699218977, 0.986214101314658 ], [ 121.528869628906364, 0.986055374145508 ], [ 121.528968811035156, 0.985356152057591 ], [ 121.529586791992301, 0.984881281852779 ], [ 121.529800415039176, 0.984702765941734 ], [ 121.529891967773438, 0.984421789646149 ], [ 121.529930114746094, 0.984247446060181 ], [ 121.529609680175895, 0.983842968940849 ], [ 121.529457092285156, 0.983671963214988 ], [ 121.529289245605469, 0.983619868755397 ], [ 121.528587341308594, 0.983456015586853 ], [ 121.52784729003929, 0.983356952667236 ], [ 121.527526855468864, 0.983192265033722 ], [ 121.527015686035156, 0.982936382293644 ], [ 121.526832580566406, 0.982750535011405 ], [ 121.526733398437614, 0.982655823230743 ], [ 121.526748657226676, 0.982466459274406 ], [ 121.526763916015739, 0.982204735279026 ], [ 121.526802062988281, 0.9816734790802 ], [ 121.527168273925781, 0.980551838874931 ], [ 121.52732086181652, 0.980064868927002 ], [ 121.527549743652344, 0.979361057281608 ], [ 121.527603149414062, 0.97914719581604 ], [ 121.527900695800895, 0.979069411754665 ], [ 121.528266906738395, 0.978941082954464 ], [ 121.53244781494152, 0.980056703090668 ], [ 121.532882690429688, 0.980150818824882 ], [ 121.53369140625, 0.979685664176941 ], [ 121.533836364746094, 0.979591012001038 ], [ 121.534126281738281, 0.979136884212551 ], [ 121.534378051757926, 0.978710830211753 ], [ 121.535186767578125, 0.978293895721436 ], [ 121.535308837890739, 0.978232562542019 ], [ 121.535934448242188, 0.977542161941471 ], [ 121.536064147949332, 0.977398037910575 ], [ 121.53684234619152, 0.976690411567802 ], [ 121.537521362304688, 0.976690113544521 ], [ 121.538307189941406, 0.976651430130005 ], [ 121.538841247558594, 0.976337611675376 ], [ 121.539138793945426, 0.97614848613739 ], [ 121.539207458496094, 0.976124763488826 ], [ 121.541152954101562, 0.976034998893795 ], [ 121.541374206542969, 0.976022601127625 ], [ 121.542221069336051, 0.975835025310516 ], [ 121.542388916015739, 0.975581347942352 ], [ 121.542518615722656, 0.975351452827454 ], [ 121.542495727539062, 0.974860668182373 ], [ 121.541847229003906, 0.972444295883122 ], [ 121.541656494140625, 0.97209078073513 ], [ 121.541778564453239, 0.971781849861202 ], [ 121.541893005371094, 0.971457600593567 ], [ 121.543388366699219, 0.969667673111076 ], [ 121.544204711914062, 0.96887028217327 ], [ 121.544486999511832, 0.968573749065513 ], [ 121.546104431152344, 0.968177855014801 ], [ 121.547500610351676, 0.968262553215084 ], [ 121.547805786132812, 0.968191564083156 ], [ 121.547966003417969, 0.968140780925751 ], [ 121.548194885253906, 0.967772901058197 ], [ 121.548530578613281, 0.967195332050323 ], [ 121.548622131347656, 0.966979146003837 ], [ 121.548973083496094, 0.9661585688591 ], [ 121.549591064453352, 0.965419888496342 ], [ 121.549987792968864, 0.964962244033927 ], [ 121.550041198730582, 0.964891850948447 ], [ 121.550422668457145, 0.963384747505188 ], [ 121.550354003906477, 0.961525440216064 ], [ 121.550003051757926, 0.961317598819676 ], [ 121.549385070800781, 0.960999310016746 ], [ 121.548973083496094, 0.960344374179954 ], [ 121.549072265625114, 0.960003972053585 ], [ 121.549171447753906, 0.959596455097198 ], [ 121.549255371093864, 0.959364235401097 ], [ 121.549301147460938, 0.959210336208344 ], [ 121.54937744140625, 0.959027528762931 ], [ 121.549552917480469, 0.958557546138877 ], [ 121.549751281738281, 0.957524001598472 ], [ 121.549827575683707, 0.957071185112113 ], [ 121.549354553222656, 0.956410944461879 ], [ 121.549301147460938, 0.956339538097495 ], [ 121.548431396484375, 0.956048667430878 ], [ 121.548309326171989, 0.956984877586365 ], [ 121.548408508300781, 0.957837760448456 ], [ 121.548187255859375, 0.957972407341003 ], [ 121.547981262207031, 0.958123564720267 ], [ 121.547828674316406, 0.958016932010651 ], [ 121.547462463378906, 0.957772970199585 ], [ 121.547393798828125, 0.95689702034008 ], [ 121.547149658203239, 0.956535279750938 ], [ 121.547004699707031, 0.956343591213169 ], [ 121.546783447265739, 0.956319868564606 ], [ 121.54660797119152, 0.956319928169194 ], [ 121.545906066894531, 0.956923544406948 ], [ 121.545478820800781, 0.957152545452232 ], [ 121.544960021972656, 0.957007169723568 ], [ 121.544776916503906, 0.956801533699092 ], [ 121.544418334960938, 0.956404149532432 ], [ 121.544113159179801, 0.955844998359794 ], [ 121.543525695800895, 0.955845236778316 ], [ 121.543281555175781, 0.955863773822728 ], [ 121.542434692382812, 0.955804586410636 ], [ 121.541885375976562, 0.955775797367096 ], [ 121.541793823242301, 0.955760478973446 ], [ 121.541183471679688, 0.955600738525391 ], [ 121.540374755859375, 0.955116212368068 ], [ 121.540100097656364, 0.954970717430172 ], [ 121.539482116699446, 0.954022765159721 ], [ 121.539566040039062, 0.95341074466711 ], [ 121.539604187011719, 0.953319072723502 ], [ 121.539772033691406, 0.952911376953182 ], [ 121.540000915527344, 0.952911257743835 ], [ 121.540206909179688, 0.952911198139248 ], [ 121.5411376953125, 0.953846871852875 ], [ 121.542572021484489, 0.954724073410148 ], [ 121.543037414550781, 0.954740524292049 ], [ 121.5435791015625, 0.95474028587347 ], [ 121.544013977050781, 0.954600155353489 ], [ 121.544189453125, 0.954511225223598 ], [ 121.544731140136719, 0.953907668590659 ], [ 121.544624328613509, 0.953033983707428 ], [ 121.543426513671875, 0.952551782131195 ], [ 121.542808532714844, 0.952223539352417 ], [ 121.542228698730469, 0.951474845409507 ], [ 121.541954040527571, 0.950826942920685 ], [ 121.541908264160156, 0.95072877407074 ], [ 121.542228698730469, 0.950277566909904 ], [ 121.542785644531364, 0.948915839195308 ], [ 121.5430908203125, 0.948336780071259 ], [ 121.543136596679801, 0.948232591152248 ], [ 121.543212890625, 0.948108315467948 ], [ 121.543319702148551, 0.947896301746312 ], [ 121.543571472167969, 0.947515487670955 ], [ 121.543624877929688, 0.947425425052586 ], [ 121.544250488281477, 0.946898698806876 ], [ 121.544166564941406, 0.946335673332271 ], [ 121.543869018554915, 0.946111977100429 ], [ 121.543724060058707, 0.946022093296051 ], [ 121.543769836425781, 0.945526480674857 ], [ 121.543777465820312, 0.945212543010712 ], [ 121.544281005859489, 0.944793999195156 ], [ 121.544250488281477, 0.944424688816071 ], [ 121.544212341308594, 0.944109797477779 ], [ 121.543746948242301, 0.943993210792598 ], [ 121.543548583984489, 0.943952322006226 ], [ 121.543266296386719, 0.94412678480154 ], [ 121.542800903320312, 0.944422423839569 ], [ 121.542648315429688, 0.944397032260952 ], [ 121.542541503906364, 0.944408893585319 ], [ 121.542373657226676, 0.94435286521923 ], [ 121.542160034179801, 0.94431871175766 ], [ 121.541770935058821, 0.943944454193115 ], [ 121.541648864746207, 0.943748891353607 ], [ 121.541542053222656, 0.943583309650421 ], [ 121.541313171386719, 0.943216562271118 ], [ 121.541389465332259, 0.942409694194737 ], [ 121.54150390625, 0.941806972026939 ], [ 121.541519165039062, 0.941677033901271 ], [ 121.541397094726676, 0.941011428833121 ], [ 121.541091918945312, 0.94082152843481 ], [ 121.540695190429801, 0.94062077999115 ], [ 121.540245056152571, 0.940312385559196 ], [ 121.539924621582145, 0.94020277261734 ], [ 121.538894653320312, 0.939889132976532 ], [ 121.537590026855582, 0.938995242118835 ], [ 121.536666870117301, 0.938579559326286 ], [ 121.536552429199219, 0.938441157341117 ], [ 121.53647613525402, 0.938342332840023 ], [ 121.536392211914062, 0.938231110572872 ], [ 121.535446166992188, 0.937006533145848 ], [ 121.534011840820426, 0.936087310314178 ], [ 121.533317565917969, 0.935647845268306 ], [ 121.531677246093864, 0.933713853359279 ], [ 121.530029296875, 0.932299971580505 ], [ 121.529365539551009, 0.932071447372437 ], [ 121.52921295166027, 0.932012081146354 ], [ 121.528945922851562, 0.931925535202083 ], [ 121.528701782226562, 0.931574821472168 ], [ 121.528556823730469, 0.930978477001304 ], [ 121.528877258300781, 0.929982483386993 ], [ 121.5289306640625, 0.929804146289882 ], [ 121.529258728027344, 0.929263114929199 ], [ 121.529205322265739, 0.928948879241943 ], [ 121.529151916503906, 0.928768038749695 ], [ 121.529136657714844, 0.928602874279136 ], [ 121.529098510742188, 0.928368628025112 ], [ 121.529228210449332, 0.927991449832973 ], [ 121.529312133789062, 0.927768230438346 ], [ 121.52955627441429, 0.927092015743256 ], [ 121.529403686523551, 0.926404595375175 ], [ 121.529365539551009, 0.92624664306652 ], [ 121.528724670410156, 0.925310790538788 ], [ 121.528327941894531, 0.924890756607056 ], [ 121.528068542480582, 0.924628794193325 ], [ 121.528160095214844, 0.924356222152824 ], [ 121.528182983398438, 0.924270868301392 ], [ 121.529129028320312, 0.924149394035339 ], [ 121.529319763183594, 0.924124717712516 ], [ 121.529335021972656, 0.924022853374538 ], [ 121.529388427734489, 0.923566579818726 ], [ 121.529319763183594, 0.923365235328674 ], [ 121.529220581054801, 0.923119723796844 ], [ 121.529342651367188, 0.92275482416153 ], [ 121.529403686523551, 0.922522902488765 ], [ 121.530227661132812, 0.921531915664787 ], [ 121.530227661132812, 0.920873999595756 ], [ 121.530342102050895, 0.920745134353751 ], [ 121.530868530273438, 0.920109093189296 ], [ 121.533363342285156, 0.919293940067405 ], [ 121.533683776855469, 0.91886842250824 ], [ 121.534332275390852, 0.917338848114014 ], [ 121.534507751464844, 0.916883051395416 ], [ 121.534774780273551, 0.916578650474605 ], [ 121.535011291503906, 0.916284859180507 ], [ 121.536018371582031, 0.915473401546478 ], [ 121.536399841308594, 0.915107369422913 ], [ 121.536674499511832, 0.914760231971854 ], [ 121.536811828613509, 0.914346814155635 ], [ 121.536880493164176, 0.914100229740143 ], [ 121.53692626953125, 0.914012908935547 ], [ 121.537078857421875, 0.913721621036643 ], [ 121.537261962890739, 0.913363337516842 ], [ 121.537826538086051, 0.912800550460929 ], [ 121.538017272949332, 0.912596166133881 ], [ 121.539756774902344, 0.912118792533875 ], [ 121.539924621582145, 0.912071168422813 ], [ 121.540931701660156, 0.911429941654205 ], [ 121.541725158691406, 0.910659551620483 ], [ 121.541984558105582, 0.910396039485875 ], [ 121.542175292968864, 0.909705102443752 ], [ 121.542488098144531, 0.908484637737388 ], [ 121.542541503906364, 0.908391892910117 ], [ 121.542564392089957, 0.9083088040353 ], [ 121.543006896972656, 0.907469689846153 ], [ 121.543113708496207, 0.907256901264191 ], [ 121.543159484863395, 0.907185196876526 ], [ 121.543678283691634, 0.906532883644104 ], [ 121.544326782226562, 0.905688881874141 ], [ 121.544494628906364, 0.905378758907318 ], [ 121.54510498046875, 0.904203474521637 ], [ 121.545242309570426, 0.90315097570425 ], [ 121.5452880859375, 0.902987301349697 ], [ 121.54534912109375, 0.902503609657288 ], [ 121.546005249023551, 0.902079045772609 ], [ 121.54618072509777, 0.901957750320548 ], [ 121.548416137695312, 0.901535809040013 ], [ 121.548713684082031, 0.901300787925834 ], [ 121.548965454101562, 0.900754630565757 ], [ 121.549079895019645, 0.900651097297782 ], [ 121.549491882324219, 0.900237321853638 ], [ 121.549560546875, 0.900212466716823 ], [ 121.552215576171875, 0.899265050888062 ], [ 121.553428649902457, 0.898832380771751 ], [ 121.55531311035179, 0.897603690624294 ], [ 121.556777954101562, 0.897111892700309 ], [ 121.55722808837902, 0.897146165371055 ], [ 121.560356140136719, 0.897109150886592 ] ] ] ] } },
{ "type": "Feature", "properties": { "GID_0": "IDN", "NAME_0": "Indonesia", "GID_1": "IDN.27_1", "NAME_1": "Sulawesi Tengah", "GID_2": "IDN.27.3_1", "NAME_2": "Buol", "GID_3": "IDN.27.3.2_1", "NAME_3": "Bokat", "GID_4": "IDN.27.3.2.13_1", "NAME_4": "Tang", "VARNAME_4": null, "TYPE_4": "Desa", "ENGTYPE_4": "Village", "CC_4": "7207030022" }, "geometry": { "type": "MultiPolygon", "coordinates": [ [ [ [ 121.514106750488509, 1.086728096008358 ], [ 121.516387939453125, 1.086477041244507 ], [ 121.517761230468864, 1.085749030113334 ], [ 121.520317077636719, 1.084293365478629 ], [ 121.520996093750114, 1.084043025970573 ], [ 121.52203369140625, 1.084292531013489 ], [ 121.523094177246207, 1.084201097488403 ], [ 121.524154663085938, 1.083791494369507 ], [ 121.525032043457145, 1.083258271217289 ], [ 121.525123596191406, 1.083238720893974 ], [ 121.524673461914176, 1.082495808601436 ], [ 121.524520874023438, 1.082258224487418 ], [ 121.524017333984375, 1.081450819969234 ], [ 121.523895263671989, 1.081185460090637 ], [ 121.523139953613395, 1.079472780227661 ], [ 121.522438049316406, 1.077909827232361 ], [ 121.522026062011719, 1.076997518539429 ], [ 121.521842956542969, 1.076197743415946 ], [ 121.521697998046875, 1.075539827346802 ], [ 121.521614074707145, 1.074916243553275 ], [ 121.521324157714844, 1.072770953178406 ], [ 121.521224975586051, 1.072131991386527 ], [ 121.521011352539176, 1.070793986320496 ], [ 121.520027160644759, 1.067138671875057 ], [ 121.519561767578125, 1.065385937690735 ], [ 121.518157958984489, 1.062455058097896 ], [ 121.516342163085938, 1.060488104820308 ], [ 121.515426635742188, 1.059502005577144 ], [ 121.513420104980582, 1.058184862136955 ], [ 121.51145172119152, 1.057185888290348 ], [ 121.511222839355469, 1.057072401046753 ], [ 121.507965087890625, 1.054946541786251 ], [ 121.504600524902457, 1.053877472877616 ], [ 121.50406646728527, 1.053673624992371 ], [ 121.503799438476562, 1.053573727607784 ], [ 121.502555847167969, 1.053084015846366 ], [ 121.50238037109375, 1.053018689155635 ], [ 121.501884460449219, 1.052829265594539 ], [ 121.500625610351676, 1.052443981170768 ], [ 121.499870300293082, 1.052212357521114 ], [ 121.499725341796875, 1.052172064781303 ], [ 121.499481201171989, 1.052107214927787 ], [ 121.501075744628906, 1.053951740264893 ], [ 121.501304626464844, 1.05433368682867 ], [ 121.502754211425781, 1.056723713874817 ], [ 121.503494262695426, 1.057927608490104 ], [ 121.50361633300804, 1.058133125305233 ], [ 121.503868103027457, 1.058428764343319 ], [ 121.50498199462902, 1.059758901596069 ], [ 121.505218505859489, 1.060063600540218 ], [ 121.505523681640852, 1.060630202293453 ], [ 121.505752563476676, 1.061054348945675 ], [ 121.506126403808707, 1.061757206916923 ], [ 121.506820678710938, 1.06306612491619 ], [ 121.5072021484375, 1.063617706298885 ], [ 121.508132934570312, 1.064965844154472 ], [ 121.508270263671989, 1.065156340599003 ], [ 121.508422851562614, 1.065376281738281 ], [ 121.509071350097656, 1.066248297691402 ], [ 121.509147644043196, 1.066359877586422 ], [ 121.510162353515739, 1.067748069763297 ], [ 121.510917663574332, 1.070034623146171 ], [ 121.51123046875, 1.071003317832947 ], [ 121.511299133300895, 1.071298718452454 ], [ 121.511772155761719, 1.073695659637565 ], [ 121.511955261230469, 1.074725508689994 ], [ 121.51242828369152, 1.077824950218314 ], [ 121.512550354003906, 1.07832849025732 ], [ 121.513137817382812, 1.080842614174003 ], [ 121.514045715332031, 1.08614802360546 ], [ 121.514106750488509, 1.086728096008358 ] ] ] ] } },
{ "type": "Feature", "properties": { "GID_0": "IDN", "NAME_0": "Indonesia", "GID_1": "IDN.27_1", "NAME_1": "Sulawesi Tengah", "GID_2": "IDN.27.3_1", "NAME_2": "Buol", "GID_3": "IDN.27.3.2_1", "NAME_3": "Bokat", "GID_4": "IDN.27.3.2.14_1", "NAME_4": "Tayadun", "VARNAME_4": null, "TYPE_4": "Desa", "ENGTYPE_4": "Village", "CC_4": "7207030007" }, "geometry": { "type": "MultiPolygon", "coordinates": [ [ [ [ 121.546890258789062, 1.046867609024162 ], [ 121.547309875488395, 1.048421025276127 ], [ 121.547859191894531, 1.048524379730225 ], [ 121.548240661621094, 1.048496842384282 ], [ 121.549308776855469, 1.047645211219788 ], [ 121.550605773925895, 1.047770977020377 ], [ 121.551445007324219, 1.047820448875427 ], [ 121.552932739257812, 1.047182321548462 ], [ 121.55344390869152, 1.046961426734924 ], [ 121.553680419921875, 1.046861886978206 ], [ 121.55426025390625, 1.046768784523067 ], [ 121.555000305175895, 1.046597003936824 ], [ 121.555091857910156, 1.046635866165104 ], [ 121.555175781250114, 1.046621799469051 ], [ 121.555778503417969, 1.046924114227352 ], [ 121.55615234375, 1.047078967094421 ], [ 121.557212829590071, 1.050004720687923 ], [ 121.557586669921875, 1.051177620887813 ], [ 121.558067321777344, 1.052535653114433 ], [ 121.559837341308594, 1.054894089698735 ], [ 121.56170654296875, 1.058791041374263 ], [ 121.561843872070426, 1.060163855552673 ], [ 121.56207275390625, 1.062228441238346 ], [ 121.563438415527344, 1.061799049377441 ], [ 121.565399169921875, 1.061641216278133 ], [ 121.566154479980469, 1.061660885810852 ], [ 121.567611694335938, 1.062068581581116 ], [ 121.567924499511832, 1.061788678169194 ], [ 121.568038940429688, 1.061679720878715 ], [ 121.568099975586051, 1.061232805252075 ], [ 121.566978454589957, 1.060913443565482 ], [ 121.566726684570312, 1.060846924781742 ], [ 121.566726684570312, 1.060628771781921 ], [ 121.566818237304801, 1.060262322425899 ], [ 121.567085266113281, 1.060120344162101 ], [ 121.567527770996207, 1.059840679168701 ], [ 121.568397521972656, 1.059289097786007 ], [ 121.568710327148551, 1.058998584747314 ], [ 121.568695068359489, 1.058650255203247 ], [ 121.568580627441406, 1.058347225189209 ], [ 121.568534851074332, 1.058245897293091 ], [ 121.567855834960938, 1.058000564575195 ], [ 121.567787170410156, 1.057651162147522 ], [ 121.567901611328352, 1.057218313217277 ], [ 121.568450927734375, 1.056347131729126 ], [ 121.568695068359489, 1.055930972099304 ], [ 121.568717956543082, 1.055390238761902 ], [ 121.568717956543082, 1.055094957351741 ], [ 121.568534851074332, 1.055026173591727 ], [ 121.568267822265625, 1.054938197135925 ], [ 121.568008422851562, 1.055070877075309 ], [ 121.567855834960938, 1.055162191391048 ], [ 121.567512512207259, 1.055426836013908 ], [ 121.567436218261719, 1.055454492569027 ], [ 121.567337036132926, 1.055471062660274 ], [ 121.567237854003906, 1.055487871170044 ], [ 121.567161560058707, 1.055402636528129 ], [ 121.567039489746094, 1.055305004119987 ], [ 121.56699371337902, 1.055205106735229 ], [ 121.56689453125, 1.054738044738883 ], [ 121.566795349121207, 1.054361343383789 ], [ 121.568229675292969, 1.053316950798035 ], [ 121.569038391113509, 1.052704811096248 ], [ 121.5689697265625, 1.052450180053768 ], [ 121.568733215332145, 1.051607131958121 ], [ 121.56888580322277, 1.051288127899227 ], [ 121.568939208984375, 1.051126837730408 ], [ 121.57041168212902, 1.049478530883846 ], [ 121.570304870605469, 1.049350976944027 ], [ 121.569313049316406, 1.049551844596806 ], [ 121.569183349609375, 1.049426674842778 ], [ 121.569038391113509, 1.04929614067089 ], [ 121.569374084472656, 1.048972725868225 ], [ 121.570030212402457, 1.048347115516776 ], [ 121.569816589355582, 1.047796964645443 ], [ 121.569412231445312, 1.046819925308341 ], [ 121.569595336914062, 1.045574307441711 ], [ 121.569084167480582, 1.045415282249394 ], [ 121.5689697265625, 1.045384049415645 ], [ 121.568679809570426, 1.044650077819824 ], [ 121.568542480468864, 1.04432666301733 ], [ 121.567955017089957, 1.043998718261719 ], [ 121.568084716797102, 1.045076727867183 ], [ 121.567474365234375, 1.045213818550167 ], [ 121.567245483398438, 1.044537901878414 ], [ 121.56707763671875, 1.044053912162894 ], [ 121.566520690917969, 1.043954014778137 ], [ 121.566184997558821, 1.043915152549857 ], [ 121.56583404541027, 1.044348835945186 ], [ 121.565200805664062, 1.044143438339233 ], [ 121.565132141113281, 1.044120788574332 ], [ 121.564598083496094, 1.043209910392704 ], [ 121.565193176269531, 1.042805910110587 ], [ 121.565338134765625, 1.042704701423645 ], [ 121.564781188964844, 1.042123675346431 ], [ 121.564201354980469, 1.041707754135189 ], [ 121.564277648926009, 1.041470050811881 ], [ 121.564407348632812, 1.041009068489132 ], [ 121.564323425293082, 1.039710640907344 ], [ 121.56394195556652, 1.03949880599987 ], [ 121.563743591308707, 1.039409756660575 ], [ 121.563262939453125, 1.0396710634231 ], [ 121.563186645507926, 1.039711117744389 ], [ 121.562820434570426, 1.039471864700374 ], [ 121.563179016113395, 1.038551568984985 ], [ 121.56294250488304, 1.038255095481986 ], [ 121.562103271484375, 1.038514852523861 ], [ 121.561813354492301, 1.038402438163871 ], [ 121.561492919921875, 1.038297414779777 ], [ 121.560951232910156, 1.037930846214408 ], [ 121.560371398925781, 1.037558317184562 ], [ 121.55857086181652, 1.036328315734863 ], [ 121.558494567871094, 1.036258935928458 ], [ 121.558410644531364, 1.036197900772152 ], [ 121.556983947753906, 1.034825682640133 ], [ 121.556907653808707, 1.034872889518681 ], [ 121.556793212890625, 1.035411238670463 ], [ 121.556732177734375, 1.035701870918331 ], [ 121.556365966796875, 1.037400126457158 ], [ 121.556327819824332, 1.037560343742484 ], [ 121.552558898925781, 1.042212367057857 ], [ 121.546890258789062, 1.046867609024162 ] ] ] ] } },
{ "type": "Feature", "properties": { "GID_0": "IDN", "NAME_0": "Indonesia", "GID_1": "IDN.27_1", "NAME_1": "Sulawesi Tengah", "GID_2": "IDN.27.3_1", "NAME_2": "Buol", "GID_3": "IDN.27.3.2_1", "NAME_3": "Bokat", "GID_4": "IDN.27.3.2.15_1", "NAME_4": "Tikopo", "VARNAME_4": null, "TYPE_4": "Desa", "ENGTYPE_4": "Village", "CC_4": "7207030019" }, "geometry": { "type": "MultiPolygon", "coordinates": [ [ [ [ 121.520881652832031, 1.029520630836601 ], [ 121.521156311035156, 1.034652709960938 ], [ 121.522125244140852, 1.036148071289176 ], [ 121.525123596191406, 1.040837407112122 ], [ 121.527473449707145, 1.040506362915096 ], [ 121.531959533691406, 1.039915084838981 ], [ 121.533782958984489, 1.039586305618286 ], [ 121.534660339355469, 1.039434313774109 ], [ 121.535423278808594, 1.039171218872127 ], [ 121.537925720214844, 1.038312792778015 ], [ 121.539276123046875, 1.037280321121216 ], [ 121.539886474609489, 1.036813735961914 ], [ 121.539085388183594, 1.033197641372794 ], [ 121.538627624511719, 1.031104326248169 ], [ 121.538566589355582, 1.029771447181702 ], [ 121.538497924804688, 1.028044104576225 ], [ 121.53702545166027, 1.026942968368587 ], [ 121.534233093261719, 1.024788260459957 ], [ 121.531173706054688, 1.023501038551331 ], [ 121.530815124511719, 1.023345708847046 ], [ 121.523994445800781, 1.02688193321228 ], [ 121.520881652832031, 1.029520630836601 ] ] ] ] } },
{ "type": "Feature", "properties": { "GID_0": "IDN", "NAME_0": "Indonesia", "GID_1": "IDN.27_1", "NAME_1": "Sulawesi Tengah", "GID_2": "IDN.27.3_1", "NAME_2": "Buol", "GID_3": "IDN.27.3.3_1", "NAME_3": "Bukal", "GID_4": "IDN.27.3.3.1_1", "NAME_4": "Biau", "VARNAME_4": null, "TYPE_4": "Desa", "ENGTYPE_4": "Village", "CC_4": "7207031008" }, "geometry": { "type": "MultiPolygon", "coordinates": [ [ [ [ 121.459114074707031, 1.086398601532039 ], [ 121.456352233886832, 1.081651210785026 ], [ 121.45587158203125, 1.080905914306641 ], [ 121.455757141113395, 1.080692172050533 ], [ 121.455337524414062, 1.080084204673824 ], [ 121.454986572265852, 1.079313993454036 ], [ 121.45489501953125, 1.078571438789368 ], [ 121.454338073730469, 1.074335694313163 ], [ 121.4539794921875, 1.073624730110225 ], [ 121.451118469238281, 1.070662260055542 ], [ 121.450942993164062, 1.070487022399902 ], [ 121.450462341308707, 1.070933938026542 ], [ 121.448631286621094, 1.071749091148433 ], [ 121.44087219238304, 1.075275659561157 ], [ 121.439208984375114, 1.07603216171276 ], [ 121.436767578125, 1.076659798622131 ], [ 121.436279296875, 1.076810836792049 ], [ 121.435226440429688, 1.07713878154766 ], [ 121.435272216796875, 1.077229261398259 ], [ 121.435379028320426, 1.077696681022701 ], [ 121.43629455566429, 1.081742644310111 ], [ 121.436431884765625, 1.082392692565861 ], [ 121.436782836914062, 1.084094166755676 ], [ 121.437355041503906, 1.086294770240897 ], [ 121.437454223632926, 1.08673274517065 ], [ 121.437904357910156, 1.087540626525879 ], [ 121.438117980957031, 1.088080525398368 ], [ 121.440361022949332, 1.092060804367179 ], [ 121.440956115722656, 1.092964410781917 ], [ 121.441177368164062, 1.093390345573539 ], [ 121.441551208496094, 1.093278765678519 ], [ 121.444007873535156, 1.092630624771175 ], [ 121.444099426269531, 1.092608571052665 ], [ 121.445381164550781, 1.092276930809078 ], [ 121.446578979492188, 1.092095375061035 ], [ 121.44671630859375, 1.092073321342525 ], [ 121.448677062988281, 1.091774225234985 ], [ 121.450531005859375, 1.0914422273637 ], [ 121.451583862304801, 1.091259002685604 ], [ 121.452102661132812, 1.091125011444205 ], [ 121.45306396484375, 1.090891599655265 ], [ 121.45379638671875, 1.090954184532279 ], [ 121.454650878906364, 1.09031355381012 ], [ 121.455039978027457, 1.090042829513607 ], [ 121.455146789550781, 1.089914441108817 ], [ 121.455291748046875, 1.089755296707153 ], [ 121.455726623535156, 1.089231967926139 ], [ 121.455810546875114, 1.088559985160884 ], [ 121.459114074707031, 1.086398601532039 ] ] ] ] } },
{ "type": "Feature", "properties": { "GID_0": "IDN", "NAME_0": "Indonesia", "GID_1": "IDN.27_1", "NAME_1": "Sulawesi Tengah", "GID_2": "IDN.27.3_1", "NAME_2": "Buol", "GID_3": "IDN.27.3.3_1", "NAME_3": "Bukal", "GID_4": "IDN.27.3.3.2_1", "NAME_4": "Binuang", "VARNAME_4": null, "TYPE_4": "Desa", "ENGTYPE_4": "Village", "CC_4": "7207031012" }, "geometry": { "type": "MultiPolygon", "coordinates": [ [ [ [ 121.489334106445426, 0.83982652425766 ], [ 121.488426208496207, 0.839927017688865 ], [ 121.487655639648551, 0.840015292167777 ], [ 121.486801147460938, 0.83988451957714 ], [ 121.486053466796875, 0.839707016944999 ], [ 121.48541259765625, 0.839529573917446 ], [ 121.484626770019531, 0.839579820633048 ], [ 121.484031677246207, 0.839617669582424 ], [ 121.482551574707031, 0.839661359787101 ], [ 121.481872558593977, 0.839129567146244 ], [ 121.481056213378906, 0.837822437286434 ], [ 121.480796813964957, 0.83760088682169 ], [ 121.479759216308594, 0.837585151195583 ], [ 121.479232788086051, 0.837577164173183 ], [ 121.478607177734375, 0.837567627430019 ], [ 121.477798461914062, 0.837555408477783 ], [ 121.476585388183707, 0.837621390819663 ], [ 121.476058959960938, 0.838307738304138 ], [ 121.475845336914176, 0.83923560380947 ], [ 121.4757080078125, 0.839832365512962 ], [ 121.475463867187614, 0.840898931026572 ], [ 121.475265502929801, 0.841474711895046 ], [ 121.47489166259777, 0.841673910617828 ], [ 121.473220825195312, 0.841828286647797 ], [ 121.471992492675895, 0.842208147048893 ], [ 121.471092224121094, 0.843160212040004 ], [ 121.470848083496207, 0.843713819980678 ], [ 121.470542907714844, 0.844378173351402 ], [ 121.47003173828125, 0.84506452083599 ], [ 121.469505310058707, 0.84555500745779 ], [ 121.468513488769531, 0.846481442451591 ], [ 121.467529296875, 0.847040772437992 ], [ 121.466796875, 0.847455322742519 ], [ 121.466087341308707, 0.84740823507309 ], [ 121.465698242187614, 0.847144782543239 ], [ 121.465003967285156, 0.846693217754478 ], [ 121.464073181152344, 0.846083283424434 ], [ 121.463562011718977, 0.845748186111507 ], [ 121.462303161621207, 0.845039308071136 ], [ 121.461929321289062, 0.845061302185059 ], [ 121.461471557617415, 0.845216155052299 ], [ 121.460693359375, 0.84563505649578 ], [ 121.459709167480469, 0.846167862415371 ], [ 121.458747863769531, 0.846548438072205 ], [ 121.45765686035179, 0.846867322921753 ], [ 121.45623779296875, 0.847281515598354 ], [ 121.455268859863281, 0.847565889358634 ], [ 121.453758239746094, 0.847582042217255 ], [ 121.453048706054688, 0.847321391105709 ], [ 121.452011108398438, 0.846877992153281 ], [ 121.450973510742415, 0.846456766128597 ], [ 121.450149536132812, 0.84662979841238 ], [ 121.448974609375, 0.846876740455684 ], [ 121.447853088378906, 0.847124278545493 ], [ 121.446472167968864, 0.847428917884827 ], [ 121.445281982421989, 0.847450554370823 ], [ 121.444206237792969, 0.847383677959442 ], [ 121.443016052246207, 0.847180783748627 ], [ 121.442817687988395, 0.847146511077881 ], [ 121.44187164306652, 0.846984088420868 ], [ 121.440689086914176, 0.846938371658439 ], [ 121.440261840820312, 0.846921622753257 ], [ 121.439559936523551, 0.846894562244358 ], [ 121.439430236816406, 0.866809606552238 ], [ 121.439163208007926, 0.879302024841422 ], [ 121.439247131347656, 0.879229366779441 ], [ 121.438781738281364, 0.897501468658447 ], [ 121.43845367431652, 0.913176834583396 ], [ 121.436798095703125, 0.927541673183441 ], [ 121.436325073242301, 0.931889057159424 ], [ 121.439445495605469, 0.931664288043919 ], [ 121.464904785156477, 0.930209100246486 ], [ 121.465072631835938, 0.93020015954977 ], [ 121.464378356933707, 0.93737322092062 ], [ 121.463439941406364, 0.946589410305023 ], [ 121.462875366211051, 0.951394021511192 ], [ 121.462547302246094, 0.957608342170829 ], [ 121.462394714355469, 0.959503293037471 ], [ 121.462303161621207, 0.962111115455741 ], [ 121.46234130859375, 0.962531208992061 ], [ 121.462493896484489, 0.967226564884243 ], [ 121.462493896484489, 0.970562934875545 ], [ 121.462600708007812, 0.97056782245636 ], [ 121.465194702148438, 0.970686137676182 ], [ 121.473106384277571, 0.97091406583786 ], [ 121.47552490234375, 0.970912992954254 ], [ 121.475494384765625, 0.97099441289896 ], [ 121.478691101074332, 0.971033573150748 ], [ 121.479896545410156, 0.974800109863281 ], [ 121.480163574218977, 0.975514531135673 ], [ 121.482612609863281, 0.97352629899973 ], [ 121.484214782714957, 0.974008440971431 ], [ 121.484748840332145, 0.973613321781272 ], [ 121.485733032226676, 0.972621560096741 ], [ 121.485832214355469, 0.972818553447837 ], [ 121.485969543457031, 0.972720146179142 ], [ 121.487777709960938, 0.97663801908493 ], [ 121.488075256347656, 0.977224349975586 ], [ 121.490013122558594, 0.978117048740444 ], [ 121.490104675293082, 0.978160381317082 ], [ 121.490104675293082, 0.973959863185883 ], [ 121.49015045166027, 0.971966207027549 ], [ 121.490295410156364, 0.968429863452911 ], [ 121.49041748046875, 0.964543044567165 ], [ 121.49041748046875, 0.961832880973873 ], [ 121.490493774414176, 0.958086371421871 ], [ 121.49053955078125, 0.955212891101894 ], [ 121.4906005859375, 0.953046441078243 ], [ 121.490570068359375, 0.952864825725612 ], [ 121.490570068359375, 0.95266592502594 ], [ 121.489982604980469, 0.949579834938106 ], [ 121.488868713378906, 0.943317592144126 ], [ 121.485862731933594, 0.926771402359066 ], [ 121.485298156738281, 0.913988232612667 ], [ 121.484504699707031, 0.898561477661133 ], [ 121.483818054199332, 0.884913623333091 ], [ 121.483497619628906, 0.876783132553214 ], [ 121.482994079589844, 0.868933975696677 ], [ 121.482948303222656, 0.868110835552159 ], [ 121.483009338378906, 0.867852628231049 ], [ 121.483329772949219, 0.86673146486288 ], [ 121.48358154296875, 0.865774810314235 ], [ 121.483711242675781, 0.865264594554958 ], [ 121.483772277832031, 0.864563107490653 ], [ 121.483963012695312, 0.863734066486415 ], [ 121.484100341796875, 0.863024592399654 ], [ 121.484474182128906, 0.861359715461845 ], [ 121.484786987304801, 0.860226392745972 ], [ 121.485099792480469, 0.85859751701355 ], [ 121.48612213134777, 0.854105532169399 ], [ 121.48630523681652, 0.853402435779572 ], [ 121.486808776855469, 0.85119420289999 ], [ 121.48728179931652, 0.849041819572392 ], [ 121.487426757812614, 0.848325610160828 ], [ 121.488166809082259, 0.845069050788936 ], [ 121.488235473632926, 0.844816744327545 ], [ 121.488296508789062, 0.84446889162075 ], [ 121.488685607910156, 0.84275728464138 ], [ 121.489334106445426, 0.83982652425766 ] ] ] ] } },
{ "type": "Feature", "properties": { "GID_0": "IDN", "NAME_0": "Indonesia", "GID_1": "IDN.27_1", "NAME_1": "Sulawesi Tengah", "GID_2": "IDN.27.3_1", "NAME_2": "Buol", "GID_3": "IDN.27.3.3_1", "NAME_3": "Bukal", "GID_4": "IDN.27.3.3.3_1", "NAME_4": "Bungkudu", "VARNAME_4": null, "TYPE_4": "Desa", "ENGTYPE_4": "Village", "CC_4": "7207031009" }, "geometry": { "type": "MultiPolygon", "coordinates": [ [ [ [ 121.441177368164062, 1.093390345573539 ], [ 121.441886901855582, 1.094481110572929 ], [ 121.44195556640625, 1.096211314201469 ], [ 121.442268371582145, 1.09766769409174 ], [ 121.442352294921875, 1.098184704780579 ], [ 121.442520141601562, 1.099363565444946 ], [ 121.44258117675804, 1.099616885185242 ], [ 121.442649841308707, 1.099938988685608 ], [ 121.442794799804801, 1.100532889366207 ], [ 121.443412780761832, 1.102890133857727 ], [ 121.44394683837902, 1.105134248733521 ], [ 121.444602966308594, 1.107631564140434 ], [ 121.444671630859375, 1.107919335365409 ], [ 121.446075439453239, 1.110847949981633 ], [ 121.446121215820312, 1.110945343971252 ], [ 121.446479797363281, 1.111734747886658 ], [ 121.446586608886946, 1.111849427223262 ], [ 121.447715759277344, 1.113628268241882 ], [ 121.44852447509777, 1.114512324333191 ], [ 121.448417663574219, 1.114633321762142 ], [ 121.448539733886832, 1.114791989326534 ], [ 121.448692321777571, 1.114647507667542 ], [ 121.449523925781364, 1.113803505897579 ], [ 121.449745178222656, 1.113576531410217 ], [ 121.450675964355469, 1.112905859947318 ], [ 121.451408386230582, 1.112270116806144 ], [ 121.451507568359375, 1.112186193466243 ], [ 121.453041076660156, 1.112050175666866 ], [ 121.454246520996207, 1.111930012703056 ], [ 121.456695556640852, 1.111591219902095 ], [ 121.456832885742188, 1.111578702926749 ], [ 121.457008361816406, 1.111540675163212 ], [ 121.457572937011719, 1.111504912376347 ], [ 121.458030700683821, 1.111469149589482 ], [ 121.458847045898551, 1.111397743225098 ], [ 121.460571289062614, 1.111219406128043 ], [ 121.4608154296875, 1.111111164093131 ], [ 121.461585998535156, 1.110711336135921 ], [ 121.461990356445312, 1.109819531440735 ], [ 121.462661743164176, 1.10818457603466 ], [ 121.463134765625, 1.107265710830632 ], [ 121.463180541992415, 1.107166767120361 ], [ 121.464332580566634, 1.104904890060482 ], [ 121.464668273925781, 1.10352098941803 ], [ 121.464866638183594, 1.102777004242 ], [ 121.465179443359375, 1.101492047309875 ], [ 121.465248107910156, 1.101147294044438 ], [ 121.465301513671989, 1.100953936576843 ], [ 121.465438842773438, 1.099979400634766 ], [ 121.4654541015625, 1.099858641624508 ], [ 121.465538024902457, 1.09932363033306 ], [ 121.465782165527344, 1.097606897354183 ], [ 121.465896606445426, 1.096631169319267 ], [ 121.465728759765739, 1.09413754940033 ], [ 121.465705871582145, 1.094050526619014 ], [ 121.464950561523551, 1.090881228447017 ], [ 121.464439392089844, 1.089494109153804 ], [ 121.464179992675895, 1.088811874389648 ], [ 121.464118957519531, 1.08864343166357 ], [ 121.463623046875114, 1.087338089942989 ], [ 121.463226318359489, 1.086185336113033 ], [ 121.46270751953125, 1.084503293037528 ], [ 121.462631225586051, 1.084538698196525 ], [ 121.460456848144531, 1.085627675056458 ], [ 121.459114074707031, 1.086398601532039 ], [ 121.455810546875114, 1.088559985160884 ], [ 121.455726623535156, 1.089231967926139 ], [ 121.455291748046875, 1.089755296707153 ], [ 121.455146789550781, 1.089914441108817 ], [ 121.455039978027457, 1.090042829513607 ], [ 121.454650878906364, 1.09031355381012 ], [ 121.45379638671875, 1.090954184532279 ], [ 121.45306396484375, 1.090891599655265 ], [ 121.452102661132812, 1.091125011444205 ], [ 121.451583862304801, 1.091259002685604 ], [ 121.450531005859375, 1.0914422273637 ], [ 121.448677062988281, 1.091774225234985 ], [ 121.44671630859375, 1.092073321342525 ], [ 121.446578979492188, 1.092095375061035 ], [ 121.445381164550781, 1.092276930809078 ], [ 121.444099426269531, 1.092608571052665 ], [ 121.444007873535156, 1.092630624771175 ], [ 121.441551208496094, 1.093278765678519 ], [ 121.441177368164062, 1.093390345573539 ] ] ] ] } },
{ "type": "Feature", "properties": { "GID_0": "IDN", "NAME_0": "Indonesia", "GID_1": "IDN.27_1", "NAME_1": "Sulawesi Tengah", "GID_2": "IDN.27.3_1", "NAME_2": "Buol", "GID_3": "IDN.27.3.3_1", "NAME_3": "Bukal", "GID_4": "IDN.27.3.3.4_1", "NAME_4": "Diat", "VARNAME_4": null, "TYPE_4": "Desa", "ENGTYPE_4": "Village", "CC_4": "7207031007" }, "geometry": { "type": "MultiPolygon", "coordinates": [ [ [ [ 121.447967529296989, 1.059900641441345 ], [ 121.445457458496207, 1.06039118766796 ], [ 121.445098876953239, 1.060474157333374 ], [ 121.438873291015625, 1.062269330024776 ], [ 121.43511962890625, 1.062399148941097 ], [ 121.434295654296875, 1.061824679374809 ], [ 121.4326171875, 1.060689568519706 ], [ 121.431976318359489, 1.060200452804679 ], [ 121.43072509765625, 1.059328556060848 ], [ 121.428878784179801, 1.057830810546932 ], [ 121.427841186523438, 1.057034611701965 ], [ 121.426101684570312, 1.055589437484855 ], [ 121.426139831542969, 1.055944681167716 ], [ 121.426170349121094, 1.056250572204647 ], [ 121.426292419433594, 1.057358503341675 ], [ 121.426460266113281, 1.057771801948604 ], [ 121.42669677734375, 1.058002829551697 ], [ 121.4268798828125, 1.058189153671378 ], [ 121.427108764648438, 1.058417797088623 ], [ 121.427757263183707, 1.059153318405208 ], [ 121.428184509277344, 1.059929132461548 ], [ 121.428291320800895, 1.060127496719417 ], [ 121.428474426269759, 1.061101913452092 ], [ 121.428825378417969, 1.06195688247692 ], [ 121.429122924804688, 1.062706828117484 ], [ 121.429344177246094, 1.063259363174438 ], [ 121.429374694824219, 1.063716650009155 ], [ 121.429397583007812, 1.063989281654415 ], [ 121.429435729980582, 1.064350247383175 ], [ 121.429458618164176, 1.064779520034733 ], [ 121.42948150634777, 1.065198302269096 ], [ 121.429786682128906, 1.067027688026428 ], [ 121.430740356445312, 1.069086909294242 ], [ 121.430961608886832, 1.069562792777958 ], [ 121.431243896484375, 1.070159316062984 ], [ 121.431472778320312, 1.070529818534851 ], [ 121.43190002441429, 1.071232914924678 ], [ 121.432838439941406, 1.072652816772518 ], [ 121.43353271484375, 1.073708057403564 ], [ 121.433586120605469, 1.073805093765259 ], [ 121.435226440429688, 1.07713878154766 ], [ 121.436279296875, 1.076810836792049 ], [ 121.436767578125, 1.076659798622131 ], [ 121.439208984375114, 1.07603216171276 ], [ 121.44087219238304, 1.075275659561157 ], [ 121.448631286621094, 1.071749091148433 ], [ 121.450462341308707, 1.070933938026542 ], [ 121.450942993164062, 1.070487022399902 ], [ 121.450920104980469, 1.070400238037053 ], [ 121.450706481933594, 1.069735884666557 ], [ 121.450637817382926, 1.06955003738409 ], [ 121.450469970703239, 1.069323301315421 ], [ 121.450157165527344, 1.069352507591191 ], [ 121.450103759765625, 1.069669365882987 ], [ 121.450035095214957, 1.069751858711186 ], [ 121.449913024902344, 1.069820165634155 ], [ 121.449653625488395, 1.069754958152771 ], [ 121.449478149414176, 1.069663643837032 ], [ 121.449142456054801, 1.069391250610295 ], [ 121.449119567871207, 1.06923770904541 ], [ 121.449295043945426, 1.069135546684379 ], [ 121.450996398925895, 1.068764686584586 ], [ 121.451156616210938, 1.068631052970886 ], [ 121.451309204101562, 1.068497419357413 ], [ 121.451164245605696, 1.067890644073486 ], [ 121.451431274414176, 1.067318916320914 ], [ 121.451622009277457, 1.066943645477352 ], [ 121.451614379882926, 1.066728830337638 ], [ 121.451622009277457, 1.066628098487911 ], [ 121.451545715332259, 1.066431641578674 ], [ 121.451400756836051, 1.066071271896305 ], [ 121.451171875000227, 1.065889835357666 ], [ 121.451065063476562, 1.065770745277462 ], [ 121.450752258300781, 1.065220475196895 ], [ 121.450103759765625, 1.065050840377864 ], [ 121.449676513671989, 1.06511843204504 ], [ 121.449569702148438, 1.06508660316473 ], [ 121.449447631836165, 1.065023779869136 ], [ 121.449417114257812, 1.06494677066803 ], [ 121.449478149414176, 1.064820766449031 ], [ 121.449630737304688, 1.064588069915885 ], [ 121.449844360351676, 1.064387202262878 ], [ 121.45068359375, 1.064006686210632 ], [ 121.450729370117188, 1.063593983650321 ], [ 121.450637817382926, 1.063276529312134 ], [ 121.450584411621094, 1.063205599784965 ], [ 121.450073242187614, 1.062884449958801 ], [ 121.449897766113395, 1.062867283821106 ], [ 121.449737548828125, 1.062663078308162 ], [ 121.449722290039062, 1.062226772308293 ], [ 121.449737548828125, 1.062013268470764 ], [ 121.4495849609375, 1.061869621276912 ], [ 121.449516296386832, 1.061818361282405 ], [ 121.449256896972884, 1.061628222465572 ], [ 121.449180603027344, 1.061516284942684 ], [ 121.44921875, 1.061355948448181 ], [ 121.449394226074219, 1.061235547065792 ], [ 121.449737548828125, 1.061118245124817 ], [ 121.449760437011719, 1.060886502265987 ], [ 121.449569702148438, 1.060535669326725 ], [ 121.449409484863281, 1.060406446457023 ], [ 121.449241638183594, 1.060274481773376 ], [ 121.448844909667969, 1.060438871383781 ], [ 121.448486328125, 1.060584783554077 ], [ 121.448196411132812, 1.060147881507987 ], [ 121.448196411132812, 1.059856653213558 ], [ 121.447967529296989, 1.059900641441345 ] ] ] ] } },
{ "type": "Feature", "properties": { "GID_0": "IDN", "NAME_0": "Indonesia", "GID_1": "IDN.27_1", "NAME_1": "Sulawesi Tengah", "GID_2": "IDN.27.3_1", "NAME_2": "Buol", "GID_3": "IDN.27.3.3_1", "NAME_3": "Bukal", "GID_4": "IDN.27.3.3.5_1", "NAME_4": "Modo", "VARNAME_4": null, "TYPE_4": "Desa", "ENGTYPE_4": "Village", "CC_4": "7207031004" }, "geometry": { "type": "MultiPolygon", "coordinates": [ [ [ [ 121.443611145019645, 1.019493222236576 ], [ 121.450706481933594, 1.020428061485291 ], [ 121.452056884765625, 1.0206059217453 ], [ 121.452384948730582, 1.020648956298828 ], [ 121.455642700195312, 1.021367669105587 ], [ 121.458976745605469, 1.02256631851202 ], [ 121.465896606445426, 1.024643540382442 ], [ 121.465980529785156, 1.024680733680839 ], [ 121.466705322265625, 1.025230526924133 ], [ 121.468170166015739, 1.026298522949219 ], [ 121.468650817871094, 1.022575259208736 ], [ 121.469314575195426, 1.017120599746818 ], [ 121.469551086425895, 0.990313649177608 ], [ 121.46681213378929, 0.990560114383754 ], [ 121.458763122558594, 0.991503596305847 ], [ 121.454849243164176, 0.992608070373592 ], [ 121.45379638671875, 0.992915272712708 ], [ 121.4461669921875, 0.989576339721623 ], [ 121.44134521484375, 0.987583875656071 ], [ 121.439666748046875, 0.987313747406006 ], [ 121.439102172851562, 0.988095462322292 ], [ 121.439056396484375, 0.98838084936142 ], [ 121.438987731933707, 0.9889057874679 ], [ 121.438888549804688, 0.990015983581657 ], [ 121.438858032226562, 0.990901887416896 ], [ 121.438278198242188, 0.9913507699967 ], [ 121.437538146972656, 0.992093205452079 ], [ 121.43729400634777, 0.992066085338593 ], [ 121.437385559082031, 0.992500603199062 ], [ 121.438278198242188, 0.997233331203574 ], [ 121.439117431640625, 1.001666784286613 ], [ 121.439094543457031, 1.003043293953056 ], [ 121.439064025878906, 1.005683779716605 ], [ 121.43900299072277, 1.007605075836125 ], [ 121.439476013183594, 1.011505126953239 ], [ 121.439598083496207, 1.016340136527958 ], [ 121.439674377441406, 1.018916249275264 ], [ 121.441421508789062, 1.019204735756034 ], [ 121.443611145019645, 1.019493222236576 ] ] ] ] } },
{ "type": "Feature", "properties": { "GID_0": "IDN", "NAME_0": "Indonesia", "GID_1": "IDN.27_1", "NAME_1": "Sulawesi Tengah", "GID_2": "IDN.27.3_1", "NAME_2": "Buol", "GID_3": "IDN.27.3.3_1", "NAME_3": "Bukal", "GID_4": "IDN.27.3.3.6_1", "NAME_4": "Mooyong", "VARNAME_4": null, "TYPE_4": "Desa", "ENGTYPE_4": "Village", "CC_4": "7207031011" }, "geometry": { "type": "MultiPolygon", "coordinates": [ [ [ [ 121.462493896484489, 0.970562934875545 ], [ 121.455627441406364, 0.970248878002224 ], [ 121.45001220703125, 0.970319092273769 ], [ 121.445816040039062, 0.970407426357269 ], [ 121.441909790039062, 0.970464825630188 ], [ 121.433807373047102, 0.970657944679317 ], [ 121.434158325195312, 0.971558690071163 ], [ 121.434387207031477, 0.972310185432377 ], [ 121.435745239257926, 0.977010726928711 ], [ 121.437431335449446, 0.986406862735691 ], [ 121.438278198242188, 0.9913507699967 ], [ 121.438858032226562, 0.990901887416896 ], [ 121.438888549804688, 0.990015983581657 ], [ 121.438987731933707, 0.9889057874679 ], [ 121.439056396484375, 0.98838084936142 ], [ 121.439102172851562, 0.988095462322292 ], [ 121.439666748046875, 0.987313747406006 ], [ 121.44134521484375, 0.987583875656071 ], [ 121.4461669921875, 0.989576339721623 ], [ 121.45379638671875, 0.992915272712708 ], [ 121.454849243164176, 0.992608070373592 ], [ 121.458763122558594, 0.991503596305847 ], [ 121.46681213378929, 0.990560114383754 ], [ 121.469551086425895, 0.990313649177608 ], [ 121.475234985351676, 0.971849262714443 ], [ 121.475494384765625, 0.97099441289896 ], [ 121.47552490234375, 0.970912992954254 ], [ 121.473106384277571, 0.97091406583786 ], [ 121.465194702148438, 0.970686137676182 ], [ 121.462600708007812, 0.97056782245636 ], [ 121.462493896484489, 0.970562934875545 ] ] ] ] } },
{ "type": "Feature", "properties": { "GID_0": "IDN", "NAME_0": "Indonesia", "GID_1": "IDN.27_1", "NAME_1": "Sulawesi Tengah", "GID_2": "IDN.27.3_1", "NAME_2": "Buol", "GID_3": "IDN.27.3.3_1", "NAME_3": "Bukal", "GID_4": "IDN.27.3.3.7_1", "NAME_4": "Mopu", "VARNAME_4": null, "TYPE_4": "Desa", "ENGTYPE_4": "Village", "CC_4": "7207031005" }, "geometry": { "type": "MultiPolygon", "coordinates": [ [ [ [ 121.490013122558594, 0.978117048740444 ], [ 121.488075256347656, 0.977224349975586 ], [ 121.487777709960938, 0.97663801908493 ], [ 121.485969543457031, 0.972720146179142 ], [ 121.485832214355469, 0.972818553447837 ], [ 121.485733032226676, 0.972621560096741 ], [ 121.484748840332145, 0.973613321781272 ], [ 121.484214782714957, 0.974008440971431 ], [ 121.482612609863281, 0.97352629899973 ], [ 121.480163574218977, 0.975514531135673 ], [ 121.479896545410156, 0.974800109863281 ], [ 121.478691101074332, 0.971033573150748 ], [ 121.475494384765625, 0.97099441289896 ], [ 121.475234985351676, 0.971849262714443 ], [ 121.469551086425895, 0.990313649177608 ], [ 121.469314575195426, 1.017120599746818 ], [ 121.468650817871094, 1.022575259208736 ], [ 121.468170166015739, 1.026298522949219 ], [ 121.466705322265625, 1.025230526924133 ], [ 121.465980529785156, 1.024680733680839 ], [ 121.465896606445426, 1.024643540382442 ], [ 121.458976745605469, 1.02256631851202 ], [ 121.455642700195312, 1.021367669105587 ], [ 121.452384948730582, 1.020648956298828 ], [ 121.452056884765625, 1.0206059217453 ], [ 121.450706481933594, 1.020428061485291 ], [ 121.443611145019645, 1.019493222236576 ], [ 121.442558288574219, 1.022142052650452 ], [ 121.442001342773438, 1.026166915893668 ], [ 121.441543579101562, 1.029308676719722 ], [ 121.441535949707031, 1.029551148414726 ], [ 121.441390991210938, 1.034539222717342 ], [ 121.443634033203125, 1.036559462547302 ], [ 121.447517395019531, 1.0428466796875 ], [ 121.447731018066634, 1.043121814727897 ], [ 121.448364257812614, 1.044032216072083 ], [ 121.448585510253906, 1.044696450233459 ], [ 121.448692321777571, 1.045098304748649 ], [ 121.448974609375, 1.045697212219295 ], [ 121.449226379394531, 1.04622411727911 ], [ 121.449348449707031, 1.046593666076717 ], [ 121.450462341308707, 1.045909643173331 ], [ 121.456268310546875, 1.042256593704224 ], [ 121.456352233886832, 1.042161107063407 ], [ 121.456878662109375, 1.041969418525809 ], [ 121.461334228515739, 1.04028427600872 ], [ 121.464263916015625, 1.040212631225643 ], [ 121.464439392089844, 1.040206670761165 ], [ 121.464851379394531, 1.040267109870854 ], [ 121.466400146484375, 1.040479302406425 ], [ 121.46942138671875, 1.040852546691838 ], [ 121.474327087402344, 1.04108917713171 ], [ 121.4820556640625, 1.041194438934383 ], [ 121.488090515136719, 1.041237473487911 ], [ 121.489044189453125, 1.037936925888062 ], [ 121.48980712890625, 1.031596541404838 ], [ 121.489845275878906, 1.03100681304943 ], [ 121.490196228027344, 1.028171062469482 ], [ 121.490242004394531, 1.027949690818843 ], [ 121.490707397461051, 1.024012327194214 ], [ 121.49078369140625, 1.022762298583984 ], [ 121.490814208984375, 1.022167801857108 ], [ 121.490814208984375, 1.020733118057251 ], [ 121.490737915039062, 1.018261194229183 ], [ 121.490005493164062, 1.017525315284729 ], [ 121.487083435058707, 1.014706373214722 ], [ 121.485633850097656, 1.013394236564693 ], [ 121.484916687011719, 1.012560248374939 ], [ 121.484725952148438, 1.012380719184989 ], [ 121.48468017578125, 1.012291789054927 ], [ 121.484405517578239, 1.011679410934448 ], [ 121.484901428222656, 1.010923981666679 ], [ 121.485534667968864, 1.009744882583561 ], [ 121.484970092773551, 1.009129881858939 ], [ 121.484878540039062, 1.009052276611385 ], [ 121.4837646484375, 1.008445620536804 ], [ 121.483711242675781, 1.008016586303825 ], [ 121.483657836914176, 1.007705450057983 ], [ 121.483642578125114, 1.007624268531913 ], [ 121.483360290527344, 1.007272601127738 ], [ 121.483757019042969, 1.005625605583191 ], [ 121.483810424804801, 1.005439639091549 ], [ 121.483955383300781, 1.004774332046566 ], [ 121.485206604003906, 0.999547481536979 ], [ 121.485542297363395, 0.998432934284267 ], [ 121.48612213134777, 0.996097385883388 ], [ 121.486740112304688, 0.993504047393799 ], [ 121.487236022949332, 0.991085052490234 ], [ 121.487541198730469, 0.989813089370671 ], [ 121.487861633300895, 0.98850679397583 ], [ 121.488327026367188, 0.986500442028102 ], [ 121.489921569824332, 0.979847848415432 ], [ 121.489967346191406, 0.979664623737335 ], [ 121.490013122558594, 0.978117048740444 ] ] ] ] } },
{ "type": "Feature", "properties": { "GID_0": "IDN", "NAME_0": "Indonesia", "GID_1": "IDN.27_1", "NAME_1": "Sulawesi Tengah", "GID_2": "IDN.27.3_1", "NAME_2": "Buol", "GID_3": "IDN.27.3.3_1", "NAME_3": "Bukal", "GID_4": "IDN.27.3.3.8_1", "NAME_4": "Potangoan", "VARNAME_4": null, "TYPE_4": "Desa", "ENGTYPE_4": "Village", "CC_4": "7207031006" }, "geometry": { "type": "MultiPolygon", "coordinates": [ [ [ [ 121.487937927246094, 1.042879939079342 ], [ 121.48783111572277, 1.042879939079342 ], [ 121.487861633300895, 1.04254674911499 ], [ 121.487884521484375, 1.042417407035941 ], [ 121.488006591796989, 1.041997313499451 ], [ 121.488288879394531, 1.041263937950134 ], [ 121.488090515136719, 1.041237473487911 ], [ 121.4820556640625, 1.041194438934383 ], [ 121.474327087402344, 1.04108917713171 ], [ 121.46942138671875, 1.040852546691838 ], [ 121.466400146484375, 1.040479302406425 ], [ 121.464851379394531, 1.040267109870854 ], [ 121.464439392089844, 1.040206670761165 ], [ 121.464263916015625, 1.040212631225643 ], [ 121.461334228515739, 1.04028427600872 ], [ 121.456878662109375, 1.041969418525809 ], [ 121.456352233886832, 1.042161107063407 ], [ 121.456268310546875, 1.042256593704224 ], [ 121.450462341308707, 1.045909643173331 ], [ 121.449348449707031, 1.046593666076717 ], [ 121.448493957519759, 1.048151731491203 ], [ 121.448394775390625, 1.048353672027645 ], [ 121.448280334472656, 1.048905014991817 ], [ 121.448135375976676, 1.049667000770683 ], [ 121.447624206542969, 1.051834702491703 ], [ 121.447402954101676, 1.052781105041447 ], [ 121.447265625, 1.052942752838135 ], [ 121.447097778320312, 1.053025245666504 ], [ 121.446708679199219, 1.053233623504696 ], [ 121.446533203125, 1.053419828415031 ], [ 121.446441650390739, 1.053523540496826 ], [ 121.446342468261719, 1.053628325462398 ], [ 121.445869445800895, 1.053937792778015 ], [ 121.445709228515739, 1.05417788028717 ], [ 121.445861816406364, 1.054478168487492 ], [ 121.44608306884777, 1.054915070533809 ], [ 121.446281433105582, 1.055206298828239 ], [ 121.446319580078125, 1.055267572403068 ], [ 121.446426391601676, 1.055466413497982 ], [ 121.446434020996207, 1.055539965629634 ], [ 121.446495056152344, 1.056116580963248 ], [ 121.446624755859489, 1.056522130966243 ], [ 121.446838378906364, 1.056920409202576 ], [ 121.44715881347679, 1.057392597198486 ], [ 121.447265625, 1.057951807975712 ], [ 121.447402954101676, 1.058168053627014 ], [ 121.447822570800781, 1.05844879150402 ], [ 121.447868347167969, 1.058584451675472 ], [ 121.447914123535156, 1.058695197105351 ], [ 121.448074340820312, 1.059281468391475 ], [ 121.447967529296989, 1.059900641441345 ], [ 121.448196411132812, 1.059856653213558 ], [ 121.448196411132812, 1.060147881507987 ], [ 121.448486328125, 1.060584783554077 ], [ 121.448844909667969, 1.060438871383781 ], [ 121.449241638183594, 1.060274481773376 ], [ 121.449409484863281, 1.060406446457023 ], [ 121.449569702148438, 1.060535669326725 ], [ 121.449760437011719, 1.060886502265987 ], [ 121.449737548828125, 1.061118245124817 ], [ 121.449394226074219, 1.061235547065792 ], [ 121.44921875, 1.061355948448181 ], [ 121.449180603027344, 1.061516284942684 ], [ 121.449256896972884, 1.061628222465572 ], [ 121.449516296386832, 1.061818361282405 ], [ 121.4495849609375, 1.061869621276912 ], [ 121.449737548828125, 1.062013268470764 ], [ 121.449722290039062, 1.062226772308293 ], [ 121.449737548828125, 1.062663078308162 ], [ 121.449897766113395, 1.062867283821106 ], [ 121.450073242187614, 1.062884449958801 ], [ 121.450584411621094, 1.063205599784965 ], [ 121.450637817382926, 1.063276529312134 ], [ 121.450729370117188, 1.063593983650321 ], [ 121.45068359375, 1.064006686210632 ], [ 121.449844360351676, 1.064387202262878 ], [ 121.449630737304688, 1.064588069915885 ], [ 121.449478149414176, 1.064820766449031 ], [ 121.449417114257812, 1.06494677066803 ], [ 121.449447631836165, 1.065023779869136 ], [ 121.449569702148438, 1.06508660316473 ], [ 121.449676513671989, 1.06511843204504 ], [ 121.450103759765625, 1.065050840377864 ], [ 121.450752258300781, 1.065220475196895 ], [ 121.451065063476562, 1.065770745277462 ], [ 121.451171875000227, 1.065889835357666 ], [ 121.451400756836051, 1.066071271896305 ], [ 121.451545715332259, 1.066431641578674 ], [ 121.451622009277457, 1.066628098487911 ], [ 121.451614379882926, 1.066728830337638 ], [ 121.451622009277457, 1.066943645477352 ], [ 121.451431274414176, 1.067318916320914 ], [ 121.451164245605696, 1.067890644073486 ], [ 121.451309204101562, 1.068497419357413 ], [ 121.451156616210938, 1.068631052970886 ], [ 121.450996398925895, 1.068764686584586 ], [ 121.449295043945426, 1.069135546684379 ], [ 121.449119567871207, 1.06923770904541 ], [ 121.449142456054801, 1.069391250610295 ], [ 121.449478149414176, 1.069663643837032 ], [ 121.449653625488395, 1.069754958152771 ], [ 121.449913024902344, 1.069820165634155 ], [ 121.450035095214957, 1.069751858711186 ], [ 121.450103759765625, 1.069669365882987 ], [ 121.450157165527344, 1.069352507591191 ], [ 121.450469970703239, 1.069323301315421 ], [ 121.450637817382926, 1.06955003738409 ], [ 121.450706481933594, 1.069735884666557 ], [ 121.450920104980469, 1.070400238037053 ], [ 121.450942993164062, 1.070487022399902 ], [ 121.451118469238281, 1.070662260055542 ], [ 121.4539794921875, 1.073624730110225 ], [ 121.454338073730469, 1.074335694313163 ], [ 121.45489501953125, 1.078571438789368 ], [ 121.454986572265852, 1.079313993454036 ], [ 121.455337524414062, 1.080084204673824 ], [ 121.455757141113395, 1.080692172050533 ], [ 121.45587158203125, 1.080905914306641 ], [ 121.456352233886832, 1.081651210785026 ], [ 121.459114074707031, 1.086398601532039 ], [ 121.460456848144531, 1.085627675056458 ], [ 121.462631225586051, 1.084538698196525 ], [ 121.46270751953125, 1.084503293037528 ], [ 121.463279724121094, 1.083496809005737 ], [ 121.47186279296875, 1.080038428306636 ], [ 121.472969055175895, 1.079997658729553 ], [ 121.47967529296875, 1.080090165138301 ], [ 121.48065185546875, 1.079624652862663 ], [ 121.480781555175895, 1.079631447792053 ], [ 121.481307983398665, 1.080006003379879 ], [ 121.482269287109489, 1.077425003051758 ], [ 121.483032226562614, 1.075202345848197 ], [ 121.48380279541027, 1.072903156280574 ], [ 121.484642028808594, 1.0706804990769 ], [ 121.485260009765625, 1.068841099739132 ], [ 121.485641479492188, 1.067614793777466 ], [ 121.485794067382812, 1.065622091293392 ], [ 121.486175537109375, 1.062096476554927 ], [ 121.486564636230469, 1.05795776844019 ], [ 121.486869812011832, 1.054278969764766 ], [ 121.48709869384777, 1.051673054695243 ], [ 121.487480163574332, 1.047764301300163 ], [ 121.487785339355696, 1.044775247573853 ], [ 121.487937927246094, 1.042879939079342 ] ] ] ] } },
{ "type": "Feature", "properties": { "GID_0": "IDN", "NAME_0": "Indonesia", "GID_1": "IDN.27_1", "NAME_1": "Sulawesi Tengah", "GID_2": "IDN.27.3_1", "NAME_2": "Buol", "GID_3": "IDN.27.3.3_1", "NAME_3": "Bukal", "GID_4": "IDN.27.3.3.9_1", "NAME_4": "Rantemaranu", "VARNAME_4": null, "TYPE_4": "Desa", "ENGTYPE_4": "Village", "CC_4": "7207031003" }, "geometry": { "type": "MultiPolygon", "coordinates": [ [ [ [ 121.436325073242301, 0.931889057159424 ], [ 121.434593200683707, 0.931954741478023 ], [ 121.43210601806652, 0.932103753089962 ], [ 121.427902221679915, 0.934085011482352 ], [ 121.428497314453239, 0.948360860347861 ], [ 121.428565979003906, 0.948436915874538 ], [ 121.428726196289176, 0.953627347946281 ], [ 121.428894042968864, 0.957641899585838 ], [ 121.429733276367188, 0.959706842899379 ], [ 121.43137359619152, 0.964102625846806 ], [ 121.431640625, 0.964779436588344 ], [ 121.433021545410156, 0.968511819839478 ], [ 121.433807373047102, 0.970657944679317 ], [ 121.441909790039062, 0.970464825630188 ], [ 121.445816040039062, 0.970407426357269 ], [ 121.45001220703125, 0.970319092273769 ], [ 121.455627441406364, 0.970248878002224 ], [ 121.462493896484489, 0.970562934875545 ], [ 121.462493896484489, 0.967226564884243 ], [ 121.46234130859375, 0.962531208992061 ], [ 121.462303161621207, 0.962111115455741 ], [ 121.462394714355469, 0.959503293037471 ], [ 121.462547302246094, 0.957608342170829 ], [ 121.462875366211051, 0.951394021511192 ], [ 121.463439941406364, 0.946589410305023 ], [ 121.464378356933707, 0.93737322092062 ], [ 121.465072631835938, 0.93020015954977 ], [ 121.464904785156477, 0.930209100246486 ], [ 121.439445495605469, 0.931664288043919 ], [ 121.436325073242301, 0.931889057159424 ] ] ] ] } },
{ "type": "Feature", "properties": { "GID_0": "IDN", "NAME_0": "Indonesia", "GID_1": "IDN.27_1", "NAME_1": "Sulawesi Tengah", "GID_2": "IDN.27.3_1", "NAME_2": "Buol", "GID_3": "IDN.27.3.3_1", "NAME_3": "Bukal", "GID_4": "IDN.27.3.3.10_1", "NAME_4": "Unone", "VARNAME_4": null, "TYPE_4": "Desa", "ENGTYPE_4": "Village", "CC_4": "7207031001" }, "geometry": { "type": "MultiPolygon", "coordinates": [ [ [ [ 121.422126770019531, 0.844072043895721 ], [ 121.420097351074332, 0.844204127788544 ], [ 121.419746398925895, 0.845399975776616 ], [ 121.419303894042969, 0.845931351184845 ], [ 121.418556213379134, 0.84657329320919 ], [ 121.417564392089844, 0.847480952739829 ], [ 121.416526794433707, 0.847945690155143 ], [ 121.415916442871207, 0.847790360450858 ], [ 121.41493225097679, 0.847391843795776 ], [ 121.413887023925781, 0.846970081329403 ], [ 121.412261962890852, 0.846238493919373 ], [ 121.411819458007812, 0.845773220062256 ], [ 121.411209106445312, 0.844930052757377 ], [ 121.410263061523438, 0.844848930835781 ], [ 121.409408569336051, 0.844775855541343 ], [ 121.408073425293082, 0.844775319099483 ], [ 121.407028198242188, 0.844774842262268 ], [ 121.405624389648551, 0.844641387462673 ], [ 121.404441833496321, 0.844369828701076 ], [ 121.403244018554688, 0.843974888324851 ], [ 121.40130615234375, 0.843443632125798 ], [ 121.400840759277457, 0.844657778739986 ], [ 121.40057373046875, 0.845358371734619 ], [ 121.400177001953125, 0.846509873867035 ], [ 121.399818420410156, 0.847417771816197 ], [ 121.399208068847656, 0.848170578479824 ], [ 121.398712158203352, 0.848726868629569 ], [ 121.398017883300895, 0.849388182163295 ], [ 121.397354125976562, 0.849830865860099 ], [ 121.395851135254134, 0.8504558801651 ], [ 121.395004272460938, 0.850807964801788 ], [ 121.394424438476562, 0.851047754287833 ], [ 121.393852233886719, 0.851202547550258 ], [ 121.39288330078125, 0.851089537143764 ], [ 121.392486572265739, 0.850803315639439 ], [ 121.391853332519759, 0.850647091865653 ], [ 121.391036987304688, 0.850448369979915 ], [ 121.39035797119152, 0.850536644458884 ], [ 121.389869689941406, 0.850757956504879 ], [ 121.389144897460938, 0.851909339427948 ], [ 121.388458251953239, 0.852817058563346 ], [ 121.387382507324219, 0.853724658489227 ], [ 121.386001586914176, 0.8542760014534 ], [ 121.384300231933594, 0.854542851448116 ], [ 121.383796691894531, 0.854365468025321 ], [ 121.382171630859489, 0.853546142578182 ], [ 121.380691528320312, 0.852726101875305 ], [ 121.378753662109489, 0.852437317371425 ], [ 121.378074645996094, 0.852414906025047 ], [ 121.377479553222656, 0.852525353431815 ], [ 121.375770568847656, 0.852992534637565 ], [ 121.374969482421875, 0.85321086645132 ], [ 121.37457275390625, 0.853210747241974 ], [ 121.373367309570426, 0.852607071399689 ], [ 121.370719909668082, 0.851791620254517 ], [ 121.370437622070312, 0.851592183113212 ], [ 121.369773864746207, 0.850218772888184 ], [ 121.36944580078125, 0.849842131137848 ], [ 121.367958068847656, 0.849327027797813 ], [ 121.3671875, 0.849193811416569 ], [ 121.366256713867188, 0.84928202629095 ], [ 121.364830017089957, 0.849990129470939 ], [ 121.364517211914062, 0.850698709487972 ], [ 121.364013671875114, 0.852049469947929 ], [ 121.363662719726676, 0.852381527423859 ], [ 121.363136291503906, 0.852580666542167 ], [ 121.361412048339844, 0.853005051612911 ], [ 121.358963012695312, 0.853415012359676 ], [ 121.358489990234489, 0.853176653385162 ], [ 121.357170104980582, 0.852103590965271 ], [ 121.35642242431652, 0.851491689682007 ], [ 121.355705261230469, 0.850906193256492 ], [ 121.354789733886719, 0.850163042545375 ], [ 121.353942871093864, 0.850267708301601 ], [ 121.35184478759777, 0.850576877594108 ], [ 121.349929809570426, 0.850775361061096 ], [ 121.34931945800804, 0.85053151845932 ], [ 121.348480224609375, 0.850110352039337 ], [ 121.347755432128906, 0.84957849979412 ], [ 121.347206115722656, 0.848780930042324 ], [ 121.347030639648665, 0.848271489143428 ], [ 121.347183227539062, 0.846920609474182 ], [ 121.347389221191406, 0.845995783805847 ], [ 121.347557067871094, 0.845237553119603 ], [ 121.348045349121207, 0.843776047229824 ], [ 121.348396301269645, 0.843311131000576 ], [ 121.349098205566406, 0.84291273355484 ], [ 121.350357055664062, 0.84233748912817 ], [ 121.350883483886832, 0.842094063758907 ], [ 121.351905822753906, 0.840686082840023 ], [ 121.351966857910156, 0.840198874473572 ], [ 121.352035522461051, 0.839512348175163 ], [ 121.352127075195312, 0.838028490543365 ], [ 121.352409362793082, 0.837076306343079 ], [ 121.35302734375, 0.835636973381156 ], [ 121.353179931640739, 0.83452969789505 ], [ 121.35318756103527, 0.833054780960197 ], [ 121.351875305175781, 0.827566146850643 ], [ 121.35123443603527, 0.824889481067771 ], [ 121.350936889648438, 0.823773384094352 ], [ 121.350486755371207, 0.822054326534214 ], [ 121.350486755371207, 0.821345567703247 ], [ 121.350814819335938, 0.820814192295188 ], [ 121.351387023925781, 0.820238590240479 ], [ 121.351982116699446, 0.819950938224849 ], [ 121.35308837890625, 0.819619178772029 ], [ 121.354888916015739, 0.818889081478119 ], [ 121.355659484863395, 0.818424284458217 ], [ 121.356407165527457, 0.817605137825069 ], [ 121.35739898681652, 0.816431760788078 ], [ 121.358482360839957, 0.815568447113151 ], [ 121.359535217285156, 0.815192401409206 ], [ 121.361427307128906, 0.814949512481746 ], [ 121.361457824707031, 0.81469053030014 ], [ 121.361572265625114, 0.813693940639553 ], [ 121.36181640625, 0.812763869762534 ], [ 121.362052917480469, 0.812033116817588 ], [ 121.3631591796875, 0.810106754302922 ], [ 121.363555908203125, 0.809183895587978 ], [ 121.364173889160156, 0.807737350463924 ], [ 121.364501953125, 0.806807339191494 ], [ 121.364570617676009, 0.805677831173 ], [ 121.364471435546875, 0.802759826183376 ], [ 121.364006042480696, 0.801674425602073 ], [ 121.363395690917969, 0.801009774208069 ], [ 121.362335205078239, 0.800898611545676 ], [ 121.359275817871207, 0.801362454891262 ], [ 121.358024597167969, 0.801206529140586 ], [ 121.357315063476562, 0.800874412059898 ], [ 121.355400085449219, 0.799766302108878 ], [ 121.354125976562614, 0.799012780189514 ], [ 121.3538818359375, 0.798414707183838 ], [ 121.353729248046989, 0.797107934951896 ], [ 121.353340148925895, 0.795310795307159 ], [ 121.35247802734375, 0.795158445835114 ], [ 121.351600646972884, 0.794958770275116 ], [ 121.349830627441406, 0.794800221920013 ], [ 121.349464416503906, 0.794793963432426 ], [ 121.348670959472656, 0.794780433178005 ], [ 121.34710693359375, 0.794447600841579 ], [ 121.346115112304801, 0.793729603290558 ], [ 121.345458984375, 0.793197810649872 ], [ 121.344558715820426, 0.793108880519924 ], [ 121.343017578125227, 0.79324114322668 ], [ 121.342308044433707, 0.793661653995457 ], [ 121.341476440429688, 0.794104278087673 ], [ 121.340988159179801, 0.794236958026886 ], [ 121.340171813964957, 0.794303059577999 ], [ 121.338653564453239, 0.794523894786948 ], [ 121.337905883789176, 0.794855833053703 ], [ 121.33711242675804, 0.794988393783569 ], [ 121.335731506347656, 0.794943511486053 ], [ 121.334823608398665, 0.794854581356105 ], [ 121.3333740234375, 0.794787526130733 ], [ 121.332382202148551, 0.794565677642879 ], [ 121.330284118652457, 0.79346048831934 ], [ 121.328666687011719, 0.792584002018032 ], [ 121.328094482421875, 0.792361855506897 ], [ 121.327323913574219, 0.792295515537319 ], [ 121.326164245605469, 0.792162179946899 ], [ 121.325302124023551, 0.791519582271576 ], [ 121.324996948242188, 0.790722191333771 ], [ 121.324707031250227, 0.789725422859249 ], [ 121.324226379394531, 0.788861513137874 ], [ 121.323501586914062, 0.78810822963726 ], [ 121.322555541992188, 0.78728836774826 ], [ 121.321388244628906, 0.786402046680564 ], [ 121.320068359375, 0.785537779331321 ], [ 121.318572998046875, 0.784850597381535 ], [ 121.317512512207145, 0.784518003463802 ], [ 121.316085815429688, 0.784561693668309 ], [ 121.315422058105582, 0.784782886505184 ], [ 121.314918518066406, 0.785137057304382 ], [ 121.312759399414176, 0.787095010280666 ], [ 121.311264038085938, 0.788733243942261 ], [ 121.309234619140625, 0.7906813621521 ], [ 121.308052062988281, 0.791256666183529 ], [ 121.306465148925895, 0.791632533073539 ], [ 121.305915832519531, 0.791853725910187 ], [ 121.304855346679688, 0.792717039585114 ], [ 121.303802490234489, 0.794355452060699 ], [ 121.303245544433594, 0.795529007911796 ], [ 121.302085876464957, 0.794992327690068 ], [ 121.30133056640625, 0.794775247573909 ], [ 121.300346374511832, 0.7949298620224 ], [ 121.299087524414062, 0.79519510269165 ], [ 121.298164367675781, 0.795261144638175 ], [ 121.296035766601562, 0.7951562404632 ], [ 121.294624328613395, 0.794978499412537 ], [ 121.293235778808821, 0.794845044612998 ], [ 121.292709350586051, 0.794933438301086 ], [ 121.291984558105469, 0.795442461967468 ], [ 121.290878295898438, 0.796350061893577 ], [ 121.289909362792969, 0.79754555225378 ], [ 121.2891845703125, 0.798187494277954 ], [ 121.288085937500227, 0.798120617866516 ], [ 121.287200927734489, 0.798009514808712 ], [ 121.28562164306652, 0.797964513301849 ], [ 121.284324645996207, 0.798052549362239 ], [ 121.283966064453239, 0.797941684723014 ], [ 121.282958984375114, 0.797188282012996 ], [ 121.282035827636832, 0.796988606452999 ], [ 121.279724121093864, 0.796831190586147 ], [ 121.278472900390625, 0.7968528270722 ], [ 121.276535034179688, 0.796984910965023 ], [ 121.27490234375, 0.796851336956081 ], [ 121.273780822754134, 0.796585083007926 ], [ 121.272438049316406, 0.796119451522941 ], [ 121.271011352539062, 0.795830965042171 ], [ 121.270149230957031, 0.795794188976231 ], [ 121.270370483398551, 0.796375393867606 ], [ 121.270736694336165, 0.797335147857666 ], [ 121.271102905273438, 0.798501074314174 ], [ 121.271240234375, 0.798650443553981 ], [ 121.271408081054688, 0.798981964588279 ], [ 121.271842956542969, 0.799279451370296 ], [ 121.272537231445312, 0.800013661384696 ], [ 121.272903442382926, 0.800449430942592 ], [ 121.273529052734375, 0.801561117172241 ], [ 121.273582458496094, 0.801674604416007 ], [ 121.273635864257926, 0.801890373230037 ], [ 121.273750305175781, 0.802569091320095 ], [ 121.273895263671875, 0.803267240524349 ], [ 121.27402496337902, 0.804290890693778 ], [ 121.274055480957031, 0.804791808128414 ], [ 121.273963928222656, 0.805523276329097 ], [ 121.273948669433594, 0.805620789528007 ], [ 121.273536682128906, 0.806280195713157 ], [ 121.272979736328125, 0.806737780570984 ], [ 121.272010803222656, 0.807473182678336 ], [ 121.27166748046875, 0.807944893837032 ], [ 121.271553039550895, 0.808063149452266 ], [ 121.271362304687614, 0.808380901813564 ], [ 121.271095275878906, 0.808768808841705 ], [ 121.271141052246207, 0.809562385082302 ], [ 121.271148681640739, 0.809639036655426 ], [ 121.271240234375, 0.809868156909886 ], [ 121.271270751953125, 0.80996310710907 ], [ 121.27133941650402, 0.810113608837128 ], [ 121.271392822265625, 0.81025809049612 ], [ 121.27215576171875, 0.812814652919769 ], [ 121.272529602050781, 0.813928484916687 ], [ 121.273101806640625, 0.815554797649384 ], [ 121.273857116699332, 0.81787163019186 ], [ 121.275222778320312, 0.822015285492 ], [ 121.275337219238395, 0.822301328182334 ], [ 121.275398254394531, 0.822488605976162 ], [ 121.2763671875, 0.825113415718135 ], [ 121.277275085449332, 0.827494025230521 ], [ 121.278068542480469, 0.829175829887504 ], [ 121.278427124023551, 0.83039182424551 ], [ 121.278556823730696, 0.831707239151001 ], [ 121.278617858886832, 0.831964671611786 ], [ 121.278640747070312, 0.83213031291973 ], [ 121.278694152832031, 0.832286834716854 ], [ 121.278717041015625, 0.832374393940029 ], [ 121.279022216796875, 0.833278298378104 ], [ 121.279167175293082, 0.833801567554531 ], [ 121.279296875, 0.834066867828369 ], [ 121.279953002929801, 0.836005628109035 ], [ 121.281570434570312, 0.840386033058223 ], [ 121.282302856445312, 0.842449188232536 ], [ 121.284980773925781, 0.847543776035366 ], [ 121.285018920898438, 0.847612917423248 ], [ 121.285591125488281, 0.848701953887996 ], [ 121.285926818847656, 0.849821925163383 ], [ 121.286308288574219, 0.850867450237388 ], [ 121.286338806152344, 0.851111352443695 ], [ 121.286163330078125, 0.852326929569244 ], [ 121.285888671875, 0.85374486446392 ], [ 121.285675048828239, 0.854674220085144 ], [ 121.28541564941429, 0.856054306030217 ], [ 121.285140991210938, 0.857100188732261 ], [ 121.285125732421875, 0.857762336730957 ], [ 121.285079956054801, 0.858148753643093 ], [ 121.285102844238395, 0.858638823032436 ], [ 121.285133361816406, 0.858767986297551 ], [ 121.285278320312614, 0.859048783779201 ], [ 121.285369873046875, 0.859240353107396 ], [ 121.285896301269531, 0.860465645790214 ], [ 121.286178588867415, 0.861016392707768 ], [ 121.286956787109489, 0.862537682056484 ], [ 121.288398742675781, 0.865255832672176 ], [ 121.289390563964844, 0.867108702659607 ], [ 121.28946685791027, 0.867250978946686 ], [ 121.289520263671875, 0.867350220680294 ], [ 121.290359497070312, 0.868909716606083 ], [ 121.29080963134777, 0.869655251503048 ], [ 121.290954589843977, 0.869917750358582 ], [ 121.29168701171875, 0.871321856975669 ], [ 121.291763305664176, 0.87190234661108 ], [ 121.291755676269645, 0.87200653553009 ], [ 121.291603088378906, 0.872462689876556 ], [ 121.291213989257926, 0.87301874160778 ], [ 121.291160583496207, 0.873075425624904 ], [ 121.2906494140625, 0.873409330844993 ], [ 121.289520263671875, 0.874255239963588 ], [ 121.288764953613281, 0.874722659587803 ], [ 121.288261413574219, 0.875056564807949 ], [ 121.287818908691406, 0.875412702560482 ], [ 121.287590026855582, 0.875680923461971 ], [ 121.287284851074219, 0.875924825668449 ], [ 121.287155151367301, 0.875990808010215 ], [ 121.286407470703239, 0.876138508319968 ], [ 121.286323547363281, 0.876147091388759 ], [ 121.286155700683594, 0.876147031784001 ], [ 121.285423278808821, 0.876124441623688 ], [ 121.284980773925781, 0.876346945762748 ], [ 121.284873962402457, 0.876500427723045 ], [ 121.284767150878906, 0.876567482948417 ], [ 121.284797668457031, 0.876815855503082 ], [ 121.284828186035156, 0.877207696437893 ], [ 121.284767150878906, 0.877482950687522 ], [ 121.284881591796989, 0.877933859825077 ], [ 121.284896850586051, 0.87810659408575 ], [ 121.285293579101676, 0.879777371883506 ], [ 121.285514831542969, 0.880753576755637 ], [ 121.285736083984375, 0.883220493793544 ], [ 121.285697937011719, 0.883680462837219 ], [ 121.285552978515625, 0.884196937084255 ], [ 121.28541564941429, 0.884554684162254 ], [ 121.28488922119152, 0.885323524475098 ], [ 121.284812927246094, 0.885443806648254 ], [ 121.284202575683594, 0.88625496625906 ], [ 121.284133911132926, 0.886303246021271 ], [ 121.283988952636719, 0.886629045009613 ], [ 121.283920288086051, 0.886759519577083 ], [ 121.283676147460938, 0.887796938419285 ], [ 121.283775329589957, 0.888652324676627 ], [ 121.283805847167969, 0.889376997947693 ], [ 121.284004211425781, 0.890624403953552 ], [ 121.284027099609375, 0.890758454799709 ], [ 121.284133911132926, 0.891617417335453 ], [ 121.284622192382812, 0.892276465892905 ], [ 121.285408020019531, 0.892539918422699 ], [ 121.286155700683594, 0.892924845218772 ], [ 121.288154602050895, 0.894024372100944 ], [ 121.290039062500114, 0.895367980003357 ], [ 121.291412353515625, 0.896392226219234 ], [ 121.292427062988281, 0.897199392318669 ], [ 121.293342590332031, 0.897879838943595 ], [ 121.293487548828239, 0.897993981838226 ], [ 121.294296264648438, 0.898636221885681 ], [ 121.294380187988509, 0.898714959621429 ], [ 121.294532775878906, 0.898982346058006 ], [ 121.29486083984375, 0.899539351463375 ], [ 121.29486083984375, 0.900140762329158 ], [ 121.294807434082145, 0.900522828102169 ], [ 121.294517517089844, 0.901656448841095 ], [ 121.294471740722656, 0.904609322547913 ], [ 121.294486999511719, 0.90477371215826 ], [ 121.294639587402457, 0.905041038990078 ], [ 121.29522705078125, 0.905636012554169 ], [ 121.295578002929801, 0.905827939510459 ], [ 121.296287536621321, 0.906412959098759 ], [ 121.29736328125, 0.906872451305389 ], [ 121.297996520996094, 0.907330274581909 ], [ 121.298095703125, 0.907439351081905 ], [ 121.298400878906364, 0.908138990402279 ], [ 121.298469543457031, 0.908242940902767 ], [ 121.298637390136832, 0.908677220344657 ], [ 121.298820495605582, 0.910386204719657 ], [ 121.298881530761719, 0.910654604435081 ], [ 121.298904418945312, 0.91094583272934 ], [ 121.298973083496207, 0.911391377449036 ], [ 121.299530029297102, 0.912082135677451 ], [ 121.300689697265739, 0.913673460483608 ], [ 121.300773620605469, 0.913794815540257 ], [ 121.301513671875114, 0.914957225322723 ], [ 121.302314758300781, 0.916068553924674 ], [ 121.303695678710938, 0.917854011058807 ], [ 121.30374908447277, 0.918009221553802 ], [ 121.303871154785156, 0.918420851230621 ], [ 121.303802490234489, 0.91870349645626 ], [ 121.303573608398551, 0.919122874736786 ], [ 121.303230285644645, 0.919479489326534 ], [ 121.302803039550895, 0.919858992099762 ], [ 121.301277160644645, 0.920883059501648 ], [ 121.300903320312614, 0.921022891998348 ], [ 121.299179077148551, 0.921494364738464 ], [ 121.298599243164176, 0.921833515167293 ], [ 121.29843902587902, 0.921860218048096 ], [ 121.29827880859375, 0.922017455100956 ], [ 121.298027038574332, 0.922165215015525 ], [ 121.297767639160156, 0.9226629137994 ], [ 121.297615051269531, 0.922862172126713 ], [ 121.297599792480469, 0.922981321811676 ], [ 121.297477722168082, 0.923202455043793 ], [ 121.297302246093864, 0.92430096864706 ], [ 121.297241210937727, 0.925431549549216 ], [ 121.297264099121207, 0.925646305084342 ], [ 121.297241210937727, 0.925980448722953 ], [ 121.297348022460938, 0.926581919193382 ], [ 121.297668457031364, 0.927429080009517 ], [ 121.297721862792969, 0.927596986293793 ], [ 121.297866821289176, 0.927777647972107 ], [ 121.298301696777344, 0.928475677967185 ], [ 121.298538208007812, 0.928777873516083 ], [ 121.298629760742301, 0.928940117359161 ], [ 121.298866271972656, 0.931543111801204 ], [ 121.298828125000114, 0.933153629302979 ], [ 121.298675537109375, 0.934378683567047 ], [ 121.298759460449219, 0.934913277626038 ], [ 121.299087524414062, 0.935217201709804 ], [ 121.299232482910156, 0.93540990352642 ], [ 121.300354003906364, 0.935676693916378 ], [ 121.300796508789062, 0.935827553272304 ], [ 121.301193237304688, 0.936028242111206 ], [ 121.301376342773438, 0.936295568942967 ], [ 121.301635742187727, 0.936986267566795 ], [ 121.301788330078125, 0.937380433082637 ], [ 121.301956176757812, 0.938119173049984 ], [ 121.302146911621094, 0.938976943492946 ], [ 121.30222320556652, 0.939306616783199 ], [ 121.302680969238281, 0.939570128917808 ], [ 121.302955627441406, 0.939879953861293 ], [ 121.303184509277457, 0.940217792987937 ], [ 121.303405761718864, 0.940500557422695 ], [ 121.303642272949219, 0.940923631191254 ], [ 121.303718566894531, 0.941308557987327 ], [ 121.303779602050895, 0.942088186740875 ], [ 121.303756713867301, 0.942800998687744 ], [ 121.303474426269531, 0.943892300128937 ], [ 121.303230285644645, 0.94527322053915 ], [ 121.303115844726562, 0.946698725223598 ], [ 121.303153991699446, 0.946855247020721 ], [ 121.303138732910156, 0.947201192379111 ], [ 121.303535461426009, 0.947923779487667 ], [ 121.303627014160156, 0.94801318645483 ], [ 121.303695678710938, 0.948062062263489 ], [ 121.304222106933594, 0.94850218296051 ], [ 121.304321289062614, 0.948778629302979 ], [ 121.304351806640739, 0.949076890945548 ], [ 121.304290771484375, 0.949483633041382 ], [ 121.304023742675781, 0.950062632560787 ], [ 121.30399322509777, 0.950149536132812 ], [ 121.3038330078125, 0.950487375259399 ], [ 121.303771972656364, 0.951158702373505 ], [ 121.303810119628906, 0.951360166072902 ], [ 121.303840637207031, 0.952000439167023 ], [ 121.304023742675781, 0.952601969242153 ], [ 121.30419921875, 0.953403949737549 ], [ 121.304222106933594, 0.95404988527298 ], [ 121.304298400879134, 0.954479217529297 ], [ 121.304298400879134, 0.954869031906185 ], [ 121.304420471191406, 0.955424070358333 ], [ 121.304786682128906, 0.955720543861503 ], [ 121.304916381836051, 0.955787301063594 ], [ 121.305168151855469, 0.956032812595424 ], [ 121.305923461914062, 0.956434130668754 ], [ 121.306610107421989, 0.956790864467735 ], [ 121.306854248046989, 0.957028448581696 ], [ 121.307273864746094, 0.957763254642487 ], [ 121.307571411132926, 0.958224594593105 ], [ 121.308090209960938, 0.958586931228638 ], [ 121.308502197265852, 0.958626210689545 ], [ 121.308822631835938, 0.958774447441158 ], [ 121.309364318847656, 0.95883625745779 ], [ 121.30982971191429, 0.958981812000275 ], [ 121.311035156250114, 0.959085404872837 ], [ 121.311630249023438, 0.95930111408245 ], [ 121.312240600585938, 0.959646642208213 ], [ 121.312477111816406, 0.95996618270874 ], [ 121.312522888183707, 0.960143864154873 ], [ 121.312561035156364, 0.960803329944724 ], [ 121.312644958496094, 0.961738884449005 ], [ 121.312820434570312, 0.964345097541809 ], [ 121.312942504882926, 0.964778065681571 ], [ 121.312965393066406, 0.964997291565055 ], [ 121.313568115234375, 0.965678751468658 ], [ 121.313903808593864, 0.966172218322868 ], [ 121.314369201660156, 0.966877341270447 ], [ 121.314476013183707, 0.967284202575627 ], [ 121.314537048339844, 0.967487275600547 ], [ 121.314659118652457, 0.968244135379848 ], [ 121.314788818359602, 0.96944701671606 ], [ 121.314689636230469, 0.970150649547691 ], [ 121.314414978027571, 0.971113622188511 ], [ 121.314277648925895, 0.971473813056946 ], [ 121.313468933105582, 0.972619950771445 ], [ 121.312751770019645, 0.973525822162685 ], [ 121.31201171875, 0.974368691444454 ], [ 121.31135559082054, 0.974835813045559 ], [ 121.310256958007926, 0.9756276607514 ], [ 121.30985260009777, 0.975733280181942 ], [ 121.309478759765739, 0.975792646408138 ], [ 121.307655334472656, 0.976151823997498 ], [ 121.306648254394645, 0.976571261882839 ], [ 121.306419372558707, 0.976631879806519 ], [ 121.30633544921875, 0.97670137882244 ], [ 121.306221008300895, 0.976748824119568 ], [ 121.306106567382812, 0.976899027824516 ], [ 121.305900573730582, 0.977076649665833 ], [ 121.305679321289176, 0.977453947067318 ], [ 121.305511474609489, 0.977661728858948 ], [ 121.305465698242301, 0.977802276611385 ], [ 121.30523681640625, 0.978188276290894 ], [ 121.305168151855469, 0.979225516319332 ], [ 121.305328369140739, 0.979823350906315 ], [ 121.305335998535156, 0.980000495910758 ], [ 121.305389404296875, 0.980072379112187 ], [ 121.30545806884777, 0.980336785316524 ], [ 121.306274414062614, 0.981225550174656 ], [ 121.307525634765625, 0.982706844806671 ], [ 121.308319091796989, 0.983771324157772 ], [ 121.308624267578125, 0.984485208988303 ], [ 121.308700561523551, 0.984706759452877 ], [ 121.308815002441406, 0.984764933586121 ], [ 121.309066772461165, 0.985125541687012 ], [ 121.309494018554801, 0.984795987606049 ], [ 121.311347961425781, 0.983492493629512 ], [ 121.312454223632812, 0.982751965522766 ], [ 121.313255310058594, 0.982272624969539 ], [ 121.314125061035156, 0.981543242931423 ], [ 121.314544677734375, 0.981219768524113 ], [ 121.314964294433594, 0.981030881404877 ], [ 121.315292358398438, 0.98096984624874 ], [ 121.315620422363395, 0.98098224401474 ], [ 121.316131591797102, 0.980896949768066 ], [ 121.316970825195312, 0.981118857860679 ], [ 121.318107604980582, 0.982068479061184 ], [ 121.318977355957031, 0.983066022396031 ], [ 121.319602966308707, 0.983907282352504 ], [ 121.320266723632812, 0.984641253948212 ], [ 121.320732116699332, 0.985498666763419 ], [ 121.32132720947277, 0.9871466755867 ], [ 121.321388244628906, 0.987278401851597 ], [ 121.321632385253906, 0.98812294006359 ], [ 121.321983337402344, 0.988531231880302 ], [ 121.322044372558821, 0.988663733005581 ], [ 121.323059082031364, 0.989308178424949 ], [ 121.323165893554688, 0.989321708679199 ], [ 121.323234558105582, 0.989365041256008 ], [ 121.324050903320312, 0.989565908908787 ], [ 121.324546813964957, 0.989503562450523 ], [ 121.327178955078125, 0.989271163940487 ], [ 121.327484130859375, 0.989278078079224 ], [ 121.327552795410156, 0.989236950874329 ], [ 121.32795715332054, 0.989014983177299 ], [ 121.328521728515852, 0.98872172832489 ], [ 121.329101562500227, 0.988281130790767 ], [ 121.329277038574219, 0.988167643547172 ], [ 121.329353332519645, 0.988089561462402 ], [ 121.330650329589957, 0.986888766288871 ], [ 121.33219146728527, 0.986465334892273 ], [ 121.333419799804688, 0.986522734165305 ], [ 121.333763122558594, 0.986589014530182 ], [ 121.336692810058594, 0.986770987510681 ], [ 121.338882446289176, 0.987071990966797 ], [ 121.339591979980696, 0.986704468727112 ], [ 121.341415405273438, 0.98527783155447 ], [ 121.341781616210938, 0.984963953495082 ], [ 121.34214019775402, 0.985018491745109 ], [ 121.343070983886832, 0.984756946563834 ], [ 121.343254089355582, 0.984727501869145 ], [ 121.344467163085938, 0.984580039978141 ], [ 121.345100402832031, 0.984542369842643 ], [ 121.345176696777457, 0.984494209289608 ], [ 121.345596313476562, 0.984443604946136 ], [ 121.345787048339844, 0.984178006649017 ], [ 121.345909118652457, 0.983983516693115 ], [ 121.34647369384777, 0.983206570148525 ], [ 121.346603393554688, 0.982926785945949 ], [ 121.347175598144531, 0.982053160667533 ], [ 121.34818267822277, 0.981075406074524 ], [ 121.349105834960938, 0.980970740318241 ], [ 121.349662780761719, 0.980948448181209 ], [ 121.350463867187727, 0.980926394462585 ], [ 121.351715087890625, 0.98106294870388 ], [ 121.352249145507926, 0.981204628944397 ], [ 121.353256225585938, 0.981427252292633 ], [ 121.355026245117188, 0.981849372387046 ], [ 121.355918884277344, 0.982371449470463 ], [ 121.35693359375, 0.983210980892295 ], [ 121.358093261718977, 0.983580231666622 ], [ 121.358268737792969, 0.983668684959468 ], [ 121.35865783691429, 0.983758807182369 ], [ 121.358833312988281, 0.983813762664852 ], [ 121.36252593994152, 0.984717547893581 ], [ 121.36557769775402, 0.985465407371578 ], [ 121.366744995117301, 0.985908150672969 ], [ 121.367195129394531, 0.986619889736176 ], [ 121.367607116699219, 0.987396061420441 ], [ 121.367866516113395, 0.987894952297324 ], [ 121.368598937988395, 0.989165067672673 ], [ 121.369163513183707, 0.990241885185355 ], [ 121.36962890625, 0.991454005241451 ], [ 121.369720458984602, 0.992720782756862 ], [ 121.369705200195312, 0.992856979370117 ], [ 121.369667053222656, 0.993294060230312 ], [ 121.36960601806652, 0.994305372238159 ], [ 121.370223999023438, 0.994302332401332 ], [ 121.370819091796875, 0.994299352169094 ], [ 121.370910644531364, 0.99434798955923 ], [ 121.372032165527457, 0.99491065740591 ], [ 121.373359680175895, 0.995762884616852 ], [ 121.37445068359375, 0.996249735355434 ], [ 121.376632690429801, 0.996248781681118 ], [ 121.378807067871094, 0.996247887611446 ], [ 121.379371643066406, 0.996417641639709 ], [ 121.380065917968864, 0.996622741222495 ], [ 121.381301879882812, 0.996998131275234 ], [ 121.382453918457031, 0.99734586477291 ], [ 121.383285522461051, 0.998696327209529 ], [ 121.383895874023551, 0.999656736850739 ], [ 121.384078979492301, 1.000342249870243 ], [ 121.384346008300781, 1.001308560371399 ], [ 121.385055541992301, 1.001385927200431 ], [ 121.385948181152457, 1.001479387283268 ], [ 121.389060974121207, 1.001493334770203 ], [ 121.389328002929688, 1.001494407653865 ], [ 121.39422607421875, 1.00116050243372 ], [ 121.40641021728527, 1.01100051403057 ], [ 121.412078857421989, 1.01454687118536 ], [ 121.413154602050781, 1.015215516090507 ], [ 121.41800689697277, 1.018261432647705 ], [ 121.421760559082031, 1.020229935646171 ], [ 121.42453765869152, 1.022205591201782 ], [ 121.425025939941406, 1.022877097129935 ], [ 121.425468444824332, 1.02454495430004 ], [ 121.426376342773665, 1.027924537658805 ], [ 121.426391601562614, 1.030061125755253 ], [ 121.426414489746207, 1.032940506935176 ], [ 121.426902770996094, 1.03564095497137 ], [ 121.427299499511719, 1.037755846977234 ], [ 121.4288330078125, 1.043099522590694 ], [ 121.420639038085938, 1.04441058635723 ], [ 121.423171997070426, 1.04566764831543 ], [ 121.424049377441406, 1.046696066856498 ], [ 121.42425537109375, 1.046944141387883 ], [ 121.424423217773438, 1.047142982482967 ], [ 121.424827575683594, 1.04801166057598 ], [ 121.425231933593977, 1.048882722854614 ], [ 121.425476074218864, 1.050078630447501 ], [ 121.425514221191406, 1.050244808197078 ], [ 121.425842285156364, 1.052830100059452 ], [ 121.426101684570312, 1.055589437484855 ], [ 121.427841186523438, 1.057034611701965 ], [ 121.428878784179801, 1.057830810546932 ], [ 121.43072509765625, 1.059328556060848 ], [ 121.431976318359489, 1.060200452804679 ], [ 121.4326171875, 1.060689568519706 ], [ 121.434295654296875, 1.061824679374809 ], [ 121.43511962890625, 1.062399148941097 ], [ 121.438873291015625, 1.062269330024776 ], [ 121.445098876953239, 1.060474157333374 ], [ 121.445457458496207, 1.06039118766796 ], [ 121.447967529296989, 1.059900641441345 ], [ 121.448074340820312, 1.059281468391475 ], [ 121.447914123535156, 1.058695197105351 ], [ 121.447868347167969, 1.058584451675472 ], [ 121.447822570800781, 1.05844879150402 ], [ 121.447402954101676, 1.058168053627014 ], [ 121.447265625, 1.057951807975712 ], [ 121.44715881347679, 1.057392597198486 ], [ 121.446838378906364, 1.056920409202576 ], [ 121.446624755859489, 1.056522130966243 ], [ 121.446495056152344, 1.056116580963248 ], [ 121.446434020996207, 1.055539965629634 ], [ 121.446426391601676, 1.055466413497982 ], [ 121.446319580078125, 1.055267572403068 ], [ 121.446281433105582, 1.055206298828239 ], [ 121.44608306884777, 1.054915070533809 ], [ 121.445861816406364, 1.054478168487492 ], [ 121.445709228515739, 1.05417788028717 ], [ 121.445869445800895, 1.053937792778015 ], [ 121.446342468261719, 1.053628325462398 ], [ 121.446441650390739, 1.053523540496826 ], [ 121.446533203125, 1.053419828415031 ], [ 121.446708679199219, 1.053233623504696 ], [ 121.447097778320312, 1.053025245666504 ], [ 121.447265625, 1.052942752838135 ], [ 121.447402954101676, 1.052781105041447 ], [ 121.447624206542969, 1.051834702491703 ], [ 121.448135375976676, 1.049667000770683 ], [ 121.448280334472656, 1.048905014991817 ], [ 121.448394775390625, 1.048353672027645 ], [ 121.448493957519759, 1.048151731491203 ], [ 121.449348449707031, 1.046593666076717 ], [ 121.449226379394531, 1.04622411727911 ], [ 121.448974609375, 1.045697212219295 ], [ 121.448692321777571, 1.045098304748649 ], [ 121.448585510253906, 1.044696450233459 ], [ 121.448364257812614, 1.044032216072083 ], [ 121.447731018066634, 1.043121814727897 ], [ 121.447517395019531, 1.0428466796875 ], [ 121.443634033203125, 1.036559462547302 ], [ 121.441390991210938, 1.034539222717342 ], [ 121.441535949707031, 1.029551148414726 ], [ 121.441543579101562, 1.029308676719722 ], [ 121.442001342773438, 1.026166915893668 ], [ 121.442558288574219, 1.022142052650452 ], [ 121.443611145019645, 1.019493222236576 ], [ 121.441421508789062, 1.019204735756034 ], [ 121.439674377441406, 1.018916249275264 ], [ 121.439598083496207, 1.016340136527958 ], [ 121.439476013183594, 1.011505126953239 ], [ 121.43900299072277, 1.007605075836125 ], [ 121.439064025878906, 1.005683779716605 ], [ 121.439094543457031, 1.003043293953056 ], [ 121.439117431640625, 1.001666784286613 ], [ 121.438278198242188, 0.997233331203574 ], [ 121.437385559082031, 0.992500603199062 ], [ 121.43729400634777, 0.992066085338593 ], [ 121.436843872070312, 0.992188274860382 ], [ 121.435615539550781, 0.992357432842255 ], [ 121.42645263671875, 0.995045065879765 ], [ 121.422279357910156, 0.996193408966178 ], [ 121.417503356933594, 0.985230624675864 ], [ 121.417007446289062, 0.984695971012115 ], [ 121.40335845947277, 0.969152569770813 ], [ 121.402603149414176, 0.963827133178654 ], [ 121.402374267578239, 0.962254941463527 ], [ 121.401779174804801, 0.957946300506649 ], [ 121.4014892578125, 0.953394055366516 ], [ 121.401153564453125, 0.947685301303977 ], [ 121.395072937011719, 0.933529317378998 ], [ 121.385215759277457, 0.911131918430328 ], [ 121.379547119140625, 0.898112952709198 ], [ 121.402435302734375, 0.890849590301514 ], [ 121.425148010253906, 0.88367980718624 ], [ 121.439163208007926, 0.879302024841422 ], [ 121.439430236816406, 0.866809606552238 ], [ 121.439559936523551, 0.846894562244358 ], [ 121.438964843750227, 0.846927165985221 ], [ 121.438308715820312, 0.846963167190609 ], [ 121.437156677246094, 0.847026467323417 ], [ 121.436630249023438, 0.84687119722372 ], [ 121.436172485351676, 0.846605241298676 ], [ 121.435134887695312, 0.845629632472935 ], [ 121.434616088867301, 0.845138072967529 ], [ 121.433883666992301, 0.844762086868343 ], [ 121.433189392089844, 0.844406604766846 ], [ 121.43210601806652, 0.844184696674404 ], [ 121.431419372558594, 0.844196200370902 ], [ 121.430809020996207, 0.844206273555812 ], [ 121.429916381835938, 0.84408974647522 ], [ 121.428939819335938, 0.843740403652305 ], [ 121.427841186523438, 0.843618333339691 ], [ 121.427253723144531, 0.843553304672241 ], [ 121.426338195800781, 0.84345144033432 ], [ 121.424934387207031, 0.843495190143585 ], [ 121.423660278320312, 0.843759596347923 ], [ 121.422904968261719, 0.843915164470729 ], [ 121.422126770019531, 0.844072043895721 ] ] ], [ [ [ 121.438278198242188, 0.9913507699967 ], [ 121.437339782714844, 0.991762280464172 ], [ 121.43729400634777, 0.992066085338593 ], [ 121.437538146972656, 0.992093205452079 ], [ 121.438278198242188, 0.9913507699967 ] ] ] ] } },
{ "type": "Feature", "properties": { "GID_0": "IDN", "NAME_0": "Indonesia", "GID_1": "IDN.27_1", "NAME_1": "Sulawesi Tengah", "GID_2": "IDN.27.3_1", "NAME_2": "Buol", "GID_3": "IDN.27.3.3_1", "NAME_3": "Bukal", "GID_4": "IDN.27.3.3.11_1", "NAME_4": "Upt Bukal I", "VARNAME_4": null, "TYPE_4": "Desa", "ENGTYPE_4": "Village", "CC_4": "7207031013" }, "geometry": { "type": "MultiPolygon", "coordinates": [ [ [ [ 121.401153564453125, 0.947685301303977 ], [ 121.407463073730469, 0.947682738304195 ], [ 121.410820007324219, 0.948245167732239 ], [ 121.411003112792969, 0.948270499706268 ], [ 121.413307189941406, 0.948647439479885 ], [ 121.414741516113509, 0.948636949062461 ], [ 121.417648315429801, 0.948411107063293 ], [ 121.417900085449219, 0.948424518108368 ], [ 121.418060302734375, 0.948408424854335 ], [ 121.420585632324219, 0.948565721511841 ], [ 121.4207763671875, 0.948575377464294 ], [ 121.426277160644531, 0.948515474796409 ], [ 121.427993774414062, 0.948456525802612 ], [ 121.428565979003906, 0.948436915874538 ], [ 121.428497314453239, 0.948360860347861 ], [ 121.427902221679915, 0.934085011482352 ], [ 121.43210601806652, 0.932103753089962 ], [ 121.434593200683707, 0.931954741478023 ], [ 121.436325073242301, 0.931889057159424 ], [ 121.436798095703125, 0.927541673183441 ], [ 121.43845367431652, 0.913176834583396 ], [ 121.438781738281364, 0.897501468658447 ], [ 121.439247131347656, 0.879229366779441 ], [ 121.439163208007926, 0.879302024841422 ], [ 121.425148010253906, 0.88367980718624 ], [ 121.402435302734375, 0.890849590301514 ], [ 121.379547119140625, 0.898112952709198 ], [ 121.385215759277457, 0.911131918430328 ], [ 121.395072937011719, 0.933529317378998 ], [ 121.401153564453125, 0.947685301303977 ] ] ] ] } },
{ "type": "Feature", "properties": { "GID_0": "IDN", "NAME_0": "Indonesia", "GID_1": "IDN.27_1", "NAME_1": "Sulawesi Tengah", "GID_2": "IDN.27.3_1", "NAME_2": "Buol", "GID_3": "IDN.27.3.3_1", "NAME_3": "Bukal", "GID_4": "IDN.27.3.3.12_1", "NAME_4": "Winangun", "VARNAME_4": null, "TYPE_4": "Desa", "ENGTYPE_4": "Village", "CC_4": "7207031002" }, "geometry": { "type": "MultiPolygon", "coordinates": [ [ [ [ 121.43729400634777, 0.992066085338593 ], [ 121.437339782714844, 0.991762280464172 ], [ 121.438278198242188, 0.9913507699967 ], [ 121.437431335449446, 0.986406862735691 ], [ 121.435745239257926, 0.977010726928711 ], [ 121.434387207031477, 0.972310185432377 ], [ 121.434158325195312, 0.971558690071163 ], [ 121.433807373047102, 0.970657944679317 ], [ 121.433021545410156, 0.968511819839478 ], [ 121.431640625, 0.964779436588344 ], [ 121.43137359619152, 0.964102625846806 ], [ 121.429733276367188, 0.959706842899379 ], [ 121.428894042968864, 0.957641899585838 ], [ 121.428726196289176, 0.953627347946281 ], [ 121.428565979003906, 0.948436915874538 ], [ 121.427993774414062, 0.948456525802612 ], [ 121.426277160644531, 0.948515474796409 ], [ 121.4207763671875, 0.948575377464294 ], [ 121.420585632324219, 0.948565721511841 ], [ 121.418060302734375, 0.948408424854335 ], [ 121.417900085449219, 0.948424518108368 ], [ 121.417648315429801, 0.948411107063293 ], [ 121.414741516113509, 0.948636949062461 ], [ 121.413307189941406, 0.948647439479885 ], [ 121.411003112792969, 0.948270499706268 ], [ 121.410820007324219, 0.948245167732239 ], [ 121.407463073730469, 0.947682738304195 ], [ 121.401153564453125, 0.947685301303977 ], [ 121.4014892578125, 0.953394055366516 ], [ 121.401779174804801, 0.957946300506649 ], [ 121.402374267578239, 0.962254941463527 ], [ 121.402603149414176, 0.963827133178654 ], [ 121.40335845947277, 0.969152569770813 ], [ 121.417007446289062, 0.984695971012115 ], [ 121.417503356933594, 0.985230624675864 ], [ 121.422279357910156, 0.996193408966178 ], [ 121.42645263671875, 0.995045065879765 ], [ 121.435615539550781, 0.992357432842255 ], [ 121.436843872070312, 0.992188274860382 ], [ 121.43729400634777, 0.992066085338593 ] ] ] ] } },
{ "type": "Feature", "properties": { "GID_0": "IDN", "NAME_0": "Indonesia", "GID_1": "IDN.27_1", "NAME_1": "Sulawesi Tengah", "GID_2": "IDN.27.3_1", "NAME_2": "Buol", "GID_3": "IDN.27.3.3_1", "NAME_3": "Bukal", "GID_4": "IDN.27.3.3.13_1", "NAME_4": "Yugut", "VARNAME_4": null, "TYPE_4": "Desa", "ENGTYPE_4": "Village", "CC_4": "7207031010" }, "geometry": { "type": "MultiPolygon", "coordinates": [ [ [ [ 121.369667053222656, 0.993294060230312 ], [ 121.369468688964844, 0.994335234165305 ], [ 121.369430541992188, 0.994633734226227 ], [ 121.369209289550895, 0.995342791080532 ], [ 121.368057250976676, 0.999932587146759 ], [ 121.367065429687614, 1.002262234687805 ], [ 121.36539459228527, 1.006127476692313 ], [ 121.365097045898438, 1.006911158561763 ], [ 121.364799499511832, 1.00747096538538 ], [ 121.364540100097656, 1.008068084716797 ], [ 121.362960815429688, 1.011751294136047 ], [ 121.359588623046875, 1.017251133918762 ], [ 121.35931396484375, 1.01767277717596 ], [ 121.359169006347656, 1.017937302589417 ], [ 121.358123779296989, 1.019646644592285 ], [ 121.357727050781364, 1.020356059074459 ], [ 121.357543945312614, 1.020682454109192 ], [ 121.356132507324219, 1.023033618927059 ], [ 121.35479736328125, 1.025310277938956 ], [ 121.354095458984489, 1.026541829109192 ], [ 121.353942871093864, 1.026804566383419 ], [ 121.354011535644531, 1.026957869529781 ], [ 121.355560302734375, 1.029162645340023 ], [ 121.358108520507926, 1.03142690658575 ], [ 121.360877990722656, 1.03393995761877 ], [ 121.365959167480582, 1.038571357726994 ], [ 121.370796203613281, 1.040191769599971 ], [ 121.376289367675781, 1.04207098484045 ], [ 121.377456665039062, 1.042423486709595 ], [ 121.381332397460938, 1.043721079826412 ], [ 121.382133483886832, 1.043974161148185 ], [ 121.382568359375114, 1.044074773788566 ], [ 121.387222290039062, 1.045232415199393 ], [ 121.391563415527344, 1.0464284420014 ], [ 121.394195556640739, 1.047163844108638 ], [ 121.399520874023551, 1.047164797782898 ], [ 121.400032043457031, 1.047086477279777 ], [ 121.400115966796989, 1.047085404396114 ], [ 121.400527954101562, 1.047011852264461 ], [ 121.406578063964957, 1.046090841293335 ], [ 121.410888671875, 1.045525312423706 ], [ 121.415153503418082, 1.045307159423885 ], [ 121.420547485351562, 1.044425249099731 ], [ 121.420639038085938, 1.04441058635723 ], [ 121.4288330078125, 1.043099522590694 ], [ 121.427299499511719, 1.037755846977234 ], [ 121.426902770996094, 1.03564095497137 ], [ 121.426414489746207, 1.032940506935176 ], [ 121.426391601562614, 1.030061125755253 ], [ 121.426376342773665, 1.027924537658805 ], [ 121.425468444824332, 1.02454495430004 ], [ 121.425025939941406, 1.022877097129935 ], [ 121.42453765869152, 1.022205591201782 ], [ 121.421760559082031, 1.020229935646171 ], [ 121.41800689697277, 1.018261432647705 ], [ 121.413154602050781, 1.015215516090507 ], [ 121.412078857421989, 1.01454687118536 ], [ 121.40641021728527, 1.01100051403057 ], [ 121.39422607421875, 1.00116050243372 ], [ 121.389328002929688, 1.001494407653865 ], [ 121.389060974121207, 1.001493334770203 ], [ 121.385948181152457, 1.001479387283268 ], [ 121.385055541992301, 1.001385927200431 ], [ 121.384346008300781, 1.001308560371399 ], [ 121.384078979492301, 1.000342249870243 ], [ 121.383895874023551, 0.999656736850739 ], [ 121.383285522461051, 0.998696327209529 ], [ 121.382453918457031, 0.99734586477291 ], [ 121.381301879882812, 0.996998131275234 ], [ 121.380065917968864, 0.996622741222495 ], [ 121.379371643066406, 0.996417641639709 ], [ 121.378807067871094, 0.996247887611446 ], [ 121.376632690429801, 0.996248781681118 ], [ 121.37445068359375, 0.996249735355434 ], [ 121.373359680175895, 0.995762884616852 ], [ 121.372032165527457, 0.99491065740591 ], [ 121.370910644531364, 0.99434798955923 ], [ 121.370819091796875, 0.994299352169094 ], [ 121.370223999023438, 0.994302332401332 ], [ 121.36960601806652, 0.994305372238159 ], [ 121.369667053222656, 0.993294060230312 ] ] ] ] } },
{ "type": "Feature", "properties": { "GID_0": "IDN", "NAME_0": "Indonesia", "GID_1": "IDN.27_1", "NAME_1": "Sulawesi Tengah", "GID_2": "IDN.27.3_1", "NAME_2": "Buol", "GID_3": "IDN.27.3.4_1", "NAME_3": "Bunobogu", "GID_4": "IDN.27.3.4.1_1", "NAME_4": "Botugolu", "VARNAME_4": null, "TYPE_4": "Desa", "ENGTYPE_4": "Village", "CC_4": "7207040013" }, "geometry": { "type": "MultiPolygon", "coordinates": [ [ [ [ 121.583099365234375, 1.041652917861882 ], [ 121.584022521972656, 1.045036196708679 ], [ 121.584175109863395, 1.045614242553825 ], [ 121.584213256835938, 1.045749664306754 ], [ 121.585281372070426, 1.049849510192985 ], [ 121.5855712890625, 1.050899863243217 ], [ 121.586524963378906, 1.054852485656795 ], [ 121.586654663086051, 1.055388569831848 ], [ 121.587059020996094, 1.057389974594116 ], [ 121.587142944335938, 1.057736873626823 ], [ 121.587219238281364, 1.058021306991691 ], [ 121.587837219238281, 1.057848334312496 ], [ 121.588531494140739, 1.057585239410344 ], [ 121.592544555664176, 1.056072592735234 ], [ 121.596275329589844, 1.055321216583366 ], [ 121.598213195800781, 1.054995536804256 ], [ 121.602081298828239, 1.054704904556388 ], [ 121.604499816894531, 1.054757714271545 ], [ 121.605537414550895, 1.054811358451843 ], [ 121.606491088867301, 1.055099487304688 ], [ 121.608970642089957, 1.056194663047847 ], [ 121.608978271484489, 1.056071400642452 ], [ 121.609046936035156, 1.055703282356376 ], [ 121.608970642089957, 1.055137753486747 ], [ 121.608970642089957, 1.055041909217891 ], [ 121.608947753906364, 1.054965138435421 ], [ 121.608940124511832, 1.054873585700989 ], [ 121.608833312988281, 1.054471969604492 ], [ 121.608810424804688, 1.054388165473938 ], [ 121.608528137207259, 1.053972005844173 ], [ 121.608222961425781, 1.05350315570837 ], [ 121.608024597168082, 1.053003787994442 ], [ 121.60800933837902, 1.052492499351558 ], [ 121.6082763671875, 1.052096366882324 ], [ 121.608772277832145, 1.051492214202995 ], [ 121.609283447265852, 1.050893306732178 ], [ 121.609642028808594, 1.050196051597652 ], [ 121.609657287597656, 1.049714446067753 ], [ 121.609657287597656, 1.049614191055298 ], [ 121.609687805175895, 1.049205899238586 ], [ 121.609703063964957, 1.049091100692806 ], [ 121.609649658203125, 1.048993229865971 ], [ 121.609527587890739, 1.048759460449219 ], [ 121.609397888183594, 1.048524379730225 ], [ 121.608772277832145, 1.048109889030513 ], [ 121.608398437500114, 1.048087835312003 ], [ 121.608291625976562, 1.048081517219657 ], [ 121.608154296875114, 1.048081636428833 ], [ 121.607604980468864, 1.048536658287048 ], [ 121.6075439453125, 1.048588991165161 ], [ 121.607452392578239, 1.048698902130127 ], [ 121.607109069824219, 1.049102783203239 ], [ 121.606765747070312, 1.049175143241939 ], [ 121.606498718261832, 1.049229264259452 ], [ 121.606338500976562, 1.049001216888428 ], [ 121.606445312500114, 1.048778533935604 ], [ 121.606857299804801, 1.04852569103241 ], [ 121.607276916503906, 1.048333644866943 ], [ 121.607444763183707, 1.048261165618896 ], [ 121.607872009277344, 1.048024535179195 ], [ 121.608291625976562, 1.047659277916011 ], [ 121.608367919921989, 1.047326564788932 ], [ 121.608253479003906, 1.046869158744869 ], [ 121.60809326171875, 1.046564221382198 ], [ 121.607627868652457, 1.046344995498714 ], [ 121.60748291015625, 1.046107888221798 ], [ 121.607322692871094, 1.045855998993034 ], [ 121.607246398925895, 1.04544126987463 ], [ 121.607429504394645, 1.045351862907467 ], [ 121.607521057128906, 1.045417666435242 ], [ 121.607765197754134, 1.045588374137992 ], [ 121.607879638671875, 1.04559051990509 ], [ 121.608200073242301, 1.045603036880436 ], [ 121.608573913574332, 1.04560291767126 ], [ 121.608909606933821, 1.045439124107304 ], [ 121.609146118164176, 1.045133590698242 ], [ 121.609130859375114, 1.044703125953674 ], [ 121.609100341797102, 1.044564366340637 ], [ 121.6090087890625, 1.044230461120719 ], [ 121.608627319335938, 1.044132471084538 ], [ 121.608245849609375, 1.044088840484619 ], [ 121.608116149902344, 1.044020891189575 ], [ 121.607902526855469, 1.043912768364009 ], [ 121.607414245605582, 1.043741464614868 ], [ 121.607315063476562, 1.043673276901245 ], [ 121.607063293457145, 1.043501257896537 ], [ 121.606628417968864, 1.043384671211356 ], [ 121.606178283691406, 1.043179750442619 ], [ 121.605911254882926, 1.043077707290763 ], [ 121.605636596679688, 1.042976379394645 ], [ 121.605339050293082, 1.042803645133972 ], [ 121.605171203613281, 1.042687177658138 ], [ 121.604942321777457, 1.04253876209259 ], [ 121.604537963867301, 1.042375326156673 ], [ 121.603904724121094, 1.042194366455078 ], [ 121.603561401367415, 1.041997551918143 ], [ 121.60343170166027, 1.041926383972282 ], [ 121.60300445556652, 1.041718244552612 ], [ 121.602371215820312, 1.041518449783439 ], [ 121.601959228515625, 1.04128992557537 ], [ 121.601814270019531, 1.041237354278564 ], [ 121.601516723632926, 1.041138887405509 ], [ 121.601173400878906, 1.040993094444332 ], [ 121.600761413574332, 1.040818095207328 ], [ 121.60064697265625, 1.040747523307914 ], [ 121.600448608398438, 1.040637731552124 ], [ 121.600349426269645, 1.040577173233089 ], [ 121.600166320800895, 1.040473580360469 ], [ 121.600044250488281, 1.040441155433712 ], [ 121.599922180175781, 1.04040968418127 ], [ 121.599632263183707, 1.040234684944153 ], [ 121.599342346191406, 1.0400887727738 ], [ 121.599250793457145, 1.040042400360164 ], [ 121.598960876464844, 1.039907336235103 ], [ 121.598762512207031, 1.039744019508362 ], [ 121.59867095947277, 1.039680361747742 ], [ 121.598548889160156, 1.03960037231451 ], [ 121.598335266113281, 1.039470195770321 ], [ 121.59822082519554, 1.039363503456116 ], [ 121.59803771972679, 1.039213538169861 ], [ 121.597869873046989, 1.039043426513729 ], [ 121.5966796875, 1.037980794906673 ], [ 121.596611022949219, 1.037930130958614 ], [ 121.596115112304688, 1.037258148193359 ], [ 121.594322204589844, 1.037829756736812 ], [ 121.588653564453125, 1.039636969566345 ], [ 121.588577270507812, 1.039667129516602 ], [ 121.583587646484489, 1.041469097137565 ], [ 121.583099365234375, 1.041652917861882 ] ] ] ] } },
{ "type": "Feature", "properties": { "GID_0": "IDN", "NAME_0": "Indonesia", "GID_1": "IDN.27_1", "NAME_1": "Sulawesi Tengah", "GID_2": "IDN.27.3_1", "NAME_2": "Buol", "GID_3": "IDN.27.3.4_1", "NAME_3": "Bunobogu", "GID_4": "IDN.27.3.4.2_1", "NAME_4": "Bunobogu", "VARNAME_4": null, "TYPE_4": "Desa", "ENGTYPE_4": "Village", "CC_4": "7207040002" }, "geometry": { "type": "MultiPolygon", "coordinates": [ [ [ [ 121.633460998535156, 0.889367520809117 ], [ 121.632904052734375, 0.88885277509695 ], [ 121.632278442382812, 0.888267517089901 ], [ 121.631591796875, 0.887688815593776 ], [ 121.630447387695312, 0.88739758729929 ], [ 121.629783630371094, 0.887226998806113 ], [ 121.629150390625114, 0.887064933776969 ], [ 121.629302978515625, 0.887199223041478 ], [ 121.628913879394531, 0.888466119766292 ], [ 121.628005981445426, 0.891430974006767 ], [ 121.626968383789062, 0.894819140434379 ], [ 121.626541137695312, 0.896209061145896 ], [ 121.626251220703125, 0.897156655788478 ], [ 121.625938415527457, 0.898169279098624 ], [ 121.6258544921875, 0.898431360721702 ], [ 121.625831604003906, 0.898516297340507 ], [ 121.624908447265625, 0.901518940925655 ], [ 121.624626159667969, 0.902453005313987 ], [ 121.623870849609375, 0.90490764379507 ], [ 121.623374938964844, 0.906522452831268 ], [ 121.622947692871094, 0.907927215099392 ], [ 121.62263488769554, 0.908953130245266 ], [ 121.62210845947277, 0.910663068294582 ], [ 121.62127685546875, 0.913368821144047 ], [ 121.62058258056652, 0.915640950202999 ], [ 121.620323181152344, 0.916472077369747 ], [ 121.618934631347656, 0.921018004417533 ], [ 121.617469787597656, 0.925784349441585 ], [ 121.616310119628906, 0.929597437381744 ], [ 121.615165710449219, 0.933286309242362 ], [ 121.613456726074219, 0.938868105411643 ], [ 121.612091064453125, 0.942258358001766 ], [ 121.611129760742188, 0.94463586807251 ], [ 121.610069274902457, 0.947271168231964 ], [ 121.609504699707145, 0.94869327545166 ], [ 121.608634948730469, 0.950836181640682 ], [ 121.607887268066406, 0.952693521976471 ], [ 121.606742858886719, 0.955563187599296 ], [ 121.60540771484375, 0.958875834941864 ], [ 121.605072021484375, 0.959704399109 ], [ 121.604057312011719, 0.962224543094749 ], [ 121.6038818359375, 0.963013589382285 ], [ 121.603240966796989, 0.965853929519767 ], [ 121.602645874023551, 0.968545794487113 ], [ 121.601692199707145, 0.972662687301693 ], [ 121.600715637207145, 0.976801335811615 ], [ 121.599388122558707, 0.982490956783352 ], [ 121.598739624023438, 0.985266506671906 ], [ 121.59842681884777, 0.987610876560154 ], [ 121.597808837890625, 0.992239892482758 ], [ 121.597976684570312, 0.994288802146912 ], [ 121.598121643066406, 0.996006608009452 ], [ 121.6002197265625, 1.000994205474967 ], [ 121.600555419921989, 1.001775979995841 ], [ 121.601814270019531, 1.004777789116019 ], [ 121.603202819824332, 1.008065462112427 ], [ 121.603591918945426, 1.011151075363216 ], [ 121.604263305664062, 1.013426423072929 ], [ 121.605178833007812, 1.014068603515625 ], [ 121.605995178222656, 1.014646768569946 ], [ 121.60739898681652, 1.018625378608704 ], [ 121.608406066894645, 1.021490335464478 ], [ 121.608512878417969, 1.021937012672367 ], [ 121.60910797119152, 1.024510264396781 ], [ 121.60935211181652, 1.025555968284721 ], [ 121.610610961914062, 1.030966401100272 ], [ 121.610855102539176, 1.031979680061454 ], [ 121.610420227050781, 1.032432556152401 ], [ 121.610046386718977, 1.033070206642151 ], [ 121.610023498535156, 1.033412456512508 ], [ 121.6099853515625, 1.034150004386845 ], [ 121.610305786132926, 1.03673970699316 ], [ 121.610794067382812, 1.037322878837699 ], [ 121.611587524414176, 1.037716031074467 ], [ 121.6119384765625, 1.037904500961304 ], [ 121.612197875976676, 1.038085818290824 ], [ 121.612197875976676, 1.038609266281185 ], [ 121.612167358398551, 1.039187073707637 ], [ 121.612037658691406, 1.03926587104803 ], [ 121.611961364746321, 1.039317607879696 ], [ 121.611846923828125, 1.039430975913945 ], [ 121.611846923828125, 1.039990782737789 ], [ 121.611854553222656, 1.041118144989014 ], [ 121.61195373535179, 1.04139149189001 ], [ 121.612075805664062, 1.041704058647213 ], [ 121.612037658691406, 1.042190194130001 ], [ 121.611778259277457, 1.04263353347784 ], [ 121.611679077148438, 1.042690634727592 ], [ 121.611534118652344, 1.042787671089286 ], [ 121.611335754394531, 1.042894601822013 ], [ 121.611175537109375, 1.042991280555839 ], [ 121.610923767089844, 1.042957186699027 ], [ 121.610786437988281, 1.042945742607117 ], [ 121.610443115234489, 1.043031811714172 ], [ 121.609832763671875, 1.042850613594169 ], [ 121.609344482421989, 1.042508602142334 ], [ 121.6092529296875, 1.042446136474666 ], [ 121.609184265136719, 1.042263269424438 ], [ 121.609092712402571, 1.042034387588444 ], [ 121.609054565429688, 1.041678786277771 ], [ 121.609046936035156, 1.04074060916912 ], [ 121.608695983886719, 1.040428638458366 ], [ 121.608528137207259, 1.040448904037419 ], [ 121.60837554931652, 1.040469884872493 ], [ 121.608253479003906, 1.040558218955994 ], [ 121.608139038086165, 1.040667057037467 ], [ 121.608070373535156, 1.040823340416068 ], [ 121.607978820800895, 1.041016221046448 ], [ 121.608230590820312, 1.041516542434692 ], [ 121.60882568359375, 1.042682647705192 ], [ 121.609001159667969, 1.043197751045227 ], [ 121.608993530273438, 1.043878078460807 ], [ 121.6090087890625, 1.044230461120719 ], [ 121.609100341797102, 1.044564366340637 ], [ 121.609130859375114, 1.044703125953674 ], [ 121.609146118164176, 1.045133590698242 ], [ 121.608909606933821, 1.045439124107304 ], [ 121.608573913574332, 1.04560291767126 ], [ 121.608200073242301, 1.045603036880436 ], [ 121.607879638671875, 1.04559051990509 ], [ 121.607765197754134, 1.045588374137992 ], [ 121.607521057128906, 1.045417666435242 ], [ 121.607429504394645, 1.045351862907467 ], [ 121.607246398925895, 1.04544126987463 ], [ 121.607322692871094, 1.045855998993034 ], [ 121.60748291015625, 1.046107888221798 ], [ 121.607627868652457, 1.046344995498714 ], [ 121.60809326171875, 1.046564221382198 ], [ 121.608253479003906, 1.046869158744869 ], [ 121.608367919921989, 1.047326564788932 ], [ 121.608291625976562, 1.047659277916011 ], [ 121.607872009277344, 1.048024535179195 ], [ 121.607444763183707, 1.048261165618896 ], [ 121.607276916503906, 1.048333644866943 ], [ 121.606857299804801, 1.04852569103241 ], [ 121.606445312500114, 1.048778533935604 ], [ 121.606338500976562, 1.049001216888428 ], [ 121.606498718261832, 1.049229264259452 ], [ 121.606765747070312, 1.049175143241939 ], [ 121.607109069824219, 1.049102783203239 ], [ 121.607452392578239, 1.048698902130127 ], [ 121.6075439453125, 1.048588991165161 ], [ 121.607604980468864, 1.048536658287048 ], [ 121.608154296875114, 1.048081636428833 ], [ 121.608291625976562, 1.048081517219657 ], [ 121.608398437500114, 1.048087835312003 ], [ 121.608772277832145, 1.048109889030513 ], [ 121.609397888183594, 1.048524379730225 ], [ 121.609527587890739, 1.048759460449219 ], [ 121.609649658203125, 1.048993229865971 ], [ 121.609703063964957, 1.049091100692806 ], [ 121.609687805175895, 1.049205899238586 ], [ 121.61045074462902, 1.049218297004813 ], [ 121.611465454101562, 1.04918992519373 ], [ 121.61177062988304, 1.049151778221244 ], [ 121.612350463867301, 1.04916512966156 ], [ 121.615600585937614, 1.049074292183036 ], [ 121.617256164550781, 1.049008011817989 ], [ 121.620109558105469, 1.0489501953125 ], [ 121.623611450195426, 1.048610210418701 ], [ 121.631652832031364, 1.046760678291434 ], [ 121.631744384765625, 1.04673957824707 ], [ 121.631584167480469, 1.045261979103032 ], [ 121.63153076171875, 1.044851779937744 ], [ 121.631752014160156, 1.042998790741024 ], [ 121.632026672363395, 1.040386438369808 ], [ 121.632125854492188, 1.039391994476318 ], [ 121.63224029541027, 1.037522315978947 ], [ 121.632354736328125, 1.037017703056335 ], [ 121.632675170898438, 1.035333991050777 ], [ 121.6326904296875, 1.03523147106182 ], [ 121.632827758789062, 1.032747030258179 ], [ 121.632179260254134, 1.028865933418331 ], [ 121.628799438476676, 1.019339561462516 ], [ 121.62855529785179, 1.018728494644222 ], [ 121.628509521484375, 1.018536090850887 ], [ 121.628646850585938, 1.017666339874211 ], [ 121.628684997558594, 1.017271041870117 ], [ 121.629692077636946, 1.016314268112296 ], [ 121.630844116211165, 1.015198469161987 ], [ 121.634117126464957, 1.014565587043705 ], [ 121.63618469238304, 1.014153838157711 ], [ 121.637680053710938, 1.010717630386409 ], [ 121.638648986816406, 1.008418083190918 ], [ 121.640899658203125, 1.003005146980342 ], [ 121.645912170410384, 0.990339457988739 ], [ 121.648071289062614, 0.984753847122249 ], [ 121.651435852051009, 0.975990295410213 ], [ 121.657951354980582, 0.962231993675346 ], [ 121.674629211425781, 0.926781773567313 ], [ 121.67694091796875, 0.921858191490173 ], [ 121.677162170410156, 0.921529591083527 ], [ 121.677337646484375, 0.921188175678253 ], [ 121.678588867187614, 0.919420540332794 ], [ 121.680412292480469, 0.916725039482174 ], [ 121.68231201171875, 0.913892626762504 ], [ 121.683921813964957, 0.91153192520153 ], [ 121.68499755859375, 0.909816324710846 ], [ 121.689498901367188, 0.902591407299155 ], [ 121.688591003417969, 0.902812302112693 ], [ 121.687561035156364, 0.902477324008942 ], [ 121.685737609863281, 0.901274502277488 ], [ 121.684646606445426, 0.900542318821067 ], [ 121.684127807617301, 0.900489866733608 ], [ 121.683296203613509, 0.900855422020072 ], [ 121.681938171386719, 0.901270508766174 ], [ 121.680908203125, 0.901586353778896 ], [ 121.680297851562614, 0.901723980903739 ], [ 121.678825378417969, 0.902056038379669 ], [ 121.676994323730696, 0.902772307395992 ], [ 121.676025390625, 0.903152644634361 ], [ 121.6751708984375, 0.903388857841549 ], [ 121.67451477050804, 0.903570234775657 ], [ 121.673362731933594, 0.90345919132244 ], [ 121.672126770019531, 0.902733027935085 ], [ 121.670883178710938, 0.901683390140647 ], [ 121.670150756836051, 0.901059687137604 ], [ 121.669372558593977, 0.90068298578268 ], [ 121.668174743652344, 0.900101959705466 ], [ 121.667449951171875, 0.899751961231175 ], [ 121.666931152343864, 0.899377226829642 ], [ 121.665939331054915, 0.898653745651188 ], [ 121.665458679199219, 0.897902607917842 ], [ 121.664993286132926, 0.897188425064201 ], [ 121.664588928222656, 0.896562516689301 ], [ 121.662925720214957, 0.895934641361237 ], [ 121.661834716796875, 0.895307004451809 ], [ 121.661407470703239, 0.894811153411979 ], [ 121.660484313964844, 0.89374452829361 ], [ 121.659767150878906, 0.892916738986969 ], [ 121.659034729003906, 0.892065286636409 ], [ 121.658096313476562, 0.891751348972434 ], [ 121.656906127929688, 0.892012238502502 ], [ 121.655967712402344, 0.891959607601279 ], [ 121.654563903808707, 0.891227722167969 ], [ 121.653839111328125, 0.891552150249538 ], [ 121.653160095215071, 0.891854047775325 ], [ 121.652175903320312, 0.892585456371421 ], [ 121.651390075683594, 0.893507242202759 ], [ 121.650978088378906, 0.893996298313198 ], [ 121.649421691894531, 0.894727468490544 ], [ 121.647941589355469, 0.895042002201137 ], [ 121.647087097168082, 0.89522480964672 ], [ 121.64579010009777, 0.89517205953598 ], [ 121.644958496093977, 0.894753575325126 ], [ 121.643661499023551, 0.894125878810996 ], [ 121.64263916015625, 0.893782496452332 ], [ 121.641319274902344, 0.893340945243949 ], [ 121.639854431152457, 0.892842113971824 ], [ 121.638572692871094, 0.892405509948844 ], [ 121.63763427734375, 0.892085134983176 ], [ 121.636932373046875, 0.891771614551544 ], [ 121.63519287109375, 0.890986621379909 ], [ 121.634483337402457, 0.890329003334045 ], [ 121.633460998535156, 0.889367520809117 ] ] ] ] } },
{ "type": "Feature", "properties": { "GID_0": "IDN", "NAME_0": "Indonesia", "GID_1": "IDN.27_1", "NAME_1": "Sulawesi Tengah", "GID_2": "IDN.27.3_1", "NAME_2": "Buol", "GID_3": "IDN.27.3.4_1", "NAME_3": "Bunobogu", "GID_4": "IDN.27.3.4.3_1", "NAME_4": "Domag Mekar", "VARNAME_4": null, "TYPE_4": "Desa", "ENGTYPE_4": "Village", "CC_4": "7207040014" }, "geometry": { "type": "MultiPolygon", "coordinates": [ [ [ [ 121.590209960937727, 0.872561752796173 ], [ 121.589302062988395, 0.872830986976737 ], [ 121.588912963867301, 0.872945249080715 ], [ 121.587898254394531, 0.873244524002189 ], [ 121.587226867675895, 0.872974097728786 ], [ 121.586791992187614, 0.872797250747624 ], [ 121.586082458496207, 0.872512400150299 ], [ 121.585449218750227, 0.872259020805416 ], [ 121.584518432617301, 0.871884465217647 ], [ 121.583908081054688, 0.871639728546199 ], [ 121.583145141601562, 0.87158644199377 ], [ 121.582031250000114, 0.871508359909114 ], [ 121.581367492675781, 0.871536016464233 ], [ 121.580978393554688, 0.871552348136959 ], [ 121.580413818359375, 0.871576011180935 ], [ 121.57883453369152, 0.871641874313468 ], [ 121.577445983886832, 0.872239887714386 ], [ 121.576736450195426, 0.871995031833762 ], [ 121.576080322265625, 0.871334731578941 ], [ 121.57559967041027, 0.870894610881919 ], [ 121.574584960937614, 0.870715081691799 ], [ 121.573982238769531, 0.870631039142722 ], [ 121.57275390625, 0.870763659477348 ], [ 121.57209777832054, 0.871204316616002 ], [ 121.571014404296989, 0.872015357017631 ], [ 121.570808410644645, 0.872172772884426 ], [ 121.570602416992301, 0.872328519821224 ], [ 121.570404052734489, 0.872476220130977 ], [ 121.569877624511832, 0.872866153717041 ], [ 121.568687438964957, 0.873759865760746 ], [ 121.567588806152457, 0.874262094497738 ], [ 121.566848754882812, 0.874597311019841 ], [ 121.56617736816429, 0.874474406242484 ], [ 121.565231323242415, 0.874303936958256 ], [ 121.563957214355582, 0.874072790145817 ], [ 121.563217163085938, 0.873938262462616 ], [ 121.562347412109375, 0.874423086643219 ], [ 121.561683654785156, 0.874999344348964 ], [ 121.560417175292969, 0.87609726190567 ], [ 121.559883117676009, 0.876497566699982 ], [ 121.559112548828125, 0.87706649303442 ], [ 121.558807373046989, 0.877293646335602 ], [ 121.55810546875, 0.877815604210014 ], [ 121.5570068359375, 0.877992212772483 ], [ 121.556053161621094, 0.878044605255184 ], [ 121.555305480957259, 0.878085792064667 ], [ 121.554794311523551, 0.878113746643066 ], [ 121.553764343261719, 0.878170251846427 ], [ 121.552154541015625, 0.878258466720581 ], [ 121.551979064941406, 0.878277957439479 ], [ 121.549278259277457, 0.880135357380027 ], [ 121.549179077148438, 0.880463778972683 ], [ 121.548873901367301, 0.880990147590751 ], [ 121.548934936523438, 0.881335139274654 ], [ 121.549179077148438, 0.882663369178829 ], [ 121.549575805664062, 0.88411641120922 ], [ 121.550247192382812, 0.885203897953033 ], [ 121.550529479980469, 0.885712862014884 ], [ 121.550895690917969, 0.886006295681057 ], [ 121.551849365234375, 0.886801719665527 ], [ 121.552963256835938, 0.887678027153072 ], [ 121.553184509277344, 0.887851774692592 ], [ 121.554351806640852, 0.889867603778839 ], [ 121.554824829101562, 0.890719711780605 ], [ 121.554893493652344, 0.89079791307455 ], [ 121.555213928222656, 0.891120731830654 ], [ 121.555961608886719, 0.891908168792668 ], [ 121.557281494140739, 0.89300853013998 ], [ 121.558349609375, 0.893901169300079 ], [ 121.558425903320426, 0.893951237201748 ], [ 121.558723449707031, 0.894199252128715 ], [ 121.560188293457031, 0.895075678825435 ], [ 121.560676574707145, 0.895917415618953 ], [ 121.560745239257812, 0.89665412902832 ], [ 121.560356140136719, 0.897109150886592 ], [ 121.560699462890739, 0.897105097770691 ], [ 121.560630798339844, 0.897711873054561 ], [ 121.5601806640625, 0.900304734706879 ], [ 121.561935424804688, 0.923607885837612 ], [ 121.562271118164062, 0.928271591663417 ], [ 121.563819885253906, 0.935415923595485 ], [ 121.566642761230469, 0.948925077915305 ], [ 121.567634582519531, 0.95415586233139 ], [ 121.568222045898438, 0.969392001628989 ], [ 121.568466186523665, 0.977920949459133 ], [ 121.579963684082145, 1.013211727142391 ], [ 121.582054138183707, 1.019590616226196 ], [ 121.588577270507812, 1.039667129516602 ], [ 121.588653564453125, 1.039636969566345 ], [ 121.594322204589844, 1.037829756736812 ], [ 121.596115112304688, 1.037258148193359 ], [ 121.596611022949219, 1.037930130958614 ], [ 121.5966796875, 1.037980794906673 ], [ 121.597869873046989, 1.039043426513729 ], [ 121.59803771972679, 1.039213538169861 ], [ 121.59822082519554, 1.039363503456116 ], [ 121.598335266113281, 1.039470195770321 ], [ 121.598548889160156, 1.03960037231451 ], [ 121.59867095947277, 1.039680361747742 ], [ 121.598762512207031, 1.039744019508362 ], [ 121.598960876464844, 1.039907336235103 ], [ 121.599250793457145, 1.040042400360164 ], [ 121.599342346191406, 1.0400887727738 ], [ 121.599632263183707, 1.040234684944153 ], [ 121.599922180175781, 1.04040968418127 ], [ 121.600044250488281, 1.040441155433712 ], [ 121.600166320800895, 1.040473580360469 ], [ 121.600349426269645, 1.040577173233089 ], [ 121.600448608398438, 1.040637731552124 ], [ 121.60064697265625, 1.040747523307914 ], [ 121.600761413574332, 1.040818095207328 ], [ 121.601173400878906, 1.040993094444332 ], [ 121.601516723632926, 1.041138887405509 ], [ 121.601814270019531, 1.041237354278564 ], [ 121.601959228515625, 1.04128992557537 ], [ 121.602371215820312, 1.041518449783439 ], [ 121.60300445556652, 1.041718244552612 ], [ 121.60343170166027, 1.041926383972282 ], [ 121.603561401367415, 1.041997551918143 ], [ 121.603904724121094, 1.042194366455078 ], [ 121.604537963867301, 1.042375326156673 ], [ 121.604942321777457, 1.04253876209259 ], [ 121.605171203613281, 1.042687177658138 ], [ 121.605339050293082, 1.042803645133972 ], [ 121.605636596679688, 1.042976379394645 ], [ 121.605911254882926, 1.043077707290763 ], [ 121.606178283691406, 1.043179750442619 ], [ 121.606628417968864, 1.043384671211356 ], [ 121.607063293457145, 1.043501257896537 ], [ 121.607315063476562, 1.043673276901245 ], [ 121.607414245605582, 1.043741464614868 ], [ 121.607902526855469, 1.043912768364009 ], [ 121.608116149902344, 1.044020891189575 ], [ 121.608245849609375, 1.044088840484619 ], [ 121.608627319335938, 1.044132471084538 ], [ 121.6090087890625, 1.044230461120719 ], [ 121.608993530273438, 1.043878078460807 ], [ 121.609001159667969, 1.043197751045227 ], [ 121.60882568359375, 1.042682647705192 ], [ 121.608230590820312, 1.041516542434692 ], [ 121.607978820800895, 1.041016221046448 ], [ 121.608070373535156, 1.040823340416068 ], [ 121.608139038086165, 1.040667057037467 ], [ 121.608253479003906, 1.040558218955994 ], [ 121.60837554931652, 1.040469884872493 ], [ 121.608528137207259, 1.040448904037419 ], [ 121.608695983886719, 1.040428638458366 ], [ 121.609046936035156, 1.04074060916912 ], [ 121.609054565429688, 1.041678786277771 ], [ 121.609092712402571, 1.042034387588444 ], [ 121.609184265136719, 1.042263269424438 ], [ 121.6092529296875, 1.042446136474666 ], [ 121.609344482421989, 1.042508602142334 ], [ 121.609832763671875, 1.042850613594169 ], [ 121.610443115234489, 1.043031811714172 ], [ 121.610786437988281, 1.042945742607117 ], [ 121.610923767089844, 1.042957186699027 ], [ 121.611175537109375, 1.042991280555839 ], [ 121.611335754394531, 1.042894601822013 ], [ 121.611534118652344, 1.042787671089286 ], [ 121.611679077148438, 1.042690634727592 ], [ 121.611778259277457, 1.04263353347784 ], [ 121.612037658691406, 1.042190194130001 ], [ 121.612075805664062, 1.041704058647213 ], [ 121.61195373535179, 1.04139149189001 ], [ 121.611854553222656, 1.041118144989014 ], [ 121.611846923828125, 1.039990782737789 ], [ 121.611846923828125, 1.039430975913945 ], [ 121.611961364746321, 1.039317607879696 ], [ 121.612037658691406, 1.03926587104803 ], [ 121.612167358398551, 1.039187073707637 ], [ 121.612197875976676, 1.038609266281185 ], [ 121.612197875976676, 1.038085818290824 ], [ 121.6119384765625, 1.037904500961304 ], [ 121.611587524414176, 1.037716031074467 ], [ 121.610794067382812, 1.037322878837699 ], [ 121.610305786132926, 1.03673970699316 ], [ 121.6099853515625, 1.034150004386845 ], [ 121.610023498535156, 1.033412456512508 ], [ 121.610046386718977, 1.033070206642151 ], [ 121.610420227050781, 1.032432556152401 ], [ 121.610855102539176, 1.031979680061454 ], [ 121.610610961914062, 1.030966401100272 ], [ 121.60935211181652, 1.025555968284721 ], [ 121.60910797119152, 1.024510264396781 ], [ 121.608512878417969, 1.021937012672367 ], [ 121.608406066894645, 1.021490335464478 ], [ 121.60739898681652, 1.018625378608704 ], [ 121.605995178222656, 1.014646768569946 ], [ 121.605178833007812, 1.014068603515625 ], [ 121.604263305664062, 1.013426423072929 ], [ 121.603591918945426, 1.011151075363216 ], [ 121.603202819824332, 1.008065462112427 ], [ 121.601814270019531, 1.004777789116019 ], [ 121.600555419921989, 1.001775979995841 ], [ 121.6002197265625, 1.000994205474967 ], [ 121.598121643066406, 0.996006608009452 ], [ 121.597976684570312, 0.994288802146912 ], [ 121.597808837890625, 0.992239892482758 ], [ 121.59842681884777, 0.987610876560154 ], [ 121.598739624023438, 0.985266506671906 ], [ 121.599388122558707, 0.982490956783352 ], [ 121.600715637207145, 0.976801335811615 ], [ 121.601692199707145, 0.972662687301693 ], [ 121.602645874023551, 0.968545794487113 ], [ 121.603240966796989, 0.965853929519767 ], [ 121.6038818359375, 0.963013589382285 ], [ 121.604057312011719, 0.962224543094749 ], [ 121.605072021484375, 0.959704399109 ], [ 121.60540771484375, 0.958875834941864 ], [ 121.606742858886719, 0.955563187599296 ], [ 121.607887268066406, 0.952693521976471 ], [ 121.608634948730469, 0.950836181640682 ], [ 121.609504699707145, 0.94869327545166 ], [ 121.610069274902457, 0.947271168231964 ], [ 121.611129760742188, 0.94463586807251 ], [ 121.612091064453125, 0.942258358001766 ], [ 121.613456726074219, 0.938868105411643 ], [ 121.615165710449219, 0.933286309242362 ], [ 121.616310119628906, 0.929597437381744 ], [ 121.617469787597656, 0.925784349441585 ], [ 121.618934631347656, 0.921018004417533 ], [ 121.620323181152344, 0.916472077369747 ], [ 121.62058258056652, 0.915640950202999 ], [ 121.62127685546875, 0.913368821144047 ], [ 121.62210845947277, 0.910663068294582 ], [ 121.62263488769554, 0.908953130245266 ], [ 121.622947692871094, 0.907927215099392 ], [ 121.623374938964844, 0.906522452831268 ], [ 121.623870849609375, 0.90490764379507 ], [ 121.624626159667969, 0.902453005313987 ], [ 121.624908447265625, 0.901518940925655 ], [ 121.625831604003906, 0.898516297340507 ], [ 121.6258544921875, 0.898431360721702 ], [ 121.625938415527457, 0.898169279098624 ], [ 121.626251220703125, 0.897156655788478 ], [ 121.626541137695312, 0.896209061145896 ], [ 121.626968383789062, 0.894819140434379 ], [ 121.628005981445426, 0.891430974006767 ], [ 121.628913879394531, 0.888466119766292 ], [ 121.629302978515625, 0.887199223041478 ], [ 121.629150390625114, 0.887064933776969 ], [ 121.628753662109489, 0.886724412441254 ], [ 121.628433227539176, 0.886054456234092 ], [ 121.628356933593977, 0.885886073112601 ], [ 121.628044128418082, 0.885241329669952 ], [ 121.62774658203125, 0.884699225425834 ], [ 121.627265930175895, 0.88421505689621 ], [ 121.626525878906364, 0.883731007576102 ], [ 121.62534332275402, 0.883335232734737 ], [ 121.623283386230582, 0.882147192955131 ], [ 121.622245788574219, 0.881835341453552 ], [ 121.621665954589844, 0.881663501262722 ], [ 121.619827270507926, 0.881708323955479 ], [ 121.618598937988281, 0.881897449493465 ], [ 121.61716461181652, 0.882117271423397 ], [ 121.616607666015739, 0.882202446460724 ], [ 121.615425109863395, 0.88238388299942 ], [ 121.613838195800781, 0.882723748683986 ], [ 121.612709045410156, 0.882724285125789 ], [ 121.612091064453125, 0.882724523544312 ], [ 121.610969543457031, 0.882408499717656 ], [ 121.610382080078125, 0.882240891456718 ], [ 121.609634399414062, 0.881272435188293 ], [ 121.609298706054801, 0.880733013153076 ], [ 121.60916900634777, 0.880519866943416 ], [ 121.608772277832145, 0.879890859127102 ], [ 121.608016967773551, 0.87867504358303 ], [ 121.607383728027571, 0.878215134143943 ], [ 121.607017517089957, 0.877954781055564 ], [ 121.606002807617188, 0.877222776413021 ], [ 121.605522155761832, 0.876606464386043 ], [ 121.605049133300781, 0.875684082508144 ], [ 121.604820251464844, 0.875250399112815 ], [ 121.604515075683821, 0.874646842479706 ], [ 121.604187011718864, 0.874016642570552 ], [ 121.603904724121094, 0.873348534107208 ], [ 121.603073120117188, 0.872908592224121 ], [ 121.601936340332031, 0.872688889503593 ], [ 121.601081848144759, 0.87276524305355 ], [ 121.600601196289062, 0.872808814048881 ], [ 121.599967956543082, 0.872865855693874 ], [ 121.598999023437614, 0.872741460800228 ], [ 121.598258972168082, 0.872646391391868 ], [ 121.597656250000227, 0.872548699379024 ], [ 121.59690093994152, 0.872426807880515 ], [ 121.596237182617188, 0.872535884380341 ], [ 121.595283508300781, 0.872691750526485 ], [ 121.594551086425781, 0.872902452945709 ], [ 121.593757629394531, 0.87313270568842 ], [ 121.592613220214844, 0.873309373855648 ], [ 121.591392517089957, 0.873045682907104 ], [ 121.590209960937727, 0.872561752796173 ] ] ] ] } },
{ "type": "Feature", "properties": { "GID_0": "IDN", "NAME_0": "Indonesia", "GID_1": "IDN.27_1", "NAME_1": "Sulawesi Tengah", "GID_2": "IDN.27.3_1", "NAME_2": "Buol", "GID_3": "IDN.27.3.4_1", "NAME_3": "Bunobogu", "GID_4": "IDN.27.3.4.4_1", "NAME_4": "Inalatan", "VARNAME_4": null, "TYPE_4": "Desa", "ENGTYPE_4": "Village", "CC_4": "7207040007" }, "geometry": { "type": "MultiPolygon", "coordinates": [ [ [ [ 121.701148986816406, 0.906975328922385 ], [ 121.70074462890625, 0.906893730163688 ], [ 121.699653625488281, 0.907050192356223 ], [ 121.697814941406364, 0.906990110874233 ], [ 121.697212219238509, 0.90676087141037 ], [ 121.696174621582031, 0.906369388103599 ], [ 121.695182800293082, 0.905724287033081 ], [ 121.694564819336051, 0.905323386192379 ], [ 121.694076538085938, 0.90484398603445 ], [ 121.692794799804688, 0.903597891330719 ], [ 121.692123413086051, 0.903156280517578 ], [ 121.691894531250114, 0.903005003929138 ], [ 121.691276550292969, 0.90260249376297 ], [ 121.690093994140625, 0.902446925640163 ], [ 121.689498901367188, 0.902591407299155 ], [ 121.68499755859375, 0.909816324710846 ], [ 121.683921813964957, 0.91153192520153 ], [ 121.68231201171875, 0.913892626762504 ], [ 121.680412292480469, 0.916725039482174 ], [ 121.678588867187614, 0.919420540332794 ], [ 121.677337646484375, 0.921188175678253 ], [ 121.677162170410156, 0.921529591083527 ], [ 121.67694091796875, 0.921858191490173 ], [ 121.674629211425781, 0.926781773567313 ], [ 121.657951354980582, 0.962231993675346 ], [ 121.651435852051009, 0.975990295410213 ], [ 121.648071289062614, 0.984753847122249 ], [ 121.645912170410384, 0.990339457988739 ], [ 121.640899658203125, 1.003005146980342 ], [ 121.638648986816406, 1.008418083190918 ], [ 121.637680053710938, 1.010717630386409 ], [ 121.63618469238304, 1.014153838157711 ], [ 121.634117126464957, 1.014565587043705 ], [ 121.630844116211165, 1.015198469161987 ], [ 121.629692077636946, 1.016314268112296 ], [ 121.628684997558594, 1.017271041870117 ], [ 121.628646850585938, 1.017666339874211 ], [ 121.628509521484375, 1.018536090850887 ], [ 121.62855529785179, 1.018728494644222 ], [ 121.628799438476676, 1.019339561462516 ], [ 121.632179260254134, 1.028865933418331 ], [ 121.632827758789062, 1.032747030258179 ], [ 121.6326904296875, 1.03523147106182 ], [ 121.632675170898438, 1.035333991050777 ], [ 121.632354736328125, 1.037017703056335 ], [ 121.63224029541027, 1.037522315978947 ], [ 121.632125854492188, 1.039391994476318 ], [ 121.632026672363395, 1.040386438369808 ], [ 121.637802124023438, 1.039795279502869 ], [ 121.640014648437614, 1.038432359695435 ], [ 121.641387939453239, 1.037667989730949 ], [ 121.642768859863281, 1.036942005157528 ], [ 121.643569946289062, 1.036636352539119 ], [ 121.64381408691429, 1.036551833152771 ], [ 121.644081115722656, 1.036495923996029 ], [ 121.64544677734375, 1.036248207092285 ], [ 121.647270202636832, 1.036097645759639 ], [ 121.648803710937614, 1.036033749580497 ], [ 121.649772644043082, 1.03630542755127 ], [ 121.650405883789062, 1.036831974983215 ], [ 121.6507568359375, 1.037370085716248 ], [ 121.651145935058594, 1.037965774536133 ], [ 121.65146636962902, 1.038334369659424 ], [ 121.651672363281364, 1.038568019867057 ], [ 121.651702880859489, 1.039488673210144 ], [ 121.651702880859489, 1.039623618126029 ], [ 121.651519775390625, 1.040012359619254 ], [ 121.652587890625227, 1.040233254432792 ], [ 121.652870178222656, 1.041048288345337 ], [ 121.653327941894531, 1.04122519493103 ], [ 121.653854370117188, 1.041154146194572 ], [ 121.654823303222656, 1.04070079326641 ], [ 121.662849426269531, 1.030547261238098 ], [ 121.668098449707145, 1.023903489112911 ], [ 121.668128967285156, 1.023826599121094 ], [ 121.66851806640625, 1.023339509964046 ], [ 121.669715881347656, 1.020623445510864 ], [ 121.675102233886832, 1.007847666740474 ], [ 121.675674438476676, 1.006324768066463 ], [ 121.67722320556652, 1.002598404884338 ], [ 121.677757263183821, 1.000824928283748 ], [ 121.678184509277457, 0.999693334102744 ], [ 121.68009185791027, 0.993161380290928 ], [ 121.680130004882812, 0.992933571338597 ], [ 121.680259704589957, 0.992504477501029 ], [ 121.683868408203352, 0.969881474971714 ], [ 121.685432434082145, 0.965857863426265 ], [ 121.685821533203239, 0.964884400367851 ], [ 121.688629150390852, 0.957810878753719 ], [ 121.689308166503906, 0.956367969512939 ], [ 121.691062927246094, 0.952825903892574 ], [ 121.691894531250114, 0.950170755386353 ], [ 121.692077636718864, 0.949688613414821 ], [ 121.693283081054801, 0.947134852409306 ], [ 121.694068908691406, 0.945739626884517 ], [ 121.69525146484375, 0.943518757820243 ], [ 121.696548461914062, 0.941458463668937 ], [ 121.69964599609375, 0.934316277503967 ], [ 121.701957702636719, 0.92900371551525 ], [ 121.705230712890852, 0.921741962432861 ], [ 121.705360412597656, 0.921109318733272 ], [ 121.705444335937614, 0.920926332473869 ], [ 121.705711364746094, 0.919377207756156 ], [ 121.70603179931652, 0.917819261551017 ], [ 121.706008911132926, 0.917685627937317 ], [ 121.706275939941406, 0.916173279285545 ], [ 121.706703186035156, 0.915384590625877 ], [ 121.705886840820312, 0.914683878421897 ], [ 121.705215454101562, 0.913847267627773 ], [ 121.704109191894645, 0.911703765392303 ], [ 121.703117370605469, 0.909791529178676 ], [ 121.702880859375, 0.909334778785762 ], [ 121.7025146484375, 0.908619284629935 ], [ 121.702117919921875, 0.907993614673728 ], [ 121.701522827148438, 0.907050848007259 ], [ 121.701148986816406, 0.906975328922385 ] ] ] ] } },
{ "type": "Feature", "properties": { "GID_0": "IDN", "NAME_0": "Indonesia", "GID_1": "IDN.27_1", "NAME_1": "Sulawesi Tengah", "GID_2": "IDN.27.3_1", "NAME_2": "Buol", "GID_3": "IDN.27.3.4_1", "NAME_3": "Bunobogu", "GID_4": "IDN.27.3.4.5_1", "NAME_4": "Konamukan", "VARNAME_4": null, "TYPE_4": "Desa", "ENGTYPE_4": "Village", "CC_4": "7207040005" }, "geometry": { "type": "MultiPolygon", "coordinates": [ [ [ [ 121.634895324707145, 1.058673977851981 ], [ 121.634178161621094, 1.05676186084753 ], [ 121.633987426757812, 1.056241989135799 ], [ 121.631652832031364, 1.046760678291434 ], [ 121.623611450195426, 1.048610210418701 ], [ 121.620109558105469, 1.0489501953125 ], [ 121.617256164550781, 1.049008011817989 ], [ 121.615600585937614, 1.049074292183036 ], [ 121.612350463867301, 1.04916512966156 ], [ 121.61177062988304, 1.049151778221244 ], [ 121.611465454101562, 1.04918992519373 ], [ 121.61045074462902, 1.049218297004813 ], [ 121.609687805175895, 1.049205899238586 ], [ 121.609657287597656, 1.049614191055298 ], [ 121.609657287597656, 1.049714446067753 ], [ 121.609642028808594, 1.050196051597652 ], [ 121.609283447265852, 1.050893306732178 ], [ 121.608772277832145, 1.051492214202995 ], [ 121.6082763671875, 1.052096366882324 ], [ 121.60800933837902, 1.052492499351558 ], [ 121.608024597168082, 1.053003787994442 ], [ 121.608222961425781, 1.05350315570837 ], [ 121.608528137207259, 1.053972005844173 ], [ 121.608810424804688, 1.054388165473938 ], [ 121.608833312988281, 1.054471969604492 ], [ 121.608940124511832, 1.054873585700989 ], [ 121.608947753906364, 1.054965138435421 ], [ 121.608970642089957, 1.055041909217891 ], [ 121.608970642089957, 1.055137753486747 ], [ 121.609046936035156, 1.055703282356376 ], [ 121.608978271484489, 1.056071400642452 ], [ 121.608970642089957, 1.056194663047847 ], [ 121.608726501464957, 1.057138800621146 ], [ 121.608680725097656, 1.057882905006522 ], [ 121.608390808105582, 1.05887508392334 ], [ 121.608520507812727, 1.059889554977531 ], [ 121.608726501464957, 1.060092329978943 ], [ 121.60910797119152, 1.060137271881217 ], [ 121.609176635742188, 1.060362696647701 ], [ 121.60953521728527, 1.060272336006278 ], [ 121.610046386718977, 1.060790538787955 ], [ 121.611366271972656, 1.061781883239803 ], [ 121.612693786621094, 1.062142014503422 ], [ 121.615516662597656, 1.06211793422699 ], [ 121.617393493652344, 1.061823844909668 ], [ 121.618179321289062, 1.061530351638908 ], [ 121.619300842285156, 1.061507225036564 ], [ 121.6202392578125, 1.061619400978202 ], [ 121.621200561523438, 1.061709165573234 ], [ 121.621673583984375, 1.061663746833915 ], [ 121.622123718261832, 1.061144948005619 ], [ 121.622245788574219, 1.060635805130062 ], [ 121.622184753417969, 1.059972524643001 ], [ 121.622749328613281, 1.06013011932373 ], [ 121.622970581054688, 1.060873985290641 ], [ 121.624221801757926, 1.061276912689266 ], [ 121.624809265136832, 1.06118643283844 ], [ 121.625114440918196, 1.060915708541984 ], [ 121.625564575195426, 1.060843348503113 ], [ 121.626190185546875, 1.06109547615057 ], [ 121.626747131347656, 1.061095237732047 ], [ 121.626815795898438, 1.061528086662236 ], [ 121.62702941894554, 1.061960816383476 ], [ 121.627731323242188, 1.062050580978507 ], [ 121.628105163574219, 1.062140583992118 ], [ 121.628807067871207, 1.061905741691646 ], [ 121.629951477050895, 1.061526417732182 ], [ 121.631156921386719, 1.061291217804069 ], [ 121.632369995117415, 1.061056137085075 ], [ 121.633354187011832, 1.060334086418152 ], [ 121.6337890625, 1.059738755226192 ], [ 121.633987426757812, 1.059143424034175 ], [ 121.634521484375114, 1.058962702751273 ], [ 121.634895324707145, 1.058673977851981 ] ] ] ] } },
{ "type": "Feature", "properties": { "GID_0": "IDN", "NAME_0": "Indonesia", "GID_1": "IDN.27_1", "NAME_1": "Sulawesi Tengah", "GID_2": "IDN.27.3_1", "NAME_2": "Buol", "GID_3": "IDN.27.3.4_1", "NAME_3": "Bunobogu", "GID_4": "IDN.27.3.4.6_1", "NAME_4": "Lonu", "VARNAME_4": null, "TYPE_4": "Desa", "ENGTYPE_4": "Village", "CC_4": "7207040001" }, "geometry": { "type": "MultiPolygon", "coordinates": [ [ [ [ 121.556907653808707, 1.034872889518681 ], [ 121.556983947753906, 1.034825682640133 ], [ 121.558410644531364, 1.036197900772152 ], [ 121.558494567871094, 1.036258935928458 ], [ 121.55857086181652, 1.036328315734863 ], [ 121.560371398925781, 1.037558317184562 ], [ 121.560951232910156, 1.037930846214408 ], [ 121.561492919921875, 1.038297414779777 ], [ 121.561813354492301, 1.038402438163871 ], [ 121.562103271484375, 1.038514852523861 ], [ 121.56294250488304, 1.038255095481986 ], [ 121.563179016113395, 1.038551568984985 ], [ 121.562820434570426, 1.039471864700374 ], [ 121.563186645507926, 1.039711117744389 ], [ 121.563262939453125, 1.0396710634231 ], [ 121.563743591308707, 1.039409756660575 ], [ 121.56394195556652, 1.03949880599987 ], [ 121.564323425293082, 1.039710640907344 ], [ 121.564407348632812, 1.041009068489132 ], [ 121.564277648926009, 1.041470050811881 ], [ 121.564201354980469, 1.041707754135189 ], [ 121.564781188964844, 1.042123675346431 ], [ 121.565338134765625, 1.042704701423645 ], [ 121.565193176269531, 1.042805910110587 ], [ 121.564598083496094, 1.043209910392704 ], [ 121.565132141113281, 1.044120788574332 ], [ 121.565200805664062, 1.044143438339233 ], [ 121.56583404541027, 1.044348835945186 ], [ 121.566184997558821, 1.043915152549857 ], [ 121.566520690917969, 1.043954014778137 ], [ 121.56707763671875, 1.044053912162894 ], [ 121.567245483398438, 1.044537901878414 ], [ 121.567474365234375, 1.045213818550167 ], [ 121.568084716797102, 1.045076727867183 ], [ 121.567955017089957, 1.043998718261719 ], [ 121.568542480468864, 1.04432666301733 ], [ 121.568679809570426, 1.044650077819824 ], [ 121.5689697265625, 1.045384049415645 ], [ 121.569084167480582, 1.045415282249394 ], [ 121.569595336914062, 1.045574307441711 ], [ 121.569412231445312, 1.046819925308341 ], [ 121.571815490722656, 1.045879721641597 ], [ 121.573944091796875, 1.045062899589652 ], [ 121.580101013183821, 1.042775392532462 ], [ 121.583099365234375, 1.041652917861882 ], [ 121.583587646484489, 1.041469097137565 ], [ 121.588577270507812, 1.039667129516602 ], [ 121.582054138183707, 1.019590616226196 ], [ 121.579963684082145, 1.013211727142391 ], [ 121.568466186523665, 0.977920949459133 ], [ 121.568222045898438, 0.969392001628989 ], [ 121.567634582519531, 0.95415586233139 ], [ 121.566642761230469, 0.948925077915305 ], [ 121.563819885253906, 0.935415923595485 ], [ 121.562271118164062, 0.928271591663417 ], [ 121.561935424804688, 0.923607885837612 ], [ 121.5601806640625, 0.900304734706879 ], [ 121.560630798339844, 0.897711873054561 ], [ 121.560699462890739, 0.897105097770691 ], [ 121.560356140136719, 0.897109150886592 ], [ 121.55722808837902, 0.897146165371055 ], [ 121.556777954101562, 0.897111892700309 ], [ 121.55531311035179, 0.897603690624294 ], [ 121.553428649902457, 0.898832380771751 ], [ 121.552215576171875, 0.899265050888062 ], [ 121.549560546875, 0.900212466716823 ], [ 121.549491882324219, 0.900237321853638 ], [ 121.549079895019645, 0.900651097297782 ], [ 121.548965454101562, 0.900754630565757 ], [ 121.548713684082031, 0.901300787925834 ], [ 121.548416137695312, 0.901535809040013 ], [ 121.54618072509777, 0.901957750320548 ], [ 121.546005249023551, 0.902079045772609 ], [ 121.54534912109375, 0.902503609657288 ], [ 121.5452880859375, 0.902987301349697 ], [ 121.545242309570426, 0.90315097570425 ], [ 121.54510498046875, 0.904203474521637 ], [ 121.544494628906364, 0.905378758907318 ], [ 121.544326782226562, 0.905688881874141 ], [ 121.543678283691634, 0.906532883644104 ], [ 121.543159484863395, 0.907185196876526 ], [ 121.543113708496207, 0.907256901264191 ], [ 121.543006896972656, 0.907469689846153 ], [ 121.542564392089957, 0.9083088040353 ], [ 121.542541503906364, 0.908391892910117 ], [ 121.542488098144531, 0.908484637737388 ], [ 121.542175292968864, 0.909705102443752 ], [ 121.541984558105582, 0.910396039485875 ], [ 121.541725158691406, 0.910659551620483 ], [ 121.540931701660156, 0.911429941654205 ], [ 121.539924621582145, 0.912071168422813 ], [ 121.539756774902344, 0.912118792533875 ], [ 121.538017272949332, 0.912596166133881 ], [ 121.537826538086051, 0.912800550460929 ], [ 121.537261962890739, 0.913363337516842 ], [ 121.537078857421875, 0.913721621036643 ], [ 121.53692626953125, 0.914012908935547 ], [ 121.536880493164176, 0.914100229740143 ], [ 121.536811828613509, 0.914346814155635 ], [ 121.536674499511832, 0.914760231971854 ], [ 121.536399841308594, 0.915107369422913 ], [ 121.536018371582031, 0.915473401546478 ], [ 121.535011291503906, 0.916284859180507 ], [ 121.534774780273551, 0.916578650474605 ], [ 121.534507751464844, 0.916883051395416 ], [ 121.534332275390852, 0.917338848114014 ], [ 121.533683776855469, 0.91886842250824 ], [ 121.533363342285156, 0.919293940067405 ], [ 121.530868530273438, 0.920109093189296 ], [ 121.530342102050895, 0.920745134353751 ], [ 121.530227661132812, 0.920873999595756 ], [ 121.530227661132812, 0.921531915664787 ], [ 121.529403686523551, 0.922522902488765 ], [ 121.529342651367188, 0.92275482416153 ], [ 121.529220581054801, 0.923119723796844 ], [ 121.529319763183594, 0.923365235328674 ], [ 121.529388427734489, 0.923566579818726 ], [ 121.529335021972656, 0.924022853374538 ], [ 121.529319763183594, 0.924124717712516 ], [ 121.529129028320312, 0.924149394035339 ], [ 121.528182983398438, 0.924270868301392 ], [ 121.528160095214844, 0.924356222152824 ], [ 121.528068542480582, 0.924628794193325 ], [ 121.528327941894531, 0.924890756607056 ], [ 121.528724670410156, 0.925310790538788 ], [ 121.529365539551009, 0.92624664306652 ], [ 121.529403686523551, 0.926404595375175 ], [ 121.52955627441429, 0.927092015743256 ], [ 121.529312133789062, 0.927768230438346 ], [ 121.529228210449332, 0.927991449832973 ], [ 121.529098510742188, 0.928368628025112 ], [ 121.529136657714844, 0.928602874279136 ], [ 121.529151916503906, 0.928768038749695 ], [ 121.529205322265739, 0.928948879241943 ], [ 121.529258728027344, 0.929263114929199 ], [ 121.5289306640625, 0.929804146289882 ], [ 121.528877258300781, 0.929982483386993 ], [ 121.528556823730469, 0.930978477001304 ], [ 121.528701782226562, 0.931574821472168 ], [ 121.528945922851562, 0.931925535202083 ], [ 121.52921295166027, 0.932012081146354 ], [ 121.529365539551009, 0.932071447372437 ], [ 121.530029296875, 0.932299971580505 ], [ 121.531677246093864, 0.933713853359279 ], [ 121.533317565917969, 0.935647845268306 ], [ 121.534011840820426, 0.936087310314178 ], [ 121.535446166992188, 0.937006533145848 ], [ 121.536392211914062, 0.938231110572872 ], [ 121.53647613525402, 0.938342332840023 ], [ 121.536552429199219, 0.938441157341117 ], [ 121.536666870117301, 0.938579559326286 ], [ 121.537590026855582, 0.938995242118835 ], [ 121.538894653320312, 0.939889132976532 ], [ 121.539924621582145, 0.94020277261734 ], [ 121.540245056152571, 0.940312385559196 ], [ 121.540695190429801, 0.94062077999115 ], [ 121.541091918945312, 0.94082152843481 ], [ 121.541397094726676, 0.941011428833121 ], [ 121.541519165039062, 0.941677033901271 ], [ 121.54150390625, 0.941806972026939 ], [ 121.541389465332259, 0.942409694194737 ], [ 121.541313171386719, 0.943216562271118 ], [ 121.541542053222656, 0.943583309650421 ], [ 121.541648864746207, 0.943748891353607 ], [ 121.541770935058821, 0.943944454193115 ], [ 121.542160034179801, 0.94431871175766 ], [ 121.542373657226676, 0.94435286521923 ], [ 121.542541503906364, 0.944408893585319 ], [ 121.542648315429688, 0.944397032260952 ], [ 121.542800903320312, 0.944422423839569 ], [ 121.543266296386719, 0.94412678480154 ], [ 121.543548583984489, 0.943952322006226 ], [ 121.543746948242301, 0.943993210792598 ], [ 121.544212341308594, 0.944109797477779 ], [ 121.544250488281477, 0.944424688816071 ], [ 121.544281005859489, 0.944793999195156 ], [ 121.543777465820312, 0.945212543010712 ], [ 121.543769836425781, 0.945526480674857 ], [ 121.543724060058707, 0.946022093296051 ], [ 121.543869018554915, 0.946111977100429 ], [ 121.544166564941406, 0.946335673332271 ], [ 121.544250488281477, 0.946898698806876 ], [ 121.543624877929688, 0.947425425052586 ], [ 121.543571472167969, 0.947515487670955 ], [ 121.543319702148551, 0.947896301746312 ], [ 121.543212890625, 0.948108315467948 ], [ 121.543136596679801, 0.948232591152248 ], [ 121.5430908203125, 0.948336780071259 ], [ 121.542785644531364, 0.948915839195308 ], [ 121.542228698730469, 0.950277566909904 ], [ 121.541908264160156, 0.95072877407074 ], [ 121.541954040527571, 0.950826942920685 ], [ 121.542228698730469, 0.951474845409507 ], [ 121.542808532714844, 0.952223539352417 ], [ 121.543426513671875, 0.952551782131195 ], [ 121.544624328613509, 0.953033983707428 ], [ 121.544731140136719, 0.953907668590659 ], [ 121.544189453125, 0.954511225223598 ], [ 121.544013977050781, 0.954600155353489 ], [ 121.5435791015625, 0.95474028587347 ], [ 121.543037414550781, 0.954740524292049 ], [ 121.542572021484489, 0.954724073410148 ], [ 121.5411376953125, 0.953846871852875 ], [ 121.540206909179688, 0.952911198139248 ], [ 121.540000915527344, 0.952911257743835 ], [ 121.539772033691406, 0.952911376953182 ], [ 121.539604187011719, 0.953319072723502 ], [ 121.539566040039062, 0.95341074466711 ], [ 121.539482116699446, 0.954022765159721 ], [ 121.540100097656364, 0.954970717430172 ], [ 121.540374755859375, 0.955116212368068 ], [ 121.541183471679688, 0.955600738525391 ], [ 121.541793823242301, 0.955760478973446 ], [ 121.541885375976562, 0.955775797367096 ], [ 121.542434692382812, 0.955804586410636 ], [ 121.543281555175781, 0.955863773822728 ], [ 121.543525695800895, 0.955845236778316 ], [ 121.544113159179801, 0.955844998359794 ], [ 121.544418334960938, 0.956404149532432 ], [ 121.544776916503906, 0.956801533699092 ], [ 121.544960021972656, 0.957007169723568 ], [ 121.545478820800781, 0.957152545452232 ], [ 121.545906066894531, 0.956923544406948 ], [ 121.54660797119152, 0.956319928169194 ], [ 121.546783447265739, 0.956319868564606 ], [ 121.547004699707031, 0.956343591213169 ], [ 121.547149658203239, 0.956535279750938 ], [ 121.547393798828125, 0.95689702034008 ], [ 121.547462463378906, 0.957772970199585 ], [ 121.547828674316406, 0.958016932010651 ], [ 121.547981262207031, 0.958123564720267 ], [ 121.548187255859375, 0.957972407341003 ], [ 121.548408508300781, 0.957837760448456 ], [ 121.548309326171989, 0.956984877586365 ], [ 121.548431396484375, 0.956048667430878 ], [ 121.549301147460938, 0.956339538097495 ], [ 121.549354553222656, 0.956410944461879 ], [ 121.549827575683707, 0.957071185112113 ], [ 121.549751281738281, 0.957524001598472 ], [ 121.549552917480469, 0.958557546138877 ], [ 121.54937744140625, 0.959027528762931 ], [ 121.549301147460938, 0.959210336208344 ], [ 121.549255371093864, 0.959364235401097 ], [ 121.549171447753906, 0.959596455097198 ], [ 121.549072265625114, 0.960003972053585 ], [ 121.548973083496094, 0.960344374179954 ], [ 121.549385070800781, 0.960999310016746 ], [ 121.550003051757926, 0.961317598819676 ], [ 121.550354003906477, 0.961525440216064 ], [ 121.550422668457145, 0.963384747505188 ], [ 121.550041198730582, 0.964891850948447 ], [ 121.549987792968864, 0.964962244033927 ], [ 121.549591064453352, 0.965419888496342 ], [ 121.548973083496094, 0.9661585688591 ], [ 121.548622131347656, 0.966979146003837 ], [ 121.548530578613281, 0.967195332050323 ], [ 121.548194885253906, 0.967772901058197 ], [ 121.547966003417969, 0.968140780925751 ], [ 121.547805786132812, 0.968191564083156 ], [ 121.547500610351676, 0.968262553215084 ], [ 121.546104431152344, 0.968177855014801 ], [ 121.544486999511832, 0.968573749065513 ], [ 121.544204711914062, 0.96887028217327 ], [ 121.543388366699219, 0.969667673111076 ], [ 121.541893005371094, 0.971457600593567 ], [ 121.541778564453239, 0.971781849861202 ], [ 121.541656494140625, 0.97209078073513 ], [ 121.541847229003906, 0.972444295883122 ], [ 121.542495727539062, 0.974860668182373 ], [ 121.542518615722656, 0.975351452827454 ], [ 121.542388916015739, 0.975581347942352 ], [ 121.542221069336051, 0.975835025310516 ], [ 121.541374206542969, 0.976022601127625 ], [ 121.541152954101562, 0.976034998893795 ], [ 121.539207458496094, 0.976124763488826 ], [ 121.539138793945426, 0.97614848613739 ], [ 121.538841247558594, 0.976337611675376 ], [ 121.538307189941406, 0.976651430130005 ], [ 121.537521362304688, 0.976690113544521 ], [ 121.53684234619152, 0.976690411567802 ], [ 121.536064147949332, 0.977398037910575 ], [ 121.535934448242188, 0.977542161941471 ], [ 121.535308837890739, 0.978232562542019 ], [ 121.535186767578125, 0.978293895721436 ], [ 121.534378051757926, 0.978710830211753 ], [ 121.534126281738281, 0.979136884212551 ], [ 121.533836364746094, 0.979591012001038 ], [ 121.53369140625, 0.979685664176941 ], [ 121.532882690429688, 0.980150818824882 ], [ 121.53244781494152, 0.980056703090668 ], [ 121.528266906738395, 0.978941082954464 ], [ 121.527900695800895, 0.979069411754665 ], [ 121.527603149414062, 0.97914719581604 ], [ 121.527549743652344, 0.979361057281608 ], [ 121.52732086181652, 0.980064868927002 ], [ 121.527168273925781, 0.980551838874931 ], [ 121.526802062988281, 0.9816734790802 ], [ 121.526763916015739, 0.982204735279026 ], [ 121.526748657226676, 0.982466459274406 ], [ 121.526733398437614, 0.982655823230743 ], [ 121.526832580566406, 0.982750535011405 ], [ 121.527015686035156, 0.982936382293644 ], [ 121.527526855468864, 0.983192265033722 ], [ 121.52784729003929, 0.983356952667236 ], [ 121.528587341308594, 0.983456015586853 ], [ 121.529289245605469, 0.983619868755397 ], [ 121.529457092285156, 0.983671963214988 ], [ 121.529609680175895, 0.983842968940849 ], [ 121.529930114746094, 0.984247446060181 ], [ 121.529891967773438, 0.984421789646149 ], [ 121.529800415039176, 0.984702765941734 ], [ 121.529586791992301, 0.984881281852779 ], [ 121.528968811035156, 0.985356152057591 ], [ 121.528869628906364, 0.986055374145508 ], [ 121.528991699218977, 0.986214101314658 ], [ 121.529220581054801, 0.986512899398917 ], [ 121.52976226806652, 0.986699879169578 ], [ 121.53000640869152, 0.987407088279724 ], [ 121.530082702636719, 0.987777590751591 ], [ 121.530151367187614, 0.988197267055625 ], [ 121.529930114746094, 0.988564074039516 ], [ 121.52972412109375, 0.988842606544495 ], [ 121.529449462890625, 0.98895168304449 ], [ 121.529037475586051, 0.989109933376255 ], [ 121.529251098632926, 0.989162087440434 ], [ 121.529441833496207, 0.989254772663173 ], [ 121.5296630859375, 0.989565730094853 ], [ 121.530120849609375, 0.989495337009544 ], [ 121.530303955078125, 0.989392101764679 ], [ 121.530464172363281, 0.989320755004883 ], [ 121.530616760253906, 0.989152491092739 ], [ 121.530853271484375, 0.988933682441711 ], [ 121.530944824218864, 0.988894343376217 ], [ 121.531394958496094, 0.988737821579093 ], [ 121.531867980957145, 0.988988876342887 ], [ 121.531860351562614, 0.989156723022575 ], [ 121.531867980957145, 0.989391505718231 ], [ 121.53208160400402, 0.989579379558677 ], [ 121.532737731933594, 0.989232420921383 ], [ 121.533065795898551, 0.989389300346375 ], [ 121.533233642578239, 0.989506661891937 ], [ 121.5333251953125, 0.98952895402914 ], [ 121.533813476562614, 0.989037573337612 ], [ 121.533920288085938, 0.988582432269993 ], [ 121.534317016601562, 0.988594055175838 ], [ 121.534408569335938, 0.988675892353058 ], [ 121.534561157226676, 0.988834142684993 ], [ 121.534812927246094, 0.989238500595206 ], [ 121.534980773925781, 0.989512920379696 ], [ 121.535552978515625, 0.989925384521484 ], [ 121.5361328125, 0.990976929664669 ], [ 121.536064147949332, 0.991223394870815 ], [ 121.535629272460938, 0.991562664508763 ], [ 121.534957885742301, 0.991970896720886 ], [ 121.53466796875, 0.992135882377681 ], [ 121.533622741699332, 0.99250918626791 ], [ 121.533226013183707, 0.992896497249603 ], [ 121.533172607421875, 0.992948770523128 ], [ 121.53314208984375, 0.99336796998989 ], [ 121.533096313476562, 0.993973970413265 ], [ 121.533203125000114, 0.994105100631771 ], [ 121.533432006836051, 0.994405329227504 ], [ 121.533599853515739, 0.994559526443595 ], [ 121.533897399902344, 0.99486559629446 ], [ 121.534255981445312, 0.995318114757538 ], [ 121.534225463867188, 0.995622694492454 ], [ 121.534202575683707, 0.995773196220512 ], [ 121.533645629882812, 0.996089220046997 ], [ 121.533737182617188, 0.996181607246399 ], [ 121.533821105957145, 0.99626719951641 ], [ 121.533912658691406, 0.996325492859 ], [ 121.534034729003906, 0.996396660804862 ], [ 121.534378051757926, 0.996510744094849 ], [ 121.534378051757926, 0.996833860874233 ], [ 121.534362792968864, 0.997016370296535 ], [ 121.534202575683707, 0.997281730174961 ], [ 121.534210205078239, 0.997391581535339 ], [ 121.534362792968864, 0.99895274639141 ], [ 121.534439086914062, 0.999556660652217 ], [ 121.534446716308594, 0.999632179737091 ], [ 121.534469604492188, 0.999829351902065 ], [ 121.534553527832145, 1.000497102737484 ], [ 121.534812927246094, 1.000936269760246 ], [ 121.535163879394645, 1.001442074775696 ], [ 121.535324096679801, 1.001603722572384 ], [ 121.535789489746094, 1.002071976661739 ], [ 121.536140441894531, 1.002466797828788 ], [ 121.536354064941406, 1.002764463424796 ], [ 121.536529541015625, 1.003027439117375 ], [ 121.536735534667969, 1.00329780578619 ], [ 121.537223815918082, 1.003970742225704 ], [ 121.537734985351562, 1.004447937011832 ], [ 121.537948608398665, 1.004665374755916 ], [ 121.53836822509777, 1.005302309990043 ], [ 121.539054870605469, 1.006502270698604 ], [ 121.538925170898551, 1.007121324539185 ], [ 121.538619995117188, 1.007536888122559 ], [ 121.538017272949332, 1.008017778396606 ], [ 121.537612915039176, 1.008241415023861 ], [ 121.537384033203352, 1.008364200592098 ], [ 121.537315368652344, 1.008518815040645 ], [ 121.537231445312614, 1.008671164512691 ], [ 121.537200927734489, 1.008750438690299 ], [ 121.537155151367188, 1.008969187736568 ], [ 121.537078857421875, 1.009323000908012 ], [ 121.53717041015625, 1.009721636772269 ], [ 121.537261962890739, 1.010157942771968 ], [ 121.537559509277344, 1.010491609573307 ], [ 121.537895202636719, 1.01043081283575 ], [ 121.537963867187614, 1.01038229465496 ], [ 121.538169860839957, 1.010254383087215 ], [ 121.538497924804688, 1.00967192649847 ], [ 121.538772583007926, 1.00958240032196 ], [ 121.539176940917969, 1.009458661079464 ], [ 121.540023803710938, 1.009431719779968 ], [ 121.540420532226562, 1.00994181633007 ], [ 121.540649414062614, 1.010244607925415 ], [ 121.540969848632812, 1.011017918586788 ], [ 121.541000366211165, 1.01179742813116 ], [ 121.540283203125114, 1.0138214826585 ], [ 121.54026031494152, 1.014078021049556 ], [ 121.540184020996094, 1.014556407928467 ], [ 121.540130615234375, 1.015392661094779 ], [ 121.540565490722656, 1.016164660453796 ], [ 121.541122436523438, 1.016528367996273 ], [ 121.541404724121207, 1.016545772552433 ], [ 121.541618347168082, 1.016573071479854 ], [ 121.541801452636832, 1.016755580902156 ], [ 121.541938781738281, 1.016921639442444 ], [ 121.541999816894645, 1.01725625991827 ], [ 121.542198181152457, 1.017567634582633 ], [ 121.54248046875, 1.018040895462036 ], [ 121.542823791503906, 1.018440127372855 ], [ 121.542816162109375, 1.018583893776054 ], [ 121.542778015136832, 1.018773078918457 ], [ 121.542366027832145, 1.019092798233146 ], [ 121.541473388671875, 1.02002835273737 ], [ 121.541404724121207, 1.020116090774479 ], [ 121.5408935546875, 1.021023988723869 ], [ 121.54087066650402, 1.021335124969482 ], [ 121.540855407714957, 1.021504878997746 ], [ 121.540672302246207, 1.02184534072876 ], [ 121.540565490722656, 1.022005558013859 ], [ 121.540298461914176, 1.022388458251953 ], [ 121.5404052734375, 1.022781610488948 ], [ 121.540489196777457, 1.022764563560486 ], [ 121.540580749511719, 1.022749185562191 ], [ 121.540855407714957, 1.022688269615287 ], [ 121.541107177734375, 1.022528409957999 ], [ 121.541206359863395, 1.022452592849675 ], [ 121.541633605957145, 1.022112727165279 ], [ 121.542068481445312, 1.022009372711238 ], [ 121.542366027832145, 1.022021770477409 ], [ 121.542533874511946, 1.022028684616203 ], [ 121.542732238769645, 1.022048234939689 ], [ 121.542831420898438, 1.022084593772945 ], [ 121.542930603027457, 1.022124886512756 ], [ 121.543121337890739, 1.022214889526367 ], [ 121.543251037597656, 1.022526979446468 ], [ 121.543350219726676, 1.02279269695282 ], [ 121.543296813965071, 1.023045539856014 ], [ 121.543258666992188, 1.023216485977287 ], [ 121.54302978515625, 1.023561716079769 ], [ 121.542961120605582, 1.023659110069332 ], [ 121.543052673339844, 1.023900985717717 ], [ 121.543319702148551, 1.023858666419983 ], [ 121.543479919433821, 1.023655891418571 ], [ 121.543624877929688, 1.023475885391235 ], [ 121.543869018554915, 1.02295994758606 ], [ 121.543998718261719, 1.022392988204899 ], [ 121.544052124023665, 1.022165179252568 ], [ 121.544441223144759, 1.021624565124569 ], [ 121.5445556640625, 1.021612524986267 ], [ 121.544784545898438, 1.021621227264404 ], [ 121.545013427734602, 1.021707415580806 ], [ 121.545089721679688, 1.021738648414726 ], [ 121.545166015625, 1.021884799003601 ], [ 121.545249938964957, 1.022135734558105 ], [ 121.545227050781364, 1.022534489631653 ], [ 121.545303344726562, 1.022562026977596 ], [ 121.545402526855582, 1.022595047950745 ], [ 121.545783996582145, 1.022637486457825 ], [ 121.545921325683594, 1.022659182548637 ], [ 121.545982360839957, 1.022541165351925 ], [ 121.546043395996094, 1.022432804107666 ], [ 121.546035766601676, 1.022340416908264 ], [ 121.545982360839957, 1.021783828735408 ], [ 121.546096801757812, 1.020834803581295 ], [ 121.546463012695312, 1.020531177520809 ], [ 121.546699523925781, 1.020494461059627 ], [ 121.547218322753906, 1.020475029945487 ], [ 121.547645568847656, 1.020395040512142 ], [ 121.547782897949219, 1.020527958870048 ], [ 121.547874450683821, 1.020621180534363 ], [ 121.547988891601562, 1.020754337310848 ], [ 121.5479736328125, 1.020867347717399 ], [ 121.547943115234489, 1.021003842353934 ], [ 121.547874450683821, 1.02118885517126 ], [ 121.547729492187614, 1.021501541137809 ], [ 121.547592163085938, 1.021676659584159 ], [ 121.547416687011719, 1.021897912025565 ], [ 121.546852111816406, 1.022112846374455 ], [ 121.547035217285156, 1.022381901741085 ], [ 121.547103881836165, 1.022347092628536 ], [ 121.547393798828125, 1.022232413291931 ], [ 121.547592163085938, 1.022190451622009 ], [ 121.547729492187614, 1.022169113159293 ], [ 121.548149108886719, 1.02207791805273 ], [ 121.548225402832031, 1.022030353546256 ], [ 121.548423767089844, 1.021925687790031 ], [ 121.548484802246207, 1.021867871284485 ], [ 121.548934936523438, 1.021470665931759 ], [ 121.54920959472679, 1.021382331848258 ], [ 121.549438476562614, 1.021327495574951 ], [ 121.549514770507812, 1.021358966827393 ], [ 121.549705505371094, 1.021445751190242 ], [ 121.549804687500114, 1.021661639213619 ], [ 121.549652099609489, 1.021958231925964 ], [ 121.549346923828125, 1.022161960601807 ], [ 121.549201965332259, 1.022259473800773 ], [ 121.549247741699332, 1.022677421569938 ], [ 121.54939270019554, 1.022883772850037 ], [ 121.549491882324219, 1.023007273674011 ], [ 121.54959869384777, 1.023136615753231 ], [ 121.54986572265625, 1.023260474205131 ], [ 121.550140380859375, 1.023138999939079 ], [ 121.550354003906477, 1.023138880729732 ], [ 121.550529479980469, 1.023149847984371 ], [ 121.55073547363304, 1.023282527923584 ], [ 121.551132202148551, 1.023508071899471 ], [ 121.551223754882812, 1.0239577293396 ], [ 121.55108642578125, 1.024179100990409 ], [ 121.551040649414062, 1.024240970611686 ], [ 121.550949096679801, 1.024326920509338 ], [ 121.550407409668082, 1.024625658989009 ], [ 121.550285339355469, 1.024835109710807 ], [ 121.550231933593864, 1.024929285049438 ], [ 121.550239562988281, 1.025201320648307 ], [ 121.550254821777344, 1.025561094284058 ], [ 121.55029296875, 1.025900244712886 ], [ 121.550071716308594, 1.026367306709233 ], [ 121.549995422363395, 1.026503324508781 ], [ 121.549812316894645, 1.026733398437557 ], [ 121.549690246582031, 1.026889681816158 ], [ 121.549896240234375, 1.027235507965202 ], [ 121.549949645996094, 1.027292013168392 ], [ 121.550170898437614, 1.02748608589178 ], [ 121.550323486328125, 1.027629852295036 ], [ 121.550628662109375, 1.027724385261536 ], [ 121.5506591796875, 1.027511835098323 ], [ 121.550682067871094, 1.027356505393982 ], [ 121.550895690917969, 1.026931643486023 ], [ 121.551193237304688, 1.02692019939434 ], [ 121.551406860351562, 1.026940464973563 ], [ 121.551475524902344, 1.027034878730717 ], [ 121.55157470703125, 1.027224659919739 ], [ 121.551589965820312, 1.027618050575256 ], [ 121.551536560058707, 1.028006911277828 ], [ 121.551506042480582, 1.028339743614254 ], [ 121.551422119140625, 1.028410911560115 ], [ 121.551078796386719, 1.028691411018428 ], [ 121.551040649414062, 1.028757929801998 ], [ 121.55084228515625, 1.029111623764095 ], [ 121.551094055175781, 1.029504895210266 ], [ 121.551261901855469, 1.029578804969844 ], [ 121.551414489746094, 1.029667735099736 ], [ 121.551666259765625, 1.029881715774536 ], [ 121.551757812500114, 1.029987215995902 ], [ 121.551673889160156, 1.030353426933402 ], [ 121.551445007324219, 1.030518889427242 ], [ 121.551048278808594, 1.030785202980098 ], [ 121.550643920898438, 1.03117048740387 ], [ 121.55072021484375, 1.031298756599483 ], [ 121.550811767578125, 1.031552076339779 ], [ 121.551048278808594, 1.031574130058289 ], [ 121.551589965820312, 1.031543493270931 ], [ 121.551681518554915, 1.031507134437675 ], [ 121.55210113525402, 1.031353116035518 ], [ 121.552459716796989, 1.031239628791923 ], [ 121.552825927734602, 1.031209111213798 ], [ 121.55307769775402, 1.031201839447135 ], [ 121.553115844726562, 1.031268000602779 ], [ 121.553192138671875, 1.031450986862183 ], [ 121.553009033203125, 1.031850576400871 ], [ 121.552947998046875, 1.032063484192008 ], [ 121.552879333496207, 1.032266616821289 ], [ 121.552879333496207, 1.032616138458366 ], [ 121.553009033203125, 1.032635211944637 ], [ 121.553146362304688, 1.032599329948425 ], [ 121.553230285644645, 1.032574415207023 ], [ 121.553337097167969, 1.032544016838074 ], [ 121.55362701416027, 1.032470822334233 ], [ 121.553863525390625, 1.032426834106445 ], [ 121.554405212402457, 1.032482981681937 ], [ 121.55460357666027, 1.032798171043453 ], [ 121.554435729980469, 1.033215522766227 ], [ 121.554191589355582, 1.033291459083557 ], [ 121.553741455078125, 1.033347964286918 ], [ 121.553558349609375, 1.033375144004765 ], [ 121.55316162109375, 1.033424139022941 ], [ 121.55307769775402, 1.033648252487296 ], [ 121.553245544433707, 1.033939838409424 ], [ 121.553459167480582, 1.034000515937862 ], [ 121.553596496582259, 1.034016013145447 ], [ 121.553985595703239, 1.034000158309993 ], [ 121.554092407226562, 1.034000158309993 ], [ 121.554214477539176, 1.034017324447632 ], [ 121.554481506347656, 1.03407800197607 ], [ 121.554664611816406, 1.03412127494812 ], [ 121.554733276367415, 1.034228801727409 ], [ 121.554809570312614, 1.034399390220642 ], [ 121.554878234863281, 1.034697651863212 ], [ 121.554939270019645, 1.035092115402222 ], [ 121.555107116699219, 1.035175561904907 ], [ 121.555191040039176, 1.035221815109367 ], [ 121.555404663085938, 1.035121321678162 ], [ 121.55548095703125, 1.035091876983643 ], [ 121.555541992187614, 1.034988522529602 ], [ 121.55576324462902, 1.034680604934692 ], [ 121.555915832519645, 1.034480690956173 ], [ 121.556083679199332, 1.034302592277641 ], [ 121.556320190429801, 1.034241199493465 ], [ 121.556716918945426, 1.034784197807312 ], [ 121.556907653808707, 1.034872889518681 ] ] ] ] } },
{ "type": "Feature", "properties": { "GID_0": "IDN", "NAME_0": "Indonesia", "GID_1": "IDN.27_1", "NAME_1": "Sulawesi Tengah", "GID_2": "IDN.27.3_1", "NAME_2": "Buol", "GID_3": "IDN.27.3.4_1", "NAME_3": "Bunobogu", "GID_4": "IDN.27.3.4.7_1", "NAME_4": "Ponipingan", "VARNAME_4": null, "TYPE_4": "Desa", "ENGTYPE_4": "Village", "CC_4": "7207040006" }, "geometry": { "type": "MultiPolygon", "coordinates": [ [ [ [ 121.634895324707145, 1.058673977851981 ], [ 121.635604858398665, 1.058122515678463 ], [ 121.636993408203239, 1.057363867759761 ], [ 121.637641906738281, 1.056458711624089 ], [ 121.638259887695312, 1.055472016334534 ], [ 121.638847351074446, 1.054964423179683 ], [ 121.639747619628906, 1.054569363594112 ], [ 121.640525817871094, 1.054625272750854 ], [ 121.641593933105582, 1.054455637931937 ], [ 121.642486572265739, 1.054990649223384 ], [ 121.643302917480582, 1.055300235748348 ], [ 121.644309997558594, 1.054736018180904 ], [ 121.645401000976676, 1.054707288742179 ], [ 121.646408081054688, 1.054537653923092 ], [ 121.647361755371094, 1.053550720214844 ], [ 121.648086547851562, 1.052958607673645 ], [ 121.648200988769759, 1.052535772323608 ], [ 121.648475646972656, 1.052112936973572 ], [ 121.648536682128906, 1.051633715629521 ], [ 121.64884185791027, 1.05095720291132 ], [ 121.648727416992188, 1.050055503845158 ], [ 121.648704528808594, 1.049266338348502 ], [ 121.648811340332145, 1.048420906066951 ], [ 121.648612976074332, 1.047998189926147 ], [ 121.648277282714844, 1.047744750976676 ], [ 121.647941589355469, 1.047857642173824 ], [ 121.647689819336051, 1.047519683837891 ], [ 121.64752197265625, 1.047068834304866 ], [ 121.648139953613281, 1.046279430389461 ], [ 121.648361206054688, 1.046166539192313 ], [ 121.64839172363304, 1.045828342437801 ], [ 121.648170471191406, 1.045659422874451 ], [ 121.647972106933594, 1.045321345329285 ], [ 121.648109436035156, 1.045067548751945 ], [ 121.648338317871094, 1.044898390769902 ], [ 121.648735046386719, 1.044374465942496 ], [ 121.649093627929688, 1.043827056884879 ], [ 121.649452209472656, 1.043319582939148 ], [ 121.64990234375, 1.043234825134277 ], [ 121.6502685546875, 1.043065547943058 ], [ 121.650405883789062, 1.042586326599235 ], [ 121.65012359619152, 1.042107462883109 ], [ 121.650291442871321, 1.041599988937378 ], [ 121.650642395019531, 1.041325569152889 ], [ 121.650527954101676, 1.041044473648128 ], [ 121.650764465332031, 1.040760278701782 ], [ 121.650939941406364, 1.040491104126033 ], [ 121.651123046875114, 1.040535807609615 ], [ 121.6513671875, 1.040332674980107 ], [ 121.651519775390625, 1.040012359619254 ], [ 121.651702880859489, 1.039623618126029 ], [ 121.651702880859489, 1.039488673210144 ], [ 121.651672363281364, 1.038568019867057 ], [ 121.65146636962902, 1.038334369659424 ], [ 121.651145935058594, 1.037965774536133 ], [ 121.6507568359375, 1.037370085716248 ], [ 121.650405883789062, 1.036831974983215 ], [ 121.649772644043082, 1.03630542755127 ], [ 121.648803710937614, 1.036033749580497 ], [ 121.647270202636832, 1.036097645759639 ], [ 121.64544677734375, 1.036248207092285 ], [ 121.644081115722656, 1.036495923996029 ], [ 121.64381408691429, 1.036551833152771 ], [ 121.643569946289062, 1.036636352539119 ], [ 121.642768859863281, 1.036942005157528 ], [ 121.641387939453239, 1.037667989730949 ], [ 121.640014648437614, 1.038432359695435 ], [ 121.637802124023438, 1.039795279502869 ], [ 121.632026672363395, 1.040386438369808 ], [ 121.631752014160156, 1.042998790741024 ], [ 121.63153076171875, 1.044851779937744 ], [ 121.631584167480469, 1.045261979103032 ], [ 121.631744384765625, 1.04673957824707 ], [ 121.631652832031364, 1.046760678291434 ], [ 121.633987426757812, 1.056241989135799 ], [ 121.634178161621094, 1.05676186084753 ], [ 121.634895324707145, 1.058673977851981 ] ] ] ] } },
{ "type": "Feature", "properties": { "GID_0": "IDN", "NAME_0": "Indonesia", "GID_1": "IDN.27_1", "NAME_1": "Sulawesi Tengah", "GID_2": "IDN.27.3_1", "NAME_2": "Buol", "GID_3": "IDN.27.3.4_1", "NAME_3": "Bunobogu", "GID_4": "IDN.27.3.4.8_1", "NAME_4": "Tamit", "VARNAME_4": null, "TYPE_4": "Desa", "ENGTYPE_4": "Village", "CC_4": "7207040003" }, "geometry": { "type": "MultiPolygon", "coordinates": [ [ [ [ 121.583099365234375, 1.041652917861882 ], [ 121.580101013183821, 1.042775392532462 ], [ 121.573944091796875, 1.045062899589652 ], [ 121.571815490722656, 1.045879721641597 ], [ 121.569412231445312, 1.046819925308341 ], [ 121.569816589355582, 1.047796964645443 ], [ 121.570030212402457, 1.048347115516776 ], [ 121.569374084472656, 1.048972725868225 ], [ 121.569038391113509, 1.04929614067089 ], [ 121.569183349609375, 1.049426674842778 ], [ 121.569313049316406, 1.049551844596806 ], [ 121.570304870605469, 1.049350976944027 ], [ 121.57041168212902, 1.049478530883846 ], [ 121.568939208984375, 1.051126837730408 ], [ 121.56888580322277, 1.051288127899227 ], [ 121.568733215332145, 1.051607131958121 ], [ 121.5689697265625, 1.052450180053768 ], [ 121.569038391113509, 1.052704811096248 ], [ 121.568229675292969, 1.053316950798035 ], [ 121.566795349121207, 1.054361343383789 ], [ 121.56689453125, 1.054738044738883 ], [ 121.56699371337902, 1.055205106735229 ], [ 121.567039489746094, 1.055305004119987 ], [ 121.567161560058707, 1.055402636528129 ], [ 121.567237854003906, 1.055487871170044 ], [ 121.567337036132926, 1.055471062660274 ], [ 121.567436218261719, 1.055454492569027 ], [ 121.567512512207259, 1.055426836013908 ], [ 121.567855834960938, 1.055162191391048 ], [ 121.568008422851562, 1.055070877075309 ], [ 121.568267822265625, 1.054938197135925 ], [ 121.568534851074332, 1.055026173591727 ], [ 121.568717956543082, 1.055094957351741 ], [ 121.568717956543082, 1.055390238761902 ], [ 121.568695068359489, 1.055930972099304 ], [ 121.568450927734375, 1.056347131729126 ], [ 121.567901611328352, 1.057218313217277 ], [ 121.567787170410156, 1.057651162147522 ], [ 121.567855834960938, 1.058000564575195 ], [ 121.568534851074332, 1.058245897293091 ], [ 121.568580627441406, 1.058347225189209 ], [ 121.568695068359489, 1.058650255203247 ], [ 121.568710327148551, 1.058998584747314 ], [ 121.568397521972656, 1.059289097786007 ], [ 121.567527770996207, 1.059840679168701 ], [ 121.567085266113281, 1.060120344162101 ], [ 121.566818237304801, 1.060262322425899 ], [ 121.566726684570312, 1.060628771781921 ], [ 121.566726684570312, 1.060846924781742 ], [ 121.566978454589957, 1.060913443565482 ], [ 121.568099975586051, 1.061232805252075 ], [ 121.568038940429688, 1.061679720878715 ], [ 121.567924499511832, 1.061788678169194 ], [ 121.567611694335938, 1.062068581581116 ], [ 121.567855834960938, 1.063192844390926 ], [ 121.568222045898438, 1.063475608825684 ], [ 121.568939208984375, 1.063109159469718 ], [ 121.569602966308594, 1.062907338142395 ], [ 121.570472717285156, 1.062585353851432 ], [ 121.570884704589844, 1.062476873397827 ], [ 121.571441650390625, 1.06263899803173 ], [ 121.572502136230582, 1.062963128090018 ], [ 121.573326110839844, 1.063413619995117 ], [ 121.573699951171875, 1.063323259353638 ], [ 121.579307556152344, 1.059767007827872 ], [ 121.581993103027344, 1.058394789695853 ], [ 121.583915710449446, 1.057510018348808 ], [ 121.585128784179801, 1.057550668716488 ], [ 121.585525512695312, 1.057725667953491 ], [ 121.586387634277344, 1.058067917823848 ], [ 121.587219238281364, 1.058021306991691 ], [ 121.587142944335938, 1.057736873626823 ], [ 121.587059020996094, 1.057389974594116 ], [ 121.586654663086051, 1.055388569831848 ], [ 121.586524963378906, 1.054852485656795 ], [ 121.5855712890625, 1.050899863243217 ], [ 121.585281372070426, 1.049849510192985 ], [ 121.584213256835938, 1.045749664306754 ], [ 121.584175109863395, 1.045614242553825 ], [ 121.584022521972656, 1.045036196708679 ], [ 121.583099365234375, 1.041652917861882 ] ] ] ] } },
{ "type": "Feature", "properties": { "GID_0": "IDN", "NAME_0": "Indonesia", "GID_1": "IDN.27_1", "NAME_1": "Sulawesi Tengah", "GID_2": "IDN.27.3_1", "NAME_2": "Buol", "GID_3": "IDN.27.3.5_1", "NAME_3": "Gadung", "GID_4": "IDN.27.3.5.1_1", "NAME_4": "Bulagidun", "VARNAME_4": null, "TYPE_4": "Desa", "ENGTYPE_4": "Village", "CC_4": "7207041002" }, "geometry": { "type": "MultiPolygon", "coordinates": [ [ [ [ 121.730979919433821, 1.076129794120902 ], [ 121.730857849121207, 1.075945138931274 ], [ 121.730705261230469, 1.075750708580131 ], [ 121.730392456054688, 1.075361251831168 ], [ 121.730117797851562, 1.074843049049491 ], [ 121.729782104492188, 1.074129819869938 ], [ 121.729240417480469, 1.073810338973999 ], [ 121.728912353515739, 1.073629021644649 ], [ 121.728111267090071, 1.07315289974224 ], [ 121.727973937988395, 1.072932839393616 ], [ 121.727958679199332, 1.072477340698299 ], [ 121.728042602539062, 1.07220733165741 ], [ 121.728630065917969, 1.071346402168274 ], [ 121.729057312011719, 1.071015477180424 ], [ 121.729331970214957, 1.070388317108097 ], [ 121.729499816894645, 1.069280505180416 ], [ 121.729354858398438, 1.068964004516715 ], [ 121.728668212890625, 1.068668365478629 ], [ 121.728134155273551, 1.068420052528381 ], [ 121.727989196777457, 1.068356394767875 ], [ 121.727500915527344, 1.067702531814575 ], [ 121.727455139160156, 1.067513227462825 ], [ 121.727348327636946, 1.067044496536198 ], [ 121.727310180664062, 1.066793084144706 ], [ 121.727363586425895, 1.066505551338253 ], [ 121.727447509765625, 1.066182255744934 ], [ 121.727485656738281, 1.066015481948909 ], [ 121.72794342041027, 1.065427780151481 ], [ 121.728103637695312, 1.0652676820755 ], [ 121.728324890136832, 1.065037250518799 ], [ 121.72873687744152, 1.064618229866142 ], [ 121.728958129882812, 1.064377665519771 ], [ 121.728973388671875, 1.06407356262207 ], [ 121.728935241699332, 1.063992619514522 ], [ 121.728843688964844, 1.063820958137512 ], [ 121.728416442871094, 1.063519716262874 ], [ 121.727745056152457, 1.063339710235709 ], [ 121.727134704589844, 1.062497615814323 ], [ 121.726943969726562, 1.06216382980358 ], [ 121.726814270019645, 1.061932325363273 ], [ 121.726448059082145, 1.0615350008012 ], [ 121.726348876953125, 1.061430573463497 ], [ 121.726150512695312, 1.061403036117611 ], [ 121.725746154785156, 1.061472415924186 ], [ 121.725608825683594, 1.061514258384705 ], [ 121.72503662109375, 1.061694383621216 ], [ 121.723129272460938, 1.061516523361206 ], [ 121.72235107421875, 1.061441659927311 ], [ 121.722404479980582, 1.072115659713802 ], [ 121.722396850586165, 1.075298309326286 ], [ 121.723197937011832, 1.075095295906124 ], [ 121.724563598632926, 1.075033783912772 ], [ 121.725479125976676, 1.074469685554504 ], [ 121.7261962890625, 1.074553728103638 ], [ 121.726364135742188, 1.074966788291988 ], [ 121.726921081542969, 1.075658559799251 ], [ 121.728408813476562, 1.076762795448303 ], [ 121.729316711425895, 1.076914072036743 ], [ 121.7301025390625, 1.076711297035331 ], [ 121.730979919433821, 1.076129794120902 ] ] ] ] } },
{ "type": "Feature", "properties": { "GID_0": "IDN", "NAME_0": "Indonesia", "GID_1": "IDN.27_1", "NAME_1": "Sulawesi Tengah", "GID_2": "IDN.27.3_1", "NAME_2": "Buol", "GID_3": "IDN.27.3.5_1", "NAME_3": "Gadung", "GID_4": "IDN.27.3.5.2_1", "NAME_4": "Bulagidun Tanjung", "VARNAME_4": null, "TYPE_4": "Desa", "ENGTYPE_4": "Village", "CC_4": "7207041010" }, "geometry": { "type": "MultiPolygon", "coordinates": [ [ [ [ 121.70806884765625, 1.05971884727478 ], [ 121.706863403320312, 1.061947226524467 ], [ 121.704902648925895, 1.066022157669124 ], [ 121.70404052734375, 1.066440582275391 ], [ 121.703559875488395, 1.067126154899654 ], [ 121.703857421875, 1.068095445633048 ], [ 121.702842712402344, 1.068096041679439 ], [ 121.701484680175895, 1.067342519760075 ], [ 121.700668334961051, 1.067629218101615 ], [ 121.700134277343864, 1.068231225013847 ], [ 121.7008056640625, 1.070470690727348 ], [ 121.701141357421875, 1.072530150413513 ], [ 121.701591491699219, 1.072987318039054 ], [ 121.702522277832031, 1.074213504791373 ], [ 121.703742980957145, 1.074275255203247 ], [ 121.704154968261832, 1.07412946224224 ], [ 121.70450592041027, 1.073796629905814 ], [ 121.705085754394645, 1.073151707649231 ], [ 121.705642700195426, 1.072964310646057 ], [ 121.706451416015625, 1.072776675224361 ], [ 121.706947326660384, 1.07304668426508 ], [ 121.706947326660384, 1.073379397392387 ], [ 121.706695556640625, 1.073587417602482 ], [ 121.706367492676009, 1.073984861373901 ], [ 121.706275939941406, 1.07589495182043 ], [ 121.706199645996207, 1.077288627624512 ], [ 121.706199645996207, 1.077662825584412 ], [ 121.706222534179801, 1.077974677085876 ], [ 121.706512451171875, 1.078743815422172 ], [ 121.7069091796875, 1.079325795173645 ], [ 121.707260131835938, 1.079637408256531 ], [ 121.707626342773438, 1.07982432842266 ], [ 121.708023071289062, 1.080323100090027 ], [ 121.708496093750114, 1.080904960632324 ], [ 121.708869934082145, 1.081154346466064 ], [ 121.709571838378906, 1.081528186798096 ], [ 121.710563659668196, 1.081839442253113 ], [ 121.711288452148438, 1.08185982704174 ], [ 121.712257385253906, 1.081526637077388 ], [ 121.713310241699332, 1.081359744072017 ], [ 121.7139892578125, 1.081213712692318 ], [ 121.714569091797102, 1.081213474273795 ], [ 121.715438842773438, 1.080755591392517 ], [ 121.716308593750114, 1.080692648887634 ], [ 121.716590881347656, 1.080443024635315 ], [ 121.717292785644645, 1.080151557922306 ], [ 121.719627380371094, 1.078715562820491 ], [ 121.721031188964844, 1.077716827392635 ], [ 121.721282958984489, 1.077342391014156 ], [ 121.721572875976562, 1.07634425163269 ], [ 121.72181701660179, 1.075554132461548 ], [ 121.722396850586165, 1.075298309326286 ], [ 121.722404479980582, 1.072115659713802 ], [ 121.72235107421875, 1.061441659927311 ], [ 121.721054077148665, 1.061317205429077 ], [ 121.717086791992301, 1.060936093330383 ], [ 121.715446472167969, 1.06077599525463 ], [ 121.70806884765625, 1.05971884727478 ] ] ] ] } },
{ "type": "Feature", "properties": { "GID_0": "IDN", "NAME_0": "Indonesia", "GID_1": "IDN.27_1", "NAME_1": "Sulawesi Tengah", "GID_2": "IDN.27.3_1", "NAME_2": "Buol", "GID_3": "IDN.27.3.5_1", "NAME_3": "Gadung", "GID_4": "IDN.27.3.5.3_1", "NAME_4": "Diapatih", "VARNAME_4": null, "TYPE_4": "Desa", "ENGTYPE_4": "Village", "CC_4": "7207041001" }, "geometry": { "type": "MultiPolygon", "coordinates": [ [ [ [ 121.793495178222656, 0.947728037834224 ], [ 121.780685424804688, 0.969704627990779 ], [ 121.770088195800895, 0.98742371797573 ], [ 121.768318176269531, 0.990406274795532 ], [ 121.75115966796875, 1.019261240959224 ], [ 121.748970031738395, 1.022983670234794 ], [ 121.742294311523551, 1.03443276882183 ], [ 121.736701965332259, 1.043944001197929 ], [ 121.729194641113281, 1.056589722633419 ], [ 121.726348876953125, 1.061430573463497 ], [ 121.726448059082145, 1.0615350008012 ], [ 121.726814270019645, 1.061932325363273 ], [ 121.726943969726562, 1.06216382980358 ], [ 121.727134704589844, 1.062497615814323 ], [ 121.727745056152457, 1.063339710235709 ], [ 121.728416442871094, 1.063519716262874 ], [ 121.728843688964844, 1.063820958137512 ], [ 121.728935241699332, 1.063992619514522 ], [ 121.728973388671875, 1.06407356262207 ], [ 121.728958129882812, 1.064377665519771 ], [ 121.72873687744152, 1.064618229866142 ], [ 121.728324890136832, 1.065037250518799 ], [ 121.728103637695312, 1.0652676820755 ], [ 121.72794342041027, 1.065427780151481 ], [ 121.727485656738281, 1.066015481948909 ], [ 121.727447509765625, 1.066182255744934 ], [ 121.727363586425895, 1.066505551338253 ], [ 121.727310180664062, 1.066793084144706 ], [ 121.727348327636946, 1.067044496536198 ], [ 121.727455139160156, 1.067513227462825 ], [ 121.727500915527344, 1.067702531814575 ], [ 121.727989196777457, 1.068356394767875 ], [ 121.728134155273551, 1.068420052528381 ], [ 121.728668212890625, 1.068668365478629 ], [ 121.729354858398438, 1.068964004516715 ], [ 121.729499816894645, 1.069280505180416 ], [ 121.729331970214957, 1.070388317108097 ], [ 121.729057312011719, 1.071015477180424 ], [ 121.728630065917969, 1.071346402168274 ], [ 121.728042602539062, 1.07220733165741 ], [ 121.727958679199332, 1.072477340698299 ], [ 121.727973937988395, 1.072932839393616 ], [ 121.728111267090071, 1.07315289974224 ], [ 121.728912353515739, 1.073629021644649 ], [ 121.729240417480469, 1.073810338973999 ], [ 121.729782104492188, 1.074129819869938 ], [ 121.730117797851562, 1.074843049049491 ], [ 121.730392456054688, 1.075361251831168 ], [ 121.730705261230469, 1.075750708580131 ], [ 121.730857849121207, 1.075945138931274 ], [ 121.730979919433821, 1.076129794120902 ], [ 121.731719970703125, 1.075412273407096 ], [ 121.732551574707145, 1.074102401733398 ], [ 121.733894348144645, 1.072638154029846 ], [ 121.735382080078239, 1.07219231128704 ], [ 121.735412597656364, 1.069719076156559 ], [ 121.73554992675804, 1.06850373744976 ], [ 121.736846923828125, 1.066962599754447 ], [ 121.738449096679801, 1.066311240196285 ], [ 121.73978424072277, 1.065223693847713 ], [ 121.740310668945312, 1.064958095550537 ], [ 121.740249633789062, 1.063982486724854 ], [ 121.74039459228527, 1.062861323356628 ], [ 121.740768432617301, 1.061985850334224 ], [ 121.741020202636719, 1.061888456344604 ], [ 121.741256713867188, 1.062190651893729 ], [ 121.741455078125, 1.062806129455623 ], [ 121.741546630859375, 1.06322717666626 ], [ 121.741561889648438, 1.063432335853634 ], [ 121.74212646484375, 1.064648985862846 ], [ 121.742622375488395, 1.064742803573608 ], [ 121.742912292480469, 1.065470099449215 ], [ 121.743705749511719, 1.066890239715576 ], [ 121.742507934570312, 1.067840814590568 ], [ 121.742134094238281, 1.06844866275793 ], [ 121.742706298828125, 1.069629311561698 ], [ 121.743072509765625, 1.070758819580192 ], [ 121.743606567382926, 1.071708440780696 ], [ 121.74417877197277, 1.072418332099971 ], [ 121.745132446289176, 1.07268309593195 ], [ 121.746940612792969, 1.072545170784053 ], [ 121.74957275390625, 1.072167158126945 ], [ 121.7510986328125, 1.07212340831768 ], [ 121.752281188964844, 1.073464870452995 ], [ 121.752677917480469, 1.071154713630733 ], [ 121.752723693847884, 1.070898771286068 ], [ 121.752746582031364, 1.070728898048458 ], [ 121.753120422363395, 1.068536520004386 ], [ 121.75315093994152, 1.068284273147526 ], [ 121.753189086914062, 1.068091511726493 ], [ 121.753822326660156, 1.0633243322373 ], [ 121.754173278808594, 1.062848806381282 ], [ 121.758926391601562, 1.056460618972892 ], [ 121.759712219238281, 1.055422067642269 ], [ 121.76483154296875, 1.051153659820557 ], [ 121.7667236328125, 1.049576640129203 ], [ 121.773391723632926, 1.044041037559623 ], [ 121.776145935058594, 1.031262755394096 ], [ 121.776466369628906, 1.029799103736991 ], [ 121.784019470214957, 1.024882793426627 ], [ 121.7880859375, 1.018778800964412 ], [ 121.78875732421875, 1.017773628234806 ], [ 121.792671203613281, 1.011915087700004 ], [ 121.794845581054688, 1.007211923599357 ], [ 121.797470092773438, 1.001564145088139 ], [ 121.8001708984375, 0.997206807136536 ], [ 121.800247192382926, 0.997077047824973 ], [ 121.80161285400402, 0.994874358177242 ], [ 121.803558349609375, 0.991651117801666 ], [ 121.803977966308594, 0.990958690643367 ], [ 121.805252075195312, 0.986988067627067 ], [ 121.80594635009777, 0.984453439712581 ], [ 121.808601379394759, 0.979242742061615 ], [ 121.808624267578239, 0.979172706604004 ], [ 121.808784484863281, 0.97303485870367 ], [ 121.808876037597656, 0.969809591770286 ], [ 121.80743408203125, 0.96604555845272 ], [ 121.806083679199219, 0.962521016597748 ], [ 121.807136535644645, 0.95730859041214 ], [ 121.808181762695312, 0.950497806072235 ], [ 121.807594299316406, 0.950704693794307 ], [ 121.807296752929801, 0.950810492038784 ], [ 121.80637359619152, 0.951026022434291 ], [ 121.805252075195312, 0.950438022613525 ], [ 121.804183959960938, 0.950079143047276 ], [ 121.803253173828125, 0.949870169162864 ], [ 121.802452087402344, 0.949549198150635 ], [ 121.801589965820426, 0.949243605136985 ], [ 121.800552368164062, 0.94893026351923 ], [ 121.799774169921875, 0.94887787103653 ], [ 121.79811096191429, 0.949033737182674 ], [ 121.797019958496207, 0.948981225490627 ], [ 121.795722961425781, 0.948772132396812 ], [ 121.794120788574332, 0.948249936103878 ], [ 121.793495178222656, 0.947728037834224 ] ] ] ] } },
{ "type": "Feature", "properties": { "GID_0": "IDN", "NAME_0": "Indonesia", "GID_1": "IDN.27_1", "NAME_1": "Sulawesi Tengah", "GID_2": "IDN.27.3_1", "NAME_2": "Buol", "GID_3": "IDN.27.3.5_1", "NAME_3": "Gadung", "GID_4": "IDN.27.3.5.4_1", "NAME_4": "Labuton", "VARNAME_4": null, "TYPE_4": "Desa", "ENGTYPE_4": "Village", "CC_4": "7207041003" }, "geometry": { "type": "MultiPolygon", "coordinates": [ [ [ [ 121.785003662109489, 0.939616739749965 ], [ 121.783973693847656, 0.939576387405396 ], [ 121.78277587890625, 0.939575970172939 ], [ 121.781684875488281, 0.93957561254507 ], [ 121.780807495117301, 0.939575314521733 ], [ 121.780029296875114, 0.939418554306087 ], [ 121.77909088134777, 0.939053058624381 ], [ 121.778205871582031, 0.938738584518433 ], [ 121.777275085449219, 0.938426494598446 ], [ 121.776603698730582, 0.938113272190094 ], [ 121.752891540527344, 0.985768198967094 ], [ 121.751632690429801, 0.988187074661312 ], [ 121.748878479003906, 0.993605196475983 ], [ 121.730537414550781, 1.02845406532299 ], [ 121.719726562500227, 1.041241765022335 ], [ 121.719139099121094, 1.041859269142151 ], [ 121.717651367187614, 1.043454527855033 ], [ 121.717292785644645, 1.043836116790771 ], [ 121.714759826660384, 1.043123364448604 ], [ 121.711212158203239, 1.045165657997131 ], [ 121.710807800293082, 1.047614455223083 ], [ 121.709396362304688, 1.051032900810299 ], [ 121.70792388916027, 1.054094314575309 ], [ 121.70806884765625, 1.05971884727478 ], [ 121.715446472167969, 1.06077599525463 ], [ 121.717086791992301, 1.060936093330383 ], [ 121.721054077148665, 1.061317205429077 ], [ 121.72235107421875, 1.061441659927311 ], [ 121.723129272460938, 1.061516523361206 ], [ 121.72503662109375, 1.061694383621216 ], [ 121.725608825683594, 1.061514258384705 ], [ 121.725746154785156, 1.061472415924186 ], [ 121.726150512695312, 1.061403036117611 ], [ 121.726348876953125, 1.061430573463497 ], [ 121.729194641113281, 1.056589722633419 ], [ 121.736701965332259, 1.043944001197929 ], [ 121.742294311523551, 1.03443276882183 ], [ 121.748970031738395, 1.022983670234794 ], [ 121.75115966796875, 1.019261240959224 ], [ 121.768318176269531, 0.990406274795532 ], [ 121.770088195800895, 0.98742371797573 ], [ 121.780685424804688, 0.969704627990779 ], [ 121.793495178222656, 0.947728037834224 ], [ 121.792976379394645, 0.947049736976567 ], [ 121.79245758056652, 0.946267127990779 ], [ 121.791831970214957, 0.945484459400234 ], [ 121.791366577148438, 0.944806218147392 ], [ 121.79074859619152, 0.94423216581356 ], [ 121.789657592773438, 0.943657994270325 ], [ 121.788307189941406, 0.942092657089233 ], [ 121.786979675292969, 0.940620720386562 ], [ 121.785568237304801, 0.939730584621486 ], [ 121.785003662109489, 0.939616739749965 ] ] ] ] } },
{ "type": "Feature", "properties": { "GID_0": "IDN", "NAME_0": "Indonesia", "GID_1": "IDN.27_1", "NAME_1": "Sulawesi Tengah", "GID_2": "IDN.27.3_1", "NAME_2": "Buol", "GID_3": "IDN.27.3.5_1", "NAME_3": "Gadung", "GID_4": "IDN.27.3.5.5_1", "NAME_4": "Lipubogu", "VARNAME_4": null, "TYPE_4": "Desa", "ENGTYPE_4": "Village", "CC_4": "7207041008" }, "geometry": { "type": "MultiPolygon", "coordinates": [ [ [ [ 121.73095703125, 0.926162362098694 ], [ 121.719177246093864, 0.948467671871242 ], [ 121.707267761230469, 0.971359014511165 ], [ 121.698509216308594, 0.995532333850804 ], [ 121.698135375976562, 0.996518790721836 ], [ 121.693305969238281, 1.007030963897705 ], [ 121.691360473632926, 1.011280298233146 ], [ 121.687332153320426, 1.020020604133663 ], [ 121.684860229492301, 1.026098012924308 ], [ 121.683082580566406, 1.030437588691825 ], [ 121.680000305175781, 1.041680216789302 ], [ 121.678771972656364, 1.045964121818599 ], [ 121.678062438964844, 1.048488497734184 ], [ 121.67694091796875, 1.052325010299739 ], [ 121.682289123535156, 1.05361115932476 ], [ 121.683761596679688, 1.05396389961254 ], [ 121.684822082519759, 1.054160475730953 ], [ 121.684989929199219, 1.053710579872245 ], [ 121.68572998046875, 1.053440451622009 ], [ 121.685943603515625, 1.052688121795654 ], [ 121.685981750488395, 1.052541851997432 ], [ 121.685508728027344, 1.052178740501517 ], [ 121.685691833496094, 1.051718592643738 ], [ 121.685905456542969, 1.051210880279541 ], [ 121.686363220214957, 1.050600886344853 ], [ 121.686416625976676, 1.050452828407401 ], [ 121.687431335449219, 1.04772257804882 ], [ 121.687477111816406, 1.046460270881767 ], [ 121.687187194824219, 1.045392870903015 ], [ 121.687362670898551, 1.044860243797416 ], [ 121.687599182128906, 1.044138789176941 ], [ 121.687980651855469, 1.043913960456848 ], [ 121.688499450683707, 1.044054627418632 ], [ 121.688804626464844, 1.044145822525024 ], [ 121.689109802246094, 1.044043064117375 ], [ 121.689193725585938, 1.043185830116272 ], [ 121.689468383789176, 1.041581034660453 ], [ 121.689811706543082, 1.039312958717403 ], [ 121.690277099609375, 1.038459181785583 ], [ 121.69058990478527, 1.037900924682674 ], [ 121.690658569335938, 1.035713791847286 ], [ 121.690727233886946, 1.033375263214111 ], [ 121.691246032714844, 1.031994938850517 ], [ 121.691352844238395, 1.031299591064396 ], [ 121.69156646728527, 1.030625462532043 ], [ 121.691703796386832, 1.03025496006012 ], [ 121.691818237304688, 1.029965162277222 ], [ 121.691864013671875, 1.028449773788566 ], [ 121.691871643066634, 1.028186202049369 ], [ 121.690498352050781, 1.02607703208929 ], [ 121.690322875976562, 1.025505185127315 ], [ 121.690162658691634, 1.024956464767513 ], [ 121.689994812011832, 1.023865342140198 ], [ 121.690132141113281, 1.023667812347526 ], [ 121.69040679931652, 1.023301482200679 ], [ 121.690971374511832, 1.022966265678406 ], [ 121.691871643066634, 1.022753238678092 ], [ 121.693374633789062, 1.022405743598995 ], [ 121.695274353027344, 1.021952867508048 ], [ 121.698516845703125, 1.014194846153316 ], [ 121.702285766601562, 1.005114316940308 ], [ 121.705360412597656, 0.997742891311646 ], [ 121.70709228515625, 0.994520246982631 ], [ 121.70774078369152, 0.993317067623138 ], [ 121.714309692382812, 0.981103658676204 ], [ 121.717422485351562, 0.975323677063045 ], [ 121.718040466308707, 0.974168241024074 ], [ 121.723091125488281, 0.964779138565007 ], [ 121.732177734375114, 0.947884261608181 ], [ 121.741561889648438, 0.930975079536438 ], [ 121.740097045898438, 0.930784285068569 ], [ 121.738754272460938, 0.930608153343201 ], [ 121.736763000488395, 0.930052220821494 ], [ 121.735374450683707, 0.929663181304932 ], [ 121.7337646484375, 0.928724646568298 ], [ 121.732833862304688, 0.927678883075771 ], [ 121.731765747070426, 0.92681276798254 ], [ 121.73095703125, 0.926162362098694 ] ] ] ] } },
{ "type": "Feature", "properties": { "GID_0": "IDN", "NAME_0": "Indonesia", "GID_1": "IDN.27_1", "NAME_1": "Sulawesi Tengah", "GID_2": "IDN.27.3_1", "NAME_2": "Buol", "GID_3": "IDN.27.3.5_1", "NAME_3": "Gadung", "GID_4": "IDN.27.3.5.6_1", "NAME_4": "Lokodidi", "VARNAME_4": null, "TYPE_4": "Desa", "ENGTYPE_4": "Village", "CC_4": "7207041007" }, "geometry": { "type": "MultiPolygon", "coordinates": [ [ [ [ 121.723945617675895, 0.923285663127956 ], [ 121.723396301269645, 0.923105716705379 ], [ 121.722686767578125, 0.922645688056946 ], [ 121.722099304199219, 0.922268927097434 ], [ 121.721199035644531, 0.921486735343933 ], [ 121.720603942871094, 0.922424137592373 ], [ 121.720375061035156, 0.922899603843632 ], [ 121.718399047851676, 0.92657524347311 ], [ 121.715797424316406, 0.931462287902889 ], [ 121.70635986328125, 0.948991537094059 ], [ 121.700019836425781, 0.960742354393005 ], [ 121.694053649902344, 0.971825480461121 ], [ 121.692367553710938, 0.978372097015381 ], [ 121.684547424316406, 1.008828163147029 ], [ 121.683723449707145, 1.012034893035946 ], [ 121.682792663574332, 1.014138340950126 ], [ 121.679161071777457, 1.022445321083012 ], [ 121.675994873046875, 1.029579401016235 ], [ 121.674880981445312, 1.032139420509338 ], [ 121.673843383789062, 1.033630967140255 ], [ 121.670433044433594, 1.038581848144645 ], [ 121.667312622070426, 1.041056036949215 ], [ 121.666999816894531, 1.041310906410217 ], [ 121.66251373291027, 1.046615242958183 ], [ 121.662315368652571, 1.046814799308834 ], [ 121.662246704101562, 1.046898365020866 ], [ 121.659103393554801, 1.050100684166011 ], [ 121.657142639160156, 1.052107691764888 ], [ 121.655998229980469, 1.053278803825322 ], [ 121.657646179199219, 1.055274963378906 ], [ 121.657035827636832, 1.055767178535518 ], [ 121.656135559082031, 1.054250717163086 ], [ 121.652999877929801, 1.052940487861633 ], [ 121.651123046875114, 1.053597450256348 ], [ 121.650192260742188, 1.055893898010254 ], [ 121.649833679199219, 1.059087872505302 ], [ 121.652420043945426, 1.062576413154716 ], [ 121.65494537353527, 1.065113067626953 ], [ 121.659851074218864, 1.066589474678153 ], [ 121.664207458496094, 1.067776083946228 ], [ 121.669342041015625, 1.06905019283289 ], [ 121.673881530761719, 1.062726378440971 ], [ 121.673942565918196, 1.062645792961177 ], [ 121.67694091796875, 1.052325010299739 ], [ 121.678062438964844, 1.048488497734184 ], [ 121.678771972656364, 1.045964121818599 ], [ 121.680000305175781, 1.041680216789302 ], [ 121.683082580566406, 1.030437588691825 ], [ 121.684860229492301, 1.026098012924308 ], [ 121.687332153320426, 1.020020604133663 ], [ 121.691360473632926, 1.011280298233146 ], [ 121.693305969238281, 1.007030963897705 ], [ 121.698135375976562, 0.996518790721836 ], [ 121.698509216308594, 0.995532333850804 ], [ 121.707267761230469, 0.971359014511165 ], [ 121.719177246093864, 0.948467671871242 ], [ 121.73095703125, 0.926162362098694 ], [ 121.729774475097656, 0.925451934337616 ], [ 121.728729248046989, 0.9248264431954 ], [ 121.727073669433594, 0.92429625988018 ], [ 121.725479125976676, 0.923785984516144 ], [ 121.723945617675895, 0.923285663127956 ] ] ] ] } },
{ "type": "Feature", "properties": { "GID_0": "IDN", "NAME_0": "Indonesia", "GID_1": "IDN.27_1", "NAME_1": "Sulawesi Tengah", "GID_2": "IDN.27.3_1", "NAME_2": "Buol", "GID_3": "IDN.27.3.5_1", "NAME_3": "Gadung", "GID_4": "IDN.27.3.5.7_1", "NAME_4": "Lokodoka", "VARNAME_4": null, "TYPE_4": "Desa", "ENGTYPE_4": "Village", "CC_4": "7207041004" }, "geometry": { "type": "MultiPolygon", "coordinates": [ [ [ [ 121.75, 0.93160533905035 ], [ 121.75018310546875, 0.93201190233242 ], [ 121.743606567382926, 0.943969428539276 ], [ 121.743255615234489, 0.944642424583435 ], [ 121.743064880371207, 0.945018172264213 ], [ 121.737174987792969, 0.956322789192257 ], [ 121.737052917480469, 0.956552565097809 ], [ 121.728935241699332, 0.972099483013153 ], [ 121.720817565917969, 0.987623751163596 ], [ 121.712158203125114, 1.004171013832149 ], [ 121.712043762207031, 1.004385471343994 ], [ 121.707237243652344, 1.013563990592957 ], [ 121.705787658691406, 1.016935229301453 ], [ 121.705009460449219, 1.018740653991699 ], [ 121.704101562500114, 1.020899891853276 ], [ 121.700225830078125, 1.033581733703727 ], [ 121.699707031250114, 1.035218119621334 ], [ 121.701591491699219, 1.041137337684575 ], [ 121.702392578125114, 1.043682694435233 ], [ 121.702529907226562, 1.043843984603996 ], [ 121.704437255859375, 1.046122670173645 ], [ 121.705375671386719, 1.046066641807499 ], [ 121.705841064453239, 1.046176314353943 ], [ 121.706504821777344, 1.046129345893917 ], [ 121.706871032714844, 1.045803427696228 ], [ 121.70684814453125, 1.044290900230465 ], [ 121.707023620605469, 1.04347646236431 ], [ 121.70721435546875, 1.042720079422111 ], [ 121.707321166992415, 1.041917204856873 ], [ 121.707077026367188, 1.041021466255188 ], [ 121.706108093261719, 1.039857745170707 ], [ 121.705764770507812, 1.038527131080684 ], [ 121.707229614257812, 1.039779663085881 ], [ 121.713188171386719, 1.040522694587821 ], [ 121.715827941894531, 1.042561650276184 ], [ 121.717292785644645, 1.043836116790771 ], [ 121.717651367187614, 1.043454527855033 ], [ 121.719139099121094, 1.041859269142151 ], [ 121.719726562500227, 1.041241765022335 ], [ 121.730537414550781, 1.02845406532299 ], [ 121.748878479003906, 0.993605196475983 ], [ 121.751632690429801, 0.988187074661312 ], [ 121.752891540527344, 0.985768198967094 ], [ 121.776603698730582, 0.938113272190094 ], [ 121.775932312011719, 0.937591373920441 ], [ 121.775154113769531, 0.937173843383903 ], [ 121.774627685546875, 0.936719417572078 ], [ 121.774398803710938, 0.936516225337982 ], [ 121.773895263672102, 0.936077952384949 ], [ 121.773338317871207, 0.936077773571014 ], [ 121.772811889648551, 0.936234056949615 ], [ 121.772087097167969, 0.936651110649109 ], [ 121.771514892578125, 0.936703085899353 ], [ 121.770896911621207, 0.936494231224117 ], [ 121.769958496093864, 0.936024427413997 ], [ 121.76885986328125, 0.935500383377075 ], [ 121.767578125, 0.935241162777061 ], [ 121.766563415527344, 0.934992015361843 ], [ 121.765838623046875, 0.934678792953434 ], [ 121.764953613281364, 0.93420904874813 ], [ 121.764122009277344, 0.933687090873718 ], [ 121.763343811035156, 0.933113038539886 ], [ 121.762779235839844, 0.93269556760788 ], [ 121.762413024902344, 0.932434618473053 ], [ 121.761688232422102, 0.932225704193229 ], [ 121.761169433593864, 0.932277679443473 ], [ 121.76059722900402, 0.932381808757896 ], [ 121.760025024414176, 0.932590246200675 ], [ 121.759040832519645, 0.932850718498287 ], [ 121.758316040039176, 0.932693958282414 ], [ 121.757484436035384, 0.932172060012931 ], [ 121.75675201416027, 0.931910812854824 ], [ 121.755462646484489, 0.931701898574829 ], [ 121.754524230957031, 0.931701540946904 ], [ 121.753433227539062, 0.93159681558609 ], [ 121.752708435058594, 0.931753039360103 ], [ 121.752235412597656, 0.931718885898704 ], [ 121.751983642578239, 0.931700646877403 ], [ 121.750999450683821, 0.931543827056998 ], [ 121.75, 0.93160533905035 ] ] ] ] } },
{ "type": "Feature", "properties": { "GID_0": "IDN", "NAME_0": "Indonesia", "GID_1": "IDN.27_1", "NAME_1": "Sulawesi Tengah", "GID_2": "IDN.27.3_1", "NAME_2": "Buol", "GID_3": "IDN.27.3.5_1", "NAME_3": "Gadung", "GID_4": "IDN.27.3.5.8_1", "NAME_4": "Matinan", "VARNAME_4": null, "TYPE_4": "Desa", "ENGTYPE_4": "Village", "CC_4": "7207041006" }, "geometry": { "type": "MultiPolygon", "coordinates": [ [ [ [ 121.67694091796875, 1.052325010299739 ], [ 121.673942565918196, 1.062645792961177 ], [ 121.673881530761719, 1.062726378440971 ], [ 121.669342041015625, 1.06905019283289 ], [ 121.671859741211051, 1.06918120384222 ], [ 121.67398834228527, 1.068415641784782 ], [ 121.676300048828239, 1.065773606300354 ], [ 121.678619384765625, 1.06542813777935 ], [ 121.680892944335938, 1.066227793693599 ], [ 121.681472778320312, 1.066627860069389 ], [ 121.682388305664176, 1.067073345184326 ], [ 121.683479309082259, 1.067836165428275 ], [ 121.683662414550781, 1.067960143089294 ], [ 121.68402099609375, 1.067511439323425 ], [ 121.684112548828239, 1.06729078292858 ], [ 121.684341430664062, 1.066572308540344 ], [ 121.684524536132812, 1.066368460655269 ], [ 121.684722900390625, 1.066335558891296 ], [ 121.684799194335938, 1.066327810287589 ], [ 121.685043334961051, 1.066661596298331 ], [ 121.685256958007926, 1.066794395446891 ], [ 121.685394287109602, 1.066894054412955 ], [ 121.685882568359375, 1.066594243049622 ], [ 121.686050415039062, 1.066351771354675 ], [ 121.686134338378906, 1.06625068187725 ], [ 121.686126708984375, 1.065993070602531 ], [ 121.685882568359375, 1.065852761268616 ], [ 121.685745239257812, 1.065773844719047 ], [ 121.685058593750114, 1.066016554832572 ], [ 121.684768676757812, 1.065922379493713 ], [ 121.684761047363281, 1.065760135650692 ], [ 121.684761047363281, 1.065610647201652 ], [ 121.685165405273438, 1.065048456192017 ], [ 121.685127258300781, 1.064786791801396 ], [ 121.68448638916027, 1.064519643783569 ], [ 121.684677124023551, 1.064000964164848 ], [ 121.684463500976676, 1.063642501831055 ], [ 121.684066772461051, 1.063322305679378 ], [ 121.684043884277344, 1.063061833381767 ], [ 121.684036254882812, 1.062424540519714 ], [ 121.684043884277344, 1.062186837196407 ], [ 121.683334350586051, 1.061589121818542 ], [ 121.683288574218977, 1.06138014793396 ], [ 121.683265686035156, 1.061210036277828 ], [ 121.683303833007926, 1.061085581779594 ], [ 121.683357238769645, 1.060972690582389 ], [ 121.683891296386832, 1.060958147049064 ], [ 121.683982849121094, 1.060997009277344 ], [ 121.684219360351562, 1.061117887496948 ], [ 121.684478759765739, 1.060952186584586 ], [ 121.6845703125, 1.060854196548576 ], [ 121.684707641601562, 1.060640573501701 ], [ 121.684745788574219, 1.060466408729667 ], [ 121.684791564941406, 1.060325980186576 ], [ 121.684783935546875, 1.060040831565914 ], [ 121.684791564941406, 1.059800863265934 ], [ 121.684555053710938, 1.058668017387504 ], [ 121.684555053710938, 1.058410763740483 ], [ 121.684585571289062, 1.057901382446403 ], [ 121.685066223144645, 1.057567596435661 ], [ 121.685752868652344, 1.057119011878967 ], [ 121.685981750488395, 1.056932449340877 ], [ 121.686119079589844, 1.056837797165031 ], [ 121.686065673828125, 1.056611537933406 ], [ 121.686004638671989, 1.056324362754822 ], [ 121.686119079589844, 1.056108713150024 ], [ 121.686203002929801, 1.055964112281856 ], [ 121.685981750488395, 1.055438995361385 ], [ 121.686103820800781, 1.055168986320496 ], [ 121.68564605712902, 1.054800152778625 ], [ 121.684822082519759, 1.054160475730953 ], [ 121.683761596679688, 1.05396389961254 ], [ 121.682289123535156, 1.05361115932476 ], [ 121.67694091796875, 1.052325010299739 ] ] ] ] } },
{ "type": "Feature", "properties": { "GID_0": "IDN", "NAME_0": "Indonesia", "GID_1": "IDN.27_1", "NAME_1": "Sulawesi Tengah", "GID_2": "IDN.27.3_1", "NAME_2": "Buol", "GID_3": "IDN.27.3.5_1", "NAME_3": "Gadung", "GID_4": "IDN.27.3.5.9_1", "NAME_4": "Nandu", "VARNAME_4": null, "TYPE_4": "Desa", "ENGTYPE_4": "Village", "CC_4": "7207041009" }, "geometry": { "type": "MultiPolygon", "coordinates": [ [ [ [ 121.706703186035156, 0.915384590625877 ], [ 121.706275939941406, 0.916173279285545 ], [ 121.706008911132926, 0.917685627937317 ], [ 121.70603179931652, 0.917819261551017 ], [ 121.705711364746094, 0.919377207756156 ], [ 121.705444335937614, 0.920926332473869 ], [ 121.705360412597656, 0.921109318733272 ], [ 121.705230712890852, 0.921741962432861 ], [ 121.701957702636719, 0.92900371551525 ], [ 121.69964599609375, 0.934316277503967 ], [ 121.696548461914062, 0.941458463668937 ], [ 121.69525146484375, 0.943518757820243 ], [ 121.694068908691406, 0.945739626884517 ], [ 121.693283081054801, 0.947134852409306 ], [ 121.692077636718864, 0.949688613414821 ], [ 121.691894531250114, 0.950170755386353 ], [ 121.691062927246094, 0.952825903892574 ], [ 121.689308166503906, 0.956367969512939 ], [ 121.688629150390852, 0.957810878753719 ], [ 121.685821533203239, 0.964884400367851 ], [ 121.685432434082145, 0.965857863426265 ], [ 121.683868408203352, 0.969881474971714 ], [ 121.680259704589957, 0.992504477501029 ], [ 121.680130004882812, 0.992933571338597 ], [ 121.68009185791027, 0.993161380290928 ], [ 121.678184509277457, 0.999693334102744 ], [ 121.677757263183821, 1.000824928283748 ], [ 121.67722320556652, 1.002598404884338 ], [ 121.675674438476676, 1.006324768066463 ], [ 121.675102233886832, 1.007847666740474 ], [ 121.669715881347656, 1.020623445510864 ], [ 121.66851806640625, 1.023339509964046 ], [ 121.668128967285156, 1.023826599121094 ], [ 121.668098449707145, 1.023903489112911 ], [ 121.662849426269531, 1.030547261238098 ], [ 121.654823303222656, 1.04070079326641 ], [ 121.656455993652457, 1.050305724144039 ], [ 121.657142639160156, 1.052107691764888 ], [ 121.659103393554801, 1.050100684166011 ], [ 121.662246704101562, 1.046898365020866 ], [ 121.662315368652571, 1.046814799308834 ], [ 121.66251373291027, 1.046615242958183 ], [ 121.666999816894531, 1.041310906410217 ], [ 121.667312622070426, 1.041056036949215 ], [ 121.670433044433594, 1.038581848144645 ], [ 121.673843383789062, 1.033630967140255 ], [ 121.674880981445312, 1.032139420509338 ], [ 121.675994873046875, 1.029579401016235 ], [ 121.679161071777457, 1.022445321083012 ], [ 121.682792663574332, 1.014138340950126 ], [ 121.683723449707145, 1.012034893035946 ], [ 121.684547424316406, 1.008828163147029 ], [ 121.692367553710938, 0.978372097015381 ], [ 121.694053649902344, 0.971825480461121 ], [ 121.700019836425781, 0.960742354393005 ], [ 121.70635986328125, 0.948991537094059 ], [ 121.715797424316406, 0.931462287902889 ], [ 121.718399047851676, 0.92657524347311 ], [ 121.720375061035156, 0.922899603843632 ], [ 121.720603942871094, 0.922424137592373 ], [ 121.721199035644531, 0.921486735343933 ], [ 121.720596313476562, 0.920961618423519 ], [ 121.719291687011719, 0.92022937536251 ], [ 121.718177795410156, 0.91980516910553 ], [ 121.717399597167969, 0.919508874416465 ], [ 121.716537475586051, 0.919182956218776 ], [ 121.715667724609375, 0.918996870517788 ], [ 121.714958190918196, 0.918844163417873 ], [ 121.714096069335938, 0.918659567833004 ], [ 121.712387084960938, 0.918292880058289 ], [ 121.710502624511719, 0.917972922325248 ], [ 121.709838867187614, 0.917638003826085 ], [ 121.709159851074219, 0.917298555374202 ], [ 121.708366394042969, 0.916700005531425 ], [ 121.707290649414062, 0.915886580944175 ], [ 121.706703186035156, 0.915384590625877 ] ] ] ] } },
{ "type": "Feature", "properties": { "GID_0": "IDN", "NAME_0": "Indonesia", "GID_1": "IDN.27_1", "NAME_1": "Sulawesi Tengah", "GID_2": "IDN.27.3_1", "NAME_2": "Buol", "GID_3": "IDN.27.3.5_1", "NAME_3": "Gadung", "GID_4": "IDN.27.3.5.10_1", "NAME_4": "Taat", "VARNAME_4": null, "TYPE_4": "Desa", "ENGTYPE_4": "Village", "CC_4": "7207041005" }, "geometry": { "type": "MultiPolygon", "coordinates": [ [ [ [ 121.741561889648438, 0.930975079536438 ], [ 121.732177734375114, 0.947884261608181 ], [ 121.723091125488281, 0.964779138565007 ], [ 121.718040466308707, 0.974168241024074 ], [ 121.717422485351562, 0.975323677063045 ], [ 121.714309692382812, 0.981103658676204 ], [ 121.70774078369152, 0.993317067623138 ], [ 121.70709228515625, 0.994520246982631 ], [ 121.705360412597656, 0.997742891311646 ], [ 121.702285766601562, 1.005114316940308 ], [ 121.698516845703125, 1.014194846153316 ], [ 121.695274353027344, 1.021952867508048 ], [ 121.693374633789062, 1.022405743598995 ], [ 121.691871643066634, 1.022753238678092 ], [ 121.690971374511832, 1.022966265678406 ], [ 121.69040679931652, 1.023301482200679 ], [ 121.690132141113281, 1.023667812347526 ], [ 121.689994812011832, 1.023865342140198 ], [ 121.690162658691634, 1.024956464767513 ], [ 121.690322875976562, 1.025505185127315 ], [ 121.690498352050781, 1.02607703208929 ], [ 121.691871643066634, 1.028186202049369 ], [ 121.691864013671875, 1.028449773788566 ], [ 121.691818237304688, 1.029965162277222 ], [ 121.691703796386832, 1.03025496006012 ], [ 121.69156646728527, 1.030625462532043 ], [ 121.691352844238395, 1.031299591064396 ], [ 121.691246032714844, 1.031994938850517 ], [ 121.690727233886946, 1.033375263214111 ], [ 121.690658569335938, 1.035713791847286 ], [ 121.69058990478527, 1.037900924682674 ], [ 121.690277099609375, 1.038459181785583 ], [ 121.689811706543082, 1.039312958717403 ], [ 121.689468383789176, 1.041581034660453 ], [ 121.689193725585938, 1.043185830116272 ], [ 121.689109802246094, 1.044043064117375 ], [ 121.688804626464844, 1.044145822525024 ], [ 121.688499450683707, 1.044054627418632 ], [ 121.687980651855469, 1.043913960456848 ], [ 121.687599182128906, 1.044138789176941 ], [ 121.687362670898551, 1.044860243797416 ], [ 121.687187194824219, 1.045392870903015 ], [ 121.687477111816406, 1.046460270881767 ], [ 121.687431335449219, 1.04772257804882 ], [ 121.686416625976676, 1.050452828407401 ], [ 121.686363220214957, 1.050600886344853 ], [ 121.685905456542969, 1.051210880279541 ], [ 121.685691833496094, 1.051718592643738 ], [ 121.685508728027344, 1.052178740501517 ], [ 121.685981750488395, 1.052541851997432 ], [ 121.685943603515625, 1.052688121795654 ], [ 121.68572998046875, 1.053440451622009 ], [ 121.684989929199219, 1.053710579872245 ], [ 121.684822082519759, 1.054160475730953 ], [ 121.68564605712902, 1.054800152778625 ], [ 121.686103820800781, 1.055168986320496 ], [ 121.685981750488395, 1.055438995361385 ], [ 121.686203002929801, 1.055964112281856 ], [ 121.686119079589844, 1.056108713150024 ], [ 121.686004638671989, 1.056324362754822 ], [ 121.686065673828125, 1.056611537933406 ], [ 121.686119079589844, 1.056837797165031 ], [ 121.685981750488395, 1.056932449340877 ], [ 121.685752868652344, 1.057119011878967 ], [ 121.685066223144645, 1.057567596435661 ], [ 121.684585571289062, 1.057901382446403 ], [ 121.684555053710938, 1.058410763740483 ], [ 121.684555053710938, 1.058668017387504 ], [ 121.684791564941406, 1.059800863265934 ], [ 121.684783935546875, 1.060040831565914 ], [ 121.684791564941406, 1.060325980186576 ], [ 121.684745788574219, 1.060466408729667 ], [ 121.684707641601562, 1.060640573501701 ], [ 121.6845703125, 1.060854196548576 ], [ 121.684478759765739, 1.060952186584586 ], [ 121.684219360351562, 1.061117887496948 ], [ 121.683982849121094, 1.060997009277344 ], [ 121.683891296386832, 1.060958147049064 ], [ 121.683357238769645, 1.060972690582389 ], [ 121.683303833007926, 1.061085581779594 ], [ 121.683265686035156, 1.061210036277828 ], [ 121.683288574218977, 1.06138014793396 ], [ 121.683334350586051, 1.061589121818542 ], [ 121.684043884277344, 1.062186837196407 ], [ 121.684036254882812, 1.062424540519714 ], [ 121.684043884277344, 1.063061833381767 ], [ 121.684066772461051, 1.063322305679378 ], [ 121.684463500976676, 1.063642501831055 ], [ 121.684677124023551, 1.064000964164848 ], [ 121.68448638916027, 1.064519643783569 ], [ 121.685127258300781, 1.064786791801396 ], [ 121.685165405273438, 1.065048456192017 ], [ 121.684761047363281, 1.065610647201652 ], [ 121.684761047363281, 1.065760135650692 ], [ 121.684768676757812, 1.065922379493713 ], [ 121.685058593750114, 1.066016554832572 ], [ 121.685745239257812, 1.065773844719047 ], [ 121.685882568359375, 1.065852761268616 ], [ 121.686126708984375, 1.065993070602531 ], [ 121.686134338378906, 1.06625068187725 ], [ 121.686050415039062, 1.066351771354675 ], [ 121.685882568359375, 1.066594243049622 ], [ 121.685394287109602, 1.066894054412955 ], [ 121.685256958007926, 1.066794395446891 ], [ 121.685043334961051, 1.066661596298331 ], [ 121.684799194335938, 1.066327810287589 ], [ 121.684722900390625, 1.066335558891296 ], [ 121.684524536132812, 1.066368460655269 ], [ 121.684341430664062, 1.066572308540344 ], [ 121.684112548828239, 1.06729078292858 ], [ 121.68402099609375, 1.067511439323425 ], [ 121.683662414550781, 1.067960143089294 ], [ 121.683479309082259, 1.067836165428275 ], [ 121.682640075683594, 1.068722724914551 ], [ 121.682838439941406, 1.069378495216426 ], [ 121.683403015136719, 1.069761872291565 ], [ 121.683456420898438, 1.07038056850439 ], [ 121.683464050292969, 1.071184992790336 ], [ 121.683799743652344, 1.071778774261475 ], [ 121.685005187988509, 1.071976065635795 ], [ 121.686256408691406, 1.071579456329346 ], [ 121.68656158447277, 1.071121335029659 ], [ 121.688446044922102, 1.070984244346675 ], [ 121.690376281738395, 1.070092082023677 ], [ 121.691345214843864, 1.069324374198857 ], [ 121.69174957275402, 1.068544507026786 ], [ 121.691871643066634, 1.067839026451168 ], [ 121.692588806152344, 1.068558931350765 ], [ 121.692802429199219, 1.068430423736629 ], [ 121.692886352539176, 1.067874073982239 ], [ 121.692955017089844, 1.067446112632865 ], [ 121.694183349609489, 1.065701723098698 ], [ 121.69461822509777, 1.064685225486755 ], [ 121.695137023925895, 1.064952373504582 ], [ 121.696029663085938, 1.06426727771759 ], [ 121.696701049804801, 1.063785433769169 ], [ 121.696548461914062, 1.063122272491455 ], [ 121.696090698242301, 1.062512755394039 ], [ 121.695579528808594, 1.062470316886959 ], [ 121.695327758789176, 1.062202930450383 ], [ 121.695442199707031, 1.062074542045593 ], [ 121.696151733398438, 1.062202572822684 ], [ 121.69598388671875, 1.06142163276678 ], [ 121.696716308593864, 1.060544013977051 ], [ 121.69669342041027, 1.059131979942265 ], [ 121.696754455566406, 1.058351039886531 ], [ 121.69766998291027, 1.056339383125362 ], [ 121.70072174072277, 1.055763483047542 ], [ 121.702323913574219, 1.054771184921378 ], [ 121.705703735351562, 1.05412054061884 ], [ 121.707679748535156, 1.052011966705322 ], [ 121.708412170410156, 1.05086350440979 ], [ 121.708343505859489, 1.050258636474666 ], [ 121.707855224609375, 1.049816727638358 ], [ 121.707061767578125, 1.049142360687313 ], [ 121.706596374511832, 1.048886656761169 ], [ 121.704978942871094, 1.047619462013301 ], [ 121.705001831054688, 1.047223806381282 ], [ 121.704437255859375, 1.046122670173645 ], [ 121.702529907226562, 1.043843984603996 ], [ 121.702392578125114, 1.043682694435233 ], [ 121.701591491699219, 1.041137337684575 ], [ 121.699707031250114, 1.035218119621334 ], [ 121.700225830078125, 1.033581733703727 ], [ 121.704101562500114, 1.020899891853276 ], [ 121.705009460449219, 1.018740653991699 ], [ 121.705787658691406, 1.016935229301453 ], [ 121.707237243652344, 1.013563990592957 ], [ 121.712043762207031, 1.004385471343994 ], [ 121.712158203125114, 1.004171013832149 ], [ 121.720817565917969, 0.987623751163596 ], [ 121.728935241699332, 0.972099483013153 ], [ 121.737052917480469, 0.956552565097809 ], [ 121.737174987792969, 0.956322789192257 ], [ 121.743064880371207, 0.945018172264213 ], [ 121.743255615234489, 0.944642424583435 ], [ 121.743606567382926, 0.943969428539276 ], [ 121.75018310546875, 0.93201190233242 ], [ 121.75, 0.93160533905035 ], [ 121.749458312988281, 0.931552886962891 ], [ 121.747169494628906, 0.931395292282104 ], [ 121.744888305664062, 0.931446731090489 ], [ 121.741561889648438, 0.930975079536438 ] ] ] ] } },
{ "type": "Feature", "properties": { "GID_0": "IDN", "NAME_0": "Indonesia", "GID_1": "IDN.27_1", "NAME_1": "Sulawesi Tengah", "GID_2": "IDN.27.3_1", "NAME_2": "Buol", "GID_3": "IDN.27.3.6_1", "NAME_3": "Karamat", "GID_4": "IDN.27.3.6.1_1", "NAME_4": "Baruga", "VARNAME_4": null, "TYPE_4": "Desa", "ENGTYPE_4": "Village", "CC_4": "7207012005" }, "geometry": { "type": "MultiPolygon", "coordinates": [ [ [ [ 121.375930786132812, 1.235243201255798 ], [ 121.376091003418082, 1.235558032989616 ], [ 121.376533508300781, 1.236386060714779 ], [ 121.376602172851676, 1.236534357070923 ], [ 121.376686096191406, 1.236695885658264 ], [ 121.376739501953125, 1.236817955970878 ], [ 121.376800537109489, 1.236956238746643 ], [ 121.377120971679688, 1.237746834755058 ], [ 121.377510070800781, 1.238685011863652 ], [ 121.377555847168082, 1.238815546035767 ], [ 121.377838134765625, 1.23981344699871 ], [ 121.37851715087902, 1.242171168327445 ], [ 121.378852844238281, 1.243169069290218 ], [ 121.37949371337902, 1.244084119796867 ], [ 121.37957763671875, 1.244841337204036 ], [ 121.379615783691406, 1.245230078697261 ], [ 121.380249023437614, 1.246630311012211 ], [ 121.380882263183594, 1.248030662536735 ], [ 121.381645202636719, 1.250067472457999 ], [ 121.382530212402457, 1.25159478187561 ], [ 121.383041381835938, 1.25312244892126 ], [ 121.383613586425781, 1.254397273063717 ], [ 121.383674621582145, 1.254522562027091 ], [ 121.384933471679688, 1.256049871444702 ], [ 121.385192871093864, 1.256940960884094 ], [ 121.38559722900402, 1.25770008564001 ], [ 121.386833190917969, 1.260000944137516 ], [ 121.38748931884777, 1.260410070419368 ], [ 121.387840270996321, 1.260839939117488 ], [ 121.387939453125, 1.260961055755672 ], [ 121.388603210449446, 1.261247634887809 ], [ 121.388870239257926, 1.261361718177852 ], [ 121.388946533203125, 1.261506438255367 ], [ 121.38909912109375, 1.261808753013668 ], [ 121.390235900878906, 1.261883735656852 ], [ 121.391433715820312, 1.261818051338253 ], [ 121.392456054687614, 1.261611223220939 ], [ 121.39420318603527, 1.261507034301758 ], [ 121.395843505859375, 1.261059165001029 ], [ 121.39707183837902, 1.260267615318298 ], [ 121.398849487304688, 1.260327458381596 ], [ 121.400039672851562, 1.260678648948726 ], [ 121.401664733886719, 1.261351585388297 ], [ 121.403343200683707, 1.261788964271602 ], [ 121.40445709228527, 1.262051701545715 ], [ 121.405387878418196, 1.261283993721065 ], [ 121.406021118164176, 1.260877609252987 ], [ 121.406501770019531, 1.260647416114807 ], [ 121.40677642822277, 1.260514140129203 ], [ 121.407104492187727, 1.260357975959778 ], [ 121.407455444335938, 1.260191440582275 ], [ 121.407432556152344, 1.259363055229244 ], [ 121.407264709472656, 1.258935809135494 ], [ 121.406944274902457, 1.258498311042786 ], [ 121.406791687011832, 1.258185148239193 ], [ 121.406524658203125, 1.258096814155692 ], [ 121.406341552734602, 1.258021354675407 ], [ 121.405937194824219, 1.257834911346549 ], [ 121.405807495117301, 1.257768750190678 ], [ 121.405174255371094, 1.257343411445675 ], [ 121.404815673828352, 1.257048606872559 ], [ 121.404403686523438, 1.256348967552242 ], [ 121.404106140136832, 1.255587697029171 ], [ 121.403953552246094, 1.255144834518376 ], [ 121.403930664062614, 1.254899144172668 ], [ 121.403785705566406, 1.254269838333187 ], [ 121.402854919433594, 1.253297328949088 ], [ 121.402763366699332, 1.253063321113586 ], [ 121.402656555175781, 1.252803444862366 ], [ 121.402610778808594, 1.252702951431388 ], [ 121.40228271484375, 1.251879692077694 ], [ 121.401725769042969, 1.251042962074393 ], [ 121.401542663574219, 1.25076246261608 ], [ 121.400894165039062, 1.24965059757227 ], [ 121.3997802734375, 1.248207688331661 ], [ 121.399192810058594, 1.247316002845878 ], [ 121.399406433105469, 1.247026324272269 ], [ 121.398918151855582, 1.246354341507015 ], [ 121.398063659667969, 1.245124697685242 ], [ 121.397132873535156, 1.243651866912899 ], [ 121.396392822265625, 1.242264986038208 ], [ 121.3956298828125, 1.241249680519104 ], [ 121.393852233886719, 1.237783551216239 ], [ 121.3936767578125, 1.237356781959647 ], [ 121.393600463867301, 1.237355947494564 ], [ 121.39349365234375, 1.237378716468811 ], [ 121.392768859863281, 1.237531542778072 ], [ 121.390945434570426, 1.237937569618339 ], [ 121.390296936035156, 1.238090872764701 ], [ 121.38909912109375, 1.238332271576041 ], [ 121.388511657714844, 1.238043308258057 ], [ 121.387680053711051, 1.237643837928886 ], [ 121.38720703125, 1.23740291595459 ], [ 121.385955810546989, 1.236786365509033 ], [ 121.382804870605469, 1.235350847244263 ], [ 121.381622314453239, 1.234819769859371 ], [ 121.381088256835938, 1.234798312187252 ], [ 121.379508972168082, 1.234811782836914 ], [ 121.378570556640739, 1.234843373298702 ], [ 121.378105163574219, 1.234823703765869 ], [ 121.377273559570312, 1.234830737114009 ], [ 121.375930786132812, 1.235243201255798 ] ] ] ] } },
{ "type": "Feature", "properties": { "GID_0": "IDN", "NAME_0": "Indonesia", "GID_1": "IDN.27_1", "NAME_1": "Sulawesi Tengah", "GID_2": "IDN.27.3_1", "NAME_2": "Buol", "GID_3": "IDN.27.3.6_1", "NAME_3": "Karamat", "GID_4": "IDN.27.3.6.2_1", "NAME_4": "Busak I", "VARNAME_4": null, "TYPE_4": "Desa", "ENGTYPE_4": "Village", "CC_4": "7207012003" }, "geometry": { "type": "MultiPolygon", "coordinates": [ [ [ [ 121.365005493164176, 1.271277904510498 ], [ 121.364479064941406, 1.270341277122611 ], [ 121.364158630371094, 1.269926309585628 ], [ 121.364097595214844, 1.269523143768311 ], [ 121.364143371582031, 1.26874041557312 ], [ 121.364112854003906, 1.267969489097595 ], [ 121.363639831543082, 1.267696976661682 ], [ 121.363128662109375, 1.267744660377502 ], [ 121.362731933593864, 1.268219232559261 ], [ 121.362213134765625, 1.268456816673392 ], [ 121.361679077148438, 1.26855194568634 ], [ 121.361091613769531, 1.268860578536987 ], [ 121.360809326171989, 1.269252061843929 ], [ 121.360832214355582, 1.26999926567089 ], [ 121.361068725585938, 1.270473599433899 ], [ 121.361259460449219, 1.270947813987789 ], [ 121.361801147460938, 1.270817041397152 ], [ 121.362236022949219, 1.270876169204712 ], [ 121.36405181884777, 1.272369503975028 ], [ 121.364845275878906, 1.272250533104 ], [ 121.36502838134777, 1.271882772445792 ], [ 121.365005493164176, 1.271277904510498 ] ] ], [ [ [ 121.339897155761719, 1.191335082054081 ], [ 121.340293884277344, 1.19393432140356 ], [ 121.340965270996207, 1.198240041732788 ], [ 121.341064453125, 1.199018836021423 ], [ 121.341133117675895, 1.199467420578117 ], [ 121.341354370117301, 1.201229929924068 ], [ 121.342033386230469, 1.206696271896362 ], [ 121.3433837890625, 1.210197329521179 ], [ 121.3433837890625, 1.211143493652401 ], [ 121.343391418457031, 1.211636066436881 ], [ 121.343391418457031, 1.216301083564872 ], [ 121.343612670898551, 1.219685673713798 ], [ 121.343681335449219, 1.221053719520569 ], [ 121.343734741210938, 1.22195923328411 ], [ 121.344009399414176, 1.222981810569877 ], [ 121.344261169433594, 1.22444748878479 ], [ 121.344451904296875, 1.226460814476013 ], [ 121.344551086426009, 1.226769804954529 ], [ 121.34474182128929, 1.228044033050537 ], [ 121.344917297363281, 1.229568839073181 ], [ 121.344963073730582, 1.230309844017142 ], [ 121.345100402832031, 1.230974316597042 ], [ 121.345207214355469, 1.231696605682487 ], [ 121.345336914062614, 1.231978416442985 ], [ 121.345886230468977, 1.233168601989689 ], [ 121.346237182617188, 1.233967542648429 ], [ 121.346313476562614, 1.234152317047233 ], [ 121.34625244140625, 1.234541654586849 ], [ 121.345817565917969, 1.237517833709717 ], [ 121.347335815429688, 1.240622878074646 ], [ 121.348098754882812, 1.24444234371191 ], [ 121.348854064941406, 1.246733784675655 ], [ 121.349617004394531, 1.248006701469478 ], [ 121.350738525390625, 1.249582171440125 ], [ 121.350822448730469, 1.249510049820003 ], [ 121.351776123046875, 1.248967766761893 ], [ 121.353805541992188, 1.248383283615226 ], [ 121.357536315918082, 1.248464703559989 ], [ 121.361007690429801, 1.249657154083366 ], [ 121.363319396972656, 1.251044750213623 ], [ 121.365753173828239, 1.252530813217277 ], [ 121.366912841796989, 1.253524661064148 ], [ 121.3685302734375, 1.25452291965496 ], [ 121.369766235351676, 1.255561590194759 ], [ 121.370628356933594, 1.255726933479423 ], [ 121.371536254882812, 1.255780220031852 ], [ 121.37158203125, 1.254858016967887 ], [ 121.371627807617415, 1.253781676292476 ], [ 121.37152099609375, 1.252751708030644 ], [ 121.371116638183707, 1.251232862472534 ], [ 121.370811462402344, 1.249772906303406 ], [ 121.370735168457145, 1.249554395675716 ], [ 121.370323181152457, 1.24824154376995 ], [ 121.370002746582031, 1.247272372245732 ], [ 121.369758605957145, 1.246604681015071 ], [ 121.369102478027344, 1.245294094085807 ], [ 121.368232727050895, 1.242947936058101 ], [ 121.367713928222656, 1.241382718086356 ], [ 121.367218017578125, 1.239887833595333 ], [ 121.366333007812614, 1.237975478172302 ], [ 121.365333557129134, 1.237066030502433 ], [ 121.3634033203125, 1.237245082855281 ], [ 121.363197326660156, 1.237267255783138 ], [ 121.362274169921875, 1.237412691116447 ], [ 121.3607177734375, 1.234449148178101 ], [ 121.36063385009777, 1.234285593032837 ], [ 121.358795166015625, 1.230935573577938 ], [ 121.357345581054801, 1.227786540985221 ], [ 121.35723876953125, 1.227545142173881 ], [ 121.356124877929688, 1.224178671836853 ], [ 121.354957580566406, 1.221287012100333 ], [ 121.35355377197277, 1.217241406440792 ], [ 121.352737426757812, 1.214929819107169 ], [ 121.352684020996094, 1.214792013168392 ], [ 121.352172851562727, 1.213547706604118 ], [ 121.3515625, 1.212118029594478 ], [ 121.351066589355582, 1.210971474647636 ], [ 121.35084533691429, 1.210486888885555 ], [ 121.350570678710938, 1.209746241569633 ], [ 121.349594116210938, 1.207468867301998 ], [ 121.349517822265739, 1.207316160202026 ], [ 121.349456787109375, 1.207195401191768 ], [ 121.348770141601676, 1.205850005149898 ], [ 121.348587036132926, 1.205436348915157 ], [ 121.3485107421875, 1.205296158790588 ], [ 121.347175598144531, 1.202257990837097 ], [ 121.346755981445312, 1.201359033584595 ], [ 121.345649719238281, 1.198830842971859 ], [ 121.345306396484602, 1.198063850402832 ], [ 121.343063354492301, 1.195495009422359 ], [ 121.341468811035156, 1.193382620811519 ], [ 121.339897155761719, 1.191335082054081 ] ] ] ] } },
{ "type": "Feature", "properties": { "GID_0": "IDN", "NAME_0": "Indonesia", "GID_1": "IDN.27_1", "NAME_1": "Sulawesi Tengah", "GID_2": "IDN.27.3_1", "NAME_2": "Buol", "GID_3": "IDN.27.3.6_1", "NAME_3": "Karamat", "GID_4": "IDN.27.3.6.3_1", "NAME_4": "Busak Ii", "VARNAME_4": null, "TYPE_4": "Desa", "ENGTYPE_4": "Village", "CC_4": "7207012002" }, "geometry": { "type": "MultiPolygon", "coordinates": [ [ [ [ 121.3099365234375, 1.172139883041439 ], [ 121.311370849609489, 1.174167394638062 ], [ 121.312545776367301, 1.178274512291011 ], [ 121.312728881836051, 1.1786967515946 ], [ 121.315200805664176, 1.187060713768119 ], [ 121.318511962890625, 1.187309026718253 ], [ 121.31919097900402, 1.187360048294181 ], [ 121.321044921875, 1.18750107288372 ], [ 121.321922302246207, 1.188428401947021 ], [ 121.323204040527457, 1.189775586128292 ], [ 121.323806762695426, 1.19040238857275 ], [ 121.32474517822277, 1.19134247303009 ], [ 121.325691223144645, 1.192365050315914 ], [ 121.325859069824446, 1.194303870201168 ], [ 121.325935363769531, 1.19517791271204 ], [ 121.327201843261832, 1.197851181030217 ], [ 121.32733154296875, 1.198740243911857 ], [ 121.327835083007926, 1.202180027961788 ], [ 121.327949523926009, 1.203854560852108 ], [ 121.328125, 1.205386161804313 ], [ 121.328208923339957, 1.205820918083305 ], [ 121.328216552734489, 1.205901622772274 ], [ 121.32834625244152, 1.207400083541984 ], [ 121.328453063964844, 1.207895278930664 ], [ 121.329101562500227, 1.210837602615413 ], [ 121.32932281494152, 1.211630821228027 ], [ 121.32948303222679, 1.212238073349113 ], [ 121.329627990722656, 1.213508009910527 ], [ 121.329742431640739, 1.214535474777335 ], [ 121.329742431640739, 1.216768264770565 ], [ 121.329742431640739, 1.218731522560176 ], [ 121.329994201660156, 1.221150636672917 ], [ 121.330245971679915, 1.223060488700924 ], [ 121.330329895019531, 1.224187970161495 ], [ 121.33038330078125, 1.224873423576412 ], [ 121.330497741699332, 1.225543498992863 ], [ 121.330757141113281, 1.227007389068717 ], [ 121.33038330078125, 1.228523969650382 ], [ 121.330421447753906, 1.229269623756466 ], [ 121.330505371093864, 1.230572581291199 ], [ 121.33056640625, 1.230914950370789 ], [ 121.330757141113281, 1.232092022895927 ], [ 121.330757141113281, 1.2329598665238 ], [ 121.330764770507812, 1.234523892402763 ], [ 121.331016540527457, 1.235780596733036 ], [ 121.331138610839844, 1.237320661544913 ], [ 121.331146240234375, 1.239357829094047 ], [ 121.330894470214844, 1.240631222724971 ], [ 121.330963134765625, 1.241603851318416 ], [ 121.331016540527457, 1.24228644371027 ], [ 121.330642700195426, 1.243809580803031 ], [ 121.330581665039062, 1.244843959808406 ], [ 121.330513000488281, 1.245956778526249 ], [ 121.330513000488281, 1.246130704879761 ], [ 121.330513000488281, 1.246997833252067 ], [ 121.330390930175781, 1.248525857925472 ], [ 121.330894470214844, 1.249544143676815 ], [ 121.331024169921989, 1.251326680183467 ], [ 121.331024169921989, 1.252218008041382 ], [ 121.331024169921989, 1.252854585647697 ], [ 121.330909729003906, 1.253531575202942 ], [ 121.332542419433707, 1.253745198249817 ], [ 121.333930969238395, 1.254508376121464 ], [ 121.335197448730696, 1.255271673202515 ], [ 121.335830688476676, 1.256544589996338 ], [ 121.336082458496094, 1.257817745208854 ], [ 121.336463928222656, 1.258708834648246 ], [ 121.336975097656364, 1.259472608566341 ], [ 121.336822509765625, 1.260722756385917 ], [ 121.336662292480469, 1.261347889900264 ], [ 121.336822509765625, 1.262077093124503 ], [ 121.337226867675781, 1.262400984764213 ], [ 121.338241577148438, 1.262145757675171 ], [ 121.339630126953239, 1.262145042419547 ], [ 121.340858459472656, 1.261866569518986 ], [ 121.342567443847656, 1.261032223701477 ], [ 121.343757629394531, 1.260250210762138 ], [ 121.344017028808707, 1.258478879928646 ], [ 121.344993591308707, 1.257176041603088 ], [ 121.345565795898551, 1.25535249710083 ], [ 121.346130371093864, 1.254101991653556 ], [ 121.346595764160156, 1.252330422401542 ], [ 121.347480773925895, 1.251496553421077 ], [ 121.348670959472656, 1.250506043434143 ], [ 121.349906921386832, 1.249932408332768 ], [ 121.350738525390625, 1.249582171440125 ], [ 121.349617004394531, 1.248006701469478 ], [ 121.348854064941406, 1.246733784675655 ], [ 121.348098754882812, 1.24444234371191 ], [ 121.347335815429688, 1.240622878074646 ], [ 121.345817565917969, 1.237517833709717 ], [ 121.34625244140625, 1.234541654586849 ], [ 121.346313476562614, 1.234152317047233 ], [ 121.346237182617188, 1.233967542648429 ], [ 121.345886230468977, 1.233168601989689 ], [ 121.345336914062614, 1.231978416442985 ], [ 121.345207214355469, 1.231696605682487 ], [ 121.345100402832031, 1.230974316597042 ], [ 121.344963073730582, 1.230309844017142 ], [ 121.344917297363281, 1.229568839073181 ], [ 121.34474182128929, 1.228044033050537 ], [ 121.344551086426009, 1.226769804954529 ], [ 121.344451904296875, 1.226460814476013 ], [ 121.344261169433594, 1.22444748878479 ], [ 121.344009399414176, 1.222981810569877 ], [ 121.343734741210938, 1.22195923328411 ], [ 121.343681335449219, 1.221053719520569 ], [ 121.343612670898551, 1.219685673713798 ], [ 121.343391418457031, 1.216301083564872 ], [ 121.343391418457031, 1.211636066436881 ], [ 121.3433837890625, 1.211143493652401 ], [ 121.3433837890625, 1.210197329521179 ], [ 121.342033386230469, 1.206696271896362 ], [ 121.341354370117301, 1.201229929924068 ], [ 121.341133117675895, 1.199467420578117 ], [ 121.341064453125, 1.199018836021423 ], [ 121.340965270996207, 1.198240041732788 ], [ 121.340293884277344, 1.19393432140356 ], [ 121.339897155761719, 1.191335082054081 ], [ 121.339614868164176, 1.190567374229488 ], [ 121.339118957519531, 1.189193964004517 ], [ 121.33892822265625, 1.188681840896663 ], [ 121.337455749511719, 1.184624671936035 ], [ 121.336860656738281, 1.182977676391658 ], [ 121.336761474609489, 1.182608366012573 ], [ 121.336181640625114, 1.180446743965149 ], [ 121.336051940917969, 1.179959535598698 ], [ 121.335784912109489, 1.17898523807537 ], [ 121.335678100585938, 1.178570508956909 ], [ 121.335639953613395, 1.178428173065242 ], [ 121.33558654785179, 1.178227424621582 ], [ 121.335525512695312, 1.178010821342468 ], [ 121.335296630859375, 1.177126407623291 ], [ 121.334632873535384, 1.174642086029166 ], [ 121.33441162109375, 1.173863768577633 ], [ 121.33408355712902, 1.172598719596863 ], [ 121.334053039551009, 1.172473788261527 ], [ 121.331756591796875, 1.172220706939754 ], [ 121.327949523926009, 1.171674251556396 ], [ 121.327125549316406, 1.171446442604065 ], [ 121.326828002929801, 1.171376943588314 ], [ 121.325485229492301, 1.170578718185538 ], [ 121.325370788574219, 1.170513153076286 ], [ 121.325164794921989, 1.170408725738582 ], [ 121.324951171875114, 1.170353531837577 ], [ 121.324615478515625, 1.170054197311515 ], [ 121.323997497558707, 1.169679999351615 ], [ 121.32321929931652, 1.16932308673853 ], [ 121.322525024414062, 1.16917610168457 ], [ 121.322319030761719, 1.169143080711422 ], [ 121.322021484375, 1.169076561927852 ], [ 121.321487426757926, 1.169000744819698 ], [ 121.320762634277457, 1.168949007987976 ], [ 121.320175170898551, 1.168896555900687 ], [ 121.316230773925781, 1.169231891632137 ], [ 121.315353393554688, 1.169465899467468 ], [ 121.314826965332145, 1.16962540149683 ], [ 121.313919067382812, 1.17000424861908 ], [ 121.3099365234375, 1.172139883041439 ] ] ] ] } },
{ "type": "Feature", "properties": { "GID_0": "IDN", "NAME_0": "Indonesia", "GID_1": "IDN.27_1", "NAME_1": "Sulawesi Tengah", "GID_2": "IDN.27.3_1", "NAME_2": "Buol", "GID_3": "IDN.27.3.6_1", "NAME_3": "Karamat", "GID_4": "IDN.27.3.6.4_1", "NAME_4": "Lamakan", "VARNAME_4": null, "TYPE_4": "Desa", "ENGTYPE_4": "Village", "CC_4": "7207012001" }, "geometry": { "type": "MultiPolygon", "coordinates": [ [ [ [ 121.315200805664176, 1.187060713768119 ], [ 121.316886901855696, 1.204798817634583 ], [ 121.317085266113509, 1.206633329391479 ], [ 121.316772460937614, 1.217933773994503 ], [ 121.31488037109375, 1.230985879898128 ], [ 121.313301086425895, 1.241013646125793 ], [ 121.31235504150402, 1.248972177505493 ], [ 121.311729431152344, 1.252123713493404 ], [ 121.311569213867301, 1.252821445465145 ], [ 121.311233520507926, 1.254584193229789 ], [ 121.311614990234489, 1.256192564964294 ], [ 121.3116455078125, 1.256304979324398 ], [ 121.3135986328125, 1.256269216537532 ], [ 121.314498901367188, 1.256147027015743 ], [ 121.315170288086165, 1.255990266799927 ], [ 121.315895080566406, 1.256302833557129 ], [ 121.31656646728527, 1.255780935287419 ], [ 121.317085266113509, 1.254581093788204 ], [ 121.317550659179688, 1.254163622856254 ], [ 121.31827545166027, 1.253954648971671 ], [ 121.319366455078352, 1.25426709651947 ], [ 121.321311950683707, 1.254482746124324 ], [ 121.322837829589957, 1.254004597663936 ], [ 121.323722839355469, 1.254160523414669 ], [ 121.324653625488281, 1.254055738449097 ], [ 121.325485229492301, 1.255150556564331 ], [ 121.325843811035156, 1.255411148071289 ], [ 121.326622009277571, 1.25488913059246 ], [ 121.326675415039176, 1.254524111747799 ], [ 121.327346801757812, 1.254471540451163 ], [ 121.328018188476676, 1.25400185585022 ], [ 121.32895660400402, 1.253897070884818 ], [ 121.329421997070312, 1.253375411033687 ], [ 121.330093383789176, 1.253074288368225 ], [ 121.330909729003906, 1.253531575202942 ], [ 121.331024169921989, 1.252854585647697 ], [ 121.331024169921989, 1.252218008041382 ], [ 121.331024169921989, 1.251326680183467 ], [ 121.330894470214844, 1.249544143676815 ], [ 121.330390930175781, 1.248525857925472 ], [ 121.330513000488281, 1.246997833252067 ], [ 121.330513000488281, 1.246130704879761 ], [ 121.330513000488281, 1.245956778526249 ], [ 121.330581665039062, 1.244843959808406 ], [ 121.330642700195426, 1.243809580803031 ], [ 121.331016540527457, 1.24228644371027 ], [ 121.330963134765625, 1.241603851318416 ], [ 121.330894470214844, 1.240631222724971 ], [ 121.331146240234375, 1.239357829094047 ], [ 121.331138610839844, 1.237320661544913 ], [ 121.331016540527457, 1.235780596733036 ], [ 121.330764770507812, 1.234523892402763 ], [ 121.330757141113281, 1.2329598665238 ], [ 121.330757141113281, 1.232092022895927 ], [ 121.33056640625, 1.230914950370789 ], [ 121.330505371093864, 1.230572581291199 ], [ 121.330421447753906, 1.229269623756466 ], [ 121.33038330078125, 1.228523969650382 ], [ 121.330757141113281, 1.227007389068717 ], [ 121.330497741699332, 1.225543498992863 ], [ 121.33038330078125, 1.224873423576412 ], [ 121.330329895019531, 1.224187970161495 ], [ 121.330245971679915, 1.223060488700924 ], [ 121.329994201660156, 1.221150636672917 ], [ 121.329742431640739, 1.218731522560176 ], [ 121.329742431640739, 1.216768264770565 ], [ 121.329742431640739, 1.214535474777335 ], [ 121.329627990722656, 1.213508009910527 ], [ 121.32948303222679, 1.212238073349113 ], [ 121.32932281494152, 1.211630821228027 ], [ 121.329101562500227, 1.210837602615413 ], [ 121.328453063964844, 1.207895278930664 ], [ 121.32834625244152, 1.207400083541984 ], [ 121.328216552734489, 1.205901622772274 ], [ 121.328208923339957, 1.205820918083305 ], [ 121.328125, 1.205386161804313 ], [ 121.327949523926009, 1.203854560852108 ], [ 121.327835083007926, 1.202180027961788 ], [ 121.32733154296875, 1.198740243911857 ], [ 121.327201843261832, 1.197851181030217 ], [ 121.325935363769531, 1.19517791271204 ], [ 121.325859069824446, 1.194303870201168 ], [ 121.325691223144645, 1.192365050315914 ], [ 121.32474517822277, 1.19134247303009 ], [ 121.323806762695426, 1.19040238857275 ], [ 121.323204040527457, 1.189775586128292 ], [ 121.321922302246207, 1.188428401947021 ], [ 121.321044921875, 1.18750107288372 ], [ 121.31919097900402, 1.187360048294181 ], [ 121.318511962890625, 1.187309026718253 ], [ 121.315200805664176, 1.187060713768119 ] ] ] ] } },
{ "type": "Feature", "properties": { "GID_0": "IDN", "NAME_0": "Indonesia", "GID_1": "IDN.27_1", "NAME_1": "Sulawesi Tengah", "GID_2": "IDN.27.3_1", "NAME_2": "Buol", "GID_3": "IDN.27.3.6_1", "NAME_3": "Karamat", "GID_4": "IDN.27.3.6.5_1", "NAME_4": "Mendaan", "VARNAME_4": null, "TYPE_4": "Desa", "ENGTYPE_4": "Village", "CC_4": "7207012006" }, "geometry": { "type": "MultiPolygon", "coordinates": [ [ [ [ 121.40445709228527, 1.262051701545715 ], [ 121.405273437500114, 1.262678146362418 ], [ 121.40579986572277, 1.263049602508602 ], [ 121.406555175781364, 1.264110088348389 ], [ 121.40748596191429, 1.26486432552349 ], [ 121.408401489257812, 1.265596508979741 ], [ 121.409942626953125, 1.266415953636226 ], [ 121.410491943359375, 1.267225027084294 ], [ 121.411109924316634, 1.268219947814998 ], [ 121.411094665527344, 1.268832445144653 ], [ 121.41098785400402, 1.2697949409486 ], [ 121.410964965820426, 1.270308971405029 ], [ 121.410873413085938, 1.271326184272766 ], [ 121.41082763671875, 1.273513555526847 ], [ 121.410263061523438, 1.274640440940971 ], [ 121.410049438476562, 1.275723218917904 ], [ 121.409896850585938, 1.276423335075492 ], [ 121.410308837890625, 1.277484059333801 ], [ 121.41046142578125, 1.277943253517265 ], [ 121.411659240722656, 1.27854418754589 ], [ 121.412254333496321, 1.277887582779044 ], [ 121.4127197265625, 1.277351498603934 ], [ 121.413681030273438, 1.27798521518713 ], [ 121.414535522460938, 1.278476953506527 ], [ 121.415145874023551, 1.279274940490779 ], [ 121.417121887207031, 1.279842615127677 ], [ 121.417709350585938, 1.280126571655273 ], [ 121.419181823730582, 1.280935168266296 ], [ 121.420127868652457, 1.281558036804199 ], [ 121.42103576660179, 1.282016873359794 ], [ 121.422073364257812, 1.282500267028865 ], [ 121.422874450683594, 1.282923579215947 ], [ 121.423614501953125, 1.283338785171622 ], [ 121.424263000488281, 1.283732056617794 ], [ 121.424827575683594, 1.284213066101074 ], [ 121.425331115722656, 1.284726738929805 ], [ 121.425659179687614, 1.286323428153992 ], [ 121.42563629150402, 1.287624835968018 ], [ 121.425918579101562, 1.2884122133255 ], [ 121.426712036132812, 1.288367986679134 ], [ 121.427757263183707, 1.288301706314144 ], [ 121.428886413574332, 1.288749575615043 ], [ 121.429840087890739, 1.289131879806575 ], [ 121.429313659667969, 1.289657115936336 ], [ 121.428726196289176, 1.29021513462078 ], [ 121.428733825683707, 1.2908713817597 ], [ 121.428749084472656, 1.291724443435783 ], [ 121.429855346679801, 1.292216062545833 ], [ 121.431343078613395, 1.292915105819759 ], [ 121.431442260742188, 1.294314980507011 ], [ 121.429824829101676, 1.295617461204529 ], [ 121.43017578125, 1.296470284462089 ], [ 121.429672241211051, 1.297115802764893 ], [ 121.429275512695426, 1.297630071640015 ], [ 121.42887115478527, 1.298789620399589 ], [ 121.429359436035156, 1.300418853759709 ], [ 121.430557250976562, 1.301435351371879 ], [ 121.431655883789062, 1.302440881729126 ], [ 121.43255615234375, 1.303326249122563 ], [ 121.433471679687614, 1.303533554077148 ], [ 121.43405914306652, 1.303500413894596 ], [ 121.433700561523438, 1.304878711700439 ], [ 121.434013366699332, 1.30623471736908 ], [ 121.434410095214957, 1.307164072990531 ], [ 121.435600280761832, 1.307371139526367 ], [ 121.435310363769531, 1.308005690574703 ], [ 121.436103820801009, 1.308300614356995 ], [ 121.436859130859602, 1.3081250190736 ], [ 121.437072753906364, 1.308540582656974 ], [ 121.437080383300895, 1.309382677078361 ], [ 121.437767028808594, 1.309611916542053 ], [ 121.438644409179801, 1.309600472450313 ], [ 121.439361572265739, 1.309261083602962 ], [ 121.439689636230469, 1.309720277786255 ], [ 121.440742492675895, 1.309325933456478 ], [ 121.441146850585938, 1.309445977210942 ], [ 121.44122314453125, 1.310025572776794 ], [ 121.442352294921875, 1.309620261192322 ], [ 121.443199157714957, 1.310429096222038 ], [ 121.443809509277344, 1.310286641121024 ], [ 121.444343566894645, 1.310603380203247 ], [ 121.443725585937727, 1.312299013137931 ], [ 121.444061279296875, 1.312758207321224 ], [ 121.444961547851562, 1.31269204616558 ], [ 121.44608306884777, 1.312385082244987 ], [ 121.446929931640625, 1.311236262321529 ], [ 121.447395324707145, 1.311170458793754 ], [ 121.448783874511719, 1.312077283859253 ], [ 121.45021057128929, 1.311146855354366 ], [ 121.4520263671875, 1.311856627464408 ], [ 121.453491210937614, 1.311243414878845 ], [ 121.454399108886719, 1.310849070549011 ], [ 121.457572937011719, 1.309873819351139 ], [ 121.459724426269531, 1.309117913246155 ], [ 121.460456848144531, 1.30884420871746 ], [ 121.46134185791027, 1.308406114578361 ], [ 121.46262359619152, 1.308744430542049 ], [ 121.462966918945312, 1.307683348655644 ], [ 121.46392822265625, 1.3073766231538 ], [ 121.464904785156477, 1.306708931922969 ], [ 121.466430664062727, 1.305668950080985 ], [ 121.467918395996094, 1.303918242454642 ], [ 121.469001770019531, 1.302167773246822 ], [ 121.469993591308594, 1.301992177963257 ], [ 121.470901489257812, 1.301576018333492 ], [ 121.471107482910156, 1.300777554512024 ], [ 121.470443725586051, 1.300362348556519 ], [ 121.470840454101676, 1.299651265144462 ], [ 121.470481872558707, 1.298831224441585 ], [ 121.470771789550781, 1.298590421676636 ], [ 121.471290588378906, 1.298196434974727 ], [ 121.471511840820312, 1.297069787979126 ], [ 121.47049713134777, 1.295648694038448 ], [ 121.469802856445312, 1.293964862823543 ], [ 121.469375610351562, 1.292521357536316 ], [ 121.468765258789176, 1.291242122650146 ], [ 121.468406677246207, 1.290422201156616 ], [ 121.467796325683707, 1.288749098777828 ], [ 121.467636108398551, 1.288464903831482 ], [ 121.467056274414176, 1.287469983101005 ], [ 121.466682434082145, 1.287109375000114 ], [ 121.465660095215071, 1.286180257797355 ], [ 121.464851379394531, 1.285415172576961 ], [ 121.46439361572277, 1.283621907234306 ], [ 121.465164184570426, 1.282801151275635 ], [ 121.465782165527344, 1.282330513000431 ], [ 121.467697143554688, 1.280874848365784 ], [ 121.468772888183707, 1.280228972435054 ], [ 121.469367980957031, 1.279233336448783 ], [ 121.469955444335938, 1.278445601463261 ], [ 121.469635009765625, 1.276667475700378 ], [ 121.470443725586051, 1.275648474693412 ], [ 121.470474243164176, 1.274431467056388 ], [ 121.470939636230469, 1.272998571395931 ], [ 121.471244812011832, 1.270975112915153 ], [ 121.471580505371321, 1.269093751907349 ], [ 121.471664428710938, 1.26710319519043 ], [ 121.47202301025402, 1.26575779914856 ], [ 121.472244262695312, 1.264915585517997 ], [ 121.47222900390625, 1.26340639591217 ], [ 121.472129821777344, 1.262553334236259 ], [ 121.470748901367188, 1.262269854545707 ], [ 121.470161437988281, 1.262160778045711 ], [ 121.468589782714957, 1.261516451835689 ], [ 121.468009948730582, 1.261079311370906 ], [ 121.466552734375, 1.259997367858887 ], [ 121.465782165527344, 1.259354233741703 ], [ 121.465217590332031, 1.25877320766449 ], [ 121.463981628418082, 1.257089614868164 ], [ 121.463272094726562, 1.256138563156071 ], [ 121.463180541992415, 1.254793405532951 ], [ 121.463127136230469, 1.25353574752819 ], [ 121.462875366211051, 1.252540588378963 ], [ 121.462738037109375, 1.251381397247428 ], [ 121.462722778320312, 1.251120686531124 ], [ 121.461479187011832, 1.252352952957267 ], [ 121.461105346679801, 1.252716541290397 ], [ 121.460472106933594, 1.253271341323853 ], [ 121.460189819336051, 1.253508448600769 ], [ 121.4600830078125, 1.253641843795776 ], [ 121.459808349609489, 1.253959178924617 ], [ 121.459442138671989, 1.254457712173405 ], [ 121.4591064453125, 1.254888296127319 ], [ 121.458457946777457, 1.255538463592643 ], [ 121.458297729492301, 1.255703926086483 ], [ 121.456634521484375, 1.257360458373967 ], [ 121.455520629882812, 1.258449554443473 ], [ 121.45444488525402, 1.259583950042838 ], [ 121.454246520996207, 1.259762644767761 ], [ 121.453300476074332, 1.26062202453619 ], [ 121.452011108398438, 1.261554002761841 ], [ 121.451957702636832, 1.261603116989193 ], [ 121.451812744140739, 1.261704802513179 ], [ 121.451179504394645, 1.262281298637447 ], [ 121.449974060058594, 1.263339042663688 ], [ 121.44852447509777, 1.264563798904419 ], [ 121.446876525878906, 1.263788700103817 ], [ 121.44573974609375, 1.263246417045536 ], [ 121.444046020507812, 1.262449502945003 ], [ 121.442520141601562, 1.261728763580436 ], [ 121.441215515136719, 1.261183977127132 ], [ 121.439987182617301, 1.260668516159001 ], [ 121.438964843750227, 1.260012626647949 ], [ 121.4381103515625, 1.259461641311646 ], [ 121.435729980468864, 1.258505344390926 ], [ 121.433479309082145, 1.257456660270748 ], [ 121.427520751953352, 1.25741624832159 ], [ 121.422927856445312, 1.257440567016715 ], [ 121.418197631836051, 1.257432341575623 ], [ 121.417022705078352, 1.257397413253841 ], [ 121.414558410644645, 1.257324814796448 ], [ 121.4129638671875, 1.257238268852177 ], [ 121.411590576171875, 1.25708270072937 ], [ 121.411132812500114, 1.257018685340995 ], [ 121.41053771972679, 1.25701034069067 ], [ 121.409919738769531, 1.256988286972046 ], [ 121.409248352050895, 1.257196545600834 ], [ 121.407684326172102, 1.257667660713309 ], [ 121.407165527343864, 1.257964253425655 ], [ 121.406791687011832, 1.258185148239193 ], [ 121.406944274902457, 1.258498311042786 ], [ 121.407264709472656, 1.258935809135494 ], [ 121.407432556152344, 1.259363055229244 ], [ 121.407455444335938, 1.260191440582275 ], [ 121.407104492187727, 1.260357975959778 ], [ 121.40677642822277, 1.260514140129203 ], [ 121.406501770019531, 1.260647416114807 ], [ 121.406021118164176, 1.260877609252987 ], [ 121.405387878418196, 1.261283993721065 ], [ 121.40445709228527, 1.262051701545715 ] ] ] ] } },
{ "type": "Feature", "properties": { "GID_0": "IDN", "NAME_0": "Indonesia", "GID_1": "IDN.27_1", "NAME_1": "Sulawesi Tengah", "GID_2": "IDN.27.3_1", "NAME_2": "Buol", "GID_3": "IDN.27.3.6_1", "NAME_3": "Karamat", "GID_4": "IDN.27.3.6.6_1", "NAME_4": "Mokupo", "VARNAME_4": null, "TYPE_4": "Desa", "ENGTYPE_4": "Village", "CC_4": "7207012007" }, "geometry": { "type": "MultiPolygon", "coordinates": [ [ [ [ 121.406791687011832, 1.258185148239193 ], [ 121.407165527343864, 1.257964253425655 ], [ 121.407684326172102, 1.257667660713309 ], [ 121.409248352050895, 1.257196545600834 ], [ 121.409919738769531, 1.256988286972046 ], [ 121.41053771972679, 1.25701034069067 ], [ 121.411132812500114, 1.257018685340995 ], [ 121.411590576171875, 1.25708270072937 ], [ 121.4129638671875, 1.257238268852177 ], [ 121.414558410644645, 1.257324814796448 ], [ 121.417022705078352, 1.257397413253841 ], [ 121.418197631836051, 1.257432341575623 ], [ 121.422927856445312, 1.257440567016715 ], [ 121.427520751953352, 1.25741624832159 ], [ 121.433479309082145, 1.257456660270748 ], [ 121.43316650390625, 1.257305622100887 ], [ 121.432510375976676, 1.256963014602775 ], [ 121.427894592285384, 1.25476169586176 ], [ 121.427200317382926, 1.254392385482902 ], [ 121.423942565918082, 1.25265812873846 ], [ 121.421600341797102, 1.251348495483455 ], [ 121.419639587402344, 1.250250101089534 ], [ 121.419525146484489, 1.250155568122977 ], [ 121.418502807617188, 1.249271631240902 ], [ 121.417121887207031, 1.24810528755188 ], [ 121.415641784667969, 1.246846079826412 ], [ 121.415000915527457, 1.246056914329586 ], [ 121.414901733398438, 1.245934963226318 ], [ 121.414558410644645, 1.245665788650513 ], [ 121.414344787597656, 1.245486855507011 ], [ 121.412590026855469, 1.244984865188712 ], [ 121.412521362304801, 1.244963765144348 ], [ 121.411514282226676, 1.244491338729915 ], [ 121.410003662109489, 1.243780374527034 ], [ 121.406814575195312, 1.241650462150631 ], [ 121.405967712402571, 1.240983128547668 ], [ 121.404449462890739, 1.240200757980404 ], [ 121.403816223144531, 1.239870667457637 ], [ 121.402420043945312, 1.239500999450684 ], [ 121.401023864746207, 1.239127039909476 ], [ 121.399429321289062, 1.23875272274023 ], [ 121.398902893066634, 1.238624215126094 ], [ 121.3936767578125, 1.237356781959647 ], [ 121.393852233886719, 1.237783551216239 ], [ 121.3956298828125, 1.241249680519104 ], [ 121.396392822265625, 1.242264986038208 ], [ 121.397132873535156, 1.243651866912899 ], [ 121.398063659667969, 1.245124697685242 ], [ 121.398918151855582, 1.246354341507015 ], [ 121.399406433105469, 1.247026324272269 ], [ 121.399192810058594, 1.247316002845878 ], [ 121.3997802734375, 1.248207688331661 ], [ 121.400894165039062, 1.24965059757227 ], [ 121.401542663574219, 1.25076246261608 ], [ 121.401725769042969, 1.251042962074393 ], [ 121.40228271484375, 1.251879692077694 ], [ 121.402610778808594, 1.252702951431388 ], [ 121.402656555175781, 1.252803444862366 ], [ 121.402763366699332, 1.253063321113586 ], [ 121.402854919433594, 1.253297328949088 ], [ 121.403785705566406, 1.254269838333187 ], [ 121.403930664062614, 1.254899144172668 ], [ 121.403953552246094, 1.255144834518376 ], [ 121.404106140136832, 1.255587697029171 ], [ 121.404403686523438, 1.256348967552242 ], [ 121.404815673828352, 1.257048606872559 ], [ 121.405174255371094, 1.257343411445675 ], [ 121.405807495117301, 1.257768750190678 ], [ 121.405937194824219, 1.257834911346549 ], [ 121.406341552734602, 1.258021354675407 ], [ 121.406524658203125, 1.258096814155692 ], [ 121.406791687011832, 1.258185148239193 ] ] ] ] } },
{ "type": "Feature", "properties": { "GID_0": "IDN", "NAME_0": "Indonesia", "GID_1": "IDN.27_1", "NAME_1": "Sulawesi Tengah", "GID_2": "IDN.27.3_1", "NAME_2": "Buol", "GID_3": "IDN.27.3.6_1", "NAME_3": "Karamat", "GID_4": "IDN.27.3.6.7_1", "NAME_4": "Monano", "VARNAME_4": null, "TYPE_4": "Desa", "ENGTYPE_4": "Village", "CC_4": "7207012004" }, "geometry": { "type": "MultiPolygon", "coordinates": [ [ [ [ 121.349456787109375, 1.207195401191768 ], [ 121.349517822265739, 1.207316160202026 ], [ 121.349594116210938, 1.207468867301998 ], [ 121.350570678710938, 1.209746241569633 ], [ 121.35084533691429, 1.210486888885555 ], [ 121.351066589355582, 1.210971474647636 ], [ 121.3515625, 1.212118029594478 ], [ 121.352172851562727, 1.213547706604118 ], [ 121.352684020996094, 1.214792013168392 ], [ 121.352737426757812, 1.214929819107169 ], [ 121.35355377197277, 1.217241406440792 ], [ 121.354957580566406, 1.221287012100333 ], [ 121.356124877929688, 1.224178671836853 ], [ 121.35723876953125, 1.227545142173881 ], [ 121.357345581054801, 1.227786540985221 ], [ 121.358795166015625, 1.230935573577938 ], [ 121.36063385009777, 1.234285593032837 ], [ 121.3607177734375, 1.234449148178101 ], [ 121.362274169921875, 1.237412691116447 ], [ 121.363197326660156, 1.237267255783138 ], [ 121.3634033203125, 1.237245082855281 ], [ 121.365333557129134, 1.237066030502433 ], [ 121.366333007812614, 1.237975478172302 ], [ 121.367218017578125, 1.239887833595333 ], [ 121.367713928222656, 1.241382718086356 ], [ 121.368232727050895, 1.242947936058101 ], [ 121.369102478027344, 1.245294094085807 ], [ 121.369758605957145, 1.246604681015071 ], [ 121.370002746582031, 1.247272372245732 ], [ 121.370323181152457, 1.24824154376995 ], [ 121.370735168457145, 1.249554395675716 ], [ 121.370811462402344, 1.249772906303406 ], [ 121.371116638183707, 1.251232862472534 ], [ 121.37152099609375, 1.252751708030644 ], [ 121.371627807617415, 1.253781676292476 ], [ 121.37158203125, 1.254858016967887 ], [ 121.371536254882812, 1.255780220031852 ], [ 121.3729248046875, 1.255859971046505 ], [ 121.374076843261719, 1.25592660903942 ], [ 121.376304626464844, 1.256225585937614 ], [ 121.377723693847656, 1.256717562675533 ], [ 121.379615783691406, 1.257258653640804 ], [ 121.38136291503929, 1.25908553600317 ], [ 121.382934570312614, 1.260495781898499 ], [ 121.385086059570312, 1.261569857597465 ], [ 121.385841369628906, 1.261591792106628 ], [ 121.386688232421875, 1.261492848396358 ], [ 121.387725830078239, 1.26177895069128 ], [ 121.38873291015625, 1.261894822120667 ], [ 121.38909912109375, 1.261808753013668 ], [ 121.388946533203125, 1.261506438255367 ], [ 121.388870239257926, 1.261361718177852 ], [ 121.388603210449446, 1.261247634887809 ], [ 121.387939453125, 1.260961055755672 ], [ 121.387840270996321, 1.260839939117488 ], [ 121.38748931884777, 1.260410070419368 ], [ 121.386833190917969, 1.260000944137516 ], [ 121.38559722900402, 1.25770008564001 ], [ 121.385192871093864, 1.256940960884094 ], [ 121.384933471679688, 1.256049871444702 ], [ 121.383674621582145, 1.254522562027091 ], [ 121.383613586425781, 1.254397273063717 ], [ 121.383041381835938, 1.25312244892126 ], [ 121.382530212402457, 1.25159478187561 ], [ 121.381645202636719, 1.250067472457999 ], [ 121.380882263183594, 1.248030662536735 ], [ 121.380249023437614, 1.246630311012211 ], [ 121.379615783691406, 1.245230078697261 ], [ 121.37957763671875, 1.244841337204036 ], [ 121.37949371337902, 1.244084119796867 ], [ 121.378852844238281, 1.243169069290218 ], [ 121.37851715087902, 1.242171168327445 ], [ 121.377838134765625, 1.23981344699871 ], [ 121.377555847168082, 1.238815546035767 ], [ 121.377510070800781, 1.238685011863652 ], [ 121.377120971679688, 1.237746834755058 ], [ 121.376800537109489, 1.236956238746643 ], [ 121.376739501953125, 1.236817955970878 ], [ 121.376686096191406, 1.236695885658264 ], [ 121.376602172851676, 1.236534357070923 ], [ 121.376533508300781, 1.236386060714779 ], [ 121.376091003418082, 1.235558032989616 ], [ 121.375930786132812, 1.235243201255798 ], [ 121.375167846679688, 1.233781933784485 ], [ 121.374198913574219, 1.232486963272152 ], [ 121.374046325683594, 1.232278227806091 ], [ 121.373741149902457, 1.231865286827087 ], [ 121.373558044433707, 1.231603860855159 ], [ 121.3726806640625, 1.230405807495174 ], [ 121.37176513671875, 1.229484796524048 ], [ 121.371559143066406, 1.229280233383236 ], [ 121.370391845703125, 1.228273749351501 ], [ 121.370292663574446, 1.228186130523738 ], [ 121.369415283203239, 1.227307558059692 ], [ 121.368125915527344, 1.225642561912537 ], [ 121.365737915039176, 1.22194242477417 ], [ 121.365104675292969, 1.221138715743962 ], [ 121.36460113525402, 1.220497488975582 ], [ 121.363327026367188, 1.218880772590637 ], [ 121.362472534179915, 1.217779994010868 ], [ 121.36234283447277, 1.217616915702877 ], [ 121.362297058105582, 1.217556953430233 ], [ 121.36100006103527, 1.215923666954041 ], [ 121.359779357910156, 1.214937806129569 ], [ 121.359626770019645, 1.214813351631108 ], [ 121.358772277832031, 1.214121699333191 ], [ 121.356094360351562, 1.211950063705444 ], [ 121.353729248046989, 1.210009336471614 ], [ 121.351440429687614, 1.208168745040837 ], [ 121.349884033203352, 1.207392692565975 ], [ 121.349456787109375, 1.207195401191768 ] ] ] ] } },
{ "type": "Feature", "properties": { "GID_0": "IDN", "NAME_0": "Indonesia", "GID_1": "IDN.27_1", "NAME_1": "Sulawesi Tengah", "GID_2": "IDN.27.3_1", "NAME_2": "Buol", "GID_3": "IDN.27.3.7_1", "NAME_3": "Lakea", "GID_4": "IDN.27.3.7.1_1", "NAME_4": "Bukaan", "VARNAME_4": null, "TYPE_4": "Desa", "ENGTYPE_4": "Village", "CC_4": "7207010017" }, "geometry": { "type": "MultiPolygon", "coordinates": [ [ [ [ 121.275299072265625, 1.135731935501099 ], [ 121.273902893066406, 1.134918570518607 ], [ 121.271781921386719, 1.133677124977226 ], [ 121.27081298828125, 1.133207917213554 ], [ 121.269882202148438, 1.132926702499446 ], [ 121.26560211181652, 1.132172822952214 ], [ 121.259841918945312, 1.132261872291679 ], [ 121.259544372558707, 1.132266640663147 ], [ 121.259613037109375, 1.132133245468196 ], [ 121.259223937988281, 1.13215696811676 ], [ 121.257850646972656, 1.132241010666007 ], [ 121.255805969238281, 1.13240575790411 ], [ 121.253944396972884, 1.132604956626835 ], [ 121.253692626953125, 1.132632255554256 ], [ 121.253387451171989, 1.132638692855949 ], [ 121.251480102539176, 1.132809877395744 ], [ 121.251228332519531, 1.132658839225883 ], [ 121.251091003418196, 1.132398843765316 ], [ 121.250778198242301, 1.132270455360526 ], [ 121.250450134277344, 1.132239699363822 ], [ 121.250205993652457, 1.132311224937553 ], [ 121.248573303222656, 1.132166147232169 ], [ 121.24826812744152, 1.13215613365179 ], [ 121.248191833496094, 1.132146835327205 ], [ 121.24798583984375, 1.132065653800964 ], [ 121.247589111328125, 1.131886959076041 ], [ 121.247650146484602, 1.132081627845821 ], [ 121.247962951660156, 1.133158087730465 ], [ 121.248779296875, 1.13592529296875 ], [ 121.251487731933707, 1.140404224395695 ], [ 121.252464294433707, 1.141787290573234 ], [ 121.255752563476562, 1.145509600639457 ], [ 121.255805969238281, 1.145571589470023 ], [ 121.256027221679688, 1.145817279815788 ], [ 121.257484436035156, 1.147428750991821 ], [ 121.259262084960938, 1.150154709816036 ], [ 121.26029205322277, 1.153318047523555 ], [ 121.260986328125, 1.15597045421606 ], [ 121.261009216308821, 1.156074762344417 ], [ 121.261116027832031, 1.156389236450195 ], [ 121.261962890625227, 1.158993601798954 ], [ 121.262763977050895, 1.161276578903255 ], [ 121.263397216796875, 1.163486003875789 ], [ 121.264091491699332, 1.165175795555172 ], [ 121.264381408691406, 1.165881037712154 ], [ 121.264831542968864, 1.167379021644592 ], [ 121.265777587890852, 1.169776201248226 ], [ 121.266128540039062, 1.170541167259273 ], [ 121.266830444335938, 1.172080993652401 ], [ 121.266830444335938, 1.177691578864994 ], [ 121.266838073730469, 1.178706288337708 ], [ 121.266838073730469, 1.179589033126831 ], [ 121.266838073730469, 1.180648326873779 ], [ 121.266838073730469, 1.181531190872192 ], [ 121.26692199707054, 1.182755589485282 ], [ 121.266929626464957, 1.184483170509452 ], [ 121.267036437988281, 1.186398029327449 ], [ 121.267074584960938, 1.187296628952026 ], [ 121.267097473144531, 1.188057780265922 ], [ 121.267494201660384, 1.190753579139823 ], [ 121.267807006835938, 1.193006515502987 ], [ 121.268241882324219, 1.195654511451721 ], [ 121.268302917480582, 1.197270631790275 ], [ 121.268333435058594, 1.198241829872245 ], [ 121.268165588378906, 1.201093912124747 ], [ 121.268157958984375, 1.201217889785767 ], [ 121.268234252929688, 1.202010154724178 ], [ 121.268424987792969, 1.203952312469596 ], [ 121.268424987792969, 1.204116582870597 ], [ 121.268424987792969, 1.206805229187012 ], [ 121.268386840820312, 1.207097172737235 ], [ 121.267990112304688, 1.210661411285457 ], [ 121.267814636230469, 1.212956666946354 ], [ 121.267616271972656, 1.214289903640747 ], [ 121.267379760742188, 1.215862631797904 ], [ 121.267120361328239, 1.217092752456722 ], [ 121.266853332519531, 1.218341946601811 ], [ 121.266540527343977, 1.220847010612488 ], [ 121.266410827636832, 1.221873521804753 ], [ 121.266349792480696, 1.222781062126273 ], [ 121.266151428222884, 1.225316047668457 ], [ 121.266021728515739, 1.227469921112117 ], [ 121.265975952148551, 1.228113532066345 ], [ 121.265983581543082, 1.228273987770194 ], [ 121.266067504882812, 1.230789065361023 ], [ 121.266067504882812, 1.232080936431942 ], [ 121.26692199707054, 1.231988906860408 ], [ 121.267707824707145, 1.23207688331604 ], [ 121.268760681152344, 1.232076406478996 ], [ 121.27008056640625, 1.232340574264583 ], [ 121.271217346191406, 1.232781410217399 ], [ 121.272186279296875, 1.233398795127869 ], [ 121.273063659668082, 1.234104633331413 ], [ 121.273147583007812, 1.234987378120479 ], [ 121.273063659668082, 1.235693573951721 ], [ 121.273063659668082, 1.236311435699463 ], [ 121.273590087890852, 1.236752629280147 ], [ 121.2742919921875, 1.23737025260931 ], [ 121.274375915527457, 1.238076329231376 ], [ 121.274467468261719, 1.238605976104736 ], [ 121.274818420410156, 1.238782286644096 ], [ 121.275077819824219, 1.239576697349662 ], [ 121.274993896484489, 1.24019467830658 ], [ 121.275077819824219, 1.24063599109661 ], [ 121.275955200195426, 1.240635514259338 ], [ 121.276130676269645, 1.241429924964962 ], [ 121.276657104492301, 1.241341471672058 ], [ 121.277801513671989, 1.240811228752079 ], [ 121.278327941894531, 1.240281343460197 ], [ 121.279205322265625, 1.239751219749564 ], [ 121.280548095703125, 1.239564657211361 ], [ 121.280517578125114, 1.23911547660822 ], [ 121.280471801757926, 1.238377928733883 ], [ 121.280487060546989, 1.238225579261837 ], [ 121.280517578125114, 1.237968921661434 ], [ 121.280441284179688, 1.237435698509216 ], [ 121.280418395996094, 1.23685085773468 ], [ 121.2806396484375, 1.235594630241451 ], [ 121.280731201171875, 1.235109567642269 ], [ 121.280868530273551, 1.233394622802791 ], [ 121.28110504150402, 1.230406403541622 ], [ 121.281135559082031, 1.230080008506889 ], [ 121.281349182128906, 1.228833317756767 ], [ 121.281478881836051, 1.228082299232597 ], [ 121.281585693359375, 1.227434039115906 ], [ 121.28165435791027, 1.227030992507935 ], [ 121.281753540039062, 1.226474404335022 ], [ 121.281799316406477, 1.224942684173641 ], [ 121.281829833984489, 1.224301934242305 ], [ 121.282173156738509, 1.222006559372062 ], [ 121.282196044921989, 1.221425294876155 ], [ 121.282279968261719, 1.219554424285946 ], [ 121.282562255859602, 1.218109846115112 ], [ 121.282768249511832, 1.216921925544852 ], [ 121.282875061035156, 1.216356635093746 ], [ 121.282890319824219, 1.216235399246273 ], [ 121.282943725586165, 1.215938210487309 ], [ 121.283355712890739, 1.212792873382625 ], [ 121.283660888671875, 1.2107093334198 ], [ 121.28370666503929, 1.210362911224365 ], [ 121.283836364746094, 1.209470748901481 ], [ 121.283973693847656, 1.208125352859611 ], [ 121.284080505371321, 1.207224726676941 ], [ 121.284301757812614, 1.204234480857963 ], [ 121.284317016601676, 1.203952670097465 ], [ 121.28436279296875, 1.203379511833134 ], [ 121.284477233886832, 1.201450824737606 ], [ 121.28452301025402, 1.200859189033622 ], [ 121.284645080566406, 1.199456572532654 ], [ 121.28497314453125, 1.196582078933773 ], [ 121.28497314453125, 1.193214058876038 ], [ 121.28497314453125, 1.192481875419617 ], [ 121.284805297851562, 1.189812541007996 ], [ 121.284896850586051, 1.187323927879447 ], [ 121.284667968750114, 1.184613943100089 ], [ 121.284614562988281, 1.183870792388973 ], [ 121.28452301025402, 1.180781126022339 ], [ 121.284355163574219, 1.177608609199581 ], [ 121.2841796875, 1.175077676773071 ], [ 121.283805847167969, 1.169968962669429 ], [ 121.283790588378906, 1.169754147529716 ], [ 121.283592224121094, 1.167078137397823 ], [ 121.283149719238395, 1.164830327033997 ], [ 121.282691955566406, 1.16246855258936 ], [ 121.281890869140625, 1.158650279045105 ], [ 121.281761169433594, 1.158030986785832 ], [ 121.280899047851676, 1.155019044876099 ], [ 121.279815673828125, 1.151345968246574 ], [ 121.27947998046875, 1.150196313858032 ], [ 121.279380798339957, 1.149848699569702 ], [ 121.278701782226562, 1.14739370346075 ], [ 121.278633117675781, 1.147154331207332 ], [ 121.278045654296989, 1.145590901374817 ], [ 121.277366638183594, 1.144142270088253 ], [ 121.277122497558594, 1.143595814704895 ], [ 121.276222229003906, 1.141053915023747 ], [ 121.276107788086051, 1.140505075454769 ], [ 121.275718688964957, 1.138418674469108 ], [ 121.275260925292969, 1.135960817337036 ], [ 121.275375366211051, 1.135797500610352 ], [ 121.275299072265625, 1.135731935501099 ] ] ] ] } },
{ "type": "Feature", "properties": { "GID_0": "IDN", "NAME_0": "Indonesia", "GID_1": "IDN.27_1", "NAME_1": "Sulawesi Tengah", "GID_2": "IDN.27.3_1", "NAME_2": "Buol", "GID_3": "IDN.27.3.7_1", "NAME_3": "Lakea", "GID_4": "IDN.27.3.7.2_1", "NAME_4": "Lakea I", "VARNAME_4": null, "TYPE_4": "Desa", "ENGTYPE_4": "Village", "CC_4": "7207010011" }, "geometry": { "type": "MultiPolygon", "coordinates": [ [ [ [ 121.20822906494152, 1.113778710365352 ], [ 121.207695007324219, 1.113774776458854 ], [ 121.207046508789176, 1.113770008087158 ], [ 121.203804016113395, 1.115377187728996 ], [ 121.203125, 1.115417480468807 ], [ 121.196975708007926, 1.115476727485714 ], [ 121.195823669433707, 1.115377426147518 ], [ 121.193527221679801, 1.114248514175472 ], [ 121.193367004394645, 1.114166498184318 ], [ 121.190353393554688, 1.112464189529533 ], [ 121.187011718750114, 1.109844326972961 ], [ 121.185829162597656, 1.108545303344727 ], [ 121.185699462890739, 1.108438014984131 ], [ 121.184883117675781, 1.107565402984619 ], [ 121.182914733886719, 1.107442259788513 ], [ 121.179512023925781, 1.105529427528438 ], [ 121.178039550781477, 1.104604482650814 ], [ 121.175971984863395, 1.104313135147152 ], [ 121.175857543945312, 1.104286670684871 ], [ 121.175712585449219, 1.10427641868597 ], [ 121.17384338378929, 1.104012012481689 ], [ 121.17449951171875, 1.10418808460247 ], [ 121.174530029296875, 1.104616641998291 ], [ 121.174758911132812, 1.108225941658134 ], [ 121.176200866699332, 1.131491303444022 ], [ 121.176429748535156, 1.134094834327698 ], [ 121.177467346191634, 1.151652336120605 ], [ 121.178359985351562, 1.166418433189392 ], [ 121.179267883300781, 1.181061744689998 ], [ 121.179489135742188, 1.184511542320308 ], [ 121.181434631347656, 1.197988152504024 ], [ 121.181663513183821, 1.19958424568182 ], [ 121.18167877197277, 1.199826598167476 ], [ 121.182579040527344, 1.210151672363281 ], [ 121.182929992675781, 1.214003801345825 ], [ 121.183319091796875, 1.214834809303397 ], [ 121.18363189697277, 1.215477705001831 ], [ 121.183860778808594, 1.215940713882503 ], [ 121.184379577636832, 1.216956138610783 ], [ 121.184577941894645, 1.217367172241211 ], [ 121.184867858886719, 1.217869877815303 ], [ 121.18499755859375, 1.218213438987846 ], [ 121.185050964355469, 1.218332409858704 ], [ 121.185623168945312, 1.21968674659729 ], [ 121.18603515625, 1.220711112022457 ], [ 121.186630249023551, 1.221628427505607 ], [ 121.187377929687727, 1.222700595855827 ], [ 121.187484741210938, 1.222863793373165 ], [ 121.18796539306652, 1.223847031593436 ], [ 121.188011169433707, 1.223967432975826 ], [ 121.18804931640625, 1.22404241561901 ], [ 121.188133239746094, 1.224249243736324 ], [ 121.188537597656364, 1.225233793258781 ], [ 121.188903808593977, 1.226007461547852 ], [ 121.189430236816406, 1.227139472961483 ], [ 121.190200805664062, 1.228762745857352 ], [ 121.190338134765625, 1.228997468948421 ], [ 121.190620422363509, 1.229436635971183 ], [ 121.191108703613281, 1.230290055274963 ], [ 121.191932678222656, 1.231719374656734 ], [ 121.192268371582031, 1.232402086257935 ], [ 121.192619323730469, 1.233072519302482 ], [ 121.193458557128906, 1.234194040298576 ], [ 121.194244384765852, 1.235239267349243 ], [ 121.194953918457031, 1.236290335655212 ], [ 121.195251464843864, 1.236707806587219 ], [ 121.195808410644645, 1.237268447875977 ], [ 121.196144104003906, 1.237582921981925 ], [ 121.196395874023551, 1.237805008888301 ], [ 121.196662902832031, 1.238012194633484 ], [ 121.197074890136719, 1.238444805145321 ], [ 121.197700500488395, 1.239097714424133 ], [ 121.197868347168196, 1.239249348640442 ], [ 121.198356628417969, 1.239675879478455 ], [ 121.198867797851676, 1.240137457847595 ], [ 121.199371337890625, 1.240593671798649 ], [ 121.199775695801009, 1.240849852562008 ], [ 121.200523376464844, 1.241466879844609 ], [ 121.201171875000114, 1.242037653923092 ], [ 121.201721191406364, 1.242473602294922 ], [ 121.202507019043082, 1.243068218231315 ], [ 121.202629089355469, 1.243166208267326 ], [ 121.2027587890625, 1.243273377418575 ], [ 121.2037353515625, 1.244072675704956 ], [ 121.203849792480582, 1.244154453277588 ], [ 121.204132080078125, 1.244367718696594 ], [ 121.20436096191429, 1.244559645652885 ], [ 121.204597473144645, 1.24477589130413 ], [ 121.204742431640852, 1.244894623756466 ], [ 121.205001831054801, 1.245092868804932 ], [ 121.205253601074219, 1.245284795761222 ], [ 121.205635070800781, 1.245540738105831 ], [ 121.205810546875, 1.245747208595276 ], [ 121.206436157226562, 1.246190667152405 ], [ 121.207443237304801, 1.24704480171215 ], [ 121.208213806152457, 1.247631907463187 ], [ 121.208435058593864, 1.247865319252071 ], [ 121.208663940429688, 1.248110651969967 ], [ 121.209014892578125, 1.248492240905875 ], [ 121.209365844726676, 1.248270392418021 ], [ 121.211532592773438, 1.247309088707084 ], [ 121.212692260742188, 1.247116565704403 ], [ 121.219245910644645, 1.243592619895992 ], [ 121.224479675292969, 1.240581393241996 ], [ 121.226669311523665, 1.23937630653387 ], [ 121.229026794433707, 1.238307118415946 ], [ 121.229797363281364, 1.23803973197937 ], [ 121.233612060546989, 1.236618876457271 ], [ 121.235847473144645, 1.235879540443534 ], [ 121.237640380859375, 1.235290765762443 ], [ 121.238311767578352, 1.235017061233521 ], [ 121.238906860351676, 1.234743356704769 ], [ 121.239364624023438, 1.234524369239807 ], [ 121.241378784179801, 1.234154224395809 ], [ 121.241706848144531, 1.233952045440788 ], [ 121.241668701171875, 1.232655048370361 ], [ 121.241645812988281, 1.231761336326599 ], [ 121.241645812988281, 1.231622457504386 ], [ 121.241622924804801, 1.231091260910091 ], [ 121.24161529541027, 1.229577064514274 ], [ 121.241607666015739, 1.229142308235112 ], [ 121.241462707519531, 1.228604078292904 ], [ 121.241355895996321, 1.228247165680045 ], [ 121.241439819335938, 1.227922677993888 ], [ 121.241409301757926, 1.227389574051017 ], [ 121.241394042968864, 1.227272987365836 ], [ 121.241363525390852, 1.226978302002067 ], [ 121.241378784179801, 1.226683974266052 ], [ 121.241325378417969, 1.226461291313228 ], [ 121.241172790527571, 1.226234674453735 ], [ 121.241111755371094, 1.226108074188346 ], [ 121.241020202636832, 1.225919723510742 ], [ 121.241073608398438, 1.225490927696228 ], [ 121.241111755371094, 1.225079655647278 ], [ 121.241127014160156, 1.224676132202205 ], [ 121.241134643554688, 1.224117994308472 ], [ 121.241157531738281, 1.223507404327393 ], [ 121.241172790527571, 1.223039865493774 ], [ 121.241142272949219, 1.222332835197449 ], [ 121.241127014160156, 1.220544576645011 ], [ 121.241111755371094, 1.219998955726567 ], [ 121.241119384765625, 1.21992731094366 ], [ 121.241127014160156, 1.219766378402767 ], [ 121.241416931152457, 1.216120004653874 ], [ 121.241462707519531, 1.215523362159729 ], [ 121.241767883300895, 1.212262749671993 ], [ 121.241912841796875, 1.210705876350517 ], [ 121.242187500000114, 1.208184957504386 ], [ 121.242149353027457, 1.207403540611267 ], [ 121.241996765136832, 1.205078244209233 ], [ 121.241744995117415, 1.203931331634578 ], [ 121.241401672363395, 1.202503919601554 ], [ 121.241386413574332, 1.202310681343079 ], [ 121.241348266601562, 1.20214486122137 ], [ 121.24114990234375, 1.200072884559631 ], [ 121.240547180175781, 1.198046922683716 ], [ 121.239257812500227, 1.19410860538494 ], [ 121.238426208496094, 1.191710114479122 ], [ 121.237976074218864, 1.190411448478812 ], [ 121.237083435058594, 1.187836766243038 ], [ 121.236663818359489, 1.186662912368831 ], [ 121.235008239746094, 1.18213856220251 ], [ 121.234634399414062, 1.181161999702454 ], [ 121.233177185058707, 1.177114009857291 ], [ 121.232917785644531, 1.176370143890438 ], [ 121.22977447509777, 1.167644500732536 ], [ 121.229072570800781, 1.165726423263607 ], [ 121.227828979492301, 1.162305593490714 ], [ 121.226371765136719, 1.158259034156913 ], [ 121.225418090820312, 1.155839443206901 ], [ 121.223915100097656, 1.151673793792838 ], [ 121.219352722167969, 1.139144778251705 ], [ 121.217308044433594, 1.133356332778931 ], [ 121.216827392578239, 1.132099986076298 ], [ 121.215621948242301, 1.129529237747249 ], [ 121.213760375976676, 1.12567758560175 ], [ 121.209129333496321, 1.115695953369197 ], [ 121.20822906494152, 1.113778710365352 ] ] ] ] } },
{ "type": "Feature", "properties": { "GID_0": "IDN", "NAME_0": "Indonesia", "GID_1": "IDN.27_1", "NAME_1": "Sulawesi Tengah", "GID_2": "IDN.27.3_1", "NAME_2": "Buol", "GID_3": "IDN.27.3.7_1", "NAME_3": "Lakea", "GID_4": "IDN.27.3.7.3_1", "NAME_4": "Lakea Ii", "VARNAME_4": null, "TYPE_4": "Desa", "ENGTYPE_4": "Village", "CC_4": "7207010010" }, "geometry": { "type": "MultiPolygon", "coordinates": [ [ [ [ 121.241706848144531, 1.233952045440788 ], [ 121.242156982421989, 1.233280777931327 ], [ 121.242469787597656, 1.232840418815726 ], [ 121.242904663086051, 1.233013391494751 ], [ 121.243362426757812, 1.233277559280396 ], [ 121.243881225586051, 1.233493566513118 ], [ 121.244331359863281, 1.233390808105469 ], [ 121.245025634765739, 1.233302950859184 ], [ 121.245986938476676, 1.233093738556022 ], [ 121.246879577636719, 1.232824563980103 ], [ 121.247543334960938, 1.232557177543697 ], [ 121.248313903808594, 1.232236385345573 ], [ 121.249847412109375, 1.231679558753967 ], [ 121.251045227050781, 1.23127377033245 ], [ 121.252372741699219, 1.230952739715576 ], [ 121.253349304199219, 1.230898857116756 ], [ 121.254974365234489, 1.230684518814087 ], [ 121.256141662597656, 1.230657219886893 ], [ 121.256721496582031, 1.230683684349174 ], [ 121.257492065429688, 1.230870246887207 ], [ 121.259033203125, 1.230922818183842 ], [ 121.259849548339844, 1.231029272079525 ], [ 121.260940551757812, 1.231055498123226 ], [ 121.261444091796989, 1.23121547698986 ], [ 121.261528015136719, 1.231616020202694 ], [ 121.261421203613395, 1.231936454772949 ], [ 121.261497497558594, 1.232336997985897 ], [ 121.262428283691406, 1.232176303863582 ], [ 121.265060424804801, 1.232178211212158 ], [ 121.266067504882812, 1.232080936431942 ], [ 121.266067504882812, 1.230789065361023 ], [ 121.265983581543082, 1.228273987770194 ], [ 121.265975952148551, 1.228113532066345 ], [ 121.266021728515739, 1.227469921112117 ], [ 121.266151428222884, 1.225316047668457 ], [ 121.266349792480696, 1.222781062126273 ], [ 121.266410827636832, 1.221873521804753 ], [ 121.266540527343977, 1.220847010612488 ], [ 121.266853332519531, 1.218341946601811 ], [ 121.267120361328239, 1.217092752456722 ], [ 121.267379760742188, 1.215862631797904 ], [ 121.267616271972656, 1.214289903640747 ], [ 121.267814636230469, 1.212956666946354 ], [ 121.267990112304688, 1.210661411285457 ], [ 121.268386840820312, 1.207097172737235 ], [ 121.268424987792969, 1.206805229187012 ], [ 121.268424987792969, 1.204116582870597 ], [ 121.268424987792969, 1.203952312469596 ], [ 121.268234252929688, 1.202010154724178 ], [ 121.268157958984375, 1.201217889785767 ], [ 121.268165588378906, 1.201093912124747 ], [ 121.268333435058594, 1.198241829872245 ], [ 121.268302917480582, 1.197270631790275 ], [ 121.268241882324219, 1.195654511451721 ], [ 121.267807006835938, 1.193006515502987 ], [ 121.267494201660384, 1.190753579139823 ], [ 121.267097473144531, 1.188057780265922 ], [ 121.267074584960938, 1.187296628952026 ], [ 121.267036437988281, 1.186398029327449 ], [ 121.266929626464957, 1.184483170509452 ], [ 121.26692199707054, 1.182755589485282 ], [ 121.266838073730469, 1.181531190872192 ], [ 121.266838073730469, 1.180648326873779 ], [ 121.266838073730469, 1.179589033126831 ], [ 121.266838073730469, 1.178706288337708 ], [ 121.266830444335938, 1.177691578864994 ], [ 121.266830444335938, 1.172080993652401 ], [ 121.266128540039062, 1.170541167259273 ], [ 121.265777587890852, 1.169776201248226 ], [ 121.264831542968864, 1.167379021644592 ], [ 121.264381408691406, 1.165881037712154 ], [ 121.264091491699332, 1.165175795555172 ], [ 121.263397216796875, 1.163486003875789 ], [ 121.262763977050895, 1.161276578903255 ], [ 121.261962890625227, 1.158993601798954 ], [ 121.261116027832031, 1.156389236450195 ], [ 121.261009216308821, 1.156074762344417 ], [ 121.260986328125, 1.15597045421606 ], [ 121.26029205322277, 1.153318047523555 ], [ 121.259262084960938, 1.150154709816036 ], [ 121.257484436035156, 1.147428750991821 ], [ 121.256027221679688, 1.145817279815788 ], [ 121.255805969238281, 1.145571589470023 ], [ 121.255752563476562, 1.145509600639457 ], [ 121.252464294433707, 1.141787290573234 ], [ 121.251487731933707, 1.140404224395695 ], [ 121.248779296875, 1.13592529296875 ], [ 121.247962951660156, 1.133158087730465 ], [ 121.247650146484602, 1.132081627845821 ], [ 121.247352600097656, 1.132045745849609 ], [ 121.245857238769531, 1.130455613136292 ], [ 121.244941711425781, 1.128576040267944 ], [ 121.244606018066634, 1.128374338150138 ], [ 121.243759155273438, 1.127719044685307 ], [ 121.243392944335938, 1.127468585968074 ], [ 121.241722106933594, 1.126368045806885 ], [ 121.240600585937727, 1.125901699066276 ], [ 121.239952087402344, 1.125770926475639 ], [ 121.238250732421875, 1.125576019287109 ], [ 121.237113952636719, 1.124699354171867 ], [ 121.23508453369152, 1.12311327457428 ], [ 121.23487854003929, 1.122932553291321 ], [ 121.234748840332145, 1.122663378715572 ], [ 121.233978271484489, 1.121631979942435 ], [ 121.233055114746094, 1.119415402412528 ], [ 121.232505798339844, 1.118113279342708 ], [ 121.231437683105696, 1.116979241371268 ], [ 121.230178833007926, 1.116578936576786 ], [ 121.227706909179688, 1.116414189338741 ], [ 121.227485656738395, 1.116295099258537 ], [ 121.227363586425781, 1.116290926933289 ], [ 121.225090026855469, 1.114999175071716 ], [ 121.223945617675781, 1.114383220672607 ], [ 121.222290039062727, 1.113529443740958 ], [ 121.221611022949219, 1.113230586051941 ], [ 121.220634460449332, 1.113052010536194 ], [ 121.21875, 1.113108515739555 ], [ 121.216201782226676, 1.114215612411442 ], [ 121.215766906738281, 1.114241719246024 ], [ 121.21234130859375, 1.114519000053406 ], [ 121.210212707519531, 1.114175319671631 ], [ 121.208847045898438, 1.113868951797485 ], [ 121.208366394043196, 1.113779664039669 ], [ 121.20822906494152, 1.113778710365352 ], [ 121.209129333496321, 1.115695953369197 ], [ 121.213760375976676, 1.12567758560175 ], [ 121.215621948242301, 1.129529237747249 ], [ 121.216827392578239, 1.132099986076298 ], [ 121.217308044433594, 1.133356332778931 ], [ 121.219352722167969, 1.139144778251705 ], [ 121.223915100097656, 1.151673793792838 ], [ 121.225418090820312, 1.155839443206901 ], [ 121.226371765136719, 1.158259034156913 ], [ 121.227828979492301, 1.162305593490714 ], [ 121.229072570800781, 1.165726423263607 ], [ 121.22977447509777, 1.167644500732536 ], [ 121.232917785644531, 1.176370143890438 ], [ 121.233177185058707, 1.177114009857291 ], [ 121.234634399414062, 1.181161999702454 ], [ 121.235008239746094, 1.18213856220251 ], [ 121.236663818359489, 1.186662912368831 ], [ 121.237083435058594, 1.187836766243038 ], [ 121.237976074218864, 1.190411448478812 ], [ 121.238426208496094, 1.191710114479122 ], [ 121.239257812500227, 1.19410860538494 ], [ 121.240547180175781, 1.198046922683716 ], [ 121.24114990234375, 1.200072884559631 ], [ 121.241348266601562, 1.20214486122137 ], [ 121.241386413574332, 1.202310681343079 ], [ 121.241401672363395, 1.202503919601554 ], [ 121.241744995117415, 1.203931331634578 ], [ 121.241996765136832, 1.205078244209233 ], [ 121.242149353027457, 1.207403540611267 ], [ 121.242187500000114, 1.208184957504386 ], [ 121.241912841796875, 1.210705876350517 ], [ 121.241767883300895, 1.212262749671993 ], [ 121.241462707519531, 1.215523362159729 ], [ 121.241416931152457, 1.216120004653874 ], [ 121.241127014160156, 1.219766378402767 ], [ 121.241119384765625, 1.21992731094366 ], [ 121.241111755371094, 1.219998955726567 ], [ 121.241127014160156, 1.220544576645011 ], [ 121.241142272949219, 1.222332835197449 ], [ 121.241172790527571, 1.223039865493774 ], [ 121.241157531738281, 1.223507404327393 ], [ 121.241134643554688, 1.224117994308472 ], [ 121.241127014160156, 1.224676132202205 ], [ 121.241111755371094, 1.225079655647278 ], [ 121.241073608398438, 1.225490927696228 ], [ 121.241020202636832, 1.225919723510742 ], [ 121.241111755371094, 1.226108074188346 ], [ 121.241172790527571, 1.226234674453735 ], [ 121.241325378417969, 1.226461291313228 ], [ 121.241378784179801, 1.226683974266052 ], [ 121.241363525390852, 1.226978302002067 ], [ 121.241394042968864, 1.227272987365836 ], [ 121.241409301757926, 1.227389574051017 ], [ 121.241439819335938, 1.227922677993888 ], [ 121.241355895996321, 1.228247165680045 ], [ 121.241462707519531, 1.228604078292904 ], [ 121.241607666015739, 1.229142308235112 ], [ 121.24161529541027, 1.229577064514274 ], [ 121.241622924804801, 1.231091260910091 ], [ 121.241645812988281, 1.231622457504386 ], [ 121.241645812988281, 1.231761336326599 ], [ 121.241668701171875, 1.232655048370361 ], [ 121.241706848144531, 1.233952045440788 ] ] ] ] } },
{ "type": "Feature", "properties": { "GID_0": "IDN", "NAME_0": "Indonesia", "GID_1": "IDN.27_1", "NAME_1": "Sulawesi Tengah", "GID_2": "IDN.27.3_1", "NAME_2": "Buol", "GID_3": "IDN.27.3.7_1", "NAME_3": "Lakea", "GID_4": "IDN.27.3.7.4_1", "NAME_4": "Lakuan Buol", "VARNAME_4": null, "TYPE_4": "Desa", "ENGTYPE_4": "Village", "CC_4": "7207010012" }, "geometry": { "type": "MultiPolygon", "coordinates": [ [ [ [ 121.095146179199219, 1.093447804450989 ], [ 121.094367980957145, 1.093783736229057 ], [ 121.092842102050895, 1.09448611736309 ], [ 121.091255187988509, 1.095100879669246 ], [ 121.091041564941406, 1.09560835361475 ], [ 121.090591430664062, 1.096142649650631 ], [ 121.089530944824446, 1.098439574241581 ], [ 121.089263916015625, 1.099454522132817 ], [ 121.089447021484375, 1.100362420082206 ], [ 121.089874267578125, 1.100656032562313 ], [ 121.090568542480469, 1.101430177688599 ], [ 121.090988159179688, 1.10223114490509 ], [ 121.091148376464844, 1.103352665901127 ], [ 121.091339111328125, 1.104287266731319 ], [ 121.09189605712902, 1.105381965637207 ], [ 121.092132568359375, 1.105885148048515 ], [ 121.092376708984375, 1.106594443321342 ], [ 121.092460632324332, 1.107011675834769 ], [ 121.092643737793082, 1.107552886009216 ], [ 121.092536926269531, 1.10806322097784 ], [ 121.092437744140739, 1.108548998832759 ], [ 121.092330932617188, 1.10904502868658 ], [ 121.092300415039062, 1.109230756759644 ], [ 121.092208862304915, 1.109410285949764 ], [ 121.091804504394531, 1.110316395759696 ], [ 121.091697692871207, 1.110549092292842 ], [ 121.091598510742188, 1.110781669616813 ], [ 121.091453552246207, 1.111045479774532 ], [ 121.090843200683594, 1.112197875976619 ], [ 121.09055328369152, 1.112722396850643 ], [ 121.090492248535384, 1.11363685131073 ], [ 121.090484619140852, 1.11384820938116 ], [ 121.090492248535384, 1.114196181297302 ], [ 121.090492248535384, 1.114661693572998 ], [ 121.090438842773438, 1.115996718406791 ], [ 121.090438842773438, 1.11624372005474 ], [ 121.090423583984375, 1.116380453109798 ], [ 121.090385437011719, 1.116572260856742 ], [ 121.09039306640625, 1.11696302890789 ], [ 121.090377807617188, 1.117075204849357 ], [ 121.089965820312614, 1.11799693107605 ], [ 121.089569091796989, 1.119024634361381 ], [ 121.089538574218977, 1.119111776352042 ], [ 121.089408874511832, 1.120299816131705 ], [ 121.089324951171875, 1.121559977531433 ], [ 121.089324951171875, 1.122363567352238 ], [ 121.089286804199219, 1.122475743293876 ], [ 121.088714599609375, 1.123291373252982 ], [ 121.087669372558707, 1.124404311180228 ], [ 121.086555480957145, 1.12548470497137 ], [ 121.085121154785156, 1.126394510269165 ], [ 121.084144592285156, 1.1270574331283 ], [ 121.083969116210938, 1.127213001251334 ], [ 121.083610534667969, 1.127717375755253 ], [ 121.083404541015625, 1.128022551536617 ], [ 121.083305358886832, 1.12832152843481 ], [ 121.083183288574219, 1.128607988357601 ], [ 121.083061218261832, 1.129076004028434 ], [ 121.08282470703125, 1.130302190780753 ], [ 121.08267974853527, 1.130819201469421 ], [ 121.082489013671989, 1.13134860992443 ], [ 121.082405090332031, 1.13151049613964 ], [ 121.081977844238395, 1.132023572921753 ], [ 121.080558776855469, 1.132976651191768 ], [ 121.080200195312614, 1.133341431617737 ], [ 121.080352783203125, 1.133371353149471 ], [ 121.085243225097656, 1.134686231613159 ], [ 121.081016540527457, 1.142673850059452 ], [ 121.080169677734375, 1.151581883430538 ], [ 121.092803955078239, 1.167286515236015 ], [ 121.092796325683707, 1.175264358520508 ], [ 121.093292236328125, 1.175261020660344 ], [ 121.094268798828125, 1.175615668296757 ], [ 121.094383239746094, 1.175664782524109 ], [ 121.094528198242301, 1.17576277256012 ], [ 121.094833374023438, 1.175969243049735 ], [ 121.095039367675781, 1.176120400428772 ], [ 121.095222473144531, 1.17628383636486 ], [ 121.095390319824219, 1.176434874534721 ], [ 121.098693847656477, 1.176199197769165 ], [ 121.0982666015625, 1.183834910392761 ], [ 121.113555908203125, 1.191134691238517 ], [ 121.113822937011832, 1.191198587417716 ], [ 121.113983154296989, 1.191338896751461 ], [ 121.114280700683594, 1.191482067108268 ], [ 121.114593505859489, 1.191706180572623 ], [ 121.115112304687614, 1.1916424036026 ], [ 121.115180969238281, 1.192123889923096 ], [ 121.121444702148551, 1.196577668190002 ], [ 121.125801086425895, 1.203312277793998 ], [ 121.127189636230469, 1.204541087150687 ], [ 121.127838134765625, 1.205002188682556 ], [ 121.128349304199219, 1.205480575561467 ], [ 121.128837585449332, 1.205770969390983 ], [ 121.129348754882812, 1.206215023994559 ], [ 121.13004302978527, 1.206129312515259 ], [ 121.131271362304688, 1.205479383468685 ], [ 121.132286071777457, 1.205307960510368 ], [ 121.133102416992188, 1.205461502075252 ], [ 121.133781433105696, 1.20486307144165 ], [ 121.135635375976562, 1.205614209175167 ], [ 121.135986328125, 1.205968618393058 ], [ 121.137031555176009, 1.205921411514282 ], [ 121.137870788574219, 1.208891630172673 ], [ 121.139533996582145, 1.211286306381339 ], [ 121.139709472656364, 1.211406350135803 ], [ 121.140037536621094, 1.212010979652405 ], [ 121.142028808593864, 1.21488094329834 ], [ 121.142326354980469, 1.215165138244686 ], [ 121.142341613769531, 1.215324997901917 ], [ 121.143768310546989, 1.217380404472351 ], [ 121.144233703613281, 1.21816003322607 ], [ 121.14469146728527, 1.218459725380058 ], [ 121.144935607910156, 1.218727231025753 ], [ 121.145027160644531, 1.218913435936088 ], [ 121.145050048828239, 1.219169497489929 ], [ 121.145477294921989, 1.219332218170223 ], [ 121.145446777343864, 1.219890832901058 ], [ 121.145446777343864, 1.220077037811393 ], [ 121.145637512207145, 1.220427751541251 ], [ 121.145637512207145, 1.220529198646545 ], [ 121.148818969726562, 1.225868582725639 ], [ 121.148345947265739, 1.226946592330933 ], [ 121.148406982421875, 1.227365374565238 ], [ 121.148017883300781, 1.227946639060974 ], [ 121.148139953613395, 1.228578925132808 ], [ 121.148040771484375, 1.230373501777649 ], [ 121.148147583007926, 1.231091141700745 ], [ 121.14898681640625, 1.232262253761405 ], [ 121.150177001953125, 1.233278036117611 ], [ 121.150604248046989, 1.233858942985648 ], [ 121.150962829589957, 1.234627842903251 ], [ 121.150772094726676, 1.235482454299984 ], [ 121.150741577148438, 1.236302852630615 ], [ 121.15087890625, 1.237328171730098 ], [ 121.151252746582031, 1.238131284713859 ], [ 121.151435852050781, 1.238780617714042 ], [ 121.150253295898551, 1.239635705947819 ], [ 121.149772644042969, 1.239927530288696 ], [ 121.149581909179688, 1.241409301757812 ], [ 121.150405883789176, 1.241276383400077 ], [ 121.151557922363395, 1.242232918739319 ], [ 121.152389526367188, 1.242591500282288 ], [ 121.153053283691634, 1.242693781852722 ], [ 121.153915405273438, 1.242932677269039 ], [ 121.154937744140625, 1.242846727371159 ], [ 121.155799865722656, 1.242931842803898 ], [ 121.157928466796875, 1.243033409118766 ], [ 121.158432006836051, 1.243238210678101 ], [ 121.158523559570312, 1.243528723716793 ], [ 121.158393859863509, 1.244512438774109 ], [ 121.158531188964844, 1.244684219360295 ], [ 121.158882141113281, 1.244672417640743 ], [ 121.159271240234375, 1.244509339332694 ], [ 121.15966796875, 1.244427680969238 ], [ 121.160072326660156, 1.243973612785339 ], [ 121.160789489746094, 1.243717312812805 ], [ 121.161102294921989, 1.24353384971613 ], [ 121.161262512207145, 1.243454694747868 ], [ 121.165191650390625, 1.239960551261845 ], [ 121.167587280273551, 1.242520928382874 ], [ 121.16802978515625, 1.242482066154594 ], [ 121.169151306152344, 1.242327690124569 ], [ 121.170425415039176, 1.242207527160701 ], [ 121.171173095703352, 1.242446422576904 ], [ 121.171676635742188, 1.242890596389827 ], [ 121.171882629394531, 1.243574142456168 ], [ 121.172004699707145, 1.244172215461845 ], [ 121.172363281250114, 1.244582295417786 ], [ 121.1728515625, 1.244821310043278 ], [ 121.173393249511719, 1.244581818580741 ], [ 121.174003601074219, 1.244222640991211 ], [ 121.174705505371094, 1.244478702545223 ], [ 121.175346374511719, 1.245008111000061 ], [ 121.175621032714957, 1.24572587013256 ], [ 121.17572021484375, 1.247469067573491 ], [ 121.176078796386719, 1.247998714447078 ], [ 121.177253723144531, 1.248340010643005 ], [ 121.177474975586051, 1.248767137527409 ], [ 121.177352905273438, 1.249536275863761 ], [ 121.17706298828125, 1.249963641166687 ], [ 121.177154541015739, 1.250783920288143 ], [ 121.177421569824219, 1.251484513282776 ], [ 121.177574157714844, 1.25227069854742 ], [ 121.177116394043082, 1.252971529960746 ], [ 121.176742553711051, 1.253433227539062 ], [ 121.17691802978527, 1.253774881363029 ], [ 121.177421569824219, 1.253945589065609 ], [ 121.177360534667969, 1.254834294319153 ], [ 121.177017211914062, 1.255911231041011 ], [ 121.176383972168082, 1.256765723228568 ], [ 121.176742553711051, 1.260527968406734 ], [ 121.177276611328352, 1.260696411132812 ], [ 121.177680969238395, 1.261021018028316 ], [ 121.177917480468864, 1.261499404907227 ], [ 121.177886962890739, 1.262046337127799 ], [ 121.177787780761719, 1.262610316276493 ], [ 121.178138732910156, 1.263071656227112 ], [ 121.178817749023551, 1.263259291648978 ], [ 121.179550170898438, 1.263617873191947 ], [ 121.18039703369152, 1.264420747756958 ], [ 121.181571960449219, 1.265103816986084 ], [ 121.18247222900402, 1.264983773231563 ], [ 121.183303833007812, 1.265188455581779 ], [ 121.183807373046989, 1.265405654907283 ], [ 121.184280395507812, 1.26563119888317 ], [ 121.185020446777344, 1.264793038368282 ], [ 121.185447692871094, 1.26417601108551 ], [ 121.18589019775402, 1.263873338699341 ], [ 121.186355590820312, 1.263458371162415 ], [ 121.186752319335938, 1.263163089752197 ], [ 121.18723297119152, 1.262727022171077 ], [ 121.18930816650402, 1.261102080345154 ], [ 121.189865112304915, 1.260694503784237 ], [ 121.189979553222656, 1.260589718818608 ], [ 121.190078735351676, 1.260519742965812 ], [ 121.190963745117188, 1.25983035564434 ], [ 121.191459655761832, 1.25942051410675 ], [ 121.192054748535156, 1.259010672569332 ], [ 121.192619323730469, 1.258610129356498 ], [ 121.192840576171875, 1.258507609367371 ], [ 121.193367004394645, 1.258155226707458 ], [ 121.193801879882812, 1.257976412773132 ], [ 121.194259643554801, 1.257771492004395 ], [ 121.194664001464957, 1.25737035274517 ], [ 121.197532653808707, 1.25534009933483 ], [ 121.200988769531364, 1.252990484237671 ], [ 121.202957153320312, 1.251650929451102 ], [ 121.209014892578125, 1.248492240905875 ], [ 121.208663940429688, 1.248110651969967 ], [ 121.208435058593864, 1.247865319252071 ], [ 121.208213806152457, 1.247631907463187 ], [ 121.207443237304801, 1.24704480171215 ], [ 121.206436157226562, 1.246190667152405 ], [ 121.205810546875, 1.245747208595276 ], [ 121.205635070800781, 1.245540738105831 ], [ 121.205253601074219, 1.245284795761222 ], [ 121.205001831054801, 1.245092868804932 ], [ 121.204742431640852, 1.244894623756466 ], [ 121.204597473144645, 1.24477589130413 ], [ 121.20436096191429, 1.244559645652885 ], [ 121.204132080078125, 1.244367718696594 ], [ 121.203849792480582, 1.244154453277588 ], [ 121.2037353515625, 1.244072675704956 ], [ 121.2027587890625, 1.243273377418575 ], [ 121.202629089355469, 1.243166208267326 ], [ 121.202507019043082, 1.243068218231315 ], [ 121.201721191406364, 1.242473602294922 ], [ 121.201171875000114, 1.242037653923092 ], [ 121.200523376464844, 1.241466879844609 ], [ 121.199775695801009, 1.240849852562008 ], [ 121.199371337890625, 1.240593671798649 ], [ 121.198867797851676, 1.240137457847595 ], [ 121.198356628417969, 1.239675879478455 ], [ 121.197868347168196, 1.239249348640442 ], [ 121.197700500488395, 1.239097714424133 ], [ 121.197074890136719, 1.238444805145321 ], [ 121.196662902832031, 1.238012194633484 ], [ 121.196395874023551, 1.237805008888301 ], [ 121.196144104003906, 1.237582921981925 ], [ 121.195808410644645, 1.237268447875977 ], [ 121.195251464843864, 1.236707806587219 ], [ 121.194953918457031, 1.236290335655212 ], [ 121.194244384765852, 1.235239267349243 ], [ 121.193458557128906, 1.234194040298576 ], [ 121.192619323730469, 1.233072519302482 ], [ 121.192268371582031, 1.232402086257935 ], [ 121.191932678222656, 1.231719374656734 ], [ 121.191108703613281, 1.230290055274963 ], [ 121.190620422363509, 1.229436635971183 ], [ 121.190338134765625, 1.228997468948421 ], [ 121.190200805664062, 1.228762745857352 ], [ 121.189430236816406, 1.227139472961483 ], [ 121.188903808593977, 1.226007461547852 ], [ 121.188537597656364, 1.225233793258781 ], [ 121.188133239746094, 1.224249243736324 ], [ 121.18804931640625, 1.22404241561901 ], [ 121.188011169433707, 1.223967432975826 ], [ 121.18796539306652, 1.223847031593436 ], [ 121.187484741210938, 1.222863793373165 ], [ 121.187377929687727, 1.222700595855827 ], [ 121.186630249023551, 1.221628427505607 ], [ 121.18603515625, 1.220711112022457 ], [ 121.185623168945312, 1.21968674659729 ], [ 121.185050964355469, 1.218332409858704 ], [ 121.18499755859375, 1.218213438987846 ], [ 121.184867858886719, 1.217869877815303 ], [ 121.184577941894645, 1.217367172241211 ], [ 121.184379577636832, 1.216956138610783 ], [ 121.183860778808594, 1.215940713882503 ], [ 121.18363189697277, 1.215477705001831 ], [ 121.183319091796875, 1.214834809303397 ], [ 121.182929992675781, 1.214003801345825 ], [ 121.182579040527344, 1.210151672363281 ], [ 121.18167877197277, 1.199826598167476 ], [ 121.181663513183821, 1.19958424568182 ], [ 121.181434631347656, 1.197988152504024 ], [ 121.179489135742188, 1.184511542320308 ], [ 121.179267883300781, 1.181061744689998 ], [ 121.178359985351562, 1.166418433189392 ], [ 121.177467346191634, 1.151652336120605 ], [ 121.176429748535156, 1.134094834327698 ], [ 121.176200866699332, 1.131491303444022 ], [ 121.174758911132812, 1.108225941658134 ], [ 121.174530029296875, 1.104616641998291 ], [ 121.17449951171875, 1.10418808460247 ], [ 121.17384338378929, 1.104012012481689 ], [ 121.173706054687614, 1.103992700576896 ], [ 121.172676086425781, 1.10347592830658 ], [ 121.170982360840071, 1.102725148200932 ], [ 121.170753479003906, 1.102606892585868 ], [ 121.170646667480582, 1.102578997612056 ], [ 121.168899536132926, 1.102058768272457 ], [ 121.168365478515739, 1.101933717727775 ], [ 121.167701721191406, 1.101308107376155 ], [ 121.165878295898551, 1.099639892578239 ], [ 121.163925170898665, 1.09784638881689 ], [ 121.162307739257812, 1.096344947814998 ], [ 121.161933898925781, 1.096053004264945 ], [ 121.159866333007812, 1.095219373703003 ], [ 121.15911865234375, 1.094885826110783 ], [ 121.158287048339844, 1.094009876251334 ], [ 121.156707763671989, 1.091632127761841 ], [ 121.156623840332031, 1.091551065445003 ], [ 121.155052185058594, 1.090114116668815 ], [ 121.154937744140625, 1.090028405189514 ], [ 121.154685974121094, 1.089892148971614 ], [ 121.152397155761719, 1.089088559150809 ], [ 121.151618957519531, 1.088736057281494 ], [ 121.15087890625, 1.088469624519462 ], [ 121.150444030761832, 1.0882666110993 ], [ 121.147941589355582, 1.087658166885376 ], [ 121.146629333496207, 1.087429285049382 ], [ 121.146514892578125, 1.087431907653922 ], [ 121.145774841308594, 1.087538719177303 ], [ 121.144744873046875, 1.087524533271846 ], [ 121.143989562988281, 1.087651133537236 ], [ 121.143630981445312, 1.087761163711548 ], [ 121.142868041992188, 1.088057994842586 ], [ 121.139373779296989, 1.089074373245182 ], [ 121.1383056640625, 1.089115738868827 ], [ 121.138175964355696, 1.089117169380188 ], [ 121.137641906738395, 1.089136004447937 ], [ 121.137466430664176, 1.089124321937675 ], [ 121.136940002441406, 1.089129805564937 ], [ 121.136665344238395, 1.089071035385246 ], [ 121.136398315429688, 1.08905291557312 ], [ 121.136260986328352, 1.088973641395683 ], [ 121.134475708007812, 1.088050007820186 ], [ 121.133499145507812, 1.087513327598685 ], [ 121.131614685058594, 1.087301254272518 ], [ 121.13104248046875, 1.087451457977238 ], [ 121.130485534667969, 1.087648034095821 ], [ 121.130393981933707, 1.087679028511047 ], [ 121.128913879394531, 1.088653683662471 ], [ 121.128402709960938, 1.089177846908626 ], [ 121.126571655273551, 1.090189456939754 ], [ 121.123954772949219, 1.091304659843445 ], [ 121.123344421386832, 1.091233611106986 ], [ 121.122741699218864, 1.091377258300838 ], [ 121.121665954589844, 1.091037631034965 ], [ 121.121391296386946, 1.090950489044303 ], [ 121.120521545410156, 1.090477585792598 ], [ 121.120216369628906, 1.090358972549495 ], [ 121.117782592773551, 1.08978188037878 ], [ 121.116119384765739, 1.089415669441337 ], [ 121.113571166992415, 1.089153766632194 ], [ 121.112388610839844, 1.088919043541068 ], [ 121.109657287597656, 1.088645696640071 ], [ 121.105499267578125, 1.088358879089355 ], [ 121.104545593261719, 1.088369131088257 ], [ 121.104232788086051, 1.088429808616695 ], [ 121.102828979492188, 1.088878870010433 ], [ 121.101318359375, 1.089369416236821 ], [ 121.100471496582145, 1.089860320091304 ], [ 121.099311828613395, 1.090676903724727 ], [ 121.098968505859375, 1.091028094291687 ], [ 121.096954345703125, 1.092668652534542 ], [ 121.096595764160384, 1.092822790145988 ], [ 121.096527099609375, 1.092853665351868 ], [ 121.095726013183594, 1.093475818634147 ], [ 121.095146179199219, 1.093447804450989 ] ] ] ] } },
{ "type": "Feature", "properties": { "GID_0": "IDN", "NAME_0": "Indonesia", "GID_1": "IDN.27_1", "NAME_1": "Sulawesi Tengah", "GID_2": "IDN.27.3_1", "NAME_2": "Buol", "GID_3": "IDN.27.3.7_1", "NAME_3": "Lakea", "GID_4": "IDN.27.3.7.5_1", "NAME_4": "Tuinan", "VARNAME_4": null, "TYPE_4": "Desa", "ENGTYPE_4": "Village", "CC_4": "7207010009" }, "geometry": { "type": "MultiPolygon", "coordinates": [ [ [ [ 121.295249938964844, 1.150801658630371 ], [ 121.294059753418082, 1.150050759315548 ], [ 121.293983459472656, 1.149993658065796 ], [ 121.293693542480582, 1.149535655975285 ], [ 121.293540954589844, 1.149268984794674 ], [ 121.293190002441406, 1.148539662361145 ], [ 121.292678833007926, 1.147404670715389 ], [ 121.291015625000114, 1.145911335945243 ], [ 121.2908935546875, 1.145837187766972 ], [ 121.290512084960938, 1.145565152168331 ], [ 121.289398193359375, 1.144765138626155 ], [ 121.287483215332031, 1.143958449363765 ], [ 121.28533935546875, 1.142933249473629 ], [ 121.284782409667969, 1.142686486244202 ], [ 121.284294128418082, 1.14240837097168 ], [ 121.283332824707145, 1.141862034797725 ], [ 121.281761169433594, 1.140785932541007 ], [ 121.279411315917969, 1.139052391052303 ], [ 121.27813720703125, 1.138115763664246 ], [ 121.278068542480469, 1.138068795204163 ], [ 121.277099609375114, 1.137269139289856 ], [ 121.275375366211051, 1.135797500610352 ], [ 121.275260925292969, 1.135960817337036 ], [ 121.275718688964957, 1.138418674469108 ], [ 121.276107788086051, 1.140505075454769 ], [ 121.276222229003906, 1.141053915023747 ], [ 121.277122497558594, 1.143595814704895 ], [ 121.277366638183594, 1.144142270088253 ], [ 121.278045654296989, 1.145590901374817 ], [ 121.278633117675781, 1.147154331207332 ], [ 121.278701782226562, 1.14739370346075 ], [ 121.279380798339957, 1.149848699569702 ], [ 121.27947998046875, 1.150196313858032 ], [ 121.279815673828125, 1.151345968246574 ], [ 121.280899047851676, 1.155019044876099 ], [ 121.281761169433594, 1.158030986785832 ], [ 121.281890869140625, 1.158650279045105 ], [ 121.282691955566406, 1.16246855258936 ], [ 121.283149719238395, 1.164830327033997 ], [ 121.283592224121094, 1.167078137397823 ], [ 121.283790588378906, 1.169754147529716 ], [ 121.283805847167969, 1.169968962669429 ], [ 121.2841796875, 1.175077676773071 ], [ 121.284355163574219, 1.177608609199581 ], [ 121.28452301025402, 1.180781126022339 ], [ 121.284614562988281, 1.183870792388973 ], [ 121.284667968750114, 1.184613943100089 ], [ 121.284896850586051, 1.187323927879447 ], [ 121.284805297851562, 1.189812541007996 ], [ 121.28497314453125, 1.192481875419617 ], [ 121.28497314453125, 1.193214058876038 ], [ 121.28497314453125, 1.196582078933773 ], [ 121.284645080566406, 1.199456572532654 ], [ 121.28452301025402, 1.200859189033622 ], [ 121.284477233886832, 1.201450824737606 ], [ 121.28436279296875, 1.203379511833134 ], [ 121.284317016601676, 1.203952670097465 ], [ 121.284301757812614, 1.204234480857963 ], [ 121.284080505371321, 1.207224726676941 ], [ 121.283973693847656, 1.208125352859611 ], [ 121.283836364746094, 1.209470748901481 ], [ 121.28370666503929, 1.210362911224365 ], [ 121.283660888671875, 1.2107093334198 ], [ 121.283355712890739, 1.212792873382625 ], [ 121.282943725586165, 1.215938210487309 ], [ 121.282890319824219, 1.216235399246273 ], [ 121.282875061035156, 1.216356635093746 ], [ 121.282768249511832, 1.216921925544852 ], [ 121.282562255859602, 1.218109846115112 ], [ 121.282279968261719, 1.219554424285946 ], [ 121.282196044921989, 1.221425294876155 ], [ 121.282173156738509, 1.222006559372062 ], [ 121.281829833984489, 1.224301934242305 ], [ 121.281799316406477, 1.224942684173641 ], [ 121.281753540039062, 1.226474404335022 ], [ 121.28165435791027, 1.227030992507935 ], [ 121.281585693359375, 1.227434039115906 ], [ 121.281478881836051, 1.228082299232597 ], [ 121.281349182128906, 1.228833317756767 ], [ 121.281135559082031, 1.230080008506889 ], [ 121.28110504150402, 1.230406403541622 ], [ 121.280868530273551, 1.233394622802791 ], [ 121.280731201171875, 1.235109567642269 ], [ 121.2806396484375, 1.235594630241451 ], [ 121.280418395996094, 1.23685085773468 ], [ 121.280441284179688, 1.237435698509216 ], [ 121.280517578125114, 1.237968921661434 ], [ 121.280487060546989, 1.238225579261837 ], [ 121.280471801757926, 1.238377928733883 ], [ 121.280517578125114, 1.23911547660822 ], [ 121.280548095703125, 1.239564657211361 ], [ 121.281425476074332, 1.238981962204093 ], [ 121.282585144043082, 1.238649010658264 ], [ 121.283378601074332, 1.238523006439323 ], [ 121.286155700683594, 1.238554477691764 ], [ 121.28812408447277, 1.239050269126892 ], [ 121.290435791015739, 1.239691615104789 ], [ 121.292076110839844, 1.240186333656425 ], [ 121.293571472167969, 1.241059422493038 ], [ 121.294319152832031, 1.241565227508488 ], [ 121.295066833496094, 1.241897225380001 ], [ 121.295028686523551, 1.24264764785778 ], [ 121.295433044433594, 1.243388533592224 ], [ 121.295944213867301, 1.244488716125545 ], [ 121.296409606933594, 1.245388031005916 ], [ 121.29718017578125, 1.24688029289257 ], [ 121.297599792480469, 1.247153759002799 ], [ 121.29825592041027, 1.247722983360404 ], [ 121.29917144775402, 1.24848473072052 ], [ 121.299835205078125, 1.24911272525793 ], [ 121.300582885742188, 1.25036537647253 ], [ 121.300338745117301, 1.251198649406547 ], [ 121.300544738769645, 1.251575827598515 ], [ 121.30120849609375, 1.251990914344844 ], [ 121.302818298339957, 1.252157449722347 ], [ 121.305099487304801, 1.252449035644474 ], [ 121.306266784668082, 1.252989768982047 ], [ 121.307136535644531, 1.253906846046505 ], [ 121.307632446289062, 1.254828453064022 ], [ 121.308380126953239, 1.255533814430351 ], [ 121.309249877929688, 1.255575060844421 ], [ 121.31011962890625, 1.255824089050293 ], [ 121.310874938964844, 1.256199240684509 ], [ 121.311614990234489, 1.256192564964294 ], [ 121.311233520507926, 1.254584193229789 ], [ 121.311569213867301, 1.252821445465145 ], [ 121.311729431152344, 1.252123713493404 ], [ 121.31235504150402, 1.248972177505493 ], [ 121.313301086425895, 1.241013646125793 ], [ 121.31488037109375, 1.230985879898128 ], [ 121.316772460937614, 1.217933773994503 ], [ 121.317085266113509, 1.206633329391479 ], [ 121.316886901855696, 1.204798817634583 ], [ 121.315200805664176, 1.187060713768119 ], [ 121.312728881836051, 1.1786967515946 ], [ 121.312545776367301, 1.178274512291011 ], [ 121.311370849609489, 1.174167394638062 ], [ 121.3099365234375, 1.172139883041439 ], [ 121.309791564941406, 1.171939849853572 ], [ 121.308502197265852, 1.172444701194706 ], [ 121.307853698730469, 1.172713041305542 ], [ 121.306106567382812, 1.172655701637268 ], [ 121.305961608886719, 1.172314405441341 ], [ 121.305763244628906, 1.171877145767155 ], [ 121.305999755859375, 1.171332120895386 ], [ 121.306221008300895, 1.170894503593502 ], [ 121.306327819824219, 1.170640945434684 ], [ 121.306610107421989, 1.169906377792415 ], [ 121.30680084228527, 1.169443964958191 ], [ 121.307075500488281, 1.168755412101859 ], [ 121.307151794433594, 1.1685808897019 ], [ 121.307258605957031, 1.168355107307548 ], [ 121.307693481445312, 1.167437195778007 ], [ 121.307609558105582, 1.166877388954163 ], [ 121.307548522949446, 1.166487574577332 ], [ 121.307327270507812, 1.166309595108089 ], [ 121.307037353515739, 1.166110515594539 ], [ 121.306968688965071, 1.166060090065002 ], [ 121.3048095703125, 1.166409611702022 ], [ 121.304695129394645, 1.166426897049064 ], [ 121.304573059082031, 1.166468739509583 ], [ 121.304443359375, 1.166500091552848 ], [ 121.304328918457145, 1.16647827625269 ], [ 121.303741455078239, 1.166343927383423 ], [ 121.303520202636719, 1.166313171386776 ], [ 121.302719116210938, 1.164062976837101 ], [ 121.302421569824332, 1.163154840469417 ], [ 121.302162170410156, 1.161566615104675 ], [ 121.302024841308707, 1.160668611526546 ], [ 121.301986694335938, 1.160584926605281 ], [ 121.301513671875114, 1.159431219101009 ], [ 121.297683715820426, 1.1537460088731 ], [ 121.297561645507812, 1.153581142425651 ], [ 121.297218322753906, 1.153137564659175 ], [ 121.296295166015852, 1.151925563812256 ], [ 121.296241760253906, 1.151862263679504 ], [ 121.296127319336051, 1.151747107505798 ], [ 121.295249938964844, 1.150801658630371 ] ] ] ] } },
{ "type": "Feature", "properties": { "GID_0": "IDN", "NAME_0": "Indonesia", "GID_1": "IDN.27_1", "NAME_1": "Sulawesi Tengah", "GID_2": "IDN.27.3_1", "NAME_2": "Buol", "GID_3": "IDN.27.3.8_1", "NAME_3": "Momunu", "GID_4": "IDN.27.3.8.1_1", "NAME_4": "Guamonial", "VARNAME_4": null, "TYPE_4": "Desa", "ENGTYPE_4": "Village", "CC_4": "7207020014" }, "geometry": { "type": "MultiPolygon", "coordinates": [ [ [ [ 121.421310424804688, 1.113246679306144 ], [ 121.421234130859489, 1.113260746002254 ], [ 121.420677185058707, 1.113735795021 ], [ 121.420333862304801, 1.11431014537817 ], [ 121.419868469238281, 1.115634441375846 ], [ 121.419815063476562, 1.115802764892578 ], [ 121.419303894042969, 1.116983890533561 ], [ 121.419174194336051, 1.117227196693534 ], [ 121.41888427734375, 1.117812752723637 ], [ 121.418861389160156, 1.117920398712158 ], [ 121.418792724609489, 1.118028640747013 ], [ 121.418777465820426, 1.118307352066097 ], [ 121.418762207031364, 1.118596076965389 ], [ 121.419052124023438, 1.1190620660783 ], [ 121.419174194336051, 1.119180679321232 ], [ 121.419258117675781, 1.119286179542598 ], [ 121.419334411621207, 1.119332075119019 ], [ 121.419517517089957, 1.119508504867497 ], [ 121.420074462890852, 1.119585871696529 ], [ 121.420249938964844, 1.119634628296012 ], [ 121.420623779296875, 1.119750499725455 ], [ 121.420974731445312, 1.119882345199528 ], [ 121.42124176025402, 1.119922399520988 ], [ 121.421722412109375, 1.119982242584285 ], [ 121.422775268554801, 1.120041370391846 ], [ 121.423355102539176, 1.120089292526359 ], [ 121.42411041259777, 1.120438456535396 ], [ 121.424362182617188, 1.120690822601375 ], [ 121.424560546875, 1.120973348617667 ], [ 121.424674987793082, 1.121150255203361 ], [ 121.42474365234375, 1.121584057807866 ], [ 121.42474365234375, 1.121657013893127 ], [ 121.424682617187614, 1.12223482131958 ], [ 121.42447662353527, 1.122697830200252 ], [ 121.424285888671989, 1.122923374176082 ], [ 121.424072265625, 1.123069047927913 ], [ 121.423950195312614, 1.12318658828741 ], [ 121.423355102539176, 1.123643279075679 ], [ 121.423202514648551, 1.12370240688324 ], [ 121.422927856445312, 1.123791456222534 ], [ 121.422660827636719, 1.123942017555351 ], [ 121.422492980957031, 1.124062776565609 ], [ 121.422363281250227, 1.124152660369987 ], [ 121.422164916992188, 1.124413371086121 ], [ 121.421920776367188, 1.124734401702995 ], [ 121.421882629394531, 1.125436186790409 ], [ 121.421897888183594, 1.125696897506714 ], [ 121.421958923339844, 1.125813245773429 ], [ 121.422111511230469, 1.126073598861808 ], [ 121.422172546386946, 1.126147866249084 ], [ 121.422248840332145, 1.12617218494421 ], [ 121.422454833984375, 1.126323938369865 ], [ 121.422531127929688, 1.126354813575745 ], [ 121.4227294921875, 1.126407861709652 ], [ 121.422882080078125, 1.126448631286678 ], [ 121.423538208007926, 1.12651097774517 ], [ 121.423652648925781, 1.126494646072445 ], [ 121.424324035644645, 1.126400470733643 ], [ 121.424873352050895, 1.126322150230465 ], [ 121.425399780273438, 1.126266002654972 ], [ 121.42559814453125, 1.126245021820125 ], [ 121.425910949707031, 1.126461863517818 ], [ 121.426048278808707, 1.12654101848608 ], [ 121.426116943359375, 1.126631021499634 ], [ 121.426467895507812, 1.12692403793335 ], [ 121.426513671875, 1.127057790756226 ], [ 121.426513671875, 1.127277016639709 ], [ 121.426345825195312, 1.12754762172699 ], [ 121.425971984863281, 1.128273963928336 ], [ 121.425926208496094, 1.128361463546753 ], [ 121.425857543945426, 1.128432750701904 ], [ 121.425544738769531, 1.128797054290828 ], [ 121.425392150878906, 1.128969550132808 ], [ 121.425216674804688, 1.129524946212825 ], [ 121.425224304199446, 1.129643678665161 ], [ 121.425254821777457, 1.129822134971619 ], [ 121.425361633300781, 1.130107164383048 ], [ 121.425460815429801, 1.130312204360962 ], [ 121.425659179687614, 1.130692481994686 ], [ 121.425727844238281, 1.130863785743827 ], [ 121.425773620605469, 1.130963921546936 ], [ 121.425880432128906, 1.131070137023869 ], [ 121.426033020019645, 1.131193637848014 ], [ 121.426391601562614, 1.13155376911169 ], [ 121.426460266113281, 1.131626009941158 ], [ 121.426734924316406, 1.131895661354008 ], [ 121.426933288574219, 1.132400512695369 ], [ 121.426994323730582, 1.132706522941703 ], [ 121.427009582519645, 1.132790923118648 ], [ 121.426933288574219, 1.133274435997123 ], [ 121.42642974853527, 1.133643388748283 ], [ 121.426307678222656, 1.133744120597839 ], [ 121.425910949707031, 1.134152173996029 ], [ 121.425445556640739, 1.134593844413757 ], [ 121.425025939941406, 1.134982585906982 ], [ 121.424942016601562, 1.135057330131644 ], [ 121.424308776855582, 1.135626196861381 ], [ 121.423515319824446, 1.136019706726074 ], [ 121.42301177978527, 1.136301994323787 ], [ 121.422454833984375, 1.136772155761776 ], [ 121.422378540039176, 1.136928200721854 ], [ 121.42230224609375, 1.137025117874202 ], [ 121.422248840332145, 1.137141466140861 ], [ 121.422126770019531, 1.137394189834538 ], [ 121.422050476074332, 1.137802004814205 ], [ 121.42203521728527, 1.138540029525757 ], [ 121.422096252441406, 1.13874542713171 ], [ 121.422149658203125, 1.138890624046326 ], [ 121.422325134277344, 1.139200210571232 ], [ 121.422592163086051, 1.139553308486938 ], [ 121.422645568847656, 1.139610886573792 ], [ 121.422752380371321, 1.1396803855896 ], [ 121.423004150390739, 1.139812111854667 ], [ 121.423164367675895, 1.13987505435955 ], [ 121.423431396484375, 1.139931321144218 ], [ 121.424003601074219, 1.139930963516349 ], [ 121.42408752441429, 1.139891147613582 ], [ 121.42462158203125, 1.139542102813778 ], [ 121.424774169921875, 1.139398097992 ], [ 121.425094604492301, 1.139001250267029 ], [ 121.425193786621094, 1.138870000839347 ], [ 121.425338745117188, 1.138600587844849 ], [ 121.425384521484375, 1.138518452644348 ], [ 121.425430297851676, 1.138441205024833 ], [ 121.425483703613395, 1.138373732566833 ], [ 121.425628662109489, 1.138165593147335 ], [ 121.42596435546875, 1.137819051742497 ], [ 121.426101684570312, 1.137664079666081 ], [ 121.426170349121094, 1.137606739997977 ], [ 121.426322937011719, 1.137535572052116 ], [ 121.42642974853527, 1.137469649314994 ], [ 121.426567077636946, 1.137463212013301 ], [ 121.426834106445312, 1.137450098991508 ], [ 121.42716217041027, 1.137519478797913 ], [ 121.427566528320426, 1.137605071067924 ], [ 121.427734375000114, 1.13766169548046 ], [ 121.428092956543196, 1.137806534767151 ], [ 121.430404663086051, 1.134571313858032 ], [ 121.435920715332145, 1.130006909370422 ], [ 121.435989379882812, 1.1299343109132 ], [ 121.438880920410156, 1.126055359840507 ], [ 121.439140319824219, 1.125716805458126 ], [ 121.439376831054801, 1.125238656997738 ], [ 121.439628601074219, 1.124709367752075 ], [ 121.4398193359375, 1.124316692352295 ], [ 121.440170288086051, 1.123616695404053 ], [ 121.440460205078125, 1.123053312301579 ], [ 121.440498352050895, 1.122971415519771 ], [ 121.44071197509777, 1.122537136077881 ], [ 121.440849304199219, 1.122284889221248 ], [ 121.440986633300781, 1.122004508972282 ], [ 121.441032409667969, 1.121901273727531 ], [ 121.441207885742188, 1.121619105339164 ], [ 121.441566467285156, 1.121294617653007 ], [ 121.441902160644531, 1.120970129966679 ], [ 121.442222595214957, 1.120696783065853 ], [ 121.442611694336051, 1.120321035385246 ], [ 121.442939758300781, 1.120030760765076 ], [ 121.443428039550781, 1.119552612304688 ], [ 121.443832397460938, 1.119159817695561 ], [ 121.444190979003906, 1.118835210800285 ], [ 121.444648742675781, 1.118442416191158 ], [ 121.444885253906364, 1.11818623542797 ], [ 121.445205688476562, 1.1178959608078 ], [ 121.445442199707259, 1.117725133895931 ], [ 121.445678710937614, 1.117451906204224 ], [ 121.446022033691634, 1.117178678512573 ], [ 121.446273803711051, 1.116905450820923 ], [ 121.44696044921875, 1.116296172142029 ], [ 121.448539733886832, 1.114791989326534 ], [ 121.448417663574219, 1.114633321762142 ], [ 121.44852447509777, 1.114512324333191 ], [ 121.447715759277344, 1.113628268241882 ], [ 121.446586608886946, 1.111849427223262 ], [ 121.446479797363281, 1.111734747886658 ], [ 121.433570861816406, 1.12024819850933 ], [ 121.433311462402457, 1.120204567909241 ], [ 121.432472229004134, 1.120019793510437 ], [ 121.429969787597656, 1.118352055549678 ], [ 121.428695678711051, 1.117488980293274 ], [ 121.427268981933594, 1.116696834564209 ], [ 121.426498413085938, 1.116259932518062 ], [ 121.42572021484375, 1.115787386894283 ], [ 121.425186157226562, 1.115514397621155 ], [ 121.424636840820312, 1.115228652954102 ], [ 121.423370361328239, 1.114188194274902 ], [ 121.423271179199219, 1.114086985588131 ], [ 121.423141479492301, 1.113971710205135 ], [ 121.422889709472656, 1.113828063011226 ], [ 121.422508239746094, 1.113629341125545 ], [ 121.421882629394531, 1.113418579101562 ], [ 121.421310424804688, 1.113246679306144 ] ] ] ] } },
{ "type": "Feature", "properties": { "GID_0": "IDN", "NAME_0": "Indonesia", "GID_1": "IDN.27_1", "NAME_1": "Sulawesi Tengah", "GID_2": "IDN.27.3_1", "NAME_2": "Buol", "GID_3": "IDN.27.3.8_1", "NAME_3": "Momunu", "GID_4": "IDN.27.3.8.2_1", "NAME_4": "Lamadong I", "VARNAME_4": null, "TYPE_4": "Desa", "ENGTYPE_4": "Village", "CC_4": "7207020016" }, "geometry": { "type": "MultiPolygon", "coordinates": [ [ [ [ 121.418861389160156, 1.117920398712158 ], [ 121.418579101562614, 1.117792010307369 ], [ 121.418174743652571, 1.11763775348669 ], [ 121.417495727539062, 1.117790102958736 ], [ 121.41645812988304, 1.117624878883419 ], [ 121.414695739746094, 1.117942810058707 ], [ 121.414352416992415, 1.118005275726375 ], [ 121.412078857421989, 1.118710517883301 ], [ 121.408935546875, 1.119883894920406 ], [ 121.402297973632812, 1.122240900993404 ], [ 121.399833679199219, 1.123104214668388 ], [ 121.393302917480469, 1.125342369079704 ], [ 121.391578674316406, 1.125948190689087 ], [ 121.387008666992188, 1.127515554428157 ], [ 121.379791259765625, 1.132068634033203 ], [ 121.378669738769531, 1.132772088050956 ], [ 121.378028869628906, 1.135129094123897 ], [ 121.376586914062727, 1.14013493061077 ], [ 121.376091003418082, 1.144079804420585 ], [ 121.375564575195312, 1.148246049881038 ], [ 121.375457763671989, 1.148794651031494 ], [ 121.375373840332031, 1.149252772331351 ], [ 121.375350952148438, 1.149955511093253 ], [ 121.375335693359375, 1.150561571121216 ], [ 121.377479553222656, 1.149191617965641 ], [ 121.378288269042969, 1.148661851882935 ], [ 121.379379272460938, 1.14789009094244 ], [ 121.379692077636832, 1.147648692131099 ], [ 121.380393981933594, 1.14717173576355 ], [ 121.381706237792969, 1.14624285697937 ], [ 121.38287353515625, 1.145407199859676 ], [ 121.384368896484375, 1.144352912902889 ], [ 121.391181945800781, 1.13952910900116 ], [ 121.393348693847656, 1.137991666793823 ], [ 121.394126892089844, 1.137433409690914 ], [ 121.396026611328125, 1.136297464370671 ], [ 121.397933959960938, 1.135143518447876 ], [ 121.398300170898438, 1.135015368461609 ], [ 121.398773193359489, 1.134839534759521 ], [ 121.40012359619152, 1.134625077247676 ], [ 121.400276184082145, 1.134611606598014 ], [ 121.400436401367415, 1.134586334228572 ], [ 121.40183258056652, 1.134475827217216 ], [ 121.403686523437614, 1.134313583374137 ], [ 121.406723022461165, 1.134124755859432 ], [ 121.409744262695312, 1.133981227874756 ], [ 121.41190338134777, 1.133861303329411 ], [ 121.417617797851676, 1.135586738586483 ], [ 121.422248840332145, 1.137141466140861 ], [ 121.42230224609375, 1.137025117874202 ], [ 121.422378540039176, 1.136928200721854 ], [ 121.422454833984375, 1.136772155761776 ], [ 121.42301177978527, 1.136301994323787 ], [ 121.423515319824446, 1.136019706726074 ], [ 121.424308776855582, 1.135626196861381 ], [ 121.424942016601562, 1.135057330131644 ], [ 121.425025939941406, 1.134982585906982 ], [ 121.425445556640739, 1.134593844413757 ], [ 121.425910949707031, 1.134152173996029 ], [ 121.426307678222656, 1.133744120597839 ], [ 121.42642974853527, 1.133643388748283 ], [ 121.426933288574219, 1.133274435997123 ], [ 121.427009582519645, 1.132790923118648 ], [ 121.426994323730582, 1.132706522941703 ], [ 121.426933288574219, 1.132400512695369 ], [ 121.426734924316406, 1.131895661354008 ], [ 121.426460266113281, 1.131626009941158 ], [ 121.426391601562614, 1.13155376911169 ], [ 121.426033020019645, 1.131193637848014 ], [ 121.425880432128906, 1.131070137023869 ], [ 121.425773620605469, 1.130963921546936 ], [ 121.425727844238281, 1.130863785743827 ], [ 121.425659179687614, 1.130692481994686 ], [ 121.425460815429801, 1.130312204360962 ], [ 121.425361633300781, 1.130107164383048 ], [ 121.425254821777457, 1.129822134971619 ], [ 121.425224304199446, 1.129643678665161 ], [ 121.425216674804688, 1.129524946212825 ], [ 121.425392150878906, 1.128969550132808 ], [ 121.425544738769531, 1.128797054290828 ], [ 121.425857543945426, 1.128432750701904 ], [ 121.425926208496094, 1.128361463546753 ], [ 121.425971984863281, 1.128273963928336 ], [ 121.426345825195312, 1.12754762172699 ], [ 121.426513671875, 1.127277016639709 ], [ 121.426513671875, 1.127057790756226 ], [ 121.426467895507812, 1.12692403793335 ], [ 121.426116943359375, 1.126631021499634 ], [ 121.426048278808707, 1.12654101848608 ], [ 121.425910949707031, 1.126461863517818 ], [ 121.42559814453125, 1.126245021820125 ], [ 121.425399780273438, 1.126266002654972 ], [ 121.424873352050895, 1.126322150230465 ], [ 121.424324035644645, 1.126400470733643 ], [ 121.423652648925781, 1.126494646072445 ], [ 121.423538208007926, 1.12651097774517 ], [ 121.422882080078125, 1.126448631286678 ], [ 121.4227294921875, 1.126407861709652 ], [ 121.422531127929688, 1.126354813575745 ], [ 121.422454833984375, 1.126323938369865 ], [ 121.422248840332145, 1.12617218494421 ], [ 121.422172546386946, 1.126147866249084 ], [ 121.422111511230469, 1.126073598861808 ], [ 121.421958923339844, 1.125813245773429 ], [ 121.421897888183594, 1.125696897506714 ], [ 121.421882629394531, 1.125436186790409 ], [ 121.421920776367188, 1.124734401702995 ], [ 121.422164916992188, 1.124413371086121 ], [ 121.422363281250227, 1.124152660369987 ], [ 121.422492980957031, 1.124062776565609 ], [ 121.422660827636719, 1.123942017555351 ], [ 121.422927856445312, 1.123791456222534 ], [ 121.423202514648551, 1.12370240688324 ], [ 121.423355102539176, 1.123643279075679 ], [ 121.423950195312614, 1.12318658828741 ], [ 121.424072265625, 1.123069047927913 ], [ 121.424285888671989, 1.122923374176082 ], [ 121.42447662353527, 1.122697830200252 ], [ 121.424682617187614, 1.12223482131958 ], [ 121.42474365234375, 1.121657013893127 ], [ 121.42474365234375, 1.121584057807866 ], [ 121.424674987793082, 1.121150255203361 ], [ 121.424560546875, 1.120973348617667 ], [ 121.424362182617188, 1.120690822601375 ], [ 121.42411041259777, 1.120438456535396 ], [ 121.423355102539176, 1.120089292526359 ], [ 121.422775268554801, 1.120041370391846 ], [ 121.421722412109375, 1.119982242584285 ], [ 121.42124176025402, 1.119922399520988 ], [ 121.420974731445312, 1.119882345199528 ], [ 121.420623779296875, 1.119750499725455 ], [ 121.420249938964844, 1.119634628296012 ], [ 121.420074462890852, 1.119585871696529 ], [ 121.419517517089957, 1.119508504867497 ], [ 121.419334411621207, 1.119332075119019 ], [ 121.419258117675781, 1.119286179542598 ], [ 121.419174194336051, 1.119180679321232 ], [ 121.419052124023438, 1.1190620660783 ], [ 121.418762207031364, 1.118596076965389 ], [ 121.418777465820426, 1.118307352066097 ], [ 121.418792724609489, 1.118028640747013 ], [ 121.418861389160156, 1.117920398712158 ] ] ] ] } },
{ "type": "Feature", "properties": { "GID_0": "IDN", "NAME_0": "Indonesia", "GID_1": "IDN.27_1", "NAME_1": "Sulawesi Tengah", "GID_2": "IDN.27.3_1", "NAME_2": "Buol", "GID_3": "IDN.27.3.8_1", "NAME_3": "Momunu", "GID_4": "IDN.27.3.8.3_1", "NAME_4": "Lamadong Ii", "VARNAME_4": null, "TYPE_4": "Desa", "ENGTYPE_4": "Village", "CC_4": "7207020015" }, "geometry": { "type": "MultiPolygon", "coordinates": [ [ [ [ 121.421310424804688, 1.113246679306144 ], [ 121.421447753906364, 1.1131867170335 ], [ 121.421783447265625, 1.113085865974426 ], [ 121.422172546386946, 1.113073110580558 ], [ 121.422256469726562, 1.113070130348319 ], [ 121.422454833984375, 1.113014340400696 ], [ 121.422821044921989, 1.11292207241064 ], [ 121.423263549804688, 1.112707614898625 ], [ 121.423713684082145, 1.112161397934017 ], [ 121.423873901367188, 1.111798763275203 ], [ 121.423713684082145, 1.111342430114746 ], [ 121.423309326171875, 1.110804915428162 ], [ 121.423164367675895, 1.110759735107479 ], [ 121.422431945800895, 1.110519170761108 ], [ 121.421348571777344, 1.110536813736019 ], [ 121.421264648437614, 1.110536813736019 ], [ 121.420524597168082, 1.110279321670646 ], [ 121.42034912109375, 1.110110640525875 ], [ 121.420402526855469, 1.110029220581112 ], [ 121.420578002929688, 1.109800338745117 ], [ 121.420921325683594, 1.109613060951347 ], [ 121.421272277832145, 1.109565615654049 ], [ 121.422119140625, 1.109465599060115 ], [ 121.42301177978527, 1.109123349189872 ], [ 121.423294067382812, 1.108734846115169 ], [ 121.423339843750114, 1.108546614646912 ], [ 121.422843933105469, 1.108532786369381 ], [ 121.419021606445312, 1.108425736427307 ], [ 121.412300109863395, 1.108229160308895 ], [ 121.41053771972679, 1.108211517333984 ], [ 121.409622192382926, 1.108187556266898 ], [ 121.3994140625, 1.110311627388057 ], [ 121.396720886230469, 1.110901713371334 ], [ 121.391265869140625, 1.112774968147335 ], [ 121.390998840332031, 1.112868666648922 ], [ 121.390899658203352, 1.112901806831417 ], [ 121.385055541992301, 1.116063356399479 ], [ 121.382896423339957, 1.119005441665763 ], [ 121.382377624511832, 1.120734453201294 ], [ 121.381294250488281, 1.124172329902649 ], [ 121.380783081054915, 1.125724792480526 ], [ 121.379745483398438, 1.128775358200016 ], [ 121.379608154296875, 1.129293918609562 ], [ 121.378669738769531, 1.132772088050956 ], [ 121.379791259765625, 1.132068634033203 ], [ 121.387008666992188, 1.127515554428157 ], [ 121.391578674316406, 1.125948190689087 ], [ 121.393302917480469, 1.125342369079704 ], [ 121.399833679199219, 1.123104214668388 ], [ 121.402297973632812, 1.122240900993404 ], [ 121.408935546875, 1.119883894920406 ], [ 121.412078857421989, 1.118710517883301 ], [ 121.414352416992415, 1.118005275726375 ], [ 121.414695739746094, 1.117942810058707 ], [ 121.41645812988304, 1.117624878883419 ], [ 121.417495727539062, 1.117790102958736 ], [ 121.418174743652571, 1.11763775348669 ], [ 121.418579101562614, 1.117792010307369 ], [ 121.418861389160156, 1.117920398712158 ], [ 121.41888427734375, 1.117812752723637 ], [ 121.419174194336051, 1.117227196693534 ], [ 121.419303894042969, 1.116983890533561 ], [ 121.419815063476562, 1.115802764892578 ], [ 121.419868469238281, 1.115634441375846 ], [ 121.420333862304801, 1.11431014537817 ], [ 121.420677185058707, 1.113735795021 ], [ 121.421234130859489, 1.113260746002254 ], [ 121.421310424804688, 1.113246679306144 ] ] ] ] } },
{ "type": "Feature", "properties": { "GID_0": "IDN", "NAME_0": "Indonesia", "GID_1": "IDN.27_1", "NAME_1": "Sulawesi Tengah", "GID_2": "IDN.27.3_1", "NAME_2": "Buol", "GID_3": "IDN.27.3.8_1", "NAME_3": "Momunu", "GID_4": "IDN.27.3.8.4_1", "NAME_4": "Mangubi", "VARNAME_4": null, "TYPE_4": "Desa", "ENGTYPE_4": "Village", "CC_4": "7207020021" }, "geometry": { "type": "MultiPolygon", "coordinates": [ [ [ [ 121.423339843750114, 1.108546614646912 ], [ 121.423431396484375, 1.108216762542725 ], [ 121.4234619140625, 1.108113288879451 ], [ 121.423454284667969, 1.107967376708928 ], [ 121.423477172851562, 1.107652902603149 ], [ 121.423439025878906, 1.107507824897766 ], [ 121.423439025878906, 1.10733258724207 ], [ 121.423347473144645, 1.107137203216666 ], [ 121.423294067382812, 1.106937408447322 ], [ 121.422859191894531, 1.106080055236873 ], [ 121.422645568847656, 1.105555772781372 ], [ 121.422538757324219, 1.105041980743465 ], [ 121.42256164550804, 1.10487163066864 ], [ 121.422645568847656, 1.104390501976013 ], [ 121.422660827636719, 1.10420215129858 ], [ 121.422683715820312, 1.10404288768774 ], [ 121.42274475097679, 1.103237271308956 ], [ 121.422760009765739, 1.102992057800236 ], [ 121.42274475097679, 1.102703094482479 ], [ 121.42274475097679, 1.102302789688167 ], [ 121.422515869140625, 1.101796746253967 ], [ 121.422210693359489, 1.101141929626579 ], [ 121.421028137207259, 1.099439024925232 ], [ 121.419654846191406, 1.101187467575073 ], [ 121.41629791259777, 1.100955963134766 ], [ 121.412773132324219, 1.09823560714716 ], [ 121.404518127441406, 1.102239012718314 ], [ 121.404327392578125, 1.102266311645508 ], [ 121.40048980712902, 1.10277962684637 ], [ 121.399612426757812, 1.103196382522583 ], [ 121.398788452148551, 1.10358452796936 ], [ 121.398239135742188, 1.103877186775151 ], [ 121.397659301757812, 1.104389190673828 ], [ 121.396812438965071, 1.105157136917114 ], [ 121.396430969238509, 1.105192899703979 ], [ 121.394966125488395, 1.105370402336177 ], [ 121.394393920898551, 1.105450630188045 ], [ 121.392036437988509, 1.105744242668152 ], [ 121.390419006347656, 1.105922341346741 ], [ 121.390022277832031, 1.105970621108952 ], [ 121.388511657714844, 1.106321811676082 ], [ 121.386955261230582, 1.106684803962821 ], [ 121.382133483886832, 1.106470823288021 ], [ 121.379547119140625, 1.107967495918274 ], [ 121.376846313476676, 1.110017418861503 ], [ 121.376182556152344, 1.110512256622314 ], [ 121.375144958496094, 1.111665487289542 ], [ 121.374176025390739, 1.112721562385559 ], [ 121.372627258300895, 1.113855361938477 ], [ 121.372474670410156, 1.114084482192936 ], [ 121.371208190917969, 1.115852117538452 ], [ 121.36954498291027, 1.118306994438228 ], [ 121.36936187744152, 1.11857187747961 ], [ 121.368095397949219, 1.120911598205566 ], [ 121.366912841796989, 1.123086929321346 ], [ 121.366882324218864, 1.123158574104423 ], [ 121.366767883300781, 1.123370170593375 ], [ 121.365257263183594, 1.12707448005682 ], [ 121.364288330078125, 1.132630228996277 ], [ 121.363128662109375, 1.137682795524654 ], [ 121.362617492675781, 1.139847278594971 ], [ 121.362571716308594, 1.140109419822807 ], [ 121.362236022949219, 1.141563415527401 ], [ 121.361831665039062, 1.14383172988903 ], [ 121.361457824707031, 1.145721077919006 ], [ 121.360427856445426, 1.151772975921688 ], [ 121.360336303710938, 1.152287006378288 ], [ 121.362449645996094, 1.152317762374935 ], [ 121.36460113525402, 1.152360916137638 ], [ 121.366905212402457, 1.152532935142574 ], [ 121.371658325195426, 1.152887344360465 ], [ 121.375335693359375, 1.150561571121216 ], [ 121.375350952148438, 1.149955511093253 ], [ 121.375373840332031, 1.149252772331351 ], [ 121.375457763671989, 1.148794651031494 ], [ 121.375564575195312, 1.148246049881038 ], [ 121.376091003418082, 1.144079804420585 ], [ 121.376586914062727, 1.14013493061077 ], [ 121.378028869628906, 1.135129094123897 ], [ 121.378669738769531, 1.132772088050956 ], [ 121.379608154296875, 1.129293918609562 ], [ 121.379745483398438, 1.128775358200016 ], [ 121.380783081054915, 1.125724792480526 ], [ 121.381294250488281, 1.124172329902649 ], [ 121.382377624511832, 1.120734453201294 ], [ 121.382896423339957, 1.119005441665763 ], [ 121.385055541992301, 1.116063356399479 ], [ 121.390899658203352, 1.112901806831417 ], [ 121.390998840332031, 1.112868666648922 ], [ 121.391265869140625, 1.112774968147335 ], [ 121.396720886230469, 1.110901713371334 ], [ 121.3994140625, 1.110311627388057 ], [ 121.409622192382926, 1.108187556266898 ], [ 121.41053771972679, 1.108211517333984 ], [ 121.412300109863395, 1.108229160308895 ], [ 121.419021606445312, 1.108425736427307 ], [ 121.422843933105469, 1.108532786369381 ], [ 121.423339843750114, 1.108546614646912 ] ] ] ] } },
{ "type": "Feature", "properties": { "GID_0": "IDN", "NAME_0": "Indonesia", "GID_1": "IDN.27_1", "NAME_1": "Sulawesi Tengah", "GID_2": "IDN.27.3_1", "NAME_2": "Buol", "GID_3": "IDN.27.3.8_1", "NAME_3": "Momunu", "GID_4": "IDN.27.3.8.5_1", "NAME_4": "Momunu", "VARNAME_4": null, "TYPE_4": "Desa", "ENGTYPE_4": "Village", "CC_4": "7207020006" }, "geometry": { "type": "MultiPolygon", "coordinates": [ [ [ [ 121.323005676269645, 1.090623140335083 ], [ 121.322906494140625, 1.091076493263245 ], [ 121.322998046875227, 1.092154979705811 ], [ 121.322883605957031, 1.092326760292167 ], [ 121.322479248046989, 1.092994213104305 ], [ 121.32196044921875, 1.093695640564079 ], [ 121.321189880371094, 1.094836831092834 ], [ 121.320823669433594, 1.095329999923763 ], [ 121.31793212890625, 1.099090814590511 ], [ 121.31719970703125, 1.100063920021057 ], [ 121.314865112304801, 1.103277444839591 ], [ 121.312774658203125, 1.106133937835693 ], [ 121.312019348144531, 1.10700166225439 ], [ 121.308944702148551, 1.11098051071167 ], [ 121.302818298339957, 1.118858098983878 ], [ 121.301292419433707, 1.120880842208862 ], [ 121.29483795166027, 1.12917351722723 ], [ 121.29010009765625, 1.135405063629094 ], [ 121.284782409667969, 1.142686486244202 ], [ 121.28533935546875, 1.142933249473629 ], [ 121.287483215332031, 1.143958449363765 ], [ 121.289398193359375, 1.144765138626155 ], [ 121.290512084960938, 1.145565152168331 ], [ 121.2908935546875, 1.145837187766972 ], [ 121.291015625000114, 1.145911335945243 ], [ 121.292678833007926, 1.147404670715389 ], [ 121.293190002441406, 1.148539662361145 ], [ 121.293540954589844, 1.149268984794674 ], [ 121.293693542480582, 1.149535655975285 ], [ 121.293983459472656, 1.149993658065796 ], [ 121.294059753418082, 1.150050759315548 ], [ 121.295249938964844, 1.150801658630371 ], [ 121.308158874511832, 1.137915611267147 ], [ 121.319816589355582, 1.126293063163871 ], [ 121.321716308593864, 1.124383211135864 ], [ 121.333122253418082, 1.113007545471305 ], [ 121.336883544921875, 1.109274506568966 ], [ 121.339935302734375, 1.106218218803519 ], [ 121.341232299804688, 1.104922294616699 ], [ 121.341606140136719, 1.104544401168937 ], [ 121.341888427734489, 1.104264736175594 ], [ 121.345169067382926, 1.100935697555485 ], [ 121.347694396972656, 1.098410964012203 ], [ 121.351699829101562, 1.094449400901794 ], [ 121.351074218750114, 1.093189001083488 ], [ 121.350990295410156, 1.093017101287899 ], [ 121.350425720214844, 1.092970132827872 ], [ 121.350166320800781, 1.092932820320129 ], [ 121.347511291503906, 1.092660903930607 ], [ 121.346382141113281, 1.092626571655273 ], [ 121.34527587890625, 1.092479825019836 ], [ 121.342521667480582, 1.092318892478943 ], [ 121.341819763183594, 1.092261552810612 ], [ 121.338439941406477, 1.091821908950806 ], [ 121.334503173828239, 1.091275453567505 ], [ 121.332847595214844, 1.091094374656677 ], [ 121.332283020019531, 1.091021060943717 ], [ 121.332107543945312, 1.091014266014099 ], [ 121.331634521484489, 1.090962171554509 ], [ 121.328445434570312, 1.090866327285823 ], [ 121.327743530273438, 1.090845346450806 ], [ 121.323600769043082, 1.090364575386047 ], [ 121.323188781738509, 1.090316772461051 ], [ 121.323005676269645, 1.090623140335083 ] ] ] ] } },
{ "type": "Feature", "properties": { "GID_0": "IDN", "NAME_0": "Indonesia", "GID_1": "IDN.27_1", "NAME_1": "Sulawesi Tengah", "GID_2": "IDN.27.3_1", "NAME_2": "Buol", "GID_3": "IDN.27.3.8_1", "NAME_3": "Momunu", "GID_4": "IDN.27.3.8.6_1", "NAME_4": "Pajeko", "VARNAME_4": null, "TYPE_4": "Desa", "ENGTYPE_4": "Village", "CC_4": "7207020017" }, "geometry": { "type": "MultiPolygon", "coordinates": [ [ [ [ 121.428092956543196, 1.137806534767151 ], [ 121.427734375000114, 1.13766169548046 ], [ 121.427566528320426, 1.137605071067924 ], [ 121.42716217041027, 1.137519478797913 ], [ 121.426834106445312, 1.137450098991508 ], [ 121.426567077636946, 1.137463212013301 ], [ 121.42642974853527, 1.137469649314994 ], [ 121.426322937011719, 1.137535572052116 ], [ 121.426170349121094, 1.137606739997977 ], [ 121.426101684570312, 1.137664079666081 ], [ 121.42596435546875, 1.137819051742497 ], [ 121.425628662109489, 1.138165593147335 ], [ 121.425483703613395, 1.138373732566833 ], [ 121.425430297851676, 1.138441205024833 ], [ 121.425384521484375, 1.138518452644348 ], [ 121.425338745117188, 1.138600587844849 ], [ 121.425193786621094, 1.138870000839347 ], [ 121.425094604492301, 1.139001250267029 ], [ 121.424774169921875, 1.139398097992 ], [ 121.42462158203125, 1.139542102813778 ], [ 121.42408752441429, 1.139891147613582 ], [ 121.424003601074219, 1.139930963516349 ], [ 121.423431396484375, 1.139931321144218 ], [ 121.423164367675895, 1.13987505435955 ], [ 121.423004150390739, 1.139812111854667 ], [ 121.422752380371321, 1.1396803855896 ], [ 121.422645568847656, 1.139610886573792 ], [ 121.422592163086051, 1.139553308486938 ], [ 121.422325134277344, 1.139200210571232 ], [ 121.422149658203125, 1.138890624046326 ], [ 121.422096252441406, 1.13874542713171 ], [ 121.42203521728527, 1.138540029525757 ], [ 121.422050476074332, 1.137802004814205 ], [ 121.422126770019531, 1.137394189834538 ], [ 121.422248840332145, 1.137141466140861 ], [ 121.417617797851676, 1.135586738586483 ], [ 121.41190338134777, 1.133861303329411 ], [ 121.409744262695312, 1.133981227874756 ], [ 121.406723022461165, 1.134124755859432 ], [ 121.403686523437614, 1.134313583374137 ], [ 121.40183258056652, 1.134475827217216 ], [ 121.400436401367415, 1.134586334228572 ], [ 121.400276184082145, 1.134611606598014 ], [ 121.40012359619152, 1.134625077247676 ], [ 121.398773193359489, 1.134839534759521 ], [ 121.398300170898438, 1.135015368461609 ], [ 121.397933959960938, 1.135143518447876 ], [ 121.396026611328125, 1.136297464370671 ], [ 121.394126892089844, 1.137433409690914 ], [ 121.393348693847656, 1.137991666793823 ], [ 121.391181945800781, 1.13952910900116 ], [ 121.384368896484375, 1.144352912902889 ], [ 121.38287353515625, 1.145407199859676 ], [ 121.381706237792969, 1.14624285697937 ], [ 121.380393981933594, 1.14717173576355 ], [ 121.379692077636832, 1.147648692131099 ], [ 121.379379272460938, 1.14789009094244 ], [ 121.378288269042969, 1.148661851882935 ], [ 121.377479553222656, 1.149191617965641 ], [ 121.375335693359375, 1.150561571121216 ], [ 121.371658325195426, 1.152887344360465 ], [ 121.366905212402457, 1.152532935142574 ], [ 121.36460113525402, 1.152360916137638 ], [ 121.362449645996094, 1.152317762374935 ], [ 121.360336303710938, 1.152287006378288 ], [ 121.35715484619152, 1.152240753173828 ], [ 121.356391906738395, 1.152293324470634 ], [ 121.355842590332145, 1.152345657348746 ], [ 121.344528198242188, 1.153431177139282 ], [ 121.344383239746207, 1.15344512462616 ], [ 121.33603668212902, 1.155092239379883 ], [ 121.334953308105469, 1.155306458473206 ], [ 121.334022521972656, 1.156511545181331 ], [ 121.329681396484489, 1.162581562995911 ], [ 121.325485229492301, 1.170578718185538 ], [ 121.326828002929801, 1.171376943588314 ], [ 121.327125549316406, 1.171446442604065 ], [ 121.327949523926009, 1.171674251556396 ], [ 121.331756591796875, 1.172220706939754 ], [ 121.334053039551009, 1.172473788261527 ], [ 121.33408355712902, 1.172598719596863 ], [ 121.334388732910156, 1.172582268714962 ], [ 121.336906433105469, 1.172057867050285 ], [ 121.338264465332145, 1.171666502952689 ], [ 121.338531494140625, 1.171609759330806 ], [ 121.338706970214957, 1.171558976173401 ], [ 121.339004516601562, 1.171505331993103 ], [ 121.340110778808594, 1.171263933181763 ], [ 121.341476440429688, 1.170694828033504 ], [ 121.341621398925781, 1.170632719993534 ], [ 121.341926574707145, 1.170621871948242 ], [ 121.342582702636719, 1.170598864555473 ], [ 121.343124389648438, 1.17054390907299 ], [ 121.343345642089844, 1.170509457588309 ], [ 121.343948364257812, 1.170506119728145 ], [ 121.345352172851676, 1.170454025268555 ], [ 121.349380493164176, 1.170235633850211 ], [ 121.350906372070426, 1.169842600822562 ], [ 121.351097106933707, 1.169794559478873 ], [ 121.353431701660156, 1.169520139694214 ], [ 121.356666564941406, 1.169925570488033 ], [ 121.358009338378906, 1.17038702964777 ], [ 121.359504699707031, 1.170944809913692 ], [ 121.361030578613281, 1.170874238014221 ], [ 121.361846923828125, 1.170503258705082 ], [ 121.363029479980469, 1.170512557029724 ], [ 121.363449096679801, 1.170832753181458 ], [ 121.36376953125, 1.171066284179688 ], [ 121.364570617676009, 1.171807050704956 ], [ 121.365280151367188, 1.172966718673763 ], [ 121.365554809570426, 1.173427581787109 ], [ 121.366676330566634, 1.173961758613586 ], [ 121.366981506347656, 1.174093127250671 ], [ 121.367858886718864, 1.174233794212455 ], [ 121.36826324462902, 1.174268603324833 ], [ 121.369125366210938, 1.174153089523315 ], [ 121.369712829589844, 1.17408466339117 ], [ 121.370498657226676, 1.173894643783626 ], [ 121.371536254882812, 1.173583984375057 ], [ 121.372474670410156, 1.173282980918941 ], [ 121.373825073242188, 1.172837615013179 ], [ 121.3743896484375, 1.172157883644218 ], [ 121.37445068359375, 1.172089576721248 ], [ 121.37457275390625, 1.172017574310303 ], [ 121.3746337890625, 1.171974301338253 ], [ 121.37554931640625, 1.171282768249512 ], [ 121.376472473144645, 1.17069935798645 ], [ 121.377250671386719, 1.170308232307434 ], [ 121.377830505371094, 1.170007705688533 ], [ 121.378456115722656, 1.169581294059867 ], [ 121.37896728515625, 1.169323205947933 ], [ 121.379295349121207, 1.169140100479183 ], [ 121.379745483398438, 1.16824114322668 ], [ 121.379806518554688, 1.168160676956234 ], [ 121.379875183105582, 1.16802358627325 ], [ 121.380119323730469, 1.167757749557609 ], [ 121.380531311035156, 1.167236089706478 ], [ 121.381820678710938, 1.164459347724858 ], [ 121.382469177246094, 1.161410450935421 ], [ 121.382507324218977, 1.161227941513118 ], [ 121.384391784667969, 1.155966162681636 ], [ 121.387145996093864, 1.152564167976493 ], [ 121.388420104980696, 1.149790525436458 ], [ 121.388755798339844, 1.149043321609497 ], [ 121.390747070312614, 1.147934675216675 ], [ 121.393188476562727, 1.146571397781372 ], [ 121.39813232421875, 1.146319270134086 ], [ 121.398414611816406, 1.146304965019283 ], [ 121.399581909179688, 1.146518588066215 ], [ 121.40048980712902, 1.146683096885738 ], [ 121.40167236328125, 1.146897554397583 ], [ 121.40238189697277, 1.146949172019958 ], [ 121.402770996093864, 1.146976351737976 ], [ 121.403274536132812, 1.147024393081665 ], [ 121.404380798339844, 1.147127270698661 ], [ 121.407135009765739, 1.147361159324646 ], [ 121.408912658691406, 1.147689342498779 ], [ 121.409210205078352, 1.147743463516349 ], [ 121.410858154296875, 1.147917270660457 ], [ 121.411849975585938, 1.14801549911499 ], [ 121.413436889648551, 1.148123741149902 ], [ 121.414215087890739, 1.148173332214469 ], [ 121.415061950683594, 1.148224592208976 ], [ 121.416275024414176, 1.148304581642151 ], [ 121.416397094726562, 1.148312330246029 ], [ 121.41666412353527, 1.148325324058646 ], [ 121.41880035400402, 1.148287892341727 ], [ 121.419326782226676, 1.148259878158569 ], [ 121.421188354492188, 1.146374464035091 ], [ 121.421836853027457, 1.14571475982666 ], [ 121.422195434570426, 1.145358324051017 ], [ 121.422447204589844, 1.145102620124874 ], [ 121.422920227050781, 1.144614338874817 ], [ 121.42716217041027, 1.1390815973283 ], [ 121.427833557128906, 1.138203382492122 ], [ 121.427879333496094, 1.138114094734135 ], [ 121.428092956543196, 1.137806534767151 ] ] ] ] } },
{ "type": "Feature", "properties": { "GID_0": "IDN", "NAME_0": "Indonesia", "GID_1": "IDN.27_1", "NAME_1": "Sulawesi Tengah", "GID_2": "IDN.27.3_1", "NAME_2": "Buol", "GID_3": "IDN.27.3.8_1", "NAME_3": "Momunu", "GID_4": "IDN.27.3.8.7_1", "NAME_4": "Panimbul", "VARNAME_4": null, "TYPE_4": "Desa", "ENGTYPE_4": "Village", "CC_4": "7207020012" }, "geometry": { "type": "MultiPolygon", "coordinates": [ [ [ [ 121.33792877197277, 1.05340564250946 ], [ 121.33863830566429, 1.055920004844666 ], [ 121.341423034667969, 1.067052721977348 ], [ 121.341491699218977, 1.067082405090389 ], [ 121.341659545898438, 1.067397832870483 ], [ 121.341781616210938, 1.067845344543514 ], [ 121.341812133789062, 1.067958116531372 ], [ 121.341773986816406, 1.068737030029297 ], [ 121.341300964355696, 1.069802522659245 ], [ 121.341148376464957, 1.069934129715023 ], [ 121.340843200683594, 1.070361733436698 ], [ 121.3408203125, 1.070808172226066 ], [ 121.340942382812614, 1.071000456810054 ], [ 121.341140747070426, 1.071300983428955 ], [ 121.34124755859375, 1.071349382400513 ], [ 121.341361999511832, 1.07134473323822 ], [ 121.341491699218977, 1.071339845657405 ], [ 121.341560363769645, 1.07131469249731 ], [ 121.341728210449332, 1.071258425712642 ], [ 121.342086791992301, 1.071121096611137 ], [ 121.342147827148438, 1.071050882339591 ], [ 121.342605590820312, 1.070503473281974 ], [ 121.342742919921875, 1.070237398147583 ], [ 121.342811584472656, 1.070092082023677 ], [ 121.343040466308707, 1.0695818662644 ], [ 121.343269348144645, 1.068925499916134 ], [ 121.343276977539176, 1.068742036819515 ], [ 121.343284606933707, 1.068027019500732 ], [ 121.342948913574219, 1.067064762115479 ], [ 121.342216491699219, 1.06622922420496 ], [ 121.342124938964957, 1.06603932380682 ], [ 121.34207916259777, 1.065962433815002 ], [ 121.34169006347679, 1.065232157707328 ], [ 121.341705322265739, 1.064505934715385 ], [ 121.341705322265739, 1.064339160919189 ], [ 121.341987609863281, 1.064190387725944 ], [ 121.342277526855582, 1.064034938812313 ], [ 121.343368530273438, 1.064281463623161 ], [ 121.343994140625114, 1.065114140510616 ], [ 121.344474792480469, 1.065753340721244 ], [ 121.345008850097656, 1.067109704017753 ], [ 121.344970703125114, 1.06743943691265 ], [ 121.344825744628906, 1.068709969520626 ], [ 121.34490966796875, 1.069186806678829 ], [ 121.344940185546989, 1.069337844848746 ], [ 121.345535278320426, 1.069590806961116 ], [ 121.346046447753906, 1.069433808326778 ], [ 121.346122741699332, 1.069408893585205 ], [ 121.346916198730469, 1.068152427673454 ], [ 121.347427368164176, 1.066366553306693 ], [ 121.347503662109375, 1.066233992576656 ], [ 121.348045349121207, 1.065346002578849 ], [ 121.34824371337902, 1.065274953842163 ], [ 121.348945617675895, 1.065020918846074 ], [ 121.349441528320312, 1.065337657928524 ], [ 121.350257873535156, 1.065855145454407 ], [ 121.350425720214844, 1.065847992897147 ], [ 121.350753784179688, 1.065833330154476 ], [ 121.351280212402457, 1.065966248512382 ], [ 121.35166168212902, 1.066063284874076 ], [ 121.351791381836165, 1.066193938255367 ], [ 121.352149963378906, 1.066573262214774 ], [ 121.35235595703125, 1.067060112953186 ], [ 121.352333068847656, 1.067332744598446 ], [ 121.352310180664062, 1.067570328712407 ], [ 121.352180480957259, 1.068022727966309 ], [ 121.352012634277457, 1.068776369094849 ], [ 121.352149963378906, 1.069348573684692 ], [ 121.352241516113395, 1.069554209709167 ], [ 121.352470397949219, 1.069618463516235 ], [ 121.352607727050895, 1.069657325744686 ], [ 121.353057861328125, 1.069579243660087 ], [ 121.353164672851676, 1.069561123847905 ], [ 121.353279113769531, 1.069541096687374 ], [ 121.353546142578239, 1.069172263145504 ], [ 121.353652954101562, 1.069030880928153 ], [ 121.353691101074219, 1.06849730014801 ], [ 121.354202270507812, 1.067847728729362 ], [ 121.354293823242301, 1.067731738090572 ], [ 121.354446411132812, 1.067678570747489 ], [ 121.355026245117188, 1.067476391792297 ], [ 121.355125427246094, 1.067530155181942 ], [ 121.355674743652457, 1.067847132682914 ], [ 121.356414794921989, 1.068243741989193 ], [ 121.356803894043082, 1.06844961643219 ], [ 121.35715484619152, 1.068331837654171 ], [ 121.357330322265852, 1.067892789840812 ], [ 121.356941223144759, 1.067521929741019 ], [ 121.356483459472656, 1.066733598709106 ], [ 121.356491088867188, 1.066661357879582 ], [ 121.356544494628906, 1.066118597984428 ], [ 121.356552124023438, 1.066037893295288 ], [ 121.356620788574332, 1.065977334976196 ], [ 121.356986999511832, 1.065666675567627 ], [ 121.357910156250114, 1.06582856178278 ], [ 121.358802795410156, 1.066727757453975 ], [ 121.358856201172102, 1.066779017448425 ], [ 121.35929107666027, 1.066941142082328 ], [ 121.359870910644645, 1.066754698753471 ], [ 121.360252380371207, 1.066819667816162 ], [ 121.360420227050895, 1.066847801208439 ], [ 121.360664367675781, 1.067160606384334 ], [ 121.360740661621094, 1.06726515293127 ], [ 121.360916137695312, 1.068128347396851 ], [ 121.360496520996094, 1.069139003753662 ], [ 121.360374450683821, 1.069422006607169 ], [ 121.36029052734375, 1.069482803344783 ], [ 121.359687805175895, 1.069932460784969 ], [ 121.359497070312614, 1.0702339410783 ], [ 121.359489440918082, 1.070314526557922 ], [ 121.359481811523551, 1.070454716682491 ], [ 121.359497070312614, 1.07086014747631 ], [ 121.359916687011719, 1.071115016937313 ], [ 121.360649108886719, 1.071401715278682 ], [ 121.360748291015625, 1.071439266204948 ], [ 121.360954284668196, 1.071662306785583 ], [ 121.361503601074219, 1.07225060462963 ], [ 121.361900329590071, 1.073109507560844 ], [ 121.362052917480469, 1.073186755180302 ], [ 121.362335205078239, 1.073303580284232 ], [ 121.36305236816429, 1.073409438133297 ], [ 121.363876342773551, 1.073617815971488 ], [ 121.363960266113281, 1.073730349540767 ], [ 121.364196777343977, 1.074057340621948 ], [ 121.364227294921989, 1.074684381485099 ], [ 121.363945007324219, 1.075009107589722 ], [ 121.363601684570312, 1.075310707092285 ], [ 121.362960815429688, 1.075357437133789 ], [ 121.362304687500114, 1.075189590454158 ], [ 121.362152099609489, 1.075149059295597 ], [ 121.361129760742188, 1.074783205986023 ], [ 121.361045837402344, 1.074812173843441 ], [ 121.360870361328125, 1.074901103973389 ], [ 121.360923767089844, 1.07511126995098 ], [ 121.360954284668196, 1.075219154357967 ], [ 121.36191558837902, 1.075842738151664 ], [ 121.361991882324219, 1.075874328613281 ], [ 121.362380981445312, 1.076030254364014 ], [ 121.36322021484375, 1.07625770568842 ], [ 121.363822937011832, 1.076160311699027 ], [ 121.36395263671875, 1.076128363609371 ], [ 121.364379882812727, 1.076063275337333 ], [ 121.365837097167969, 1.071610689163265 ], [ 121.36673736572277, 1.068860173225403 ], [ 121.367530822753906, 1.066552519798279 ], [ 121.368637084961051, 1.066981673240662 ], [ 121.370582580566406, 1.067770242691154 ], [ 121.378890991211051, 1.071130633354301 ], [ 121.378089904785156, 1.080851197242851 ], [ 121.378707885742301, 1.081147551536674 ], [ 121.379081726074332, 1.081324934959468 ], [ 121.379379272460938, 1.082090020179692 ], [ 121.379425048828125, 1.082192540168819 ], [ 121.380455017089957, 1.081729173660278 ], [ 121.381622314453239, 1.081228971481437 ], [ 121.383506774902457, 1.079710841178894 ], [ 121.383697509765739, 1.0795578956604 ], [ 121.385482788085938, 1.078158140182495 ], [ 121.387184143066406, 1.077290892601013 ], [ 121.391845703125227, 1.074117898940983 ], [ 121.392181396484375, 1.073887228965816 ], [ 121.39373779296875, 1.072822690010128 ], [ 121.397850036621094, 1.069919586181697 ], [ 121.403984069824219, 1.065582990646419 ], [ 121.40577697753929, 1.065582156181449 ], [ 121.405815124511832, 1.065701246261654 ], [ 121.407234191894531, 1.070511102676505 ], [ 121.408264160156364, 1.074004769325256 ], [ 121.409515380859375, 1.077263951301688 ], [ 121.409530639648438, 1.077356696128959 ], [ 121.410415649414176, 1.083222270011902 ], [ 121.410453796386719, 1.08349525928503 ], [ 121.410507202148438, 1.083840131759644 ], [ 121.411453247070312, 1.090740442276058 ], [ 121.412773132324219, 1.09823560714716 ], [ 121.41629791259777, 1.100955963134766 ], [ 121.419654846191406, 1.101187467575073 ], [ 121.421028137207259, 1.099439024925232 ], [ 121.421607971191634, 1.098690032958984 ], [ 121.426597595214957, 1.092443585395927 ], [ 121.4276123046875, 1.09184122085577 ], [ 121.430572509765852, 1.090093255043143 ], [ 121.432113647461051, 1.089181184768734 ], [ 121.43595123291027, 1.087060451507568 ], [ 121.437355041503906, 1.086294770240897 ], [ 121.436782836914062, 1.084094166755676 ], [ 121.436431884765625, 1.082392692565861 ], [ 121.43629455566429, 1.081742644310111 ], [ 121.435379028320426, 1.077696681022701 ], [ 121.435272216796875, 1.077229261398259 ], [ 121.435226440429688, 1.07713878154766 ], [ 121.433586120605469, 1.073805093765259 ], [ 121.43353271484375, 1.073708057403564 ], [ 121.432838439941406, 1.072652816772518 ], [ 121.43190002441429, 1.071232914924678 ], [ 121.431472778320312, 1.070529818534851 ], [ 121.431243896484375, 1.070159316062984 ], [ 121.430961608886832, 1.069562792777958 ], [ 121.430740356445312, 1.069086909294242 ], [ 121.429786682128906, 1.067027688026428 ], [ 121.42948150634777, 1.065198302269096 ], [ 121.429458618164176, 1.064779520034733 ], [ 121.429435729980582, 1.064350247383175 ], [ 121.429397583007812, 1.063989281654415 ], [ 121.429374694824219, 1.063716650009155 ], [ 121.429344177246094, 1.063259363174438 ], [ 121.429122924804688, 1.062706828117484 ], [ 121.428825378417969, 1.06195688247692 ], [ 121.428474426269759, 1.061101913452092 ], [ 121.428291320800895, 1.060127496719417 ], [ 121.428184509277344, 1.059929132461548 ], [ 121.427757263183707, 1.059153318405208 ], [ 121.427108764648438, 1.058417797088623 ], [ 121.4268798828125, 1.058189153671378 ], [ 121.42669677734375, 1.058002829551697 ], [ 121.426460266113281, 1.057771801948604 ], [ 121.426292419433594, 1.057358503341675 ], [ 121.426170349121094, 1.056250572204647 ], [ 121.426139831542969, 1.055944681167716 ], [ 121.426101684570312, 1.055589437484855 ], [ 121.425842285156364, 1.052830100059452 ], [ 121.425514221191406, 1.050244808197078 ], [ 121.425476074218864, 1.050078630447501 ], [ 121.425231933593977, 1.048882722854614 ], [ 121.424827575683594, 1.04801166057598 ], [ 121.424423217773438, 1.047142982482967 ], [ 121.42425537109375, 1.046944141387883 ], [ 121.424049377441406, 1.046696066856498 ], [ 121.423171997070426, 1.04566764831543 ], [ 121.420639038085938, 1.04441058635723 ], [ 121.420547485351562, 1.044425249099731 ], [ 121.415153503418082, 1.045307159423885 ], [ 121.410888671875, 1.045525312423706 ], [ 121.406578063964957, 1.046090841293335 ], [ 121.400527954101562, 1.047011852264461 ], [ 121.400115966796989, 1.047085404396114 ], [ 121.400032043457031, 1.047086477279777 ], [ 121.399520874023551, 1.047164797782898 ], [ 121.394195556640739, 1.047163844108638 ], [ 121.391563415527344, 1.0464284420014 ], [ 121.387222290039062, 1.045232415199393 ], [ 121.382568359375114, 1.044074773788566 ], [ 121.382133483886832, 1.043974161148185 ], [ 121.381332397460938, 1.043721079826412 ], [ 121.377456665039062, 1.042423486709595 ], [ 121.376289367675781, 1.04207098484045 ], [ 121.370796203613281, 1.040191769599971 ], [ 121.365959167480582, 1.038571357726994 ], [ 121.360877990722656, 1.03393995761877 ], [ 121.358108520507926, 1.03142690658575 ], [ 121.355560302734375, 1.029162645340023 ], [ 121.354011535644531, 1.026957869529781 ], [ 121.353942871093864, 1.026804566383419 ], [ 121.352401733398551, 1.029194593429565 ], [ 121.35068511962902, 1.030537128448543 ], [ 121.350494384765739, 1.03067767620098 ], [ 121.350303649902457, 1.030831933021659 ], [ 121.348236083984489, 1.032445907592887 ], [ 121.345932006836051, 1.033491969108695 ], [ 121.344978332519645, 1.033858895301933 ], [ 121.343482971191406, 1.034410834312496 ], [ 121.343391418457031, 1.035642266273555 ], [ 121.34332275390625, 1.036293148994446 ], [ 121.343276977539176, 1.036508798599243 ], [ 121.343162536621094, 1.037292361259517 ], [ 121.343093872070426, 1.038038611412048 ], [ 121.34287261962902, 1.040128231048641 ], [ 121.342720031738281, 1.041695356369019 ], [ 121.342536926269531, 1.043523788452262 ], [ 121.341903686523551, 1.048497676849422 ], [ 121.341789245605469, 1.049010634422359 ], [ 121.341575622558594, 1.049510359764213 ], [ 121.340339660644531, 1.050367593765316 ], [ 121.338684082031364, 1.051191210746879 ], [ 121.337966918945312, 1.051916241645813 ], [ 121.337974548339844, 1.052203178405875 ], [ 121.337944030761832, 1.052294135093746 ], [ 121.33792877197277, 1.05340564250946 ] ] ] ] } },
{ "type": "Feature", "properties": { "GID_0": "IDN", "NAME_0": "Indonesia", "GID_1": "IDN.27_1", "NAME_1": "Sulawesi Tengah", "GID_2": "IDN.27.3_1", "NAME_2": "Buol", "GID_3": "IDN.27.3.8_1", "NAME_3": "Momunu", "GID_4": "IDN.27.3.8.8_1", "NAME_4": "Pinamula", "VARNAME_4": null, "TYPE_4": "Desa", "ENGTYPE_4": "Village", "CC_4": "7207020008" }, "geometry": { "type": "MultiPolygon", "coordinates": [ [ [ [ 121.382133483886832, 1.106470823288021 ], [ 121.381988525390739, 1.106041431427116 ], [ 121.381065368652344, 1.103536128997803 ], [ 121.379295349121207, 1.09991359710699 ], [ 121.378486633300781, 1.096576452255306 ], [ 121.375244140625, 1.099091291427612 ], [ 121.370635986328125, 1.102763056755123 ], [ 121.365882873535156, 1.106405258178768 ], [ 121.364654541015625, 1.107366204261837 ], [ 121.364120483398438, 1.107762694358939 ], [ 121.362113952636832, 1.109297394752559 ], [ 121.348342895507812, 1.119353890419006 ], [ 121.346755981445312, 1.120519757270927 ], [ 121.339118957519531, 1.127206802368164 ], [ 121.337158203125114, 1.128940582275504 ], [ 121.333015441894531, 1.132984995842037 ], [ 121.330421447753906, 1.135546088218803 ], [ 121.314712524414062, 1.154106140136776 ], [ 121.307037353515739, 1.166110515594539 ], [ 121.307327270507812, 1.166309595108089 ], [ 121.307548522949446, 1.166487574577332 ], [ 121.307609558105582, 1.166877388954163 ], [ 121.307693481445312, 1.167437195778007 ], [ 121.307258605957031, 1.168355107307548 ], [ 121.307151794433594, 1.1685808897019 ], [ 121.307075500488281, 1.168755412101859 ], [ 121.30680084228527, 1.169443964958191 ], [ 121.306610107421989, 1.169906377792415 ], [ 121.306327819824219, 1.170640945434684 ], [ 121.306221008300895, 1.170894503593502 ], [ 121.305999755859375, 1.171332120895386 ], [ 121.305763244628906, 1.171877145767155 ], [ 121.305961608886719, 1.172314405441341 ], [ 121.306106567382812, 1.172655701637268 ], [ 121.307853698730469, 1.172713041305542 ], [ 121.308502197265852, 1.172444701194706 ], [ 121.309791564941406, 1.171939849853572 ], [ 121.3099365234375, 1.172139883041439 ], [ 121.313919067382812, 1.17000424861908 ], [ 121.314826965332145, 1.16962540149683 ], [ 121.315353393554688, 1.169465899467468 ], [ 121.316230773925781, 1.169231891632137 ], [ 121.320175170898551, 1.168896555900687 ], [ 121.320762634277457, 1.168949007987976 ], [ 121.321487426757926, 1.169000744819698 ], [ 121.322021484375, 1.169076561927852 ], [ 121.322319030761719, 1.169143080711422 ], [ 121.322525024414062, 1.16917610168457 ], [ 121.32321929931652, 1.16932308673853 ], [ 121.323997497558707, 1.169679999351615 ], [ 121.324615478515625, 1.170054197311515 ], [ 121.324951171875114, 1.170353531837577 ], [ 121.325164794921989, 1.170408725738582 ], [ 121.325370788574219, 1.170513153076286 ], [ 121.325485229492301, 1.170578718185538 ], [ 121.329681396484489, 1.162581562995911 ], [ 121.334022521972656, 1.156511545181331 ], [ 121.334953308105469, 1.155306458473206 ], [ 121.33603668212902, 1.155092239379883 ], [ 121.344383239746207, 1.15344512462616 ], [ 121.344528198242188, 1.153431177139282 ], [ 121.355842590332145, 1.152345657348746 ], [ 121.356391906738395, 1.152293324470634 ], [ 121.35715484619152, 1.152240753173828 ], [ 121.360336303710938, 1.152287006378288 ], [ 121.360427856445426, 1.151772975921688 ], [ 121.361457824707031, 1.145721077919006 ], [ 121.361831665039062, 1.14383172988903 ], [ 121.362236022949219, 1.141563415527401 ], [ 121.362571716308594, 1.140109419822807 ], [ 121.362617492675781, 1.139847278594971 ], [ 121.363128662109375, 1.137682795524654 ], [ 121.364288330078125, 1.132630228996277 ], [ 121.365257263183594, 1.12707448005682 ], [ 121.366767883300781, 1.123370170593375 ], [ 121.366882324218864, 1.123158574104423 ], [ 121.366912841796989, 1.123086929321346 ], [ 121.368095397949219, 1.120911598205566 ], [ 121.36936187744152, 1.11857187747961 ], [ 121.36954498291027, 1.118306994438228 ], [ 121.371208190917969, 1.115852117538452 ], [ 121.372474670410156, 1.114084482192936 ], [ 121.372627258300895, 1.113855361938477 ], [ 121.374176025390739, 1.112721562385559 ], [ 121.375144958496094, 1.111665487289542 ], [ 121.376182556152344, 1.110512256622314 ], [ 121.376846313476676, 1.110017418861503 ], [ 121.379547119140625, 1.107967495918274 ], [ 121.382133483886832, 1.106470823288021 ] ] ] ] } },
{ "type": "Feature", "properties": { "GID_0": "IDN", "NAME_0": "Indonesia", "GID_1": "IDN.27_1", "NAME_1": "Sulawesi Tengah", "GID_2": "IDN.27.3_1", "NAME_2": "Buol", "GID_3": "IDN.27.3.8_1", "NAME_3": "Momunu", "GID_4": "IDN.27.3.8.9_1", "NAME_4": "Pomayagon", "VARNAME_4": null, "TYPE_4": "Desa", "ENGTYPE_4": "Village", "CC_4": "7207020013" }, "geometry": { "type": "MultiPolygon", "coordinates": [ [ [ [ 121.441177368164062, 1.093390345573539 ], [ 121.440956115722656, 1.092964410781917 ], [ 121.440361022949332, 1.092060804367179 ], [ 121.438117980957031, 1.088080525398368 ], [ 121.437904357910156, 1.087540626525879 ], [ 121.437454223632926, 1.08673274517065 ], [ 121.437355041503906, 1.086294770240897 ], [ 121.43595123291027, 1.087060451507568 ], [ 121.432113647461051, 1.089181184768734 ], [ 121.430572509765852, 1.090093255043143 ], [ 121.4276123046875, 1.09184122085577 ], [ 121.426597595214957, 1.092443585395927 ], [ 121.421607971191634, 1.098690032958984 ], [ 121.421028137207259, 1.099439024925232 ], [ 121.422210693359489, 1.101141929626579 ], [ 121.422515869140625, 1.101796746253967 ], [ 121.42274475097679, 1.102302789688167 ], [ 121.42274475097679, 1.102703094482479 ], [ 121.422760009765739, 1.102992057800236 ], [ 121.42274475097679, 1.103237271308956 ], [ 121.422683715820312, 1.10404288768774 ], [ 121.422660827636719, 1.10420215129858 ], [ 121.422645568847656, 1.104390501976013 ], [ 121.42256164550804, 1.10487163066864 ], [ 121.422538757324219, 1.105041980743465 ], [ 121.422645568847656, 1.105555772781372 ], [ 121.422859191894531, 1.106080055236873 ], [ 121.423294067382812, 1.106937408447322 ], [ 121.423347473144645, 1.107137203216666 ], [ 121.423439025878906, 1.10733258724207 ], [ 121.423439025878906, 1.107507824897766 ], [ 121.423477172851562, 1.107652902603149 ], [ 121.423454284667969, 1.107967376708928 ], [ 121.4234619140625, 1.108113288879451 ], [ 121.423431396484375, 1.108216762542725 ], [ 121.423339843750114, 1.108546614646912 ], [ 121.423294067382812, 1.108734846115169 ], [ 121.42301177978527, 1.109123349189872 ], [ 121.422119140625, 1.109465599060115 ], [ 121.421272277832145, 1.109565615654049 ], [ 121.420921325683594, 1.109613060951347 ], [ 121.420578002929688, 1.109800338745117 ], [ 121.420402526855469, 1.110029220581112 ], [ 121.42034912109375, 1.110110640525875 ], [ 121.420524597168082, 1.110279321670646 ], [ 121.421264648437614, 1.110536813736019 ], [ 121.421348571777344, 1.110536813736019 ], [ 121.422431945800895, 1.110519170761108 ], [ 121.423164367675895, 1.110759735107479 ], [ 121.423309326171875, 1.110804915428162 ], [ 121.423713684082145, 1.111342430114746 ], [ 121.423873901367188, 1.111798763275203 ], [ 121.423713684082145, 1.112161397934017 ], [ 121.423263549804688, 1.112707614898625 ], [ 121.422821044921989, 1.11292207241064 ], [ 121.422454833984375, 1.113014340400696 ], [ 121.422256469726562, 1.113070130348319 ], [ 121.422172546386946, 1.113073110580558 ], [ 121.421783447265625, 1.113085865974426 ], [ 121.421447753906364, 1.1131867170335 ], [ 121.421310424804688, 1.113246679306144 ], [ 121.421882629394531, 1.113418579101562 ], [ 121.422508239746094, 1.113629341125545 ], [ 121.422889709472656, 1.113828063011226 ], [ 121.423141479492301, 1.113971710205135 ], [ 121.423271179199219, 1.114086985588131 ], [ 121.423370361328239, 1.114188194274902 ], [ 121.424636840820312, 1.115228652954102 ], [ 121.425186157226562, 1.115514397621155 ], [ 121.42572021484375, 1.115787386894283 ], [ 121.426498413085938, 1.116259932518062 ], [ 121.43548583984375, 1.106954693794364 ], [ 121.436019897460938, 1.106392741203422 ], [ 121.436706542968864, 1.105685710907039 ], [ 121.44258117675804, 1.099616885185242 ], [ 121.442520141601562, 1.099363565444946 ], [ 121.442352294921875, 1.098184704780579 ], [ 121.442268371582145, 1.09766769409174 ], [ 121.44195556640625, 1.096211314201469 ], [ 121.441886901855582, 1.094481110572929 ], [ 121.441177368164062, 1.093390345573539 ] ] ] ] } },
{ "type": "Feature", "properties": { "GID_0": "IDN", "NAME_0": "Indonesia", "GID_1": "IDN.27_1", "NAME_1": "Sulawesi Tengah", "GID_2": "IDN.27.3_1", "NAME_2": "Buol", "GID_3": "IDN.27.3.8_1", "NAME_3": "Momunu", "GID_4": "IDN.27.3.8.10_1", "NAME_4": "Potugu", "VARNAME_4": null, "TYPE_4": "Desa", "ENGTYPE_4": "Village", "CC_4": "7207020010" }, "geometry": { "type": "MultiPolygon", "coordinates": [ [ [ [ 121.40048980712902, 1.10277962684637 ], [ 121.40020751953125, 1.10191118717205 ], [ 121.399398803710938, 1.099308013916072 ], [ 121.398078918457031, 1.094414710998535 ], [ 121.397415161132926, 1.091917872428894 ], [ 121.396949768066406, 1.090205192565861 ], [ 121.396255493164176, 1.087613463401794 ], [ 121.395965576171875, 1.086605191230774 ], [ 121.395797729492188, 1.085976243019047 ], [ 121.39511871337902, 1.083562135696468 ], [ 121.394981384277344, 1.083045363426152 ], [ 121.393547058105469, 1.079116940498409 ], [ 121.393150329589844, 1.07807469367981 ], [ 121.392684936523551, 1.076788783073539 ], [ 121.391845703125227, 1.074117898940983 ], [ 121.387184143066406, 1.077290892601013 ], [ 121.385482788085938, 1.078158140182495 ], [ 121.388961791992188, 1.09951388835907 ], [ 121.389411926269645, 1.102203965187073 ], [ 121.390022277832031, 1.105970621108952 ], [ 121.390419006347656, 1.105922341346741 ], [ 121.392036437988509, 1.105744242668152 ], [ 121.394393920898551, 1.105450630188045 ], [ 121.394966125488395, 1.105370402336177 ], [ 121.396430969238509, 1.105192899703979 ], [ 121.396812438965071, 1.105157136917114 ], [ 121.397659301757812, 1.104389190673828 ], [ 121.398239135742188, 1.103877186775151 ], [ 121.398788452148551, 1.10358452796936 ], [ 121.399612426757812, 1.103196382522583 ], [ 121.40048980712902, 1.10277962684637 ] ] ] ] } },
{ "type": "Feature", "properties": { "GID_0": "IDN", "NAME_0": "Indonesia", "GID_1": "IDN.27_1", "NAME_1": "Sulawesi Tengah", "GID_2": "IDN.27.3_1", "NAME_2": "Buol", "GID_3": "IDN.27.3.8_1", "NAME_3": "Momunu", "GID_4": "IDN.27.3.8.11_1", "NAME_4": "Pujimulyo", "VARNAME_4": null, "TYPE_4": "Desa", "ENGTYPE_4": "Village", "CC_4": "7207020009" }, "geometry": { "type": "MultiPolygon", "coordinates": [ [ [ [ 121.385482788085938, 1.078158140182495 ], [ 121.383697509765739, 1.0795578956604 ], [ 121.383506774902457, 1.079710841178894 ], [ 121.381622314453239, 1.081228971481437 ], [ 121.380455017089957, 1.081729173660278 ], [ 121.379425048828125, 1.082192540168819 ], [ 121.37786865234375, 1.083003282547111 ], [ 121.374908447265739, 1.084551334381217 ], [ 121.378059387207031, 1.094098806381226 ], [ 121.378486633300781, 1.096576452255306 ], [ 121.379295349121207, 1.09991359710699 ], [ 121.381065368652344, 1.103536128997803 ], [ 121.381988525390739, 1.106041431427116 ], [ 121.382133483886832, 1.106470823288021 ], [ 121.386955261230582, 1.106684803962821 ], [ 121.388511657714844, 1.106321811676082 ], [ 121.390022277832031, 1.105970621108952 ], [ 121.389411926269645, 1.102203965187073 ], [ 121.388961791992188, 1.09951388835907 ], [ 121.385482788085938, 1.078158140182495 ] ] ] ] } },
{ "type": "Feature", "properties": { "GID_0": "IDN", "NAME_0": "Indonesia", "GID_1": "IDN.27_1", "NAME_1": "Sulawesi Tengah", "GID_2": "IDN.27.3_1", "NAME_2": "Buol", "GID_3": "IDN.27.3.8_1", "NAME_3": "Momunu", "GID_4": "IDN.27.3.8.12_1", "NAME_4": "Suraya", "VARNAME_4": null, "TYPE_4": "Desa", "ENGTYPE_4": "Village", "CC_4": "7207020018" }, "geometry": { "type": "MultiPolygon", "coordinates": [ [ [ [ 121.341423034667969, 1.067052721977348 ], [ 121.340950012207145, 1.066848039627189 ], [ 121.34088134765625, 1.066798925399837 ], [ 121.340560913086051, 1.06667876243597 ], [ 121.339660644531364, 1.066982865333671 ], [ 121.338752746582031, 1.068067669868583 ], [ 121.338256835937727, 1.069640517234916 ], [ 121.338050842285156, 1.069934129715023 ], [ 121.337547302246207, 1.070247769355831 ], [ 121.337417602539062, 1.07032406330103 ], [ 121.337348937988395, 1.070247888565177 ], [ 121.336898803710938, 1.069760322570858 ], [ 121.337120056152457, 1.069109559059143 ], [ 121.337234497070312, 1.067277908325309 ], [ 121.337310791015739, 1.066339254379272 ], [ 121.337333679199332, 1.065855979919547 ], [ 121.337226867675781, 1.065657138824463 ], [ 121.337074279785156, 1.065378904342651 ], [ 121.336822509765625, 1.06522440910345 ], [ 121.336570739746207, 1.064973711967525 ], [ 121.336349487304915, 1.064934134483451 ], [ 121.336082458496094, 1.064772009849548 ], [ 121.335891723632812, 1.064854621887321 ], [ 121.335693359375, 1.064818739891109 ], [ 121.335113525390625, 1.065200448036194 ], [ 121.335006713867415, 1.065249681472892 ], [ 121.334747314453125, 1.06585705280304 ], [ 121.334724426269531, 1.066514492034969 ], [ 121.334655761718864, 1.067093014717159 ], [ 121.334342956542969, 1.067793846130314 ], [ 121.334281921386832, 1.067904591560421 ], [ 121.333908081054801, 1.068185806274471 ], [ 121.333526611328239, 1.068210959434566 ], [ 121.333274841308594, 1.068220257759208 ], [ 121.33274078369152, 1.069287657737732 ], [ 121.327972412109489, 1.077798724174613 ], [ 121.326400756835938, 1.081778645515499 ], [ 121.325103759765739, 1.084943056106681 ], [ 121.3231201171875, 1.090121030807609 ], [ 121.323005676269645, 1.090623140335083 ], [ 121.323188781738509, 1.090316772461051 ], [ 121.323600769043082, 1.090364575386047 ], [ 121.327743530273438, 1.090845346450806 ], [ 121.328445434570312, 1.090866327285823 ], [ 121.331634521484489, 1.090962171554509 ], [ 121.332107543945312, 1.091014266014099 ], [ 121.332283020019531, 1.091021060943717 ], [ 121.332847595214844, 1.091094374656677 ], [ 121.334503173828239, 1.091275453567505 ], [ 121.338439941406477, 1.091821908950806 ], [ 121.341819763183594, 1.092261552810612 ], [ 121.342521667480582, 1.092318892478943 ], [ 121.34527587890625, 1.092479825019836 ], [ 121.346382141113281, 1.092626571655273 ], [ 121.347511291503906, 1.092660903930607 ], [ 121.350166320800781, 1.092932820320129 ], [ 121.350425720214844, 1.092970132827872 ], [ 121.350990295410156, 1.093017101287899 ], [ 121.351074218750114, 1.093189001083488 ], [ 121.351699829101562, 1.094449400901794 ], [ 121.351768493652344, 1.094342827796936 ], [ 121.352020263671989, 1.094087481498718 ], [ 121.352096557617188, 1.094036221504211 ], [ 121.358123779296989, 1.089979887008724 ], [ 121.35831451416027, 1.08956253528595 ], [ 121.363479614257926, 1.078614830970764 ], [ 121.3638916015625, 1.077441930770874 ], [ 121.364379882812727, 1.076063275337333 ], [ 121.36395263671875, 1.076128363609371 ], [ 121.363822937011832, 1.076160311699027 ], [ 121.36322021484375, 1.07625770568842 ], [ 121.362380981445312, 1.076030254364014 ], [ 121.361991882324219, 1.075874328613281 ], [ 121.36191558837902, 1.075842738151664 ], [ 121.360954284668196, 1.075219154357967 ], [ 121.360923767089844, 1.07511126995098 ], [ 121.360870361328125, 1.074901103973389 ], [ 121.361045837402344, 1.074812173843441 ], [ 121.361129760742188, 1.074783205986023 ], [ 121.362152099609489, 1.075149059295597 ], [ 121.362304687500114, 1.075189590454158 ], [ 121.362960815429688, 1.075357437133789 ], [ 121.363601684570312, 1.075310707092285 ], [ 121.363945007324219, 1.075009107589722 ], [ 121.364227294921989, 1.074684381485099 ], [ 121.364196777343977, 1.074057340621948 ], [ 121.363960266113281, 1.073730349540767 ], [ 121.363876342773551, 1.073617815971488 ], [ 121.36305236816429, 1.073409438133297 ], [ 121.362335205078239, 1.073303580284232 ], [ 121.362052917480469, 1.073186755180302 ], [ 121.361900329590071, 1.073109507560844 ], [ 121.361503601074219, 1.07225060462963 ], [ 121.360954284668196, 1.071662306785583 ], [ 121.360748291015625, 1.071439266204948 ], [ 121.360649108886719, 1.071401715278682 ], [ 121.359916687011719, 1.071115016937313 ], [ 121.359497070312614, 1.07086014747631 ], [ 121.359481811523551, 1.070454716682491 ], [ 121.359489440918082, 1.070314526557922 ], [ 121.359497070312614, 1.0702339410783 ], [ 121.359687805175895, 1.069932460784969 ], [ 121.36029052734375, 1.069482803344783 ], [ 121.360374450683821, 1.069422006607169 ], [ 121.360496520996094, 1.069139003753662 ], [ 121.360916137695312, 1.068128347396851 ], [ 121.360740661621094, 1.06726515293127 ], [ 121.360664367675781, 1.067160606384334 ], [ 121.360420227050895, 1.066847801208439 ], [ 121.360252380371207, 1.066819667816162 ], [ 121.359870910644645, 1.066754698753471 ], [ 121.35929107666027, 1.066941142082328 ], [ 121.358856201172102, 1.066779017448425 ], [ 121.358802795410156, 1.066727757453975 ], [ 121.357910156250114, 1.06582856178278 ], [ 121.356986999511832, 1.065666675567627 ], [ 121.356620788574332, 1.065977334976196 ], [ 121.356552124023438, 1.066037893295288 ], [ 121.356544494628906, 1.066118597984428 ], [ 121.356491088867188, 1.066661357879582 ], [ 121.356483459472656, 1.066733598709106 ], [ 121.356941223144759, 1.067521929741019 ], [ 121.357330322265852, 1.067892789840812 ], [ 121.35715484619152, 1.068331837654171 ], [ 121.356803894043082, 1.06844961643219 ], [ 121.356414794921989, 1.068243741989193 ], [ 121.355674743652457, 1.067847132682914 ], [ 121.355125427246094, 1.067530155181942 ], [ 121.355026245117188, 1.067476391792297 ], [ 121.354446411132812, 1.067678570747489 ], [ 121.354293823242301, 1.067731738090572 ], [ 121.354202270507812, 1.067847728729362 ], [ 121.353691101074219, 1.06849730014801 ], [ 121.353652954101562, 1.069030880928153 ], [ 121.353546142578239, 1.069172263145504 ], [ 121.353279113769531, 1.069541096687374 ], [ 121.353164672851676, 1.069561123847905 ], [ 121.353057861328125, 1.069579243660087 ], [ 121.352607727050895, 1.069657325744686 ], [ 121.352470397949219, 1.069618463516235 ], [ 121.352241516113395, 1.069554209709167 ], [ 121.352149963378906, 1.069348573684692 ], [ 121.352012634277457, 1.068776369094849 ], [ 121.352180480957259, 1.068022727966309 ], [ 121.352310180664062, 1.067570328712407 ], [ 121.352333068847656, 1.067332744598446 ], [ 121.35235595703125, 1.067060112953186 ], [ 121.352149963378906, 1.066573262214774 ], [ 121.351791381836165, 1.066193938255367 ], [ 121.35166168212902, 1.066063284874076 ], [ 121.351280212402457, 1.065966248512382 ], [ 121.350753784179688, 1.065833330154476 ], [ 121.350425720214844, 1.065847992897147 ], [ 121.350257873535156, 1.065855145454407 ], [ 121.349441528320312, 1.065337657928524 ], [ 121.348945617675895, 1.065020918846074 ], [ 121.34824371337902, 1.065274953842163 ], [ 121.348045349121207, 1.065346002578849 ], [ 121.347503662109375, 1.066233992576656 ], [ 121.347427368164176, 1.066366553306693 ], [ 121.346916198730469, 1.068152427673454 ], [ 121.346122741699332, 1.069408893585205 ], [ 121.346046447753906, 1.069433808326778 ], [ 121.345535278320426, 1.069590806961116 ], [ 121.344940185546989, 1.069337844848746 ], [ 121.34490966796875, 1.069186806678829 ], [ 121.344825744628906, 1.068709969520626 ], [ 121.344970703125114, 1.06743943691265 ], [ 121.345008850097656, 1.067109704017753 ], [ 121.344474792480469, 1.065753340721244 ], [ 121.343994140625114, 1.065114140510616 ], [ 121.343368530273438, 1.064281463623161 ], [ 121.342277526855582, 1.064034938812313 ], [ 121.341987609863281, 1.064190387725944 ], [ 121.341705322265739, 1.064339160919189 ], [ 121.341705322265739, 1.064505934715385 ], [ 121.34169006347679, 1.065232157707328 ], [ 121.34207916259777, 1.065962433815002 ], [ 121.342124938964957, 1.06603932380682 ], [ 121.342216491699219, 1.06622922420496 ], [ 121.342948913574219, 1.067064762115479 ], [ 121.343284606933707, 1.068027019500732 ], [ 121.343276977539176, 1.068742036819515 ], [ 121.343269348144645, 1.068925499916134 ], [ 121.343040466308707, 1.0695818662644 ], [ 121.342811584472656, 1.070092082023677 ], [ 121.342742919921875, 1.070237398147583 ], [ 121.342605590820312, 1.070503473281974 ], [ 121.342147827148438, 1.071050882339591 ], [ 121.342086791992301, 1.071121096611137 ], [ 121.341728210449332, 1.071258425712642 ], [ 121.341560363769645, 1.07131469249731 ], [ 121.341491699218977, 1.071339845657405 ], [ 121.341361999511832, 1.07134473323822 ], [ 121.34124755859375, 1.071349382400513 ], [ 121.341140747070426, 1.071300983428955 ], [ 121.340942382812614, 1.071000456810054 ], [ 121.3408203125, 1.070808172226066 ], [ 121.340843200683594, 1.070361733436698 ], [ 121.341148376464957, 1.069934129715023 ], [ 121.341300964355696, 1.069802522659245 ], [ 121.341773986816406, 1.068737030029297 ], [ 121.341812133789062, 1.067958116531372 ], [ 121.341781616210938, 1.067845344543514 ], [ 121.341659545898438, 1.067397832870483 ], [ 121.341491699218977, 1.067082405090389 ], [ 121.341423034667969, 1.067052721977348 ] ] ] ] } },
{ "type": "Feature", "properties": { "GID_0": "IDN", "NAME_0": "Indonesia", "GID_1": "IDN.27_1", "NAME_1": "Sulawesi Tengah", "GID_2": "IDN.27.3_1", "NAME_2": "Buol", "GID_3": "IDN.27.3.8_1", "NAME_3": "Momunu", "GID_4": "IDN.27.3.8.13_1", "NAME_4": "Taluan", "VARNAME_4": null, "TYPE_4": "Desa", "ENGTYPE_4": "Village", "CC_4": "7207020007" }, "geometry": { "type": "MultiPolygon", "coordinates": [ [ [ [ 121.379425048828125, 1.082192540168819 ], [ 121.379379272460938, 1.082090020179692 ], [ 121.379081726074332, 1.081324934959468 ], [ 121.378707885742301, 1.081147551536674 ], [ 121.378089904785156, 1.080851197242851 ], [ 121.378890991211051, 1.071130633354301 ], [ 121.370582580566406, 1.067770242691154 ], [ 121.368637084961051, 1.066981673240662 ], [ 121.367530822753906, 1.066552519798279 ], [ 121.36673736572277, 1.068860173225403 ], [ 121.365837097167969, 1.071610689163265 ], [ 121.364379882812727, 1.076063275337333 ], [ 121.3638916015625, 1.077441930770874 ], [ 121.363479614257926, 1.078614830970764 ], [ 121.35831451416027, 1.08956253528595 ], [ 121.358123779296989, 1.089979887008724 ], [ 121.352096557617188, 1.094036221504211 ], [ 121.352020263671989, 1.094087481498718 ], [ 121.351768493652344, 1.094342827796936 ], [ 121.351699829101562, 1.094449400901794 ], [ 121.347694396972656, 1.098410964012203 ], [ 121.345169067382926, 1.100935697555485 ], [ 121.341888427734489, 1.104264736175594 ], [ 121.341606140136719, 1.104544401168937 ], [ 121.341232299804688, 1.104922294616699 ], [ 121.339935302734375, 1.106218218803519 ], [ 121.336883544921875, 1.109274506568966 ], [ 121.333122253418082, 1.113007545471305 ], [ 121.321716308593864, 1.124383211135864 ], [ 121.319816589355582, 1.126293063163871 ], [ 121.308158874511832, 1.137915611267147 ], [ 121.295249938964844, 1.150801658630371 ], [ 121.296127319336051, 1.151747107505798 ], [ 121.296241760253906, 1.151862263679504 ], [ 121.296295166015852, 1.151925563812256 ], [ 121.297218322753906, 1.153137564659175 ], [ 121.297561645507812, 1.153581142425651 ], [ 121.297683715820426, 1.1537460088731 ], [ 121.301513671875114, 1.159431219101009 ], [ 121.301986694335938, 1.160584926605281 ], [ 121.302024841308707, 1.160668611526546 ], [ 121.302162170410156, 1.161566615104675 ], [ 121.302421569824332, 1.163154840469417 ], [ 121.302719116210938, 1.164062976837101 ], [ 121.303520202636719, 1.166313171386776 ], [ 121.303741455078239, 1.166343927383423 ], [ 121.304328918457145, 1.16647827625269 ], [ 121.304443359375, 1.166500091552848 ], [ 121.304573059082031, 1.166468739509583 ], [ 121.304695129394645, 1.166426897049064 ], [ 121.3048095703125, 1.166409611702022 ], [ 121.306968688965071, 1.166060090065002 ], [ 121.307037353515739, 1.166110515594539 ], [ 121.314712524414062, 1.154106140136776 ], [ 121.330421447753906, 1.135546088218803 ], [ 121.333015441894531, 1.132984995842037 ], [ 121.337158203125114, 1.128940582275504 ], [ 121.339118957519531, 1.127206802368164 ], [ 121.346755981445312, 1.120519757270927 ], [ 121.348342895507812, 1.119353890419006 ], [ 121.362113952636832, 1.109297394752559 ], [ 121.364120483398438, 1.107762694358939 ], [ 121.364654541015625, 1.107366204261837 ], [ 121.365882873535156, 1.106405258178768 ], [ 121.370635986328125, 1.102763056755123 ], [ 121.375244140625, 1.099091291427612 ], [ 121.378486633300781, 1.096576452255306 ], [ 121.378059387207031, 1.094098806381226 ], [ 121.374908447265739, 1.084551334381217 ], [ 121.37786865234375, 1.083003282547111 ], [ 121.379425048828125, 1.082192540168819 ] ] ] ] } },
{ "type": "Feature", "properties": { "GID_0": "IDN", "NAME_0": "Indonesia", "GID_1": "IDN.27_1", "NAME_1": "Sulawesi Tengah", "GID_2": "IDN.27.3_1", "NAME_2": "Buol", "GID_3": "IDN.27.3.8_1", "NAME_3": "Momunu", "GID_4": "IDN.27.3.8.14_1", "NAME_4": "Tongon", "VARNAME_4": null, "TYPE_4": "Desa", "ENGTYPE_4": "Village", "CC_4": "7207020011" }, "geometry": { "type": "MultiPolygon", "coordinates": [ [ [ [ 121.391845703125227, 1.074117898940983 ], [ 121.392684936523551, 1.076788783073539 ], [ 121.393150329589844, 1.07807469367981 ], [ 121.393547058105469, 1.079116940498409 ], [ 121.394981384277344, 1.083045363426152 ], [ 121.39511871337902, 1.083562135696468 ], [ 121.395797729492188, 1.085976243019047 ], [ 121.395965576171875, 1.086605191230774 ], [ 121.396255493164176, 1.087613463401794 ], [ 121.396949768066406, 1.090205192565861 ], [ 121.397415161132926, 1.091917872428894 ], [ 121.398078918457031, 1.094414710998535 ], [ 121.399398803710938, 1.099308013916072 ], [ 121.40020751953125, 1.10191118717205 ], [ 121.40048980712902, 1.10277962684637 ], [ 121.404327392578125, 1.102266311645508 ], [ 121.404518127441406, 1.102239012718314 ], [ 121.412773132324219, 1.09823560714716 ], [ 121.411453247070312, 1.090740442276058 ], [ 121.410507202148438, 1.083840131759644 ], [ 121.410453796386719, 1.08349525928503 ], [ 121.410415649414176, 1.083222270011902 ], [ 121.409530639648438, 1.077356696128959 ], [ 121.409515380859375, 1.077263951301688 ], [ 121.408264160156364, 1.074004769325256 ], [ 121.407234191894531, 1.070511102676505 ], [ 121.405815124511832, 1.065701246261654 ], [ 121.40577697753929, 1.065582156181449 ], [ 121.403984069824219, 1.065582990646419 ], [ 121.397850036621094, 1.069919586181697 ], [ 121.39373779296875, 1.072822690010128 ], [ 121.392181396484375, 1.073887228965816 ], [ 121.391845703125227, 1.074117898940983 ] ] ] ] } },
{ "type": "Feature", "properties": { "GID_0": "IDN", "NAME_0": "Indonesia", "GID_1": "IDN.27_1", "NAME_1": "Sulawesi Tengah", "GID_2": "IDN.27.3_1", "NAME_2": "Buol", "GID_3": "IDN.27.3.8_1", "NAME_3": "Momunu", "GID_4": "IDN.27.3.8.15_1", "NAME_4": "Wakat", "VARNAME_4": null, "TYPE_4": "Desa", "ENGTYPE_4": "Village", "CC_4": "7207020019" }, "geometry": { "type": "MultiPolygon", "coordinates": [ [ [ [ 121.426498413085938, 1.116259932518062 ], [ 121.427268981933594, 1.116696834564209 ], [ 121.428695678711051, 1.117488980293274 ], [ 121.429969787597656, 1.118352055549678 ], [ 121.432472229004134, 1.120019793510437 ], [ 121.433311462402457, 1.120204567909241 ], [ 121.433570861816406, 1.12024819850933 ], [ 121.446479797363281, 1.111734747886658 ], [ 121.446121215820312, 1.110945343971252 ], [ 121.446075439453239, 1.110847949981633 ], [ 121.444671630859375, 1.107919335365409 ], [ 121.444602966308594, 1.107631564140434 ], [ 121.44394683837902, 1.105134248733521 ], [ 121.443412780761832, 1.102890133857727 ], [ 121.442794799804801, 1.100532889366207 ], [ 121.442649841308707, 1.099938988685608 ], [ 121.44258117675804, 1.099616885185242 ], [ 121.436706542968864, 1.105685710907039 ], [ 121.436019897460938, 1.106392741203422 ], [ 121.43548583984375, 1.106954693794364 ], [ 121.426498413085938, 1.116259932518062 ] ] ] ] } },
{ "type": "Feature", "properties": { "GID_0": "IDN", "NAME_0": "Indonesia", "GID_1": "IDN.27_1", "NAME_1": "Sulawesi Tengah", "GID_2": "IDN.27.3_1", "NAME_2": "Buol", "GID_3": "IDN.27.3.10_1", "NAME_3": "Paleleh", "GID_4": "IDN.27.3.10.1_1", "NAME_4": "Batu Rata", "VARNAME_4": null, "TYPE_4": "Desa", "ENGTYPE_4": "Village", "CC_4": "7207050009" }, "geometry": { "type": "MultiPolygon", "coordinates": [ [ [ [ 121.988395690917969, 1.024530768394584 ], [ 121.988189697265625, 1.024078607559261 ], [ 121.987213134765625, 1.021938681602421 ], [ 121.985252380371207, 1.0176877975465 ], [ 121.984733581542969, 1.016208529472408 ], [ 121.981353759765625, 1.00678467750555 ], [ 121.971076965332031, 0.976847827434653 ], [ 121.969161987304688, 0.967707574367523 ], [ 121.966712951660156, 0.956533908843994 ], [ 121.96640777587902, 0.951571404933986 ], [ 121.966094970703125, 0.947125792503414 ], [ 121.965408325195426, 0.93898564577114 ], [ 121.965263366699332, 0.93527626991272 ], [ 121.965019226074332, 0.931886672973633 ], [ 121.965042114257926, 0.929796040058136 ], [ 121.965019226074332, 0.929126024246216 ], [ 121.965103149414062, 0.925442278385162 ], [ 121.965217590332145, 0.916505932808036 ], [ 121.965232849121207, 0.916432380676326 ], [ 121.967292785644759, 0.906857967376823 ], [ 121.967376708984375, 0.906053960323391 ], [ 121.966781616211051, 0.906352877616939 ], [ 121.966133117675781, 0.906679570674953 ], [ 121.964935302734375, 0.90730524063116 ], [ 121.963897705078239, 0.907461464405174 ], [ 121.963020324707031, 0.907461166381893 ], [ 121.962135314941406, 0.90720009803772 ], [ 121.961097717285156, 0.90719980001461 ], [ 121.960472106933707, 0.907199621200618 ], [ 121.959037780761719, 0.907199203968162 ], [ 121.958343505859489, 0.907199025154227 ], [ 121.957550048828125, 0.907284140586967 ], [ 121.957145690917969, 0.907326877117214 ], [ 121.956504821777344, 0.907395184040183 ], [ 121.95590972900402, 0.90745913982397 ], [ 121.954658508300781, 0.907719612121525 ], [ 121.953880310058594, 0.908293187618312 ], [ 121.953048706054801, 0.90912759304058 ], [ 121.952720642089844, 0.909702003002167 ], [ 121.952651977539176, 0.909816980362052 ], [ 121.952201843261719, 0.910611152648926 ], [ 121.951789855957031, 0.911106944084224 ], [ 121.951156616211051, 0.911862790584621 ], [ 121.950752258300895, 0.912296831607819 ], [ 121.950332641601676, 0.912749409675655 ], [ 121.949699401855469, 0.913092792034263 ], [ 121.949188232421989, 0.913375020027274 ], [ 121.948669433593864, 0.914105176925773 ], [ 121.948509216308594, 0.914783298969269 ], [ 121.948196411132812, 0.915844738483486 ], [ 121.947944641113281, 0.916713297367153 ], [ 121.947776794433594, 0.917384982109127 ], [ 121.947578430175781, 0.918173789978084 ], [ 121.947265625000227, 0.918747544288635 ], [ 121.946380615234489, 0.91885161399847 ], [ 121.945800781250114, 0.919023215770721 ], [ 121.945137023925781, 0.919216394424438 ], [ 121.94415283203125, 0.919581234455165 ], [ 121.943428039550781, 0.920311391353664 ], [ 121.943168640136719, 0.921145915985107 ], [ 121.94290924072277, 0.922032654285488 ], [ 121.942558288574332, 0.92270028591156 ], [ 121.942283630371094, 0.923232316970939 ], [ 121.94138336181652, 0.924041509628353 ], [ 121.940811157226676, 0.924768090248165 ], [ 121.940559387207031, 0.925081253051815 ], [ 121.940185546875, 0.925553977489528 ], [ 121.939682006836051, 0.926138341426849 ], [ 121.939422607421875, 0.92643803358078 ], [ 121.938835144042969, 0.927118539810294 ], [ 121.938163757324332, 0.927796483039856 ], [ 121.93723297119152, 0.928161382675171 ], [ 121.939193725585938, 0.941559791565055 ], [ 121.939544677734375, 0.943710327148438 ], [ 121.940414428711051, 0.946653783321494 ], [ 121.941604614257926, 0.950788438320103 ], [ 121.942001342773551, 0.95253694057476 ], [ 121.942283630371094, 0.953964948654175 ], [ 121.945999145507926, 0.962081134319419 ], [ 121.946403503417969, 0.96297258138668 ], [ 121.954071044921875, 0.979791462421417 ], [ 121.956260681152457, 0.984508991241455 ], [ 121.958137512207259, 0.992320358753204 ], [ 121.958267211914062, 0.992868423462028 ], [ 121.958267211914062, 0.993575513362941 ], [ 121.958175659179801, 0.998453557491416 ], [ 121.957199096679801, 1.005741834640503 ], [ 121.957603454589957, 1.007539868354797 ], [ 121.957809448242301, 1.008657574653682 ], [ 121.958442687988281, 1.01119601726532 ], [ 121.95867919921875, 1.012255430221614 ], [ 121.963302612304801, 1.019752264022827 ], [ 121.966110229492188, 1.032887101173401 ], [ 121.967819213867188, 1.031953096389827 ], [ 121.968444824218977, 1.031264424324149 ], [ 121.971107482910384, 1.029007792472783 ], [ 121.972389221191406, 1.02812933921814 ], [ 121.974494934082031, 1.02859532833105 ], [ 121.975624084472656, 1.028233885765189 ], [ 121.97711181640625, 1.026735186576786 ], [ 121.978347778320312, 1.02596020698553 ], [ 121.980148315429801, 1.02472019195568 ], [ 121.981788635254134, 1.023428440094108 ], [ 121.983795166015625, 1.023118853568974 ], [ 121.985641479492301, 1.023119449615592 ], [ 121.986770629882926, 1.023326635360775 ], [ 121.988395690917969, 1.024530768394584 ] ] ] ] } },
{ "type": "Feature", "properties": { "GID_0": "IDN", "NAME_0": "Indonesia", "GID_1": "IDN.27_1", "NAME_1": "Sulawesi Tengah", "GID_2": "IDN.27.3_1", "NAME_2": "Buol", "GID_3": "IDN.27.3.10_1", "NAME_3": "Paleleh", "GID_4": "IDN.27.3.10.2_1", "NAME_4": "Dopalak", "VARNAME_4": null, "TYPE_4": "Desa", "ENGTYPE_4": "Village", "CC_4": "7207050015" }, "geometry": { "type": "MultiPolygon", "coordinates": [ [ [ [ 121.941085815429688, 1.052633166313171 ], [ 121.941024780273551, 1.052684903144893 ], [ 121.940010070800781, 1.052732467651367 ], [ 121.939178466796875, 1.052810072898922 ], [ 121.934494018554915, 1.05241596698761 ], [ 121.931900024414062, 1.050977110862732 ], [ 121.925186157226676, 1.046512484550533 ], [ 121.924018859863395, 1.045735955238399 ], [ 121.923896789550781, 1.045653820037842 ], [ 121.920066833496207, 1.042664766311759 ], [ 121.908561706543082, 1.033725619316158 ], [ 121.908515930175781, 1.033656001091003 ], [ 121.907684326171875, 1.032337307930106 ], [ 121.902465820312614, 1.024068832397575 ], [ 121.902374267578125, 1.023842215538082 ], [ 121.902252197265852, 1.023648262024039 ], [ 121.901077270507812, 1.020619988441581 ], [ 121.90079498291027, 1.019917130470276 ], [ 121.897529602050895, 1.025063872337455 ], [ 121.897209167480469, 1.029253363609371 ], [ 121.897193908691406, 1.029577136039791 ], [ 121.896835327148438, 1.030453801155204 ], [ 121.896697998046875, 1.030903577804565 ], [ 121.895881652832031, 1.032820105552787 ], [ 121.894546508789062, 1.036113142967281 ], [ 121.893608093261719, 1.043846130371094 ], [ 121.904052734375, 1.050552845001334 ], [ 121.904403686523551, 1.050767660141048 ], [ 121.909927368164176, 1.054151058197021 ], [ 121.918830871582031, 1.05718290805811 ], [ 121.928825378418082, 1.060552477836723 ], [ 121.931396484375, 1.061446428299007 ], [ 121.93546295166027, 1.062697649002018 ], [ 121.937980651855582, 1.063463807106132 ], [ 121.938949584961051, 1.06373119354248 ], [ 121.94004058837902, 1.06401264667511 ], [ 121.941368103027457, 1.064380288124141 ], [ 121.942138671875114, 1.064698219299373 ], [ 121.942314147949446, 1.064760923385734 ], [ 121.942680358886719, 1.064862251281852 ], [ 121.94351959228527, 1.065089344978389 ], [ 121.944839477539176, 1.065398454666138 ], [ 121.945762634277457, 1.065773844719047 ], [ 121.946067810058594, 1.065889477729741 ], [ 121.946876525878906, 1.06630098819744 ], [ 121.947792053222656, 1.066709756851196 ], [ 121.948081970214957, 1.066840052604732 ], [ 121.949333190917969, 1.067389607429504 ], [ 121.950393676757926, 1.067698001861629 ], [ 121.950798034667969, 1.066587686538753 ], [ 121.950317382812727, 1.065558791160583 ], [ 121.950592041015625, 1.064650535583553 ], [ 121.950897216797102, 1.063318371772823 ], [ 121.95135498046875, 1.06277322769165 ], [ 121.951271057129134, 1.062127470970154 ], [ 121.951110839843864, 1.060997366905212 ], [ 121.950439453125, 1.059390187263602 ], [ 121.950637817382812, 1.058850407600517 ], [ 121.949905395507812, 1.057412385940495 ], [ 121.950531005859489, 1.056093215942383 ], [ 121.952682495117301, 1.056343078613395 ], [ 121.954994201660156, 1.059889674186707 ], [ 121.956268310546989, 1.06095647811901 ], [ 121.957389831543082, 1.061238288879508 ], [ 121.957138061523438, 1.060577511787471 ], [ 121.956962585449219, 1.060165524482727 ], [ 121.95654296875, 1.059071063995361 ], [ 121.956283569336051, 1.058403849601746 ], [ 121.95590972900402, 1.057449936866817 ], [ 121.955795288085938, 1.057146787643546 ], [ 121.954513549804915, 1.053885936737117 ], [ 121.954475402832031, 1.053779959678707 ], [ 121.954322814941634, 1.053382396698112 ], [ 121.9534912109375, 1.05125808715826 ], [ 121.951988220214844, 1.051497220993156 ], [ 121.950332641601676, 1.051756262779236 ], [ 121.949691772460938, 1.051844835281429 ], [ 121.949104309082031, 1.051903963088989 ], [ 121.948310852050781, 1.051981210708675 ], [ 121.947380065917969, 1.052051782608089 ], [ 121.946739196777457, 1.052110910415649 ], [ 121.946372985839957, 1.052152514457816 ], [ 121.946067810058594, 1.052172183990479 ], [ 121.945693969726562, 1.052206993103027 ], [ 121.945487976074219, 1.052229166030884 ], [ 121.945243835449332, 1.052252411842403 ], [ 121.944915771484375, 1.052295088768005 ], [ 121.94443511962902, 1.052323102951163 ], [ 121.944351196289062, 1.052330851554871 ], [ 121.941947937011832, 1.052566170692558 ], [ 121.941085815429688, 1.052633166313171 ] ] ] ] } },
{ "type": "Feature", "properties": { "GID_0": "IDN", "NAME_0": "Indonesia", "GID_1": "IDN.27_1", "NAME_1": "Sulawesi Tengah", "GID_2": "IDN.27.3_1", "NAME_2": "Buol", "GID_3": "IDN.27.3.10_1", "NAME_3": "Paleleh", "GID_4": "IDN.27.3.10.3_1", "NAME_4": "Dutuno", "VARNAME_4": null, "TYPE_4": "Desa", "ENGTYPE_4": "Village", "CC_4": "7207050017" }, "geometry": { "type": "MultiPolygon", "coordinates": [ [ [ [ 121.955917358398551, 1.037948489189091 ], [ 121.954765319824332, 1.036622047424316 ], [ 121.953475952148438, 1.035326838493461 ], [ 121.952163696289062, 1.033970236778259 ], [ 121.951728820800895, 1.033148646354618 ], [ 121.949317932128906, 1.028555870056152 ], [ 121.947837829590071, 1.025451302528495 ], [ 121.947471618652457, 1.024667263031006 ], [ 121.945075988769531, 1.014163613319397 ], [ 121.94504547119152, 1.014086365699882 ], [ 121.943962097167969, 1.01227700710308 ], [ 121.943199157714844, 1.010974645614738 ], [ 121.942291259765625, 1.008138537406865 ], [ 121.942115783691634, 1.007582902908268 ], [ 121.939361572265625, 1.002502918243351 ], [ 121.937057495117188, 0.996174335479736 ], [ 121.937026977539176, 0.996102273464203 ], [ 121.9354248046875, 0.992605090141353 ], [ 121.930732727050895, 0.986662328243312 ], [ 121.92557525634777, 0.981644988059998 ], [ 121.925277709960938, 0.98133289814001 ], [ 121.924621582031364, 0.980551779270172 ], [ 121.92352294921875, 0.979251027107296 ], [ 121.919410705566406, 0.974714636802673 ], [ 121.910629272460938, 0.961168706417084 ], [ 121.906730651855469, 0.956792533397788 ], [ 121.908050537109489, 0.961865127086696 ], [ 121.917716979980582, 0.998994827270621 ], [ 121.917938232421989, 0.999844491481781 ], [ 121.919692993164062, 1.006915688514709 ], [ 121.92423248291027, 1.015026092529411 ], [ 121.924613952636832, 1.015716075897274 ], [ 121.924697875976562, 1.015860080718994 ], [ 121.924896240234375, 1.016205906868038 ], [ 121.928543090820312, 1.021997809410152 ], [ 121.931747436523438, 1.025619029998779 ], [ 121.933502197265625, 1.027629733085689 ], [ 121.936599731445426, 1.0311101675033 ], [ 121.937789916992301, 1.032461524009818 ], [ 121.937873840332031, 1.03254330158245 ], [ 121.939277648925895, 1.033810734748897 ], [ 121.946258544921875, 1.040138363838196 ], [ 121.948501586914062, 1.040112257003841 ], [ 121.950859069824219, 1.040642619132939 ], [ 121.95096588134777, 1.04067170619976 ], [ 121.95269775390625, 1.041597485542354 ], [ 121.953079223632812, 1.040975213050899 ], [ 121.95375061035179, 1.040297985076904 ], [ 121.954444885253906, 1.039387702941895 ], [ 121.955139160156364, 1.038604497909546 ], [ 121.955917358398551, 1.037948489189091 ] ] ] ] } },
{ "type": "Feature", "properties": { "GID_0": "IDN", "NAME_0": "Indonesia", "GID_1": "IDN.27_1", "NAME_1": "Sulawesi Tengah", "GID_2": "IDN.27.3_1", "NAME_2": "Buol", "GID_3": "IDN.27.3.10_1", "NAME_3": "Paleleh", "GID_4": "IDN.27.3.10.4_1", "NAME_4": "Kuala Besar", "VARNAME_4": null, "TYPE_4": "Desa", "ENGTYPE_4": "Village", "CC_4": "7207050008" }, "geometry": { "type": "MultiPolygon", "coordinates": [ [ [ [ 121.934753417968864, 0.928653776645717 ], [ 121.934326171875114, 0.92878645658493 ], [ 121.933181762695426, 0.929307758808193 ], [ 121.932037353515739, 0.929568231105804 ], [ 121.931182861328125, 0.929507672786713 ], [ 121.930328369140739, 0.929202556610107 ], [ 121.929344177246321, 0.928628444671688 ], [ 121.928756713867188, 0.928258299827689 ], [ 121.928184509277344, 0.927892506122646 ], [ 121.927536010742188, 0.927712976932582 ], [ 121.926696777343864, 0.927479982376099 ], [ 121.925552368164176, 0.927375316619873 ], [ 121.923324584960938, 0.927374660968894 ], [ 121.922233581542969, 0.927426457405147 ], [ 121.921661376953125, 0.927791476249638 ], [ 121.920776367187614, 0.929251790046635 ], [ 121.920257568359489, 0.93060797452921 ], [ 121.919349670410156, 0.931678295135612 ], [ 121.91864013671875, 0.932562947273254 ], [ 121.918258666992188, 0.933034241199493 ], [ 121.917793273925781, 0.934129595756588 ], [ 121.917427062988281, 0.935224950313682 ], [ 121.9171142578125, 0.936372458934784 ], [ 121.916961669921989, 0.93788522481924 ], [ 121.916648864746094, 0.93939787149435 ], [ 121.916389465332145, 0.940317988395805 ], [ 121.915977478027344, 0.94179725646967 ], [ 121.91497802734375, 0.943500161171016 ], [ 121.914619445800781, 0.943960607051906 ], [ 121.914176940917969, 0.944527626037654 ], [ 121.913612365722656, 0.945246636867523 ], [ 121.912734985351562, 0.946369051933345 ], [ 121.911552429199219, 0.947880983352661 ], [ 121.910308837890739, 0.9499671459198 ], [ 121.909629821777344, 0.951323270797786 ], [ 121.908798217773551, 0.952731430530605 ], [ 121.90797424316429, 0.953774452209586 ], [ 121.907089233398551, 0.954869627952576 ], [ 121.906913757324219, 0.955724358558712 ], [ 121.906730651855469, 0.956792533397788 ], [ 121.910629272460938, 0.961168706417084 ], [ 121.919410705566406, 0.974714636802673 ], [ 121.92352294921875, 0.979251027107296 ], [ 121.924621582031364, 0.980551779270172 ], [ 121.925277709960938, 0.98133289814001 ], [ 121.92557525634777, 0.981644988059998 ], [ 121.930732727050895, 0.986662328243312 ], [ 121.9354248046875, 0.992605090141353 ], [ 121.937026977539176, 0.996102273464203 ], [ 121.937057495117188, 0.996174335479736 ], [ 121.939361572265625, 1.002502918243351 ], [ 121.942115783691634, 1.007582902908268 ], [ 121.942291259765625, 1.008138537406865 ], [ 121.943199157714844, 1.010974645614738 ], [ 121.943962097167969, 1.01227700710308 ], [ 121.94504547119152, 1.014086365699882 ], [ 121.945075988769531, 1.014163613319397 ], [ 121.947471618652457, 1.024667263031006 ], [ 121.947837829590071, 1.025451302528495 ], [ 121.949317932128906, 1.028555870056152 ], [ 121.951728820800895, 1.033148646354618 ], [ 121.952163696289062, 1.033970236778259 ], [ 121.953475952148438, 1.035326838493461 ], [ 121.954765319824332, 1.036622047424316 ], [ 121.955917358398551, 1.037948489189091 ], [ 121.958984375, 1.03649914264679 ], [ 121.959548950195426, 1.036499261856136 ], [ 121.960372924804688, 1.03618943691265 ], [ 121.961708068847656, 1.035207748413086 ], [ 121.963554382324332, 1.034381270408687 ], [ 121.964752197265625, 1.033435225486812 ], [ 121.966110229492188, 1.032887101173401 ], [ 121.963302612304801, 1.019752264022827 ], [ 121.95867919921875, 1.012255430221614 ], [ 121.958442687988281, 1.01119601726532 ], [ 121.957809448242301, 1.008657574653682 ], [ 121.957603454589957, 1.007539868354797 ], [ 121.957199096679801, 1.005741834640503 ], [ 121.958175659179801, 0.998453557491416 ], [ 121.958267211914062, 0.993575513362941 ], [ 121.958267211914062, 0.992868423462028 ], [ 121.958137512207259, 0.992320358753204 ], [ 121.956260681152457, 0.984508991241455 ], [ 121.954071044921875, 0.979791462421417 ], [ 121.946403503417969, 0.96297258138668 ], [ 121.945999145507926, 0.962081134319419 ], [ 121.942283630371094, 0.953964948654175 ], [ 121.942001342773551, 0.95253694057476 ], [ 121.941604614257926, 0.950788438320103 ], [ 121.940414428711051, 0.946653783321494 ], [ 121.939544677734375, 0.943710327148438 ], [ 121.939193725585938, 0.941559791565055 ], [ 121.93723297119152, 0.928161382675171 ], [ 121.935928344726562, 0.928526103496495 ], [ 121.93499755859375, 0.928578019142151 ], [ 121.934753417968864, 0.928653776645717 ] ] ] ] } },
{ "type": "Feature", "properties": { "GID_0": "IDN", "NAME_0": "Indonesia", "GID_1": "IDN.27_1", "NAME_1": "Sulawesi Tengah", "GID_2": "IDN.27.3_1", "NAME_2": "Buol", "GID_3": "IDN.27.3.10_1", "NAME_3": "Paleleh", "GID_4": "IDN.27.3.10.5_1", "NAME_4": "Lilito", "VARNAME_4": null, "TYPE_4": "Desa", "ENGTYPE_4": "Village", "CC_4": "7207050011" }, "geometry": { "type": "MultiPolygon", "coordinates": [ [ [ [ 122.090980529785156, 1.040533900261039 ], [ 122.087890625000114, 1.040033221244926 ], [ 122.087356567382812, 1.039962291717586 ], [ 122.086311340332259, 1.039771437644958 ], [ 122.083686828613395, 1.039335370063782 ], [ 122.082313537597884, 1.039163947105465 ], [ 122.079963684082031, 1.038863778114319 ], [ 122.079597473144531, 1.038826704025269 ], [ 122.077217102050895, 1.038632750511226 ], [ 122.074241638183594, 1.038313984871024 ], [ 122.072219848632926, 1.038089394569454 ], [ 122.067070007324332, 1.037574291229191 ], [ 122.063507080078125, 1.037296414375419 ], [ 122.060699462890625, 1.03709352016449 ], [ 122.047897338867188, 1.036139845848083 ], [ 122.042060852051009, 1.034165859222526 ], [ 122.036323547363281, 1.031924605369625 ], [ 122.033279418945312, 1.030371427536011 ], [ 122.03275299072277, 1.030115127563477 ], [ 122.02899169921875, 1.028615236282405 ], [ 122.028892517089844, 1.028552293777523 ], [ 122.028709411621321, 1.028479576110954 ], [ 122.025375366210938, 1.026331663131771 ], [ 122.0225830078125, 1.024569630622864 ], [ 122.022613525390852, 1.024681806564274 ], [ 122.026771545410156, 1.030821561813411 ], [ 122.027984619140739, 1.03257596492773 ], [ 122.029098510742415, 1.034227609634399 ], [ 122.029159545898551, 1.03427875041973 ], [ 122.029388427734375, 1.034608960151616 ], [ 122.033500671386832, 1.037866950035209 ], [ 122.035392761230696, 1.039918541908321 ], [ 122.035682678222656, 1.040246605873108 ], [ 122.037391662597656, 1.042216420173759 ], [ 122.037551879882926, 1.044592022895927 ], [ 122.038047790527344, 1.048050165176392 ], [ 122.038063049316634, 1.048206925392208 ], [ 122.039810180664176, 1.048207521438599 ], [ 122.041664123535156, 1.047639489174003 ], [ 122.042327880859489, 1.048931956291142 ], [ 122.042999267578125, 1.049811005592403 ], [ 122.044380187988395, 1.05032837390894 ], [ 122.044898986816406, 1.051569104194755 ], [ 122.046478271484489, 1.053137183189392 ], [ 122.049514770507926, 1.054051876068172 ], [ 122.05059814453125, 1.054724216461125 ], [ 122.05120849609375, 1.057619214057979 ], [ 122.051261901855582, 1.062375068664664 ], [ 122.053314208984602, 1.066304326057548 ], [ 122.054031372070312, 1.066821575164909 ], [ 122.054649353027571, 1.066406250000057 ], [ 122.055160522460938, 1.065839648246822 ], [ 122.05598449707054, 1.065478086471614 ], [ 122.057266235351562, 1.065892100334281 ], [ 122.058654785156477, 1.064289927482662 ], [ 122.059165954589844, 1.064186692237968 ], [ 122.059272766113395, 1.065944314003048 ], [ 122.059837341308707, 1.068322420120239 ], [ 122.059013366699219, 1.069200992584285 ], [ 122.05777740478527, 1.069510698318595 ], [ 122.056343078613281, 1.070440769195613 ], [ 122.055671691894645, 1.071577787399292 ], [ 122.055877685546875, 1.072663426399288 ], [ 122.05680084228527, 1.073439121246338 ], [ 122.058189392089844, 1.073387861251831 ], [ 122.065277099609375, 1.074440121650696 ], [ 122.067176818847656, 1.074527978897152 ], [ 122.069129943847656, 1.07344293594366 ], [ 122.070106506347884, 1.070341587066764 ], [ 122.068466186523438, 1.069927573204097 ], [ 122.067283630371207, 1.069720387458915 ], [ 122.065330505371321, 1.06703174114233 ], [ 122.063735961914062, 1.0653253793717 ], [ 122.06343078613304, 1.064291477203369 ], [ 122.066413879394531, 1.06429231166851 ], [ 122.069030761718864, 1.06403470039379 ], [ 122.071647644043082, 1.064552426338196 ], [ 122.073806762695312, 1.062898874282894 ], [ 122.074371337890739, 1.061761736869869 ], [ 122.074729919433707, 1.059539079666195 ], [ 122.076583862304915, 1.059849739074764 ], [ 122.077865600585938, 1.061401009559631 ], [ 122.079200744628906, 1.062486886978206 ], [ 122.078994750976562, 1.064761400222778 ], [ 122.080017089843977, 1.065071821212882 ], [ 122.081352233886946, 1.064865469932613 ], [ 122.083000183105469, 1.065021038055477 ], [ 122.084281921386832, 1.065900206565914 ], [ 122.085205078125114, 1.065641999244747 ], [ 122.086387634277457, 1.065797448158264 ], [ 122.087982177734375, 1.06481575965887 ], [ 122.090133666992415, 1.065281629562378 ], [ 122.092239379882926, 1.066678047180233 ], [ 122.092292785644645, 1.068228840827999 ], [ 122.093009948730582, 1.068901062011776 ], [ 122.095375061035156, 1.068953514099121 ], [ 122.096397399902344, 1.069677472114563 ], [ 122.097221374511832, 1.069832801818904 ], [ 122.095321655273551, 1.063215494155997 ], [ 122.09429931640625, 1.04905092716217 ], [ 122.09360504150402, 1.047206044197196 ], [ 122.090980529785156, 1.040533900261039 ] ] ] ] } },
{ "type": "Feature", "properties": { "GID_0": "IDN", "NAME_0": "Indonesia", "GID_1": "IDN.27_1", "NAME_1": "Sulawesi Tengah", "GID_2": "IDN.27.3_1", "NAME_2": "Buol", "GID_3": "IDN.27.3.10_1", "NAME_3": "Paleleh", "GID_4": "IDN.27.3.10.6_1", "NAME_4": "Lintidu", "VARNAME_4": null, "TYPE_4": "Desa", "ENGTYPE_4": "Village", "CC_4": "7207050005" }, "geometry": { "type": "MultiPolygon", "coordinates": [ [ [ [ 121.893608093261719, 1.043846130371094 ], [ 121.893142700195426, 1.053350806236324 ], [ 121.893180847167969, 1.055954098701477 ], [ 121.893379211425781, 1.063392281532401 ], [ 121.893142700195426, 1.069055080413932 ], [ 121.894882202148551, 1.069617867469788 ], [ 121.900276184082031, 1.071441888809318 ], [ 121.906501770019645, 1.07339167594921 ], [ 121.91650390625, 1.076640367507991 ], [ 121.918792724609375, 1.077408552169857 ], [ 121.9219970703125, 1.078457236289978 ], [ 121.930076599121094, 1.082113146782035 ], [ 121.930618286132812, 1.082304120063839 ], [ 121.93186187744152, 1.082886219024715 ], [ 121.933082580566406, 1.083179116249198 ], [ 121.934982299804688, 1.083857774734554 ], [ 121.934967041015625, 1.083630323410091 ], [ 121.9354248046875, 1.078895092010555 ], [ 121.936393737793196, 1.07783830165863 ], [ 121.938446044921875, 1.077201008796749 ], [ 121.940055847168082, 1.076684594154358 ], [ 121.941673278808594, 1.076506257057247 ], [ 121.941886901855469, 1.076675653457642 ], [ 121.943000793457031, 1.076549053192252 ], [ 121.943481445312614, 1.076586961746216 ], [ 121.944244384765739, 1.076049089431706 ], [ 121.945617675781364, 1.073796510696468 ], [ 121.946884155273665, 1.071262478828544 ], [ 121.948204040527344, 1.069521665573234 ], [ 121.950393676757926, 1.067698001861629 ], [ 121.949333190917969, 1.067389607429504 ], [ 121.948081970214957, 1.066840052604732 ], [ 121.947792053222656, 1.066709756851196 ], [ 121.946876525878906, 1.06630098819744 ], [ 121.946067810058594, 1.065889477729741 ], [ 121.945762634277457, 1.065773844719047 ], [ 121.944839477539176, 1.065398454666138 ], [ 121.94351959228527, 1.065089344978389 ], [ 121.942680358886719, 1.064862251281852 ], [ 121.942314147949446, 1.064760923385734 ], [ 121.942138671875114, 1.064698219299373 ], [ 121.941368103027457, 1.064380288124141 ], [ 121.94004058837902, 1.06401264667511 ], [ 121.938949584961051, 1.06373119354248 ], [ 121.937980651855582, 1.063463807106132 ], [ 121.93546295166027, 1.062697649002018 ], [ 121.931396484375, 1.061446428299007 ], [ 121.928825378418082, 1.060552477836723 ], [ 121.918830871582031, 1.05718290805811 ], [ 121.909927368164176, 1.054151058197021 ], [ 121.904403686523551, 1.050767660141048 ], [ 121.904052734375, 1.050552845001334 ], [ 121.893608093261719, 1.043846130371094 ] ] ] ] } },
{ "type": "Feature", "properties": { "GID_0": "IDN", "NAME_0": "Indonesia", "GID_1": "IDN.27_1", "NAME_1": "Sulawesi Tengah", "GID_2": "IDN.27.3_1", "NAME_2": "Buol", "GID_3": "IDN.27.3.10_1", "NAME_3": "Paleleh", "GID_4": "IDN.27.3.10.7_1", "NAME_4": "Mulangato", "VARNAME_4": null, "TYPE_4": "Desa", "ENGTYPE_4": "Village", "CC_4": "7207050013" }, "geometry": { "type": "MultiPolygon", "coordinates": [ [ [ [ 122.113121032714844, 1.013075470924321 ], [ 122.112052917480469, 1.012521862983704 ], [ 122.110244750976562, 1.011583805084229 ], [ 122.1080322265625, 1.010142445564327 ], [ 122.107139587402457, 1.009357571601868 ], [ 122.105583190918196, 1.007996320724544 ], [ 122.103500366211051, 1.006309866905269 ], [ 122.10257720947277, 1.005612850189266 ], [ 122.101325988769531, 1.004669070243892 ], [ 122.099922180175895, 1.003864765167293 ], [ 122.09869384765625, 1.003164768219108 ], [ 122.096038818359602, 1.001833200454769 ], [ 122.095138549804801, 1.001274466514587 ], [ 122.092971801757812, 1.000002026557979 ], [ 122.092697143554688, 0.99981331825262 ], [ 122.091499328613395, 0.9997700452804 ], [ 122.089263916015625, 0.999689161777496 ], [ 122.08750152587902, 0.999289453029633 ], [ 122.086685180664062, 0.999105036258698 ], [ 122.084358215332031, 0.998578965663967 ], [ 122.082473754882812, 1.000002145767326 ], [ 122.081588745117301, 1.000928878784237 ], [ 122.080390930175781, 1.002183556556759 ], [ 122.07916259765625, 1.003812074661312 ], [ 122.078269958496094, 1.0052090883255 ], [ 122.0775146484375, 1.005793213844299 ], [ 122.077865600585938, 1.007276177406425 ], [ 122.0809326171875, 1.014442920684871 ], [ 122.082420349121094, 1.017981648445129 ], [ 122.082748413086051, 1.018686294555664 ], [ 122.083663940429801, 1.020844459533748 ], [ 122.084991455078239, 1.023522257804871 ], [ 122.086128234863509, 1.025958895683345 ], [ 122.087905883789176, 1.031648159027156 ], [ 122.08866119384777, 1.034169554710331 ], [ 122.089637756347656, 1.037255883216915 ], [ 122.090980529785156, 1.040533900261039 ], [ 122.09360504150402, 1.047206044197196 ], [ 122.09429931640625, 1.04905092716217 ], [ 122.095321655273551, 1.063215494155997 ], [ 122.097221374511832, 1.069832801818904 ], [ 122.098403930664176, 1.070039987564087 ], [ 122.099273681640625, 1.069006323814449 ], [ 122.100303649902457, 1.069006681442318 ], [ 122.101020812988395, 1.069523811340332 ], [ 122.102668762207031, 1.069576025009098 ], [ 122.103439331054688, 1.06869745254528 ], [ 122.10400390625, 1.068077206611747 ], [ 122.106468200683594, 1.068129658699036 ], [ 122.107650756835938, 1.068801999092159 ], [ 122.108985900878906, 1.068802475929374 ], [ 122.109649658203239, 1.067768692970219 ], [ 122.109649658203239, 1.066321253776664 ], [ 122.106674194335938, 1.063735723495597 ], [ 122.106575012207145, 1.06223654747015 ], [ 122.107803344726562, 1.060324192047176 ], [ 122.108474731445426, 1.057636260986328 ], [ 122.109703063964844, 1.058412075042668 ], [ 122.110374450683707, 1.05867075920105 ], [ 122.111198425292969, 1.05841255187994 ], [ 122.1124267578125, 1.056551814079285 ], [ 122.113922119140625, 1.05682194232952 ], [ 122.115142822265739, 1.057232499122733 ], [ 122.117881774902344, 1.056881666183472 ], [ 122.118408203125114, 1.05600285530096 ], [ 122.118644714355469, 1.054847717285099 ], [ 122.117202758789062, 1.052882909774837 ], [ 122.117202758789062, 1.051590561866874 ], [ 122.11881256103527, 1.051139354705811 ], [ 122.119155883789176, 1.047610640525932 ], [ 122.12070465087902, 1.046975493431148 ], [ 122.121917724609375, 1.046567797660884 ], [ 122.12213134765625, 1.045607686042729 ], [ 122.122756958007926, 1.04538881778717 ], [ 122.123733520507926, 1.046136260032654 ], [ 122.123992919921875, 1.046640396118278 ], [ 122.12420654296875, 1.047024488449154 ], [ 122.124519348144645, 1.047624588012809 ], [ 122.1246337890625, 1.047960639000053 ], [ 122.124656677246321, 1.04841673374176 ], [ 122.124755859375, 1.048632740974483 ], [ 122.124877929687614, 1.048800826072636 ], [ 122.124992370605469, 1.048992872238273 ], [ 122.125091552734489, 1.049328923225517 ], [ 122.12518310546875, 1.050120949745235 ], [ 122.1268310546875, 1.050001382827816 ], [ 122.126564025879134, 1.050625443458557 ], [ 122.12530517578125, 1.051105141639823 ], [ 122.124656677246321, 1.051944971084538 ], [ 122.124374389648438, 1.052544951439017 ], [ 122.124328613281364, 1.053624987602291 ], [ 122.125114440917969, 1.054273366928157 ], [ 122.126136779785156, 1.054729700088558 ], [ 122.127838134765625, 1.055653929710445 ], [ 122.130104064941406, 1.056943774223441 ], [ 122.131210327148551, 1.057002663612479 ], [ 122.133018493652344, 1.055889844894409 ], [ 122.135116577148438, 1.054777026176509 ], [ 122.137153625488281, 1.052375078201408 ], [ 122.138603210449332, 1.052961468696708 ], [ 122.14017486572277, 1.05243444442749 ], [ 122.140060424804688, 1.050201296806335 ], [ 122.140167236328239, 1.048081755638179 ], [ 122.141296386718864, 1.046427845955009 ], [ 122.142662048339844, 1.046189546585083 ], [ 122.14469146728527, 1.046502113342285 ], [ 122.145774841308594, 1.046513915062064 ], [ 122.147254943847656, 1.046171069145259 ], [ 122.148574829101562, 1.046222805976925 ], [ 122.148674011230469, 1.043400049209595 ], [ 122.149002075195312, 1.032317280769348 ], [ 122.149040222167969, 1.032100915908927 ], [ 122.152923583984489, 1.025773525238151 ], [ 122.153221130371094, 1.024766683578491 ], [ 122.151359558105696, 1.0241796970368 ], [ 122.150901794433594, 1.023614287376404 ], [ 122.148887634277457, 1.021511077880973 ], [ 122.148132324218864, 1.021244525909538 ], [ 122.147300720214844, 1.02095365524292 ], [ 122.146789550781364, 1.020575523376522 ], [ 122.146110534667969, 1.020073056220951 ], [ 122.144187927246094, 1.019427418708801 ], [ 122.1419677734375, 1.018781661987305 ], [ 122.14127349853527, 1.018370985984916 ], [ 122.140472412109375, 1.018465518951473 ], [ 122.139274597167969, 1.019243955612183 ], [ 122.138031005859489, 1.019633054733276 ], [ 122.136291503906477, 1.019944071769771 ], [ 122.135093688964844, 1.019659519195557 ], [ 122.133979797363281, 1.019248723983821 ], [ 122.132644653320312, 1.018779873848075 ], [ 122.130760192871321, 1.019340157508964 ], [ 122.129669189453239, 1.019071578979549 ], [ 122.128326416015739, 1.018719315528983 ], [ 122.12680816650402, 1.018308401107902 ], [ 122.126228332519645, 1.018267989158744 ], [ 122.125511169433594, 1.018218755722046 ], [ 122.124504089355582, 1.015414834022579 ], [ 122.123733520507926, 1.013428807258606 ], [ 122.123031616210938, 1.012299418449459 ], [ 122.121559143066406, 1.012065291404781 ], [ 122.118698120117188, 1.012415051460323 ], [ 122.115791320800781, 1.012959361076412 ], [ 122.113121032714844, 1.013075470924321 ] ] ] ] } },
{ "type": "Feature", "properties": { "GID_0": "IDN", "NAME_0": "Indonesia", "GID_1": "IDN.27_1", "NAME_1": "Sulawesi Tengah", "GID_2": "IDN.27.3_1", "NAME_2": "Buol", "GID_3": "IDN.27.3.10_1", "NAME_3": "Paleleh", "GID_4": "IDN.27.3.10.8_1", "NAME_4": "Paleleh", "VARNAME_4": null, "TYPE_4": "Desa", "ENGTYPE_4": "Village", "CC_4": "7207050006" }, "geometry": { "type": "MultiPolygon", "coordinates": [ [ [ [ 121.964134216308594, 1.052269339561519 ], [ 121.962272644042969, 1.052034378051701 ], [ 121.96209716796875, 1.053674936294556 ], [ 121.963317871093864, 1.054554343223515 ], [ 121.963554382324332, 1.056839704513607 ], [ 121.966697692871094, 1.060239315032959 ], [ 121.967163085937614, 1.063696622848624 ], [ 121.97000885009777, 1.065455436706543 ], [ 121.96954345703125, 1.069205403328056 ], [ 121.969482421875, 1.072662591934204 ], [ 121.970069885253906, 1.073131561279297 ], [ 121.970298767089844, 1.073073029518184 ], [ 121.973098754882812, 1.072077870368958 ], [ 121.974082946777344, 1.070378899574337 ], [ 121.975311279297102, 1.069324612617606 ], [ 121.976417541503906, 1.067977190017757 ], [ 121.976417541503906, 1.065399050712699 ], [ 121.975196838378906, 1.064050912857169 ], [ 121.974433898925781, 1.061999797821102 ], [ 121.97269439697277, 1.060475707054252 ], [ 121.972106933593864, 1.058014392852726 ], [ 121.970367431640739, 1.056373119354305 ], [ 121.96768951416027, 1.053501009941101 ], [ 121.964134216308594, 1.052269339561519 ] ] ], [ [ [ 121.946258544921875, 1.040138363838196 ], [ 121.946540832519645, 1.040644526481742 ], [ 121.947242736816406, 1.041982173919678 ], [ 121.9473876953125, 1.042324662208614 ], [ 121.94793701171875, 1.043894290924186 ], [ 121.948921203613281, 1.046092987060604 ], [ 121.948982238769759, 1.046249508857727 ], [ 121.948287963867301, 1.047055840492249 ], [ 121.947219848632812, 1.048190832138175 ], [ 121.944358825683594, 1.049744844436759 ], [ 121.942489624023438, 1.051394581794852 ], [ 121.942237854003906, 1.051603198051566 ], [ 121.941635131835938, 1.052130222320613 ], [ 121.941497802734375, 1.052267789840812 ], [ 121.941085815429688, 1.052633166313171 ], [ 121.941947937011832, 1.052566170692558 ], [ 121.944351196289062, 1.052330851554871 ], [ 121.94443511962902, 1.052323102951163 ], [ 121.944915771484375, 1.052295088768005 ], [ 121.945243835449332, 1.052252411842403 ], [ 121.945487976074219, 1.052229166030884 ], [ 121.945693969726562, 1.052206993103027 ], [ 121.946067810058594, 1.052172183990479 ], [ 121.946372985839957, 1.052152514457816 ], [ 121.946739196777457, 1.052110910415649 ], [ 121.947380065917969, 1.052051782608089 ], [ 121.948310852050781, 1.051981210708675 ], [ 121.949104309082031, 1.051903963088989 ], [ 121.949691772460938, 1.051844835281429 ], [ 121.950332641601676, 1.051756262779236 ], [ 121.951988220214844, 1.051497220993156 ], [ 121.9534912109375, 1.05125808715826 ], [ 121.954322814941634, 1.053382396698112 ], [ 121.954475402832031, 1.053779959678707 ], [ 121.954513549804915, 1.053885936737117 ], [ 121.955795288085938, 1.057146787643546 ], [ 121.95590972900402, 1.057449936866817 ], [ 121.956283569336051, 1.058403849601746 ], [ 121.95654296875, 1.059071063995361 ], [ 121.956962585449219, 1.060165524482727 ], [ 121.957138061523438, 1.060577511787471 ], [ 121.957389831543082, 1.061238288879508 ], [ 121.957855224609375, 1.061140179634151 ], [ 121.958236694335938, 1.060801506042594 ], [ 121.958442687988281, 1.060293436050472 ], [ 121.958427429199219, 1.059742927551213 ], [ 121.957878112792969, 1.058641791343803 ], [ 121.957687377929688, 1.057985305786133 ], [ 121.957328796386719, 1.057222962379399 ], [ 121.957290649414062, 1.056841850280762 ], [ 121.956657409668082, 1.056100606918392 ], [ 121.956130981445312, 1.055105328559989 ], [ 121.955902099609489, 1.054321765899715 ], [ 121.955757141113281, 1.053284287452755 ], [ 121.955757141113281, 1.051653981208801 ], [ 121.955589294433594, 1.050997495651359 ], [ 121.9554443359375, 1.050595164299125 ], [ 121.955024719238281, 1.050425648689384 ], [ 121.954788208007812, 1.050425648689384 ], [ 121.954444885253906, 1.049993753433284 ], [ 121.9542236328125, 1.049370408058167 ], [ 121.954093933105469, 1.048662066459769 ], [ 121.953895568847656, 1.047528624534607 ], [ 121.953811645507926, 1.046437621116638 ], [ 121.953697204589844, 1.046225190162772 ], [ 121.95359039306652, 1.04588520526886 ], [ 121.953529357910156, 1.04575777053833 ], [ 121.953460693359375, 1.045573592185974 ], [ 121.953376770019759, 1.045403599739188 ], [ 121.953277587890625, 1.044893503189087 ], [ 121.953292846679688, 1.044482588768005 ], [ 121.953094482421875, 1.043802618980521 ], [ 121.952995300293196, 1.043321013450679 ], [ 121.952980041503906, 1.042414188384953 ], [ 121.953102111816406, 1.041776418685856 ], [ 121.95269775390625, 1.041597485542354 ], [ 121.95096588134777, 1.04067170619976 ], [ 121.950859069824219, 1.040642619132939 ], [ 121.948501586914062, 1.040112257003841 ], [ 121.946258544921875, 1.040138363838196 ] ] ] ] } },
{ "type": "Feature", "properties": { "GID_0": "IDN", "NAME_0": "Indonesia", "GID_1": "IDN.27_1", "NAME_1": "Sulawesi Tengah", "GID_2": "IDN.27.3_1", "NAME_2": "Buol", "GID_3": "IDN.27.3.10_1", "NAME_3": "Paleleh", "GID_4": "IDN.27.3.10.9_1", "NAME_4": "Pionoto", "VARNAME_4": null, "TYPE_4": "Desa", "ENGTYPE_4": "Village", "CC_4": "7207050012" }, "geometry": { "type": "MultiPolygon", "coordinates": [ [ [ [ 122.029296875000114, 0.968331396579856 ], [ 122.028076171875, 0.965974390506688 ], [ 122.027038574218864, 0.963960170745963 ], [ 122.026451110839957, 0.962820947170371 ], [ 122.025894165039176, 0.961746275425014 ], [ 122.025131225586051, 0.960260510444641 ], [ 122.023109436035156, 0.958103895187435 ], [ 122.017898559570426, 0.956870377063865 ], [ 122.017402648925781, 0.955665826797599 ], [ 122.0169677734375, 0.954609632492065 ], [ 122.014724731445312, 0.953771948814449 ], [ 122.012573242187614, 0.952967166900578 ], [ 122.011337280273438, 0.9525066614151 ], [ 122.010040283203239, 0.952020466327724 ], [ 122.008934020996207, 0.950911343097687 ], [ 122.00852203369152, 0.950093924999294 ], [ 122.007652282714844, 0.948385357856807 ], [ 122.008003234863281, 0.949877858161983 ], [ 122.017997741699219, 1.008592247962952 ], [ 122.020416259765625, 1.016995310783443 ], [ 122.0225830078125, 1.024569630622864 ], [ 122.025375366210938, 1.026331663131771 ], [ 122.028709411621321, 1.028479576110954 ], [ 122.028892517089844, 1.028552293777523 ], [ 122.02899169921875, 1.028615236282405 ], [ 122.03275299072277, 1.030115127563477 ], [ 122.033279418945312, 1.030371427536011 ], [ 122.036323547363281, 1.031924605369625 ], [ 122.042060852051009, 1.034165859222526 ], [ 122.047897338867188, 1.036139845848083 ], [ 122.060699462890625, 1.03709352016449 ], [ 122.063507080078125, 1.037296414375419 ], [ 122.067070007324332, 1.037574291229191 ], [ 122.072219848632926, 1.038089394569454 ], [ 122.074241638183594, 1.038313984871024 ], [ 122.077217102050895, 1.038632750511226 ], [ 122.079597473144531, 1.038826704025269 ], [ 122.079963684082031, 1.038863778114319 ], [ 122.082313537597884, 1.039163947105465 ], [ 122.083686828613395, 1.039335370063782 ], [ 122.086311340332259, 1.039771437644958 ], [ 122.087356567382812, 1.039962291717586 ], [ 122.087890625000114, 1.040033221244926 ], [ 122.090980529785156, 1.040533900261039 ], [ 122.089637756347656, 1.037255883216915 ], [ 122.08866119384777, 1.034169554710331 ], [ 122.087905883789176, 1.031648159027156 ], [ 122.086128234863509, 1.025958895683345 ], [ 122.084991455078239, 1.023522257804871 ], [ 122.083663940429801, 1.020844459533748 ], [ 122.082748413086051, 1.018686294555664 ], [ 122.082420349121094, 1.017981648445129 ], [ 122.0809326171875, 1.014442920684871 ], [ 122.077865600585938, 1.007276177406425 ], [ 122.0775146484375, 1.005793213844299 ], [ 122.076751708984375, 1.006381630897522 ], [ 122.075935363769531, 1.006205439567566 ], [ 122.074653625488281, 1.005711674690247 ], [ 122.07395172119152, 1.005442500114441 ], [ 122.070976257324219, 1.004092812538147 ], [ 122.069618225097656, 1.003139376640263 ], [ 122.068473815917969, 1.002332687378043 ], [ 122.067558288574219, 1.001594901085014 ], [ 122.066429138183594, 1.00068998336792 ], [ 122.065681457519531, 1.000002145767326 ], [ 122.062210083007812, 0.997997760772819 ], [ 122.059524536132812, 0.996834158897514 ], [ 122.058670043945426, 0.996875345707053 ], [ 122.056610107421989, 0.996973514556998 ], [ 122.055702209472656, 0.996479988098145 ], [ 122.053710937500114, 0.995397210121212 ], [ 122.052001953125114, 0.994469940662498 ], [ 122.051132202148438, 0.99323225021368 ], [ 122.050529479980582, 0.992375075817165 ], [ 122.049690246582259, 0.991748869419098 ], [ 122.048873901367188, 0.991142570972499 ], [ 122.048118591308594, 0.990754306316489 ], [ 122.047142028808594, 0.990256369113922 ], [ 122.045738220214957, 0.98954164981842 ], [ 122.044891357421875, 0.989108622074127 ], [ 122.042320251464957, 0.989477455616111 ], [ 122.041572570800781, 0.987465798854942 ], [ 122.04072570800804, 0.985164940357265 ], [ 122.038337707519531, 0.98257702589035 ], [ 122.037826538085938, 0.981698274612427 ], [ 122.037025451660156, 0.980319857597408 ], [ 122.035125732421875, 0.976192057132721 ], [ 122.033348083496207, 0.974097132682857 ], [ 122.032516479492188, 0.973106801509857 ], [ 122.030349731445312, 0.970523416996059 ], [ 122.029296875000114, 0.968331396579856 ] ] ] ] } },
{ "type": "Feature", "properties": { "GID_0": "IDN", "NAME_0": "Indonesia", "GID_1": "IDN.27_1", "NAME_1": "Sulawesi Tengah", "GID_2": "IDN.27.3_1", "NAME_2": "Buol", "GID_3": "IDN.27.3.10_1", "NAME_3": "Paleleh", "GID_4": "IDN.27.3.10.10_1", "NAME_4": "Talaki", "VARNAME_4": null, "TYPE_4": "Desa", "ENGTYPE_4": "Village", "CC_4": "7207050010" }, "geometry": { "type": "MultiPolygon", "coordinates": [ [ [ [ 121.982528686523438, 0.907362461090145 ], [ 121.98175048828125, 0.906684041023311 ], [ 121.98087310791027, 0.906109988689479 ], [ 121.979522705078239, 0.905535757541713 ], [ 121.978744506836165, 0.905239939689693 ], [ 121.978393554687614, 0.905103087425232 ], [ 121.978019714355582, 0.904961109161434 ], [ 121.977325439453125, 0.904696524143219 ], [ 121.976554870605469, 0.904463052749691 ], [ 121.975784301757812, 0.904230535030479 ], [ 121.975189208984489, 0.904247581958771 ], [ 121.974807739257926, 0.904258370399532 ], [ 121.973968505859602, 0.904282212257442 ], [ 121.973136901855469, 0.904490649700165 ], [ 121.972358703613281, 0.904743909835872 ], [ 121.972053527832031, 0.904843747615871 ], [ 121.971763610839844, 0.904940247535762 ], [ 121.971061706542969, 0.90516817569744 ], [ 121.970283508300781, 0.905585289001522 ], [ 121.968986511230469, 0.905793607234955 ], [ 121.96811676025402, 0.905934810638428 ], [ 121.967376708984375, 0.906053960323391 ], [ 121.967292785644759, 0.906857967376823 ], [ 121.965232849121207, 0.916432380676326 ], [ 121.965217590332145, 0.916505932808036 ], [ 121.965103149414062, 0.925442278385162 ], [ 121.965019226074332, 0.929126024246216 ], [ 121.965042114257926, 0.929796040058136 ], [ 121.965019226074332, 0.931886672973633 ], [ 121.965263366699332, 0.93527626991272 ], [ 121.965408325195426, 0.93898564577114 ], [ 121.966094970703125, 0.947125792503414 ], [ 121.96640777587902, 0.951571404933986 ], [ 121.966712951660156, 0.956533908843994 ], [ 121.969161987304688, 0.967707574367523 ], [ 121.971076965332031, 0.976847827434653 ], [ 121.981353759765625, 1.00678467750555 ], [ 121.984733581542969, 1.016208529472408 ], [ 121.985252380371207, 1.0176877975465 ], [ 121.987213134765625, 1.021938681602421 ], [ 121.988189697265625, 1.024078607559261 ], [ 121.988395690917969, 1.024530768394584 ], [ 121.991035461425781, 1.025654196739254 ], [ 121.992622375488281, 1.027257084846497 ], [ 121.994010925293082, 1.027981281280518 ], [ 121.996170043945426, 1.028188705444393 ], [ 121.996368408203125, 1.028188824653739 ], [ 121.998580932617415, 1.02818942070013 ], [ 122.000221252441406, 1.028913736343327 ], [ 122.000991821289062, 1.030102849006596 ], [ 122.001243591308821, 1.031553030014095 ], [ 122.001457214355582, 1.034134984016475 ], [ 122.001815795898665, 1.035840988159237 ], [ 122.001937866210938, 1.035980463028068 ], [ 122.002792358398551, 1.036926865577811 ], [ 122.004486083984602, 1.037082433700618 ], [ 122.005821228027571, 1.036566019058228 ], [ 122.006591796875227, 1.035739183425903 ], [ 122.008079528808594, 1.035171031951961 ], [ 122.010803222656364, 1.035016775131282 ], [ 122.012344360351676, 1.036206126213074 ], [ 122.012443542480469, 1.037446856498718 ], [ 122.013267517090071, 1.038222432136536 ], [ 122.014083862304801, 1.038584589958134 ], [ 122.01541900634777, 1.039877295494193 ], [ 122.016807556152344, 1.040498137474174 ], [ 122.019065856933594, 1.041015744209403 ], [ 122.02091217041027, 1.040757894515991 ], [ 122.021942138671875, 1.039982795715389 ], [ 122.022529602050781, 1.040654540061894 ], [ 122.024971008300895, 1.041999697685242 ], [ 122.026512145996094, 1.043085813522339 ], [ 122.02825927734375, 1.045360803604183 ], [ 122.02933502197277, 1.045154333114738 ], [ 122.030105590820426, 1.044637680053825 ], [ 122.031028747558707, 1.043242216110286 ], [ 122.032417297363281, 1.044276595115662 ], [ 122.03375244140625, 1.046241283416805 ], [ 122.03472900390625, 1.046913623809928 ], [ 122.035758972167969, 1.046965599060172 ], [ 122.036727905273665, 1.047121047973633 ], [ 122.038047790527344, 1.048050165176392 ], [ 122.037551879882926, 1.044592022895927 ], [ 122.037391662597656, 1.042216420173759 ], [ 122.035682678222656, 1.040246605873108 ], [ 122.035392761230696, 1.039918541908321 ], [ 122.033500671386832, 1.037866950035209 ], [ 122.029388427734375, 1.034608960151616 ], [ 122.029159545898551, 1.03427875041973 ], [ 122.029098510742415, 1.034227609634399 ], [ 122.027984619140739, 1.03257596492773 ], [ 122.026771545410156, 1.030821561813411 ], [ 122.022613525390852, 1.024681806564274 ], [ 122.0225830078125, 1.024569630622864 ], [ 122.020416259765625, 1.016995310783443 ], [ 122.017997741699219, 1.008592247962952 ], [ 122.008003234863281, 0.949877858161983 ], [ 122.007652282714844, 0.948385357856807 ], [ 122.006858825683594, 0.947946846485195 ], [ 122.005752563476562, 0.947337567806358 ], [ 122.003181457519645, 0.945524871349392 ], [ 122.002693176269531, 0.945182442665214 ], [ 122.001647949218864, 0.94444119930273 ], [ 122.000335693359489, 0.943059980869407 ], [ 121.999717712402571, 0.94278401136404 ], [ 121.999099731445312, 0.942506968975181 ], [ 121.998435974121207, 0.94256055355072 ], [ 121.997802734375, 0.942610919475669 ], [ 121.996665954590071, 0.942610561847744 ], [ 121.995414733886719, 0.942610204219875 ], [ 121.994483947753906, 0.942505598068237 ], [ 121.993858337402457, 0.942192435264644 ], [ 121.993293762207145, 0.941670596599522 ], [ 121.992774963378906, 0.940940082073325 ], [ 121.992095947265852, 0.939740061760006 ], [ 121.990852355957031, 0.938174724578857 ], [ 121.989448547363395, 0.936505019664821 ], [ 121.988517761230582, 0.93540924787527 ], [ 121.988098144531364, 0.934435486793518 ], [ 121.987510681152571, 0.932971239089966 ], [ 121.987113952636719, 0.931983351707402 ], [ 121.985397338867188, 0.929896235466003 ], [ 121.984619140625, 0.92885267734539 ], [ 121.983688354492188, 0.92754822969448 ], [ 121.983322143554915, 0.926504790783042 ], [ 121.983222961425781, 0.923531293869075 ], [ 121.983596801757812, 0.921723544597739 ], [ 121.984733581542969, 0.92088919878006 ], [ 121.985466003418082, 0.920211255550328 ], [ 121.986503601074219, 0.91906392574316 ], [ 121.986503601074219, 0.918385744094905 ], [ 121.986190795898551, 0.917185842990932 ], [ 121.985412597656477, 0.915620625019187 ], [ 121.985099792480582, 0.914420723915157 ], [ 121.985099792480582, 0.913638234138546 ], [ 121.985153198242188, 0.912751376628989 ], [ 121.985206604003906, 0.911447227001247 ], [ 121.985153198242188, 0.910456061363334 ], [ 121.984634399414062, 0.909725606441555 ], [ 121.983650207519531, 0.908994972705955 ], [ 121.983131408691634, 0.908160209655819 ], [ 121.982528686523438, 0.907362461090145 ] ] ] ] } },
{ "type": "Feature", "properties": { "GID_0": "IDN", "NAME_0": "Indonesia", "GID_1": "IDN.27_1", "NAME_1": "Sulawesi Tengah", "GID_2": "IDN.27.3_1", "NAME_2": "Buol", "GID_3": "IDN.27.3.10_1", "NAME_3": "Paleleh", "GID_4": "IDN.27.3.10.11_1", "NAME_4": "Tolau", "VARNAME_4": null, "TYPE_4": "Desa", "ENGTYPE_4": "Village", "CC_4": "7207050007" }, "geometry": { "type": "MultiPolygon", "coordinates": [ [ [ [ 121.906730651855469, 0.956792533397788 ], [ 121.906585693359375, 0.957416534423885 ], [ 121.906455993652571, 0.958139777183646 ], [ 121.905830383300781, 0.959078550338859 ], [ 121.905105590820312, 0.959756433963832 ], [ 121.904434204101562, 0.960431993007717 ], [ 121.903442382812614, 0.961425185203609 ], [ 121.90277099609375, 0.962833404541016 ], [ 121.902091979980582, 0.963876485824585 ], [ 121.901473999023438, 0.964137136936301 ], [ 121.900642395019531, 0.964136838912964 ], [ 121.899658203125114, 0.964136540889854 ], [ 121.899032592773551, 0.96444928646099 ], [ 121.897789001464844, 0.965648710727748 ], [ 121.897102355957259, 0.966135263442993 ], [ 121.896018981933707, 0.966900050640163 ], [ 121.895362854003906, 0.967528700828609 ], [ 121.894775390625, 0.96808743476879 ], [ 121.893997192382812, 0.968829512596244 ], [ 121.89298248291027, 0.970646023750362 ], [ 121.892364501953239, 0.971949934959412 ], [ 121.89190673828125, 0.972686886787471 ], [ 121.894363403320312, 0.985764026641846 ], [ 121.896942138671989, 0.999278903007621 ], [ 121.897720336914176, 1.003681540489197 ], [ 121.898017883300781, 1.005242228508052 ], [ 121.899261474609489, 1.01138794422161 ], [ 121.900482177734375, 1.018387079238948 ], [ 121.900741577148551, 1.019798874854985 ], [ 121.90079498291027, 1.019917130470276 ], [ 121.901077270507812, 1.020619988441581 ], [ 121.902252197265852, 1.023648262024039 ], [ 121.902374267578125, 1.023842215538082 ], [ 121.902465820312614, 1.024068832397575 ], [ 121.907684326171875, 1.032337307930106 ], [ 121.908515930175781, 1.033656001091003 ], [ 121.908561706543082, 1.033725619316158 ], [ 121.920066833496207, 1.042664766311759 ], [ 121.923896789550781, 1.045653820037842 ], [ 121.924018859863395, 1.045735955238399 ], [ 121.925186157226676, 1.046512484550533 ], [ 121.931900024414062, 1.050977110862732 ], [ 121.934494018554915, 1.05241596698761 ], [ 121.939178466796875, 1.052810072898922 ], [ 121.940010070800781, 1.052732467651367 ], [ 121.941024780273551, 1.052684903144893 ], [ 121.941085815429688, 1.052633166313171 ], [ 121.941497802734375, 1.052267789840812 ], [ 121.941635131835938, 1.052130222320613 ], [ 121.942237854003906, 1.051603198051566 ], [ 121.942489624023438, 1.051394581794852 ], [ 121.944358825683594, 1.049744844436759 ], [ 121.947219848632812, 1.048190832138175 ], [ 121.948287963867301, 1.047055840492249 ], [ 121.948982238769759, 1.046249508857727 ], [ 121.948921203613281, 1.046092987060604 ], [ 121.94793701171875, 1.043894290924186 ], [ 121.9473876953125, 1.042324662208614 ], [ 121.947242736816406, 1.041982173919678 ], [ 121.946540832519645, 1.040644526481742 ], [ 121.946258544921875, 1.040138363838196 ], [ 121.939277648925895, 1.033810734748897 ], [ 121.937873840332031, 1.03254330158245 ], [ 121.937789916992301, 1.032461524009818 ], [ 121.936599731445426, 1.0311101675033 ], [ 121.933502197265625, 1.027629733085689 ], [ 121.931747436523438, 1.025619029998779 ], [ 121.928543090820312, 1.021997809410152 ], [ 121.924896240234375, 1.016205906868038 ], [ 121.924697875976562, 1.015860080718994 ], [ 121.924613952636832, 1.015716075897274 ], [ 121.92423248291027, 1.015026092529411 ], [ 121.919692993164062, 1.006915688514709 ], [ 121.917938232421989, 0.999844491481781 ], [ 121.917716979980582, 0.998994827270621 ], [ 121.908050537109489, 0.961865127086696 ], [ 121.906730651855469, 0.956792533397788 ] ] ] ] } },
{ "type": "Feature", "properties": { "GID_0": "IDN", "NAME_0": "Indonesia", "GID_1": "IDN.27_1", "NAME_1": "Sulawesi Tengah", "GID_2": "IDN.27.3_1", "NAME_2": "Buol", "GID_3": "IDN.27.3.10_1", "NAME_3": "Paleleh", "GID_4": "IDN.27.3.10.12_1", "NAME_4": "Umu", "VARNAME_4": null, "TYPE_4": "Desa", "ENGTYPE_4": "Village", "CC_4": "7207050014" }, "geometry": { "type": "MultiPolygon", "coordinates": [ [ [ [ 122.153221130371094, 1.024766683578491 ], [ 122.152923583984489, 1.025773525238151 ], [ 122.149040222167969, 1.032100915908927 ], [ 122.149002075195312, 1.032317280769348 ], [ 122.148674011230469, 1.043400049209595 ], [ 122.148574829101562, 1.046222805976925 ], [ 122.150459289550895, 1.046743631362972 ], [ 122.150459289550895, 1.047631740570125 ], [ 122.150459289550895, 1.048519849777279 ], [ 122.151794433593864, 1.048808217048645 ], [ 122.152275085449219, 1.049600481987113 ], [ 122.154060363769645, 1.049865007400626 ], [ 122.155303955078125, 1.04926526546484 ], [ 122.155517578125, 1.048329234123344 ], [ 122.155281066894531, 1.047129034996033 ], [ 122.154632568359489, 1.04662477970129 ], [ 122.155204772949332, 1.045040845870972 ], [ 122.156234741210938, 1.043888926506099 ], [ 122.157730102539062, 1.042762041091976 ], [ 122.15787506103527, 1.04199326038372 ], [ 122.157661437988395, 1.041393160820064 ], [ 122.158805847168082, 1.038575053215027 ], [ 122.159576416015739, 1.036929249763432 ], [ 122.161117553711051, 1.034956932067985 ], [ 122.162254333496207, 1.033820033073482 ], [ 122.163276672363281, 1.03325164318079 ], [ 122.168106079101562, 1.033718109130973 ], [ 122.169334411621207, 1.035010814666805 ], [ 122.169181823730469, 1.038577795028743 ], [ 122.169486999511832, 1.040180444717407 ], [ 122.169746398925781, 1.041886448860168 ], [ 122.170158386230469, 1.043230533599854 ], [ 122.170463562011832, 1.045453548431453 ], [ 122.172515869140625, 1.047263383865356 ], [ 122.176116943359375, 1.046954154968262 ], [ 122.182075500488395, 1.044112563133353 ], [ 122.181816101074219, 1.048661708831901 ], [ 122.181610107421875, 1.052745580673331 ], [ 122.182945251464844, 1.053986549377441 ], [ 122.183197021484375, 1.055382370948848 ], [ 122.184226989746207, 1.056106448173523 ], [ 122.184326171875, 1.057088613510132 ], [ 122.186386108398438, 1.057037472725028 ], [ 122.186637878418196, 1.056107044219914 ], [ 122.186798095703125, 1.055590152740479 ], [ 122.186485290527457, 1.054245948791618 ], [ 122.186027526855469, 1.052022933960018 ], [ 122.18479156494152, 1.051247239112968 ], [ 122.185615539550781, 1.049903392791805 ], [ 122.18597412109375, 1.048249244689941 ], [ 122.187103271484375, 1.0469571352005 ], [ 122.188423156738395, 1.045741915702877 ], [ 122.189674377441406, 1.044993400573844 ], [ 122.190650939941634, 1.043184280395565 ], [ 122.190750122070312, 1.04184019565588 ], [ 122.19162750244152, 1.040909886360168 ], [ 122.19260406494152, 1.041220307350216 ], [ 122.195182800292969, 1.039191603660583 ], [ 122.195541381835938, 1.038483738899288 ], [ 122.194458007812727, 1.038305640220699 ], [ 122.193817138671875, 1.03820371627819 ], [ 122.193397521972656, 1.038137555122319 ], [ 122.193138122558707, 1.038097023963985 ], [ 122.192008972168082, 1.038386464119014 ], [ 122.191192626953125, 1.038626551628226 ], [ 122.190032958984375, 1.039018630981559 ], [ 122.189750671386832, 1.039113879203853 ], [ 122.189163208007926, 1.03931450843811 ], [ 122.188774108886832, 1.038780093193111 ], [ 122.188484191894531, 1.038519620895499 ], [ 122.188301086425781, 1.038297772407645 ], [ 122.187568664550781, 1.037562727928162 ], [ 122.187347412109375, 1.037361025810355 ], [ 122.187171936035156, 1.037297368049735 ], [ 122.186431884765625, 1.037056803703308 ], [ 122.186203002929688, 1.037004590034542 ], [ 122.185829162597656, 1.03695106506359 ], [ 122.185310363769759, 1.03691840171814 ], [ 122.18363189697277, 1.036745071411246 ], [ 122.182441711426009, 1.036716222763175 ], [ 122.181182861328239, 1.03668582439434 ], [ 122.179199218750227, 1.037213087081909 ], [ 122.177337646484489, 1.036743402481193 ], [ 122.175529479980469, 1.036273837089652 ], [ 122.174942016601562, 1.034631490707341 ], [ 122.174713134765625, 1.032578825950623 ], [ 122.17500305175804, 1.031640529632625 ], [ 122.17529296875, 1.030174493789673 ], [ 122.174949645996094, 1.030057072639579 ], [ 122.17331695556652, 1.029470205307064 ], [ 122.17197418212902, 1.029235243797416 ], [ 122.171272277832031, 1.028707265853939 ], [ 122.170310974121207, 1.027833819389457 ], [ 122.168441772460938, 1.028699994087276 ], [ 122.167160034179688, 1.028816938400325 ], [ 122.166397094726562, 1.029520511627254 ], [ 122.165237426757812, 1.029637455940303 ], [ 122.163307189941406, 1.029754281044006 ], [ 122.161911010742301, 1.029929876327571 ], [ 122.160629272460938, 1.029870867729244 ], [ 122.159286499023438, 1.029108166694641 ], [ 122.158638000488395, 1.028600573539734 ], [ 122.15805816650402, 1.027860641479606 ], [ 122.157402038574219, 1.026731252670288 ], [ 122.156318664551009, 1.025601625442619 ], [ 122.154754638671875, 1.025233626365718 ], [ 122.153221130371094, 1.024766683578491 ] ] ] ] } },
{ "type": "Feature", "properties": { "GID_0": "IDN", "NAME_0": "Indonesia", "GID_1": "IDN.27_1", "NAME_1": "Sulawesi Tengah", "GID_2": "IDN.27.3_1", "NAME_2": "Buol", "GID_3": "IDN.27.3.9_1", "NAME_3": "Paleleh Barat", "GID_4": "IDN.27.3.9.1_1", "NAME_4": "Bodi", "VARNAME_4": null, "TYPE_4": "Desa", "ENGTYPE_4": "Village", "CC_4": "7207051001" }, "geometry": { "type": "MultiPolygon", "coordinates": [ [ [ [ 121.752281188964844, 1.073464870452995 ], [ 121.754524230957031, 1.072477936744747 ], [ 121.756622314453125, 1.071209669113216 ], [ 121.760536193847884, 1.070362567901611 ], [ 121.766830444336165, 1.071203708648738 ], [ 121.769767761230582, 1.07331395149231 ], [ 121.773284912109375, 1.076702713966483 ], [ 121.774940490722656, 1.074046373367253 ], [ 121.776481628417969, 1.071620464324894 ], [ 121.782524108886832, 1.061903953552246 ], [ 121.789779663086051, 1.050290703773499 ], [ 121.78995513916027, 1.049912929534969 ], [ 121.790077209472656, 1.049679517746029 ], [ 121.790428161621094, 1.048908591270504 ], [ 121.79640197753929, 1.03612232208252 ], [ 121.800987243652457, 1.026303529739437 ], [ 121.803367614746094, 1.022762417793331 ], [ 121.8087158203125, 1.014845609664974 ], [ 121.813095092773438, 1.008383989334106 ], [ 121.813896179199219, 1.007216811180172 ], [ 121.819160461425895, 0.99450379610073 ], [ 121.829429626464957, 0.969759047031403 ], [ 121.831993103027344, 0.962729573249874 ], [ 121.831710815429801, 0.96185618638998 ], [ 121.830673217773438, 0.960812568664551 ], [ 121.830047607421875, 0.960395038128013 ], [ 121.829376220703125, 0.960186123848018 ], [ 121.828384399414062, 0.960133612155971 ], [ 121.82745361328125, 0.960185468196869 ], [ 121.825531005859375, 0.960445642471313 ], [ 121.824188232421875, 0.960758149623928 ], [ 121.822624206542969, 0.961122751235962 ], [ 121.821640014648551, 0.961539745330811 ], [ 121.821174621582031, 0.961643874645233 ], [ 121.820915222167969, 0.961226463317871 ], [ 121.820709228515625, 0.960809111595267 ], [ 121.820503234863395, 0.960391700267905 ], [ 121.82028961181652, 0.95976567268383 ], [ 121.819984436035156, 0.959087491035575 ], [ 121.819465637207031, 0.958304822445029 ], [ 121.818634033203125, 0.957417786121482 ], [ 121.818176269531364, 0.95703828334814 ], [ 121.817176818847656, 0.95621752738964 ], [ 121.816299438476676, 0.955539047718048 ], [ 121.815521240234489, 0.954964995384216 ], [ 121.814743041992301, 0.954182267189083 ], [ 121.814224243164062, 0.953347504138947 ], [ 121.813858032226562, 0.952095448970738 ], [ 121.8134765625, 0.951229929924125 ], [ 121.812850952148551, 0.950708091259003 ], [ 121.811904907226676, 0.950236558914298 ], [ 121.81103515625, 0.950081527233124 ], [ 121.809997558593864, 0.950081169605255 ], [ 121.809318542480469, 0.95018523931509 ], [ 121.808181762695312, 0.950497806072235 ], [ 121.807136535644645, 0.95730859041214 ], [ 121.806083679199219, 0.962521016597748 ], [ 121.80743408203125, 0.96604555845272 ], [ 121.808876037597656, 0.969809591770286 ], [ 121.808784484863281, 0.97303485870367 ], [ 121.808624267578239, 0.979172706604004 ], [ 121.808601379394759, 0.979242742061615 ], [ 121.80594635009777, 0.984453439712581 ], [ 121.805252075195312, 0.986988067627067 ], [ 121.803977966308594, 0.990958690643367 ], [ 121.803558349609375, 0.991651117801666 ], [ 121.80161285400402, 0.994874358177242 ], [ 121.800247192382926, 0.997077047824973 ], [ 121.8001708984375, 0.997206807136536 ], [ 121.797470092773438, 1.001564145088139 ], [ 121.794845581054688, 1.007211923599357 ], [ 121.792671203613281, 1.011915087700004 ], [ 121.78875732421875, 1.017773628234806 ], [ 121.7880859375, 1.018778800964412 ], [ 121.784019470214957, 1.024882793426627 ], [ 121.776466369628906, 1.029799103736991 ], [ 121.776145935058594, 1.031262755394096 ], [ 121.773391723632926, 1.044041037559623 ], [ 121.7667236328125, 1.049576640129203 ], [ 121.76483154296875, 1.051153659820557 ], [ 121.759712219238281, 1.055422067642269 ], [ 121.758926391601562, 1.056460618972892 ], [ 121.754173278808594, 1.062848806381282 ], [ 121.753822326660156, 1.0633243322373 ], [ 121.753189086914062, 1.068091511726493 ], [ 121.75315093994152, 1.068284273147526 ], [ 121.753120422363395, 1.068536520004386 ], [ 121.752746582031364, 1.070728898048458 ], [ 121.752723693847884, 1.070898771286068 ], [ 121.752677917480469, 1.071154713630733 ], [ 121.752281188964844, 1.073464870452995 ] ] ] ] } },
{ "type": "Feature", "properties": { "GID_0": "IDN", "NAME_0": "Indonesia", "GID_1": "IDN.27_1", "NAME_1": "Sulawesi Tengah", "GID_2": "IDN.27.3_1", "NAME_2": "Buol", "GID_3": "IDN.27.3.9_1", "NAME_3": "Paleleh Barat", "GID_4": "IDN.27.3.9.2_1", "NAME_4": "Harmoni", "VARNAME_4": null, "TYPE_4": "Desa", "ENGTYPE_4": "Village", "CC_4": "7207051003" }, "geometry": { "type": "MultiPolygon", "coordinates": [ [ [ [ 121.842773437500114, 0.976742506027222 ], [ 121.839447021484375, 0.986795902252254 ], [ 121.836677551269645, 0.995234012603817 ], [ 121.833847045898551, 1.003968954086304 ], [ 121.833221435546989, 1.005748271942196 ], [ 121.832954406738281, 1.006549596786556 ], [ 121.83221435546875, 1.008604168891907 ], [ 121.830642700195312, 1.013067126274223 ], [ 121.828338623046875, 1.019414663314933 ], [ 121.818687438964844, 1.034087777137756 ], [ 121.8155517578125, 1.040023803710938 ], [ 121.812805175781477, 1.045358538627681 ], [ 121.804077148437614, 1.06152439117443 ], [ 121.800918579101562, 1.068774700164795 ], [ 121.798248291015625, 1.074921846389884 ], [ 121.795333862304688, 1.081598520279044 ], [ 121.797752380371207, 1.08230817317974 ], [ 121.800125122070312, 1.081462025642452 ], [ 121.802642822265625, 1.082727551460266 ], [ 121.803901672363395, 1.082304477691707 ], [ 121.804740905761719, 1.081177592277584 ], [ 121.806701660156477, 1.081176519393921 ], [ 121.808937072753906, 1.080752730369625 ], [ 121.809913635253906, 1.077936410903988 ], [ 121.812622070312614, 1.082210183143729 ], [ 121.81552886962902, 1.082208395004329 ], [ 121.818984985351562, 1.081062078476066 ], [ 121.819351196289176, 1.08047616481781 ], [ 121.821258544921989, 1.077483654022217 ], [ 121.823318481445426, 1.072132706642265 ], [ 121.82745361328125, 1.059275388717651 ], [ 121.830322265625, 1.050321698188895 ], [ 121.834426879882926, 1.037216067314148 ], [ 121.834831237792969, 1.035690188407898 ], [ 121.840057373046875, 1.021734952926749 ], [ 121.842552185058821, 1.015916943550053 ], [ 121.851478576660156, 0.992667853832302 ], [ 121.850700378417969, 0.992406785488129 ], [ 121.85009765625, 0.991738140583152 ], [ 121.849609375000227, 0.991206645965633 ], [ 121.849273681640739, 0.990699648857117 ], [ 121.848625183105469, 0.9897456765176 ], [ 121.848251342773438, 0.989031612873134 ], [ 121.847930908203239, 0.988428294658718 ], [ 121.847618103027344, 0.987879693508262 ], [ 121.847450256347656, 0.98758685588831 ], [ 121.847160339355582, 0.987071752548275 ], [ 121.846916198730469, 0.98640513420105 ], [ 121.846687316894531, 0.9857674837113 ], [ 121.846687316894531, 0.984672069549617 ], [ 121.846794128418082, 0.983889639377594 ], [ 121.847213745117188, 0.983211636543274 ], [ 121.847831726074219, 0.982794523239193 ], [ 121.848297119140739, 0.982220888137817 ], [ 121.848609924316406, 0.981595039367676 ], [ 121.848922729492301, 0.980760514736232 ], [ 121.848869323730582, 0.980238854885101 ], [ 121.84830474853527, 0.979195356369075 ], [ 121.84793853759777, 0.978517115116233 ], [ 121.847053527832031, 0.977734386920872 ], [ 121.846565246582259, 0.977392613887901 ], [ 121.845947265625, 0.977392375469208 ], [ 121.844436645507812, 0.977444052696342 ], [ 121.843612670898438, 0.977182924747524 ], [ 121.842773437500114, 0.976742506027222 ] ] ] ] } },
{ "type": "Feature", "properties": { "GID_0": "IDN", "NAME_0": "Indonesia", "GID_1": "IDN.27_1", "NAME_1": "Sulawesi Tengah", "GID_2": "IDN.27.3_1", "NAME_2": "Buol", "GID_3": "IDN.27.3.9_1", "NAME_3": "Paleleh Barat", "GID_4": "IDN.27.3.9.3_1", "NAME_4": "Hulubalang", "VARNAME_4": null, "TYPE_4": "Desa", "ENGTYPE_4": "Village", "CC_4": "7207051007" }, "geometry": { "type": "MultiPolygon", "coordinates": [ [ [ [ 121.893142700195426, 1.069055080413932 ], [ 121.89300537109375, 1.06898474693304 ], [ 121.892936706543082, 1.071154236793461 ], [ 121.89292144775402, 1.07234358787548 ], [ 121.892776489257926, 1.076319932937736 ], [ 121.892784118652457, 1.076406955719108 ], [ 121.900810241699219, 1.077992439270133 ], [ 121.915191650390625, 1.080839276313895 ], [ 121.922286987304915, 1.090352177620048 ], [ 121.924476623535156, 1.090973615646419 ], [ 121.925422668457031, 1.091228842735291 ], [ 121.926414489746094, 1.09152352809906 ], [ 121.926742553711051, 1.091617107391471 ], [ 121.930259704589844, 1.092620372772274 ], [ 121.931419372558594, 1.092868685722408 ], [ 121.93218994140625, 1.093008279800358 ], [ 121.932434082031364, 1.093086957931575 ], [ 121.93267822265625, 1.09313774108881 ], [ 121.933670043945312, 1.093428969383297 ], [ 121.934059143066406, 1.093526124954337 ], [ 121.934761047363281, 1.093741059303397 ], [ 121.934837341308594, 1.093757629394474 ], [ 121.936088562011832, 1.094043731689396 ], [ 121.935722351074219, 1.092128753662223 ], [ 121.934417724609375, 1.091316103935355 ], [ 121.933547973632926, 1.089173913002071 ], [ 121.933876037597656, 1.088311791419983 ], [ 121.934989929199219, 1.087036848068351 ], [ 121.935554504394531, 1.08656549453741 ], [ 121.935821533203352, 1.085719227790946 ], [ 121.934822082519531, 1.084186315536556 ], [ 121.934982299804688, 1.083857774734554 ], [ 121.933082580566406, 1.083179116249198 ], [ 121.93186187744152, 1.082886219024715 ], [ 121.930618286132812, 1.082304120063839 ], [ 121.930076599121094, 1.082113146782035 ], [ 121.9219970703125, 1.078457236289978 ], [ 121.918792724609375, 1.077408552169857 ], [ 121.91650390625, 1.076640367507991 ], [ 121.906501770019645, 1.07339167594921 ], [ 121.900276184082031, 1.071441888809318 ], [ 121.894882202148551, 1.069617867469788 ], [ 121.893142700195426, 1.069055080413932 ] ] ], [ [ [ 121.934982299804688, 1.083857774734554 ], [ 121.935081481933707, 1.083657741546631 ], [ 121.934967041015625, 1.083630323410091 ], [ 121.934982299804688, 1.083857774734554 ] ] ] ] } },
{ "type": "Feature", "properties": { "GID_0": "IDN", "NAME_0": "Indonesia", "GID_1": "IDN.27_1", "NAME_1": "Sulawesi Tengah", "GID_2": "IDN.27.3_1", "NAME_2": "Buol", "GID_3": "IDN.27.3.9_1", "NAME_3": "Paleleh Barat", "GID_4": "IDN.27.3.9.4_1", "NAME_4": "Lunguto", "VARNAME_4": null, "TYPE_4": "Desa", "ENGTYPE_4": "Village", "CC_4": "7207051004" }, "geometry": { "type": "MultiPolygon", "coordinates": [ [ [ [ 121.814933776855582, 1.096054673194999 ], [ 121.814407348632812, 1.094679951667786 ], [ 121.813407897949332, 1.093093991279716 ], [ 121.811882019043082, 1.091878533363342 ], [ 121.809989929199332, 1.092091202735958 ], [ 121.809776306152457, 1.093836545944214 ], [ 121.810409545898438, 1.095528602600098 ], [ 121.811355590820312, 1.095845341682491 ], [ 121.812461853027457, 1.096585035324154 ], [ 121.813934326171875, 1.096901416778678 ], [ 121.814933776855582, 1.096054673194999 ] ] ], [ [ [ 121.842369079590071, 1.088047385215816 ], [ 121.842483520507812, 1.086437940597534 ], [ 121.842987060546989, 1.078784465789852 ], [ 121.851364135742301, 1.043358445167598 ], [ 121.857467651367301, 1.020223855972347 ], [ 121.859123229980469, 1.013949751853943 ], [ 121.865692138671989, 0.98778110742569 ], [ 121.865180969238281, 0.988082170486564 ], [ 121.864456176757812, 0.988707900047359 ], [ 121.863883972167969, 0.989594519138393 ], [ 121.863418579101676, 0.990324616432304 ], [ 121.862899780273438, 0.990793943405151 ], [ 121.86222076416027, 0.990898013114929 ], [ 121.861396789550781, 0.990897715091819 ], [ 121.860649108886719, 0.990731000900212 ], [ 121.859992980957031, 0.990584254264945 ], [ 121.859054565429688, 0.990688264370021 ], [ 121.857864379882926, 0.991522490978355 ], [ 121.857032775878906, 0.991887331008854 ], [ 121.856369018554688, 0.991968512535095 ], [ 121.856010437011719, 0.992011725902557 ], [ 121.855323791503906, 0.992095410823936 ], [ 121.853973388671875, 0.992460072040558 ], [ 121.852729797363395, 0.992720484733525 ], [ 121.851478576660156, 0.992667853832302 ], [ 121.842552185058821, 1.015916943550053 ], [ 121.840057373046875, 1.021734952926749 ], [ 121.834831237792969, 1.035690188407898 ], [ 121.834426879882926, 1.037216067314148 ], [ 121.830322265625, 1.050321698188895 ], [ 121.82745361328125, 1.059275388717651 ], [ 121.823318481445426, 1.072132706642265 ], [ 121.821258544921989, 1.077483654022217 ], [ 121.819351196289176, 1.08047616481781 ], [ 121.818984985351562, 1.081062078476066 ], [ 121.82012939453125, 1.082576274871883 ], [ 121.819007873535156, 1.084407210350093 ], [ 121.81929016113304, 1.086237311363277 ], [ 121.820831298828239, 1.086799621582088 ], [ 121.820556640625, 1.089615583419857 ], [ 121.823631286621094, 1.092147827148494 ], [ 121.826705932617188, 1.092005252838078 ], [ 121.828193664550781, 1.090584754943848 ], [ 121.829360961914062, 1.086653590202388 ], [ 121.831878662109602, 1.088482260704154 ], [ 121.835800170898438, 1.08679044246685 ], [ 121.842369079590071, 1.088047385215816 ] ] ] ] } },
{ "type": "Feature", "properties": { "GID_0": "IDN", "NAME_0": "Indonesia", "GID_1": "IDN.27_1", "NAME_1": "Sulawesi Tengah", "GID_2": "IDN.27.3_1", "NAME_2": "Buol", "GID_3": "IDN.27.3.9_1", "NAME_3": "Paleleh Barat", "GID_4": "IDN.27.3.9.5_1", "NAME_4": "Oyak", "VARNAME_4": null, "TYPE_4": "Desa", "ENGTYPE_4": "Village", "CC_4": "7207051006" }, "geometry": { "type": "MultiPolygon", "coordinates": [ [ [ [ 121.892784118652457, 1.076406955719108 ], [ 121.893447875976562, 1.083823561668396 ], [ 121.893226623535156, 1.085192799568176 ], [ 121.892799377441406, 1.087964057922306 ], [ 121.8924560546875, 1.089207053184623 ], [ 121.892349243164176, 1.089510083198661 ], [ 121.892036437988281, 1.090364336967525 ], [ 121.892425537109375, 1.090929508209229 ], [ 121.894790649414062, 1.09108662605297 ], [ 121.898101806640739, 1.091190338134709 ], [ 121.899200439453352, 1.091136813163814 ], [ 121.899833679199332, 1.091718077659721 ], [ 121.901359558105582, 1.091822862625122 ], [ 121.904243469238281, 1.091821074485892 ], [ 121.908134460449219, 1.092823386192379 ], [ 121.910919189453125, 1.093773484230155 ], [ 121.912284851074219, 1.095517754554805 ], [ 121.913650512695312, 1.095040917396602 ], [ 121.915756225585938, 1.097154855728149 ], [ 121.916442871093864, 1.098846673965511 ], [ 121.918594360351562, 1.099109768867606 ], [ 121.919754028320312, 1.099796414375362 ], [ 121.921539306640739, 1.099954009056148 ], [ 121.922958374023438, 1.101275086403007 ], [ 121.923637390136832, 1.101063132286185 ], [ 121.924530029296875, 1.101750016212463 ], [ 121.926475524902571, 1.101907372474727 ], [ 121.926948547363281, 1.102647423744202 ], [ 121.927680969238395, 1.102563500404472 ], [ 121.928359985351562, 1.102578997612056 ], [ 121.929428100585938, 1.101962089538631 ], [ 121.93212890625, 1.101992726325989 ], [ 121.934486389160384, 1.100401878357047 ], [ 121.935897827148551, 1.097222447395382 ], [ 121.936187744140625, 1.094822049140987 ], [ 121.936088562011832, 1.094043731689396 ], [ 121.934837341308594, 1.093757629394474 ], [ 121.934761047363281, 1.093741059303397 ], [ 121.934059143066406, 1.093526124954337 ], [ 121.933670043945312, 1.093428969383297 ], [ 121.93267822265625, 1.09313774108881 ], [ 121.932434082031364, 1.093086957931575 ], [ 121.93218994140625, 1.093008279800358 ], [ 121.931419372558594, 1.092868685722408 ], [ 121.930259704589844, 1.092620372772274 ], [ 121.926742553711051, 1.091617107391471 ], [ 121.926414489746094, 1.09152352809906 ], [ 121.925422668457031, 1.091228842735291 ], [ 121.924476623535156, 1.090973615646419 ], [ 121.922286987304915, 1.090352177620048 ], [ 121.915191650390625, 1.080839276313895 ], [ 121.900810241699219, 1.077992439270133 ], [ 121.892784118652457, 1.076406955719108 ] ] ] ] } },
{ "type": "Feature", "properties": { "GID_0": "IDN", "NAME_0": "Indonesia", "GID_1": "IDN.27_1", "NAME_1": "Sulawesi Tengah", "GID_2": "IDN.27.3_1", "NAME_2": "Buol", "GID_3": "IDN.27.3.9_1", "NAME_3": "Paleleh Barat", "GID_4": "IDN.27.3.9.6_1", "NAME_4": "Tayokan", "VARNAME_4": null, "TYPE_4": "Desa", "ENGTYPE_4": "Village", "CC_4": "7207051002" }, "geometry": { "type": "MultiPolygon", "coordinates": [ [ [ [ 121.831993103027344, 0.962729573249874 ], [ 121.829429626464957, 0.969759047031403 ], [ 121.819160461425895, 0.99450379610073 ], [ 121.813896179199219, 1.007216811180172 ], [ 121.813095092773438, 1.008383989334106 ], [ 121.8087158203125, 1.014845609664974 ], [ 121.803367614746094, 1.022762417793331 ], [ 121.800987243652457, 1.026303529739437 ], [ 121.79640197753929, 1.03612232208252 ], [ 121.790428161621094, 1.048908591270504 ], [ 121.790077209472656, 1.049679517746029 ], [ 121.78995513916027, 1.049912929534969 ], [ 121.789779663086051, 1.050290703773499 ], [ 121.782524108886832, 1.061903953552246 ], [ 121.776481628417969, 1.071620464324894 ], [ 121.774940490722656, 1.074046373367253 ], [ 121.773284912109375, 1.076702713966483 ], [ 121.775367736816406, 1.078097581863403 ], [ 121.776626586914176, 1.077533721923885 ], [ 121.777320861816634, 1.076406955719108 ], [ 121.779144287109375, 1.075420379638672 ], [ 121.780120849609375, 1.077109217643795 ], [ 121.783172607421875, 1.076318025588989 ], [ 121.783760070800781, 1.080908536910954 ], [ 121.786842346191406, 1.082877755165214 ], [ 121.790756225585938, 1.082453131675777 ], [ 121.795333862304688, 1.081598520279044 ], [ 121.798248291015625, 1.074921846389884 ], [ 121.800918579101562, 1.068774700164795 ], [ 121.804077148437614, 1.06152439117443 ], [ 121.812805175781477, 1.045358538627681 ], [ 121.8155517578125, 1.040023803710938 ], [ 121.818687438964844, 1.034087777137756 ], [ 121.828338623046875, 1.019414663314933 ], [ 121.830642700195312, 1.013067126274223 ], [ 121.83221435546875, 1.008604168891907 ], [ 121.832954406738281, 1.006549596786556 ], [ 121.833221435546989, 1.005748271942196 ], [ 121.833847045898551, 1.003968954086304 ], [ 121.836677551269645, 0.995234012603817 ], [ 121.839447021484375, 0.986795902252254 ], [ 121.842773437500114, 0.976742506027222 ], [ 121.841583251953125, 0.975930273532981 ], [ 121.841049194336051, 0.975581467151699 ], [ 121.840545654296875, 0.975251793861389 ], [ 121.839462280273438, 0.974781990051326 ], [ 121.838577270507926, 0.974467933178005 ], [ 121.837905883789062, 0.974117994308529 ], [ 121.837387084960938, 0.973842322826442 ], [ 121.83707427978527, 0.973216235637722 ], [ 121.836761474609375, 0.972590148449058 ], [ 121.83660888671875, 0.971546828746796 ], [ 121.836135864257926, 0.970399081707001 ], [ 121.835571289062614, 0.969720721244812 ], [ 121.834892272949219, 0.969042360782566 ], [ 121.833755493164062, 0.968207359314079 ], [ 121.833183288574219, 0.967581212520656 ], [ 121.832923889160156, 0.966798663139457 ], [ 121.832664489746207, 0.965859591960907 ], [ 121.832511901855582, 0.964972794055939 ], [ 121.832458496093864, 0.964033782482204 ], [ 121.832244873046875, 0.963451623916569 ], [ 121.831993103027344, 0.962729573249874 ] ] ] ] } },
{ "type": "Feature", "properties": { "GID_0": "IDN", "NAME_0": "Indonesia", "GID_1": "IDN.27_1", "NAME_1": "Sulawesi Tengah", "GID_2": "IDN.27.3_1", "NAME_2": "Buol", "GID_3": "IDN.27.3.9_1", "NAME_3": "Paleleh Barat", "GID_4": "IDN.27.3.9.7_1", "NAME_4": "Timbulon", "VARNAME_4": null, "TYPE_4": "Desa", "ENGTYPE_4": "Village", "CC_4": "7207051005" }, "geometry": { "type": "MultiPolygon", "coordinates": [ [ [ [ 121.844108581543082, 1.120681405067444 ], [ 121.842582702636832, 1.119624614715633 ], [ 121.842735290527344, 1.118566870689449 ], [ 121.842529296875, 1.117244839668217 ], [ 121.84063720703125, 1.116717100143433 ], [ 121.838798522949332, 1.11682403087616 ], [ 121.837852478027457, 1.117565035820121 ], [ 121.835647583007812, 1.117778062820435 ], [ 121.834434509277344, 1.118783593177909 ], [ 121.834960937500114, 1.120316982269344 ], [ 121.837066650390739, 1.121796369552612 ], [ 121.842529296875, 1.125177621841431 ], [ 121.844528198242301, 1.125387907028198 ], [ 121.845787048339844, 1.124752521514949 ], [ 121.8463134765625, 1.123853087425232 ], [ 121.845733642578125, 1.122213959693909 ], [ 121.844108581543082, 1.120681405067444 ] ] ], [ [ [ 121.865692138671989, 0.98778110742569 ], [ 121.859123229980469, 1.013949751853943 ], [ 121.857467651367301, 1.020223855972347 ], [ 121.851364135742301, 1.043358445167598 ], [ 121.842987060546989, 1.078784465789852 ], [ 121.842483520507812, 1.086437940597534 ], [ 121.842369079590071, 1.088047385215816 ], [ 121.844085693359602, 1.087257742881718 ], [ 121.845718383789062, 1.08857893943798 ], [ 121.846290588378906, 1.090112209320068 ], [ 121.846138000488281, 1.091804623603821 ], [ 121.846099853515625, 1.092865824699516 ], [ 121.848274230957259, 1.093534708023185 ], [ 121.850540161132812, 1.092639684677238 ], [ 121.85178375244152, 1.091521859169006 ], [ 121.853111267089957, 1.089465737342948 ], [ 121.854621887207145, 1.089017987251395 ], [ 121.85520172119152, 1.088928222656307 ], [ 121.856216430664062, 1.087319016456547 ], [ 121.857376098632812, 1.085531115532035 ], [ 121.858352661132812, 1.085217714309692 ], [ 121.859947204589957, 1.085261344909668 ], [ 121.860168457031364, 1.086020827293453 ], [ 121.858375549316406, 1.089453220367432 ], [ 121.86014556884777, 1.092357158661002 ], [ 121.863189697265739, 1.094292044639701 ], [ 121.863189697265739, 1.091709733009395 ], [ 121.863670349121094, 1.088804364204464 ], [ 121.868637084960938, 1.086541771888847 ], [ 121.872001647949332, 1.083796024322623 ], [ 121.87424468994152, 1.083794713020268 ], [ 121.874084472656364, 1.08185803890234 ], [ 121.879211425781364, 1.08024096488947 ], [ 121.884185791015739, 1.080883383750916 ], [ 121.887710571289062, 1.082333683967704 ], [ 121.888839721679688, 1.084269762039241 ], [ 121.88787841796875, 1.087498068809623 ], [ 121.890975952148438, 1.089673876762447 ], [ 121.891197204590071, 1.090036988258305 ], [ 121.891151428222656, 1.091066241264343 ], [ 121.892425537109375, 1.090929508209229 ], [ 121.892036437988281, 1.090364336967525 ], [ 121.892349243164176, 1.089510083198661 ], [ 121.8924560546875, 1.089207053184623 ], [ 121.892799377441406, 1.087964057922306 ], [ 121.893226623535156, 1.085192799568176 ], [ 121.893447875976562, 1.083823561668396 ], [ 121.892784118652457, 1.076406955719108 ], [ 121.892776489257926, 1.076319932937736 ], [ 121.89292144775402, 1.07234358787548 ], [ 121.892936706543082, 1.071154236793461 ], [ 121.89300537109375, 1.06898474693304 ], [ 121.893142700195426, 1.069055080413932 ], [ 121.893379211425781, 1.063392281532401 ], [ 121.893180847167969, 1.055954098701477 ], [ 121.893142700195426, 1.053350806236324 ], [ 121.893608093261719, 1.043846130371094 ], [ 121.894546508789062, 1.036113142967281 ], [ 121.895881652832031, 1.032820105552787 ], [ 121.896697998046875, 1.030903577804565 ], [ 121.896835327148438, 1.030453801155204 ], [ 121.897193908691406, 1.029577136039791 ], [ 121.897209167480469, 1.029253363609371 ], [ 121.897529602050895, 1.025063872337455 ], [ 121.90079498291027, 1.019917130470276 ], [ 121.900741577148551, 1.019798874854985 ], [ 121.900482177734375, 1.018387079238948 ], [ 121.899261474609489, 1.01138794422161 ], [ 121.898017883300781, 1.005242228508052 ], [ 121.897720336914176, 1.003681540489197 ], [ 121.896942138671989, 0.999278903007621 ], [ 121.894363403320312, 0.985764026641846 ], [ 121.89190673828125, 0.972686886787471 ], [ 121.891426086425895, 0.973462402820587 ], [ 121.890289306640739, 0.974766135215873 ], [ 121.889122009277457, 0.975625872611943 ], [ 121.888313293457031, 0.976226091384945 ], [ 121.887573242187727, 0.976646959781647 ], [ 121.887573242187727, 0.976760089397544 ], [ 121.886604309082031, 0.97720330953598 ], [ 121.886032104492188, 0.977529466152191 ], [ 121.884933471679801, 0.978293180465641 ], [ 121.884162902832145, 0.978832960128784 ], [ 121.883224487304801, 0.979354262352047 ], [ 121.882591247558594, 0.979413986206168 ], [ 121.881568908691406, 0.979510247707481 ], [ 121.880783081054688, 0.97958379983902 ], [ 121.879905700683594, 0.979666173458213 ], [ 121.878761291503906, 0.979978740215415 ], [ 121.878189086914062, 0.980708897113914 ], [ 121.877754211425781, 0.981330692768154 ], [ 121.877655029297102, 0.98147535324108 ], [ 121.877204895019531, 0.982116997241974 ], [ 121.876502990722884, 0.982724010944366 ], [ 121.876060485839844, 0.983107745647374 ], [ 121.875129699707031, 0.983420372009334 ], [ 121.87440490722679, 0.983576655387935 ], [ 121.873664855957145, 0.983704626560268 ], [ 121.872894287109489, 0.983836948871613 ], [ 121.872276306152344, 0.984097540378571 ], [ 121.871498107910156, 0.984671115875358 ], [ 121.870529174804688, 0.985214948654175 ], [ 121.8697509765625, 0.985684216022605 ], [ 121.868766784667969, 0.985840320587215 ], [ 121.867622375488281, 0.986152946949005 ], [ 121.867050170898438, 0.986570060253257 ], [ 121.866325378417969, 0.987404406070766 ], [ 121.865692138671989, 0.98778110742569 ] ] ] ] } },
{ "type": "Feature", "properties": { "GID_0": "IDN", "NAME_0": "Indonesia", "GID_1": "IDN.27_1", "NAME_1": "Sulawesi Tengah", "GID_2": "IDN.27.3_1", "NAME_2": "Buol", "GID_3": "IDN.27.3.11_1", "NAME_3": "Tiloan", "GID_4": "IDN.27.3.11.1_1", "NAME_4": "Airterang", "VARNAME_4": null, "TYPE_4": "Desa", "ENGTYPE_4": "Village", "CC_4": "7207021004" }, "geometry": { "type": "MultiPolygon", "coordinates": [ [ [ [ 121.207305908203125, 1.062194347381592 ], [ 121.205612182617188, 1.063977003097591 ], [ 121.204505920410156, 1.064579844474736 ], [ 121.202438354492188, 1.065587282180843 ], [ 121.199363708496094, 1.067324638366642 ], [ 121.197410583496094, 1.068462252616939 ], [ 121.186012268066406, 1.074695944786129 ], [ 121.184700012207031, 1.075391292572078 ], [ 121.1829833984375, 1.076354146003723 ], [ 121.156257629394531, 1.09100270271307 ], [ 121.156623840332031, 1.091551065445003 ], [ 121.156707763671989, 1.091632127761841 ], [ 121.158287048339844, 1.094009876251334 ], [ 121.15911865234375, 1.094885826110783 ], [ 121.159866333007812, 1.095219373703003 ], [ 121.161933898925781, 1.096053004264945 ], [ 121.162307739257812, 1.096344947814998 ], [ 121.163925170898665, 1.09784638881689 ], [ 121.165878295898551, 1.099639892578239 ], [ 121.167701721191406, 1.101308107376155 ], [ 121.168365478515739, 1.101933717727775 ], [ 121.168899536132926, 1.102058768272457 ], [ 121.170646667480582, 1.102578997612056 ], [ 121.170753479003906, 1.102606892585868 ], [ 121.170982360840071, 1.102725148200932 ], [ 121.172676086425781, 1.10347592830658 ], [ 121.173706054687614, 1.103992700576896 ], [ 121.17384338378929, 1.104012012481689 ], [ 121.175712585449219, 1.10427641868597 ], [ 121.175857543945312, 1.104286670684871 ], [ 121.175971984863395, 1.104313135147152 ], [ 121.178039550781477, 1.104604482650814 ], [ 121.179512023925781, 1.105529427528438 ], [ 121.182914733886719, 1.107442259788513 ], [ 121.184883117675781, 1.107565402984619 ], [ 121.185699462890739, 1.108438014984131 ], [ 121.185829162597656, 1.108545303344727 ], [ 121.187011718750114, 1.109844326972961 ], [ 121.190353393554688, 1.112464189529533 ], [ 121.193367004394645, 1.114166498184318 ], [ 121.193527221679801, 1.114248514175472 ], [ 121.195823669433707, 1.115377426147518 ], [ 121.196975708007926, 1.115476727485714 ], [ 121.203125, 1.115417480468807 ], [ 121.203804016113395, 1.115377187728996 ], [ 121.207046508789176, 1.113770008087158 ], [ 121.207695007324219, 1.113774776458854 ], [ 121.20822906494152, 1.113778710365352 ], [ 121.208366394043196, 1.113779664039669 ], [ 121.208847045898438, 1.113868951797485 ], [ 121.210212707519531, 1.114175319671631 ], [ 121.21234130859375, 1.114519000053406 ], [ 121.215766906738281, 1.114241719246024 ], [ 121.216201782226676, 1.114215612411442 ], [ 121.21875, 1.113108515739555 ], [ 121.220634460449332, 1.113052010536194 ], [ 121.221611022949219, 1.113230586051941 ], [ 121.222290039062727, 1.113529443740958 ], [ 121.223945617675781, 1.114383220672607 ], [ 121.225090026855469, 1.114999175071716 ], [ 121.227363586425781, 1.116290926933289 ], [ 121.227485656738395, 1.116295099258537 ], [ 121.227706909179688, 1.116414189338741 ], [ 121.230178833007926, 1.116578936576786 ], [ 121.231437683105696, 1.116979241371268 ], [ 121.232505798339844, 1.118113279342708 ], [ 121.233055114746094, 1.119415402412528 ], [ 121.233978271484489, 1.121631979942435 ], [ 121.234748840332145, 1.122663378715572 ], [ 121.23487854003929, 1.122932553291321 ], [ 121.23508453369152, 1.12311327457428 ], [ 121.237113952636719, 1.124699354171867 ], [ 121.238250732421875, 1.125576019287109 ], [ 121.239952087402344, 1.125770926475639 ], [ 121.240600585937727, 1.125901699066276 ], [ 121.241722106933594, 1.126368045806885 ], [ 121.243392944335938, 1.127468585968074 ], [ 121.243759155273438, 1.127719044685307 ], [ 121.244606018066634, 1.128374338150138 ], [ 121.244941711425781, 1.128576040267944 ], [ 121.245857238769531, 1.130455613136292 ], [ 121.247352600097656, 1.132045745849609 ], [ 121.247650146484602, 1.132081627845821 ], [ 121.247589111328125, 1.131886959076041 ], [ 121.24798583984375, 1.132065653800964 ], [ 121.248191833496094, 1.132146835327205 ], [ 121.24826812744152, 1.13215613365179 ], [ 121.248573303222656, 1.132166147232169 ], [ 121.250205993652457, 1.132311224937553 ], [ 121.250450134277344, 1.132239699363822 ], [ 121.250778198242301, 1.132270455360526 ], [ 121.251091003418196, 1.132398843765316 ], [ 121.251228332519531, 1.132658839225883 ], [ 121.251480102539176, 1.132809877395744 ], [ 121.253387451171989, 1.132638692855949 ], [ 121.253692626953125, 1.132632255554256 ], [ 121.253944396972884, 1.132604956626835 ], [ 121.255805969238281, 1.13240575790411 ], [ 121.257850646972656, 1.132241010666007 ], [ 121.259223937988281, 1.13215696811676 ], [ 121.259613037109375, 1.132133245468196 ], [ 121.259544372558707, 1.132266640663147 ], [ 121.259841918945312, 1.132261872291679 ], [ 121.259872436523551, 1.132117390632686 ], [ 121.259971618652344, 1.131628036499137 ], [ 121.270729064941634, 1.111876010894832 ], [ 121.270767211914176, 1.111755013465881 ], [ 121.270843505859375, 1.111606717109737 ], [ 121.274169921875227, 1.100430607795829 ], [ 121.280426025390625, 1.078927993774357 ], [ 121.281700134277344, 1.074595332145805 ], [ 121.282073974609375, 1.073834538459778 ], [ 121.282310485839844, 1.073488950729427 ], [ 121.282989501953239, 1.072501897812003 ], [ 121.283653259277344, 1.071547985076904 ], [ 121.282707214355469, 1.0710564851762 ], [ 121.281242370605582, 1.070304870605412 ], [ 121.280319213867301, 1.068987011909485 ], [ 121.280021667480469, 1.068580508232174 ], [ 121.279830932617188, 1.068384289741516 ], [ 121.279609680175781, 1.068183898925895 ], [ 121.279190063476676, 1.06803119182598 ], [ 121.27896881103527, 1.06795704364788 ], [ 121.278724670410156, 1.067882895469779 ], [ 121.278640747070312, 1.067848563194275 ], [ 121.278556823730696, 1.06782245635992 ], [ 121.278045654296989, 1.067615151405334 ], [ 121.277847290039176, 1.067536115646419 ], [ 121.276885986328239, 1.067106246948299 ], [ 121.276756286621094, 1.066971898079032 ], [ 121.275856018066406, 1.066032528877201 ], [ 121.275115966797102, 1.064862728118896 ], [ 121.274864196777344, 1.064585804939213 ], [ 121.274589538574332, 1.064308404922485 ], [ 121.273826599121207, 1.063923001289425 ], [ 121.273506164550781, 1.063764810562247 ], [ 121.271530151367301, 1.062550902366752 ], [ 121.271110534668196, 1.062295198440609 ], [ 121.271514892578239, 1.061962366104183 ], [ 121.271560668945426, 1.061776161193848 ], [ 121.271697998046989, 1.061611890792847 ], [ 121.271751403808707, 1.061560392379818 ], [ 121.271736145019645, 1.061299681663513 ], [ 121.271903991699332, 1.061128377914542 ], [ 121.271965026855469, 1.061065077781791 ], [ 121.272354125976562, 1.060907959938049 ], [ 121.274261474609375, 1.060209274291992 ], [ 121.275650024414062, 1.060074687004203 ], [ 121.293159484863281, 1.056713700294495 ], [ 121.279953002929801, 1.047022581100578 ], [ 121.279747009277457, 1.047076821327266 ], [ 121.278717041015625, 1.047345995903072 ], [ 121.27203369140625, 1.049152255058289 ], [ 121.259422302246094, 1.052570104599113 ], [ 121.255821228027344, 1.055790781974906 ], [ 121.251983642578125, 1.059507369995174 ], [ 121.244598388672102, 1.069887638091984 ], [ 121.243499755859489, 1.071465849876404 ], [ 121.231201171875, 1.071867704391536 ], [ 121.215827941894645, 1.066953063011283 ], [ 121.212402343750114, 1.065742731094474 ], [ 121.210227966308594, 1.065050482749939 ], [ 121.207778930664062, 1.062511682510433 ], [ 121.207443237304801, 1.062398552894706 ], [ 121.207305908203125, 1.062194347381592 ] ] ] ] } },
{ "type": "Feature", "properties": { "GID_0": "IDN", "NAME_0": "Indonesia", "GID_1": "IDN.27_1", "NAME_1": "Sulawesi Tengah", "GID_2": "IDN.27.3_1", "NAME_2": "Buol", "GID_3": "IDN.27.3.11_1", "NAME_3": "Tiloan", "GID_4": "IDN.27.3.11.2_1", "NAME_4": "Balau", "VARNAME_4": null, "TYPE_4": "Desa", "ENGTYPE_4": "Village", "CC_4": "7207021007" }, "geometry": { "type": "MultiPolygon", "coordinates": [ [ [ [ 121.3050537109375, 1.065642476081848 ], [ 121.304840087890625, 1.065739870071411 ], [ 121.302680969238281, 1.063311457634029 ], [ 121.302314758300781, 1.063089013099784 ], [ 121.302055358886832, 1.062931895256099 ], [ 121.297492980957145, 1.060203909873962 ], [ 121.293159484863281, 1.056713700294495 ], [ 121.275650024414062, 1.060074687004203 ], [ 121.274261474609375, 1.060209274291992 ], [ 121.272354125976562, 1.060907959938049 ], [ 121.271965026855469, 1.061065077781791 ], [ 121.271903991699332, 1.061128377914542 ], [ 121.271736145019645, 1.061299681663513 ], [ 121.271751403808707, 1.061560392379818 ], [ 121.271697998046989, 1.061611890792847 ], [ 121.271560668945426, 1.061776161193848 ], [ 121.271514892578239, 1.061962366104183 ], [ 121.271110534668196, 1.062295198440609 ], [ 121.271530151367301, 1.062550902366752 ], [ 121.273506164550781, 1.063764810562247 ], [ 121.273826599121207, 1.063923001289425 ], [ 121.274589538574332, 1.064308404922485 ], [ 121.274864196777344, 1.064585804939213 ], [ 121.275115966797102, 1.064862728118896 ], [ 121.275856018066406, 1.066032528877201 ], [ 121.276756286621094, 1.066971898079032 ], [ 121.276885986328239, 1.067106246948299 ], [ 121.277847290039176, 1.067536115646419 ], [ 121.278045654296989, 1.067615151405334 ], [ 121.278556823730696, 1.06782245635992 ], [ 121.278640747070312, 1.067848563194275 ], [ 121.278724670410156, 1.067882895469779 ], [ 121.27896881103527, 1.06795704364788 ], [ 121.279190063476676, 1.06803119182598 ], [ 121.279609680175781, 1.068183898925895 ], [ 121.279830932617188, 1.068384289741516 ], [ 121.280021667480469, 1.068580508232174 ], [ 121.280319213867301, 1.068987011909485 ], [ 121.281242370605582, 1.070304870605412 ], [ 121.282707214355469, 1.0710564851762 ], [ 121.283653259277344, 1.071547985076904 ], [ 121.282989501953239, 1.072501897812003 ], [ 121.282310485839844, 1.073488950729427 ], [ 121.283119201660156, 1.073779344558773 ], [ 121.286674499511719, 1.075105547905025 ], [ 121.290077209472656, 1.075547695160026 ], [ 121.294586181640739, 1.076168775558529 ], [ 121.300559997558707, 1.076777696609497 ], [ 121.302268981933707, 1.07696628570568 ], [ 121.302421569824332, 1.075207471847591 ], [ 121.302566528320312, 1.072196960449332 ], [ 121.302658081054801, 1.071371555328369 ], [ 121.302909851074219, 1.068994879722538 ], [ 121.30291748046875, 1.068895220756474 ], [ 121.302955627441406, 1.068819046020451 ], [ 121.303138732910156, 1.068454504013062 ], [ 121.303169250488395, 1.068387269973755 ], [ 121.303230285644645, 1.068344950675964 ], [ 121.303855895996094, 1.067919135093689 ], [ 121.303901672363281, 1.067862391471806 ], [ 121.304336547851676, 1.067383289337158 ], [ 121.304481506347656, 1.067218422889709 ], [ 121.304527282714957, 1.067054629325924 ], [ 121.304893493652457, 1.065815329551697 ], [ 121.3050537109375, 1.065642476081848 ] ] ] ] } },
{ "type": "Feature", "properties": { "GID_0": "IDN", "NAME_0": "Indonesia", "GID_1": "IDN.27_1", "NAME_1": "Sulawesi Tengah", "GID_2": "IDN.27.3_1", "NAME_2": "Buol", "GID_3": "IDN.27.3.11_1", "NAME_3": "Tiloan", "GID_4": "IDN.27.3.11.3_1", "NAME_4": "Boilan", "VARNAME_4": null, "TYPE_4": "Desa", "ENGTYPE_4": "Village", "CC_4": "7207021005" }, "geometry": { "type": "MultiPolygon", "coordinates": [ [ [ [ 121.282310485839844, 1.073488950729427 ], [ 121.282073974609375, 1.073834538459778 ], [ 121.281700134277344, 1.074595332145805 ], [ 121.280426025390625, 1.078927993774357 ], [ 121.274169921875227, 1.100430607795829 ], [ 121.279304504394531, 1.102002263069267 ], [ 121.28541564941429, 1.103627562522888 ], [ 121.287086486816406, 1.104038596153316 ], [ 121.288551330566406, 1.104386329650936 ], [ 121.291931152343864, 1.105235695838985 ], [ 121.295166015625114, 1.0976420640946 ], [ 121.295562744140739, 1.096662640571708 ], [ 121.296974182128906, 1.093106389045715 ], [ 121.298042297363395, 1.090612530708313 ], [ 121.298210144043082, 1.090192794799862 ], [ 121.298690795898438, 1.088940620422363 ], [ 121.299201965332145, 1.087668299675101 ], [ 121.301109313964957, 1.082830667495784 ], [ 121.302169799804688, 1.080050230026188 ], [ 121.302268981933707, 1.07696628570568 ], [ 121.300559997558707, 1.076777696609497 ], [ 121.294586181640739, 1.076168775558529 ], [ 121.290077209472656, 1.075547695160026 ], [ 121.286674499511719, 1.075105547905025 ], [ 121.283119201660156, 1.073779344558773 ], [ 121.282310485839844, 1.073488950729427 ] ] ] ] } },
{ "type": "Feature", "properties": { "GID_0": "IDN", "NAME_0": "Indonesia", "GID_1": "IDN.27_1", "NAME_1": "Sulawesi Tengah", "GID_2": "IDN.27.3_1", "NAME_2": "Buol", "GID_3": "IDN.27.3.11_1", "NAME_3": "Tiloan", "GID_4": "IDN.27.3.11.4_1", "NAME_4": "Jatimulyo", "VARNAME_4": null, "TYPE_4": "Desa", "ENGTYPE_4": "Village", "CC_4": "7207021001" }, "geometry": { "type": "MultiPolygon", "coordinates": [ [ [ [ 121.235252380371321, 0.799178004264832 ], [ 121.235275268554801, 0.800971150398311 ], [ 121.23551177978527, 0.805271208286342 ], [ 121.235984802246094, 0.814562082290706 ], [ 121.235649108886832, 0.819767415523643 ], [ 121.235214233398438, 0.825842320919037 ], [ 121.230018615722656, 0.835568189620915 ], [ 121.229972839355582, 0.835650324821415 ], [ 121.227378845214844, 0.839779436588231 ], [ 121.225120544433594, 0.843308329582271 ], [ 121.224334716796875, 0.84601986408228 ], [ 121.221931457519645, 0.853999257087821 ], [ 121.220993041992301, 0.856993854045982 ], [ 121.22043609619152, 0.858448147773743 ], [ 121.217781066894645, 0.865266740322113 ], [ 121.217460632324219, 0.865943431854248 ], [ 121.217575073242301, 0.867973566055412 ], [ 121.218284606933821, 0.883048236370144 ], [ 121.220283508300781, 0.901281237602348 ], [ 121.222846984863281, 0.908244609832821 ], [ 121.223457336425895, 0.909898519515991 ], [ 121.223693847656364, 0.910530149936619 ], [ 121.225509643554688, 0.915464341640586 ], [ 121.225639343261719, 0.915706336498317 ], [ 121.232063293457145, 0.926902651786918 ], [ 121.233879089355469, 0.929994344711361 ], [ 121.238067626953125, 0.93726491928112 ], [ 121.239967346191406, 0.940584063529968 ], [ 121.240806579589957, 0.942729234695491 ], [ 121.241806030273551, 0.945325672626439 ], [ 121.244606018066634, 0.952619850635585 ], [ 121.244758605957031, 0.953115224838257 ], [ 121.24655914306652, 0.955042243003902 ], [ 121.250404357910156, 0.959194302558899 ], [ 121.251853942871321, 0.960831165313778 ], [ 121.255081176757812, 0.964239239692745 ], [ 121.256072998046989, 0.965314626693726 ], [ 121.25616455078125, 0.965384721756095 ], [ 121.25640869140625, 0.965643763542175 ], [ 121.257316589355469, 0.96632373332983 ], [ 121.259429931640625, 0.968018531799373 ], [ 121.262458801269531, 0.970454394817352 ], [ 121.263816833496094, 0.97160649299633 ], [ 121.264595031738281, 0.972888290882111 ], [ 121.26602935791027, 0.975321054458675 ], [ 121.267494201660384, 0.977567553520316 ], [ 121.272178649902344, 0.977398753166312 ], [ 121.273452758789176, 0.977127850055695 ], [ 121.274185180664176, 0.977354943752289 ], [ 121.276840209961165, 0.977637469768524 ], [ 121.277816772461051, 0.977637112140656 ], [ 121.278274536132812, 0.977790117263908 ], [ 121.278755187988395, 0.977841138839835 ], [ 121.279441833496094, 0.977840840816555 ], [ 121.27976226806652, 0.977948725223541 ], [ 121.286033630371207, 0.978615999221915 ], [ 121.286445617675895, 0.978655636310577 ], [ 121.288482666015739, 0.978859186172485 ], [ 121.28875732421875, 0.978906214237327 ], [ 121.291191101074332, 0.979164719581547 ], [ 121.292640686035156, 0.979164123535156 ], [ 121.293113708496207, 0.979814231395835 ], [ 121.296249389648438, 0.983294606208915 ], [ 121.297210693359375, 0.984067082405147 ], [ 121.297821044922102, 0.984884321689606 ], [ 121.298629760742301, 0.985803663730678 ], [ 121.299240112304688, 0.986314296722355 ], [ 121.299949645996207, 0.987335860729274 ], [ 121.301155090332031, 0.988727807998714 ], [ 121.301315307617301, 0.988910615444183 ], [ 121.302093505859375, 0.994993388652858 ], [ 121.302597045898551, 0.997450828552246 ], [ 121.302902221679688, 1.000720500946045 ], [ 121.303207397461051, 1.003172755241508 ], [ 121.303817749023438, 1.008383870124931 ], [ 121.303901672363281, 1.009502649307308 ], [ 121.306266784668082, 1.035078525543156 ], [ 121.310241699218864, 1.038697838783207 ], [ 121.317031860351562, 1.044755101203918 ], [ 121.320724487304801, 1.046343088150138 ], [ 121.32840728759777, 1.049604415893668 ], [ 121.333511352539176, 1.05089890956873 ], [ 121.333732604980582, 1.050953149795646 ], [ 121.33792877197277, 1.05340564250946 ], [ 121.337944030761832, 1.052294135093746 ], [ 121.337974548339844, 1.052203178405875 ], [ 121.337966918945312, 1.051916241645813 ], [ 121.338684082031364, 1.051191210746879 ], [ 121.340339660644531, 1.050367593765316 ], [ 121.341575622558594, 1.049510359764213 ], [ 121.341789245605469, 1.049010634422359 ], [ 121.341903686523551, 1.048497676849422 ], [ 121.342536926269531, 1.043523788452262 ], [ 121.342720031738281, 1.041695356369019 ], [ 121.34287261962902, 1.040128231048641 ], [ 121.343093872070426, 1.038038611412048 ], [ 121.343162536621094, 1.037292361259517 ], [ 121.343276977539176, 1.036508798599243 ], [ 121.34332275390625, 1.036293148994446 ], [ 121.343391418457031, 1.035642266273555 ], [ 121.343482971191406, 1.034410834312496 ], [ 121.344978332519645, 1.033858895301933 ], [ 121.345932006836051, 1.033491969108695 ], [ 121.348236083984489, 1.032445907592887 ], [ 121.350303649902457, 1.030831933021659 ], [ 121.350494384765739, 1.03067767620098 ], [ 121.35068511962902, 1.030537128448543 ], [ 121.352401733398551, 1.029194593429565 ], [ 121.353942871093864, 1.026804566383419 ], [ 121.354095458984489, 1.026541829109192 ], [ 121.35479736328125, 1.025310277938956 ], [ 121.356132507324219, 1.023033618927059 ], [ 121.357543945312614, 1.020682454109192 ], [ 121.357727050781364, 1.020356059074459 ], [ 121.358123779296989, 1.019646644592285 ], [ 121.359169006347656, 1.017937302589417 ], [ 121.35931396484375, 1.01767277717596 ], [ 121.359588623046875, 1.017251133918762 ], [ 121.362960815429688, 1.011751294136047 ], [ 121.364540100097656, 1.008068084716797 ], [ 121.364799499511832, 1.00747096538538 ], [ 121.365097045898438, 1.006911158561763 ], [ 121.36539459228527, 1.006127476692313 ], [ 121.367065429687614, 1.002262234687805 ], [ 121.368057250976676, 0.999932587146759 ], [ 121.369209289550895, 0.995342791080532 ], [ 121.369430541992188, 0.994633734226227 ], [ 121.369468688964844, 0.994335234165305 ], [ 121.369667053222656, 0.993294060230312 ], [ 121.369705200195312, 0.992856979370117 ], [ 121.369720458984602, 0.992720782756862 ], [ 121.36962890625, 0.991454005241451 ], [ 121.369163513183707, 0.990241885185355 ], [ 121.368598937988395, 0.989165067672673 ], [ 121.367866516113395, 0.987894952297324 ], [ 121.367607116699219, 0.987396061420441 ], [ 121.367195129394531, 0.986619889736176 ], [ 121.366744995117301, 0.985908150672969 ], [ 121.36557769775402, 0.985465407371578 ], [ 121.36252593994152, 0.984717547893581 ], [ 121.358833312988281, 0.983813762664852 ], [ 121.35865783691429, 0.983758807182369 ], [ 121.358268737792969, 0.983668684959468 ], [ 121.358093261718977, 0.983580231666622 ], [ 121.35693359375, 0.983210980892295 ], [ 121.355918884277344, 0.982371449470463 ], [ 121.355026245117188, 0.981849372387046 ], [ 121.353256225585938, 0.981427252292633 ], [ 121.352249145507926, 0.981204628944397 ], [ 121.351715087890625, 0.98106294870388 ], [ 121.350463867187727, 0.980926394462585 ], [ 121.349662780761719, 0.980948448181209 ], [ 121.349105834960938, 0.980970740318241 ], [ 121.34818267822277, 0.981075406074524 ], [ 121.347175598144531, 0.982053160667533 ], [ 121.346603393554688, 0.982926785945949 ], [ 121.34647369384777, 0.983206570148525 ], [ 121.345909118652457, 0.983983516693115 ], [ 121.345787048339844, 0.984178006649017 ], [ 121.345596313476562, 0.984443604946136 ], [ 121.345176696777457, 0.984494209289608 ], [ 121.345100402832031, 0.984542369842643 ], [ 121.344467163085938, 0.984580039978141 ], [ 121.343254089355582, 0.984727501869145 ], [ 121.343070983886832, 0.984756946563834 ], [ 121.34214019775402, 0.985018491745109 ], [ 121.341781616210938, 0.984963953495082 ], [ 121.341415405273438, 0.98527783155447 ], [ 121.339591979980696, 0.986704468727112 ], [ 121.338882446289176, 0.987071990966797 ], [ 121.336692810058594, 0.986770987510681 ], [ 121.333763122558594, 0.986589014530182 ], [ 121.333419799804688, 0.986522734165305 ], [ 121.33219146728527, 0.986465334892273 ], [ 121.330650329589957, 0.986888766288871 ], [ 121.329353332519645, 0.988089561462402 ], [ 121.329277038574219, 0.988167643547172 ], [ 121.329101562500227, 0.988281130790767 ], [ 121.328521728515852, 0.98872172832489 ], [ 121.32795715332054, 0.989014983177299 ], [ 121.327552795410156, 0.989236950874329 ], [ 121.327484130859375, 0.989278078079224 ], [ 121.327178955078125, 0.989271163940487 ], [ 121.324546813964957, 0.989503562450523 ], [ 121.324050903320312, 0.989565908908787 ], [ 121.323234558105582, 0.989365041256008 ], [ 121.323165893554688, 0.989321708679199 ], [ 121.323059082031364, 0.989308178424949 ], [ 121.322044372558821, 0.988663733005581 ], [ 121.321983337402344, 0.988531231880302 ], [ 121.321632385253906, 0.98812294006359 ], [ 121.321388244628906, 0.987278401851597 ], [ 121.32132720947277, 0.9871466755867 ], [ 121.320732116699332, 0.985498666763419 ], [ 121.320266723632812, 0.984641253948212 ], [ 121.319602966308707, 0.983907282352504 ], [ 121.318977355957031, 0.983066022396031 ], [ 121.318107604980582, 0.982068479061184 ], [ 121.316970825195312, 0.981118857860679 ], [ 121.316131591797102, 0.980896949768066 ], [ 121.315620422363395, 0.98098224401474 ], [ 121.315292358398438, 0.98096984624874 ], [ 121.314964294433594, 0.981030881404877 ], [ 121.314544677734375, 0.981219768524113 ], [ 121.314125061035156, 0.981543242931423 ], [ 121.313255310058594, 0.982272624969539 ], [ 121.312454223632812, 0.982751965522766 ], [ 121.311347961425781, 0.983492493629512 ], [ 121.309494018554801, 0.984795987606049 ], [ 121.309066772461165, 0.985125541687012 ], [ 121.308815002441406, 0.984764933586121 ], [ 121.308700561523551, 0.984706759452877 ], [ 121.308624267578125, 0.984485208988303 ], [ 121.308319091796989, 0.983771324157772 ], [ 121.307525634765625, 0.982706844806671 ], [ 121.306274414062614, 0.981225550174656 ], [ 121.30545806884777, 0.980336785316524 ], [ 121.305389404296875, 0.980072379112187 ], [ 121.305335998535156, 0.980000495910758 ], [ 121.305328369140739, 0.979823350906315 ], [ 121.305168151855469, 0.979225516319332 ], [ 121.30523681640625, 0.978188276290894 ], [ 121.305465698242301, 0.977802276611385 ], [ 121.305511474609489, 0.977661728858948 ], [ 121.305679321289176, 0.977453947067318 ], [ 121.305900573730582, 0.977076649665833 ], [ 121.306106567382812, 0.976899027824516 ], [ 121.306221008300895, 0.976748824119568 ], [ 121.30633544921875, 0.97670137882244 ], [ 121.306419372558707, 0.976631879806519 ], [ 121.306648254394645, 0.976571261882839 ], [ 121.307655334472656, 0.976151823997498 ], [ 121.309478759765739, 0.975792646408138 ], [ 121.30985260009777, 0.975733280181942 ], [ 121.310256958007926, 0.9756276607514 ], [ 121.31135559082054, 0.974835813045559 ], [ 121.31201171875, 0.974368691444454 ], [ 121.312751770019645, 0.973525822162685 ], [ 121.313468933105582, 0.972619950771445 ], [ 121.314277648925895, 0.971473813056946 ], [ 121.314414978027571, 0.971113622188511 ], [ 121.314689636230469, 0.970150649547691 ], [ 121.314788818359602, 0.96944701671606 ], [ 121.314659118652457, 0.968244135379848 ], [ 121.314537048339844, 0.967487275600547 ], [ 121.314476013183707, 0.967284202575627 ], [ 121.314369201660156, 0.966877341270447 ], [ 121.313903808593864, 0.966172218322868 ], [ 121.313568115234375, 0.965678751468658 ], [ 121.312965393066406, 0.964997291565055 ], [ 121.312942504882926, 0.964778065681571 ], [ 121.312820434570312, 0.964345097541809 ], [ 121.312644958496094, 0.961738884449005 ], [ 121.312561035156364, 0.960803329944724 ], [ 121.312522888183707, 0.960143864154873 ], [ 121.312477111816406, 0.95996618270874 ], [ 121.312240600585938, 0.959646642208213 ], [ 121.311630249023438, 0.95930111408245 ], [ 121.311035156250114, 0.959085404872837 ], [ 121.30982971191429, 0.958981812000275 ], [ 121.309364318847656, 0.95883625745779 ], [ 121.308822631835938, 0.958774447441158 ], [ 121.308502197265852, 0.958626210689545 ], [ 121.308090209960938, 0.958586931228638 ], [ 121.307571411132926, 0.958224594593105 ], [ 121.307273864746094, 0.957763254642487 ], [ 121.306854248046989, 0.957028448581696 ], [ 121.306610107421989, 0.956790864467735 ], [ 121.305923461914062, 0.956434130668754 ], [ 121.305168151855469, 0.956032812595424 ], [ 121.304916381836051, 0.955787301063594 ], [ 121.304786682128906, 0.955720543861503 ], [ 121.304420471191406, 0.955424070358333 ], [ 121.304298400879134, 0.954869031906185 ], [ 121.304298400879134, 0.954479217529297 ], [ 121.304222106933594, 0.95404988527298 ], [ 121.30419921875, 0.953403949737549 ], [ 121.304023742675781, 0.952601969242153 ], [ 121.303840637207031, 0.952000439167023 ], [ 121.303810119628906, 0.951360166072902 ], [ 121.303771972656364, 0.951158702373505 ], [ 121.3038330078125, 0.950487375259399 ], [ 121.30399322509777, 0.950149536132812 ], [ 121.304023742675781, 0.950062632560787 ], [ 121.304290771484375, 0.949483633041382 ], [ 121.304351806640739, 0.949076890945548 ], [ 121.304321289062614, 0.948778629302979 ], [ 121.304222106933594, 0.94850218296051 ], [ 121.303695678710938, 0.948062062263489 ], [ 121.303627014160156, 0.94801318645483 ], [ 121.303535461426009, 0.947923779487667 ], [ 121.303138732910156, 0.947201192379111 ], [ 121.303153991699446, 0.946855247020721 ], [ 121.303115844726562, 0.946698725223598 ], [ 121.303230285644645, 0.94527322053915 ], [ 121.303474426269531, 0.943892300128937 ], [ 121.303756713867301, 0.942800998687744 ], [ 121.303779602050895, 0.942088186740875 ], [ 121.303718566894531, 0.941308557987327 ], [ 121.303642272949219, 0.940923631191254 ], [ 121.303405761718864, 0.940500557422695 ], [ 121.303184509277457, 0.940217792987937 ], [ 121.302955627441406, 0.939879953861293 ], [ 121.302680969238281, 0.939570128917808 ], [ 121.30222320556652, 0.939306616783199 ], [ 121.302146911621094, 0.938976943492946 ], [ 121.301956176757812, 0.938119173049984 ], [ 121.301788330078125, 0.937380433082637 ], [ 121.301635742187727, 0.936986267566795 ], [ 121.301376342773438, 0.936295568942967 ], [ 121.301193237304688, 0.936028242111206 ], [ 121.300796508789062, 0.935827553272304 ], [ 121.300354003906364, 0.935676693916378 ], [ 121.299232482910156, 0.93540990352642 ], [ 121.299087524414062, 0.935217201709804 ], [ 121.298759460449219, 0.934913277626038 ], [ 121.298675537109375, 0.934378683567047 ], [ 121.298828125000114, 0.933153629302979 ], [ 121.298866271972656, 0.931543111801204 ], [ 121.298629760742301, 0.928940117359161 ], [ 121.298538208007812, 0.928777873516083 ], [ 121.298301696777344, 0.928475677967185 ], [ 121.297866821289176, 0.927777647972107 ], [ 121.297721862792969, 0.927596986293793 ], [ 121.297668457031364, 0.927429080009517 ], [ 121.297348022460938, 0.926581919193382 ], [ 121.297241210937727, 0.925980448722953 ], [ 121.297264099121207, 0.925646305084342 ], [ 121.297241210937727, 0.925431549549216 ], [ 121.297302246093864, 0.92430096864706 ], [ 121.297477722168082, 0.923202455043793 ], [ 121.297599792480469, 0.922981321811676 ], [ 121.297615051269531, 0.922862172126713 ], [ 121.297767639160156, 0.9226629137994 ], [ 121.298027038574332, 0.922165215015525 ], [ 121.29827880859375, 0.922017455100956 ], [ 121.29843902587902, 0.921860218048096 ], [ 121.298599243164176, 0.921833515167293 ], [ 121.299179077148551, 0.921494364738464 ], [ 121.300903320312614, 0.921022891998348 ], [ 121.301277160644645, 0.920883059501648 ], [ 121.302803039550895, 0.919858992099762 ], [ 121.303230285644645, 0.919479489326534 ], [ 121.303573608398551, 0.919122874736786 ], [ 121.303802490234489, 0.91870349645626 ], [ 121.303871154785156, 0.918420851230621 ], [ 121.30374908447277, 0.918009221553802 ], [ 121.303695678710938, 0.917854011058807 ], [ 121.302314758300781, 0.916068553924674 ], [ 121.301513671875114, 0.914957225322723 ], [ 121.300773620605469, 0.913794815540257 ], [ 121.300689697265739, 0.913673460483608 ], [ 121.299530029297102, 0.912082135677451 ], [ 121.298973083496207, 0.911391377449036 ], [ 121.298904418945312, 0.91094583272934 ], [ 121.298881530761719, 0.910654604435081 ], [ 121.298820495605582, 0.910386204719657 ], [ 121.298637390136832, 0.908677220344657 ], [ 121.298469543457031, 0.908242940902767 ], [ 121.298400878906364, 0.908138990402279 ], [ 121.298095703125, 0.907439351081905 ], [ 121.297996520996094, 0.907330274581909 ], [ 121.29736328125, 0.906872451305389 ], [ 121.296287536621321, 0.906412959098759 ], [ 121.295578002929801, 0.905827939510459 ], [ 121.29522705078125, 0.905636012554169 ], [ 121.294639587402457, 0.905041038990078 ], [ 121.294486999511719, 0.90477371215826 ], [ 121.294471740722656, 0.904609322547913 ], [ 121.294517517089844, 0.901656448841095 ], [ 121.294807434082145, 0.900522828102169 ], [ 121.29486083984375, 0.900140762329158 ], [ 121.29486083984375, 0.899539351463375 ], [ 121.294532775878906, 0.898982346058006 ], [ 121.294380187988509, 0.898714959621429 ], [ 121.294296264648438, 0.898636221885681 ], [ 121.293487548828239, 0.897993981838226 ], [ 121.293342590332031, 0.897879838943595 ], [ 121.292427062988281, 0.897199392318669 ], [ 121.291412353515625, 0.896392226219234 ], [ 121.290039062500114, 0.895367980003357 ], [ 121.288154602050895, 0.894024372100944 ], [ 121.286155700683594, 0.892924845218772 ], [ 121.285408020019531, 0.892539918422699 ], [ 121.284622192382812, 0.892276465892905 ], [ 121.284133911132926, 0.891617417335453 ], [ 121.284027099609375, 0.890758454799709 ], [ 121.284004211425781, 0.890624403953552 ], [ 121.283805847167969, 0.889376997947693 ], [ 121.283775329589957, 0.888652324676627 ], [ 121.283676147460938, 0.887796938419285 ], [ 121.283920288086051, 0.886759519577083 ], [ 121.283988952636719, 0.886629045009613 ], [ 121.284133911132926, 0.886303246021271 ], [ 121.284202575683594, 0.88625496625906 ], [ 121.284812927246094, 0.885443806648254 ], [ 121.28488922119152, 0.885323524475098 ], [ 121.28541564941429, 0.884554684162254 ], [ 121.285552978515625, 0.884196937084255 ], [ 121.285697937011719, 0.883680462837219 ], [ 121.285736083984375, 0.883220493793544 ], [ 121.285514831542969, 0.880753576755637 ], [ 121.285293579101676, 0.879777371883506 ], [ 121.284896850586051, 0.87810659408575 ], [ 121.284881591796989, 0.877933859825077 ], [ 121.284767150878906, 0.877482950687522 ], [ 121.284828186035156, 0.877207696437893 ], [ 121.284797668457031, 0.876815855503082 ], [ 121.284767150878906, 0.876567482948417 ], [ 121.284873962402457, 0.876500427723045 ], [ 121.284980773925781, 0.876346945762748 ], [ 121.285423278808821, 0.876124441623688 ], [ 121.286155700683594, 0.876147031784001 ], [ 121.286323547363281, 0.876147091388759 ], [ 121.286407470703239, 0.876138508319968 ], [ 121.287155151367301, 0.875990808010215 ], [ 121.287284851074219, 0.875924825668449 ], [ 121.287590026855582, 0.875680923461971 ], [ 121.287818908691406, 0.875412702560482 ], [ 121.288261413574219, 0.875056564807949 ], [ 121.288764953613281, 0.874722659587803 ], [ 121.289520263671875, 0.874255239963588 ], [ 121.2906494140625, 0.873409330844993 ], [ 121.291160583496207, 0.873075425624904 ], [ 121.291213989257926, 0.87301874160778 ], [ 121.291603088378906, 0.872462689876556 ], [ 121.291755676269645, 0.87200653553009 ], [ 121.291763305664176, 0.87190234661108 ], [ 121.29168701171875, 0.871321856975669 ], [ 121.290954589843977, 0.869917750358582 ], [ 121.29080963134777, 0.869655251503048 ], [ 121.290359497070312, 0.868909716606083 ], [ 121.289520263671875, 0.867350220680294 ], [ 121.28946685791027, 0.867250978946686 ], [ 121.289390563964844, 0.867108702659607 ], [ 121.288398742675781, 0.865255832672176 ], [ 121.286956787109489, 0.862537682056484 ], [ 121.286178588867415, 0.861016392707768 ], [ 121.285896301269531, 0.860465645790214 ], [ 121.285369873046875, 0.859240353107396 ], [ 121.285278320312614, 0.859048783779201 ], [ 121.285133361816406, 0.858767986297551 ], [ 121.285102844238395, 0.858638823032436 ], [ 121.285079956054801, 0.858148753643093 ], [ 121.285125732421875, 0.857762336730957 ], [ 121.285140991210938, 0.857100188732261 ], [ 121.28541564941429, 0.856054306030217 ], [ 121.285675048828239, 0.854674220085144 ], [ 121.285888671875, 0.85374486446392 ], [ 121.286163330078125, 0.852326929569244 ], [ 121.286338806152344, 0.851111352443695 ], [ 121.286308288574219, 0.850867450237388 ], [ 121.285926818847656, 0.849821925163383 ], [ 121.285591125488281, 0.848701953887996 ], [ 121.285018920898438, 0.847612917423248 ], [ 121.284980773925781, 0.847543776035366 ], [ 121.282302856445312, 0.842449188232536 ], [ 121.281570434570312, 0.840386033058223 ], [ 121.279953002929801, 0.836005628109035 ], [ 121.279296875, 0.834066867828369 ], [ 121.279167175293082, 0.833801567554531 ], [ 121.279022216796875, 0.833278298378104 ], [ 121.278717041015625, 0.832374393940029 ], [ 121.278694152832031, 0.832286834716854 ], [ 121.278640747070312, 0.83213031291973 ], [ 121.278617858886832, 0.831964671611786 ], [ 121.278556823730696, 0.831707239151001 ], [ 121.278427124023551, 0.83039182424551 ], [ 121.278068542480469, 0.829175829887504 ], [ 121.277275085449332, 0.827494025230521 ], [ 121.2763671875, 0.825113415718135 ], [ 121.275398254394531, 0.822488605976162 ], [ 121.275337219238395, 0.822301328182334 ], [ 121.275222778320312, 0.822015285492 ], [ 121.273857116699332, 0.81787163019186 ], [ 121.273101806640625, 0.815554797649384 ], [ 121.272529602050781, 0.813928484916687 ], [ 121.27215576171875, 0.812814652919769 ], [ 121.271392822265625, 0.81025809049612 ], [ 121.27133941650402, 0.810113608837128 ], [ 121.271270751953125, 0.80996310710907 ], [ 121.271240234375, 0.809868156909886 ], [ 121.271148681640739, 0.809639036655426 ], [ 121.271141052246207, 0.809562385082302 ], [ 121.271095275878906, 0.808768808841705 ], [ 121.271362304687614, 0.808380901813564 ], [ 121.271553039550895, 0.808063149452266 ], [ 121.27166748046875, 0.807944893837032 ], [ 121.272010803222656, 0.807473182678336 ], [ 121.272979736328125, 0.806737780570984 ], [ 121.273536682128906, 0.806280195713157 ], [ 121.273948669433594, 0.805620789528007 ], [ 121.273963928222656, 0.805523276329097 ], [ 121.274055480957031, 0.804791808128414 ], [ 121.27402496337902, 0.804290890693778 ], [ 121.273895263671875, 0.803267240524349 ], [ 121.273750305175781, 0.802569091320095 ], [ 121.273635864257926, 0.801890373230037 ], [ 121.273582458496094, 0.801674604416007 ], [ 121.273529052734375, 0.801561117172241 ], [ 121.272903442382926, 0.800449430942592 ], [ 121.272537231445312, 0.800013661384696 ], [ 121.271842956542969, 0.799279451370296 ], [ 121.271408081054688, 0.798981964588279 ], [ 121.271240234375, 0.798650443553981 ], [ 121.271102905273438, 0.798501074314174 ], [ 121.270736694336165, 0.797335147857666 ], [ 121.270370483398551, 0.796375393867606 ], [ 121.270149230957031, 0.795794188976231 ], [ 121.268585205078125, 0.795962810516471 ], [ 121.267417907714844, 0.796250224113578 ], [ 121.265876770019531, 0.796470999717769 ], [ 121.264381408691406, 0.796647548675594 ], [ 121.263069152832031, 0.796829283237571 ], [ 121.261856079101562, 0.797094523906821 ], [ 121.260780334472656, 0.797448396682739 ], [ 121.259368896484375, 0.798045754432621 ], [ 121.2579345703125, 0.798488080501556 ], [ 121.257011413574332, 0.798686981201229 ], [ 121.256134033203125, 0.79879736900341 ], [ 121.255317687988395, 0.79873055219656 ], [ 121.254219055175781, 0.798619389533997 ], [ 121.252082824707145, 0.79848557710659 ], [ 121.251731872558707, 0.798684716224727 ], [ 121.251419067382812, 0.799127519130707 ], [ 121.251091003418196, 0.799858212471065 ], [ 121.250740051269645, 0.799990952015037 ], [ 121.250000000000114, 0.799816429615134 ], [ 121.2479248046875, 0.800476908683891 ], [ 121.245849609375, 0.801192462444305 ], [ 121.244758605957031, 0.801252841949463 ], [ 121.24137115478527, 0.801068723201809 ], [ 121.240028381347884, 0.80117404460907 ], [ 121.237548828125227, 0.80118548870098 ], [ 121.236709594726562, 0.800762176513672 ], [ 121.235252380371321, 0.799178004264832 ] ] ] ] } },
{ "type": "Feature", "properties": { "GID_0": "IDN", "NAME_0": "Indonesia", "GID_1": "IDN.27_1", "NAME_1": "Sulawesi Tengah", "GID_2": "IDN.27.3_1", "NAME_2": "Buol", "GID_3": "IDN.27.3.11_1", "NAME_3": "Tiloan", "GID_4": "IDN.27.3.11.5_1", "NAME_4": "Kokobuka", "VARNAME_4": null, "TYPE_4": "Desa", "ENGTYPE_4": "Village", "CC_4": "7207021003" }, "geometry": { "type": "MultiPolygon", "coordinates": [ [ [ [ 121.038269042968864, 0.695119321346283 ], [ 121.038002014160156, 0.69513559341442 ], [ 121.037399291992188, 0.695052027702388 ], [ 121.035888671875, 0.695236563682613 ], [ 121.034606933593977, 0.696224868297691 ], [ 121.033042907714844, 0.697297036647853 ], [ 121.0311279296875, 0.698134779930058 ], [ 121.03061676025402, 0.698436319828033 ], [ 121.029052734375, 0.701199889183044 ], [ 121.028121948242415, 0.701886713504905 ], [ 121.027519226074219, 0.702355742454642 ], [ 121.026756286621094, 0.702791333198547 ], [ 121.025611877441406, 0.703152120113373 ], [ 121.024192810058594, 0.70311009883892 ], [ 121.023292541503906, 0.702708363533134 ], [ 121.022003173828125, 0.702887117862701 ], [ 121.021034240722656, 0.702996134758109 ], [ 121.019973754882926, 0.703205704689083 ], [ 121.01822662353527, 0.703781783580894 ], [ 121.016746520996207, 0.704959630966187 ], [ 121.015350341796989, 0.705900073051509 ], [ 121.015266418457031, 0.70595425367361 ], [ 121.011863708496094, 0.707446515560093 ], [ 121.011085510253906, 0.707734525203819 ], [ 121.010589599609489, 0.707970142364616 ], [ 121.010223388671989, 0.707813203334808 ], [ 121.009696960449219, 0.707790076732692 ], [ 121.008468627929915, 0.706088900566158 ], [ 121.007003784179801, 0.704709649086055 ], [ 121.005348205566406, 0.70390081405651 ], [ 121.004814147949219, 0.703816533088684 ], [ 121.004112243652457, 0.702947497367973 ], [ 121.003181457519645, 0.701770186424312 ], [ 121.002624511718864, 0.701379418373165 ], [ 121.002395629882926, 0.701220870018062 ], [ 121.001045227050895, 0.700724005699158 ], [ 120.998138427734375, 0.699625611305237 ], [ 120.994834899902344, 0.698841333389396 ], [ 120.991294860839844, 0.697544157505149 ], [ 120.989974975586165, 0.69742929935461 ], [ 120.988296508789176, 0.697184205055237 ], [ 120.985687255859375, 0.696802198886871 ], [ 120.98211669921875, 0.695661067962703 ], [ 120.979965209960938, 0.695442736148948 ], [ 120.977935791015625, 0.69491982460022 ], [ 120.975906372070426, 0.694004416465873 ], [ 120.974960327148551, 0.693611145019531 ], [ 120.974914550781364, 0.693522572517452 ], [ 120.974250793457031, 0.693095862865505 ], [ 120.973701477050781, 0.693034708500022 ], [ 120.973396301269645, 0.693143665790672 ], [ 120.973152160644531, 0.693089127540645 ], [ 120.972480773925895, 0.692670583725032 ], [ 120.971832275390625, 0.691964209079686 ], [ 120.971694946289176, 0.691728711128235 ], [ 120.971153259277457, 0.690629839897269 ], [ 120.970909118652457, 0.690335035324154 ], [ 120.970634460449219, 0.689975738525447 ], [ 120.970161437988395, 0.689740359783173 ], [ 120.96954345703125, 0.689766645431519 ], [ 120.968528747558594, 0.689976155757904 ], [ 120.966941833496207, 0.690081179142055 ], [ 120.966453552246094, 0.690077960491294 ], [ 120.96482086181652, 0.69021445512783 ], [ 120.962028503417969, 0.690739333629551 ], [ 120.961479187011719, 0.690899193287009 ], [ 120.961158752441406, 0.691059112548828 ], [ 120.960159301757812, 0.691676199436188 ], [ 120.959114074707145, 0.692178964614811 ], [ 120.9578857421875, 0.692704439163322 ], [ 120.957138061523438, 0.692818462848777 ], [ 120.956207275390852, 0.692909538745994 ], [ 120.955459594726676, 0.692886352539062 ], [ 120.954597473144531, 0.692817389965114 ], [ 120.95395660400402, 0.692679882049674 ], [ 120.950004577636719, 0.691282987594604 ], [ 120.944396972656364, 0.689610958099479 ], [ 120.940849304199219, 0.688282907009238 ], [ 120.940193176269759, 0.688099622726554 ], [ 120.939872741699332, 0.688030898571128 ], [ 120.938537597656364, 0.687778711319083 ], [ 120.937713623047102, 0.687686920166072 ], [ 120.937423706054688, 0.687595307826996 ], [ 120.936470031738281, 0.687137424945888 ], [ 120.935287475586051, 0.686656653881187 ], [ 120.934532165527457, 0.686313271522522 ], [ 120.934013366699219, 0.686358749866486 ], [ 120.933265686035156, 0.686449944973049 ], [ 120.932991027832145, 0.686518430709953 ], [ 120.932533264160156, 0.686746954918021 ], [ 120.929084777832031, 0.688369274139404 ], [ 120.928657531738281, 0.688523232936916 ], [ 120.924377441406364, 0.689487874508018 ], [ 120.921333312988395, 0.690424263477382 ], [ 120.918289184570426, 0.691291987896079 ], [ 120.913360595703239, 0.691953063011283 ], [ 120.911994934082145, 0.692135393619651 ], [ 120.909385681152344, 0.692225754261131 ], [ 120.908386230468864, 0.692499756813163 ], [ 120.906295776367301, 0.69355088472372 ], [ 120.904884338378906, 0.694236338138637 ], [ 120.904785156250114, 0.694260358810482 ], [ 120.903251647949332, 0.694621980190277 ], [ 120.900070190429688, 0.695492088794822 ], [ 120.897636413574219, 0.696108520031032 ], [ 120.896476745605469, 0.696428179740906 ], [ 120.895713806152344, 0.696868360042515 ], [ 120.895065307617188, 0.697205126285496 ], [ 120.893951416015625, 0.69791358709341 ], [ 120.892570495605582, 0.698301792144775 ], [ 120.891227722168082, 0.698507010936794 ], [ 120.885978698730469, 0.700700163841248 ], [ 120.884910583496207, 0.701454401016349 ], [ 120.883934020996207, 0.70230013132101 ], [ 120.883209228515739, 0.702917337417716 ], [ 120.882362365722656, 0.703099906444606 ], [ 120.88177490234375, 0.703168272972164 ], [ 120.881553649902344, 0.703134357929343 ], [ 120.880889892578239, 0.703030645847377 ], [ 120.880073547363281, 0.702732920646781 ], [ 120.87784576416027, 0.701771378517151 ], [ 120.875823974609375, 0.701175808906612 ], [ 120.875251770019531, 0.7008096575737 ], [ 120.875030517578239, 0.700580835342521 ], [ 120.874710083007812, 0.700374841690177 ], [ 120.874252319336051, 0.700306057929936 ], [ 120.873802185058594, 0.700397312641144 ], [ 120.873390197753906, 0.700580060481968 ], [ 120.872871398925895, 0.700922906398773 ], [ 120.872184753417969, 0.701540052890778 ], [ 120.871894836425781, 0.701791524887028 ], [ 120.871795654296875, 0.702234566211757 ], [ 120.87127685546875, 0.703460752964077 ], [ 120.871070861816406, 0.703918039798737 ], [ 120.870437622070426, 0.70462125539774 ], [ 120.869346618652344, 0.704717695713043 ], [ 120.868621826171875, 0.704854607582092 ], [ 120.868347167968864, 0.70494598150259 ], [ 120.86795806884777, 0.705265939235801 ], [ 120.865486145019645, 0.706819951534385 ], [ 120.86444091796875, 0.707368373870906 ], [ 120.862892150878906, 0.708122372627315 ], [ 120.862083435058594, 0.708546042442435 ], [ 120.861892700195312, 0.708647906780243 ], [ 120.860824584960938, 0.708898961544037 ], [ 120.860282897949332, 0.708921611309108 ], [ 120.859214782714844, 0.708715260028896 ], [ 120.858215332031364, 0.708005845546722 ], [ 120.857803344726676, 0.707845568656978 ], [ 120.857170104980469, 0.707273483276481 ], [ 120.85648345947277, 0.706655681133384 ], [ 120.856101989746207, 0.706312477588654 ], [ 120.855056762695312, 0.705374360084647 ], [ 120.853492736816406, 0.703612625598851 ], [ 120.852401733398438, 0.702377140521946 ], [ 120.851715087890739, 0.701736509799957 ], [ 120.85056304931652, 0.700912654399929 ], [ 120.850128173828125, 0.700660884380341 ], [ 120.849998474121207, 0.700630545616264 ], [ 120.849540710449219, 0.700523376464844 ], [ 120.848037719726562, 0.700065314769802 ], [ 120.846153259277571, 0.699492692947501 ], [ 120.845474243164062, 0.699195086956081 ], [ 120.844924926757812, 0.698600172996578 ], [ 120.842269897460938, 0.695900321006775 ], [ 120.844154357910156, 0.699354529380855 ], [ 120.845359802246094, 0.701436221599636 ], [ 120.845901489257812, 0.702534258365688 ], [ 120.846557617187614, 0.703334987163601 ], [ 120.849197387695312, 0.706583678722382 ], [ 120.851737976074332, 0.710678577423039 ], [ 120.855583190917969, 0.716314375400486 ], [ 120.857795715332259, 0.719371974468288 ], [ 120.862998962402457, 0.72641837596899 ], [ 120.866676330566406, 0.731497228145713 ], [ 120.867881774902344, 0.733144462108612 ], [ 120.870964050293082, 0.737537026405448 ], [ 120.873710632324219, 0.741472005844059 ], [ 120.878730773925781, 0.748930096626395 ], [ 120.879432678222656, 0.749936699867305 ], [ 120.879875183105469, 0.750838518142814 ], [ 120.880935668945426, 0.753688156604767 ], [ 120.881317138671989, 0.754671633243561 ], [ 120.881889343261832, 0.756112873554287 ], [ 120.882705688476562, 0.758263111114559 ], [ 120.883811950683594, 0.761076688766479 ], [ 120.884948730468864, 0.763867378234977 ], [ 120.886039733886832, 0.766795337200222 ], [ 120.88671875, 0.768762528896332 ], [ 120.887214660644645, 0.770340800285453 ], [ 120.887969970703239, 0.772742569446621 ], [ 120.889144897461051, 0.776105105876866 ], [ 120.890869140625, 0.780382752418575 ], [ 120.891143798828125, 0.781229078769798 ], [ 120.891098022460938, 0.784385144710654 ], [ 120.891098022460938, 0.786260545253811 ], [ 120.891098022460938, 0.786672174930629 ], [ 120.891319274902344, 0.787449896335602 ], [ 120.891868591308594, 0.788044810295105 ], [ 120.892684936523438, 0.788868546486015 ], [ 120.893569946289062, 0.789463639259452 ], [ 120.894821166992301, 0.79033333063137 ], [ 120.896911621093864, 0.791226387023926 ], [ 120.898933410644531, 0.792119324207306 ], [ 120.900199890136832, 0.792646050453243 ], [ 120.90142822265625, 0.792943954467773 ], [ 120.901657104492415, 0.792989850044364 ], [ 120.904449462890625, 0.793105602264404 ], [ 120.90531158447277, 0.793100595474243 ], [ 120.905784606933594, 0.793248891830387 ], [ 120.912567138671989, 0.794559657573814 ], [ 120.91290283203125, 0.794939577579498 ], [ 120.913375854492188, 0.79521423578268 ], [ 120.914329528808594, 0.796175301075095 ], [ 120.915306091308594, 0.796884775161686 ], [ 120.915489196777344, 0.797113597393093 ], [ 120.915718078613281, 0.797594010829926 ], [ 120.915832519531364, 0.798342585563717 ], [ 120.916030883789176, 0.799423813819942 ], [ 120.916213989257926, 0.800864756107387 ], [ 120.916282653808594, 0.801848232746181 ], [ 120.916282653808594, 0.802511513233242 ], [ 120.916671752929688, 0.803380787372703 ], [ 120.916740417480582, 0.803632378578186 ], [ 120.917144775390739, 0.804067134857121 ], [ 120.919281005859489, 0.805692076683044 ], [ 120.920463562011719, 0.806721866130886 ], [ 120.920959472656364, 0.807156682014465 ], [ 120.922325134277457, 0.808598220348472 ], [ 120.924728393554688, 0.811092376709041 ], [ 120.925819396972656, 0.812510967254696 ], [ 120.927070617675895, 0.814112544059753 ], [ 120.928634643554688, 0.81662917137146 ], [ 120.92988586425804, 0.818390846252441 ], [ 120.93009185791027, 0.818665444851035 ], [ 120.93035888671875, 0.818734169006461 ], [ 120.931045532226676, 0.81875741481781 ], [ 120.9315185546875, 0.818780541419926 ], [ 120.93204498291027, 0.818940877914429 ], [ 120.932518005371094, 0.819124102592525 ], [ 120.932838439941406, 0.819284379482212 ], [ 120.93304443359375, 0.819719016552028 ], [ 120.933265686035156, 0.820451021194515 ], [ 120.933357238769645, 0.821297287940979 ], [ 120.933311462402344, 0.822349309921265 ], [ 120.933082580566406, 0.823195457458553 ], [ 120.931655883789176, 0.825939178466797 ], [ 120.931655883789176, 0.826442360878104 ], [ 120.931785583496094, 0.826694011688346 ], [ 120.931922912597656, 0.826716959476528 ], [ 120.932518005371094, 0.826854467392025 ], [ 120.933265686035156, 0.826969265937805 ], [ 120.933944702148551, 0.826774477958793 ], [ 120.934883117675895, 0.826552867889461 ], [ 120.934829711914062, 0.826704204082489 ], [ 120.937278747558594, 0.826198577880973 ], [ 120.937606811523438, 0.826216757297516 ], [ 120.937904357910384, 0.826267421245575 ], [ 120.93814849853527, 0.82646864652645 ], [ 120.938674926757926, 0.82667475938797 ], [ 120.939193725585938, 0.827018082141819 ], [ 120.939765930175781, 0.827224195003566 ], [ 120.940895080566406, 0.827567875385284 ], [ 120.942581176757812, 0.827385783195609 ], [ 120.943145751953125, 0.82727175951004 ], [ 120.943809509277571, 0.827089130878505 ], [ 120.944419860839957, 0.826792120933533 ], [ 120.944877624511719, 0.826654374599514 ], [ 120.945236206054688, 0.82658022642147 ], [ 120.945579528808707, 0.826564013958091 ], [ 120.947280883789176, 0.826633512973842 ], [ 120.950462341308594, 0.827275514602775 ], [ 120.950691223144645, 0.827458620071525 ], [ 120.950920104980582, 0.827618837356681 ], [ 120.95450592041027, 0.830411016941071 ], [ 120.95548248291027, 0.831234872341156 ], [ 120.955940246582031, 0.831418097019252 ], [ 120.956504821777344, 0.831532716751099 ], [ 120.956916809082031, 0.831647336483115 ], [ 120.957023620605582, 0.831710040569305 ], [ 120.958686828613509, 0.832677423954067 ], [ 120.9595947265625, 0.833364069461823 ], [ 120.9619140625, 0.835309326648826 ], [ 120.962661743164062, 0.835790038108939 ], [ 120.963043212890625, 0.836110413074607 ], [ 120.963523864746207, 0.836385130882263 ], [ 120.965293884277344, 0.836623191833439 ], [ 120.967094421386832, 0.836821556091252 ], [ 120.967567443847656, 0.836844682693595 ], [ 120.969406127929801, 0.836777031421661 ], [ 120.971183776855469, 0.836938023567313 ], [ 120.97245025634777, 0.837350368499699 ], [ 120.972770690917969, 0.83741915225994 ], [ 120.973136901855469, 0.837670922279301 ], [ 120.974182128906364, 0.838243305683136 ], [ 120.97476959228527, 0.838678181171417 ], [ 120.97611236572277, 0.839982509613151 ], [ 120.9765625, 0.84039443731308 ], [ 120.977516174316406, 0.84103536605835 ], [ 120.977996826171989, 0.841241478920097 ], [ 120.978263854980469, 0.841241598129272 ], [ 120.979339599609489, 0.841093897819519 ], [ 120.980697631836051, 0.841037034988403 ], [ 120.982086181640625, 0.841182291507778 ], [ 120.98258209228527, 0.841609776020107 ], [ 120.983016967773438, 0.842113196849937 ], [ 120.983421325683594, 0.842273533344382 ], [ 120.983856201171875, 0.842502474784965 ], [ 120.984397888183594, 0.842731475830135 ], [ 120.985038757324332, 0.842731773853416 ], [ 120.985969543457259, 0.84280085563671 ], [ 120.987014770507812, 0.842687070369834 ], [ 120.987968444824219, 0.842596054077205 ], [ 120.988533020019531, 0.842527747154236 ], [ 120.988830566406477, 0.842230558395443 ], [ 120.989028930664176, 0.842056274414062 ], [ 120.989669799804688, 0.841476261615753 ], [ 120.989898681640625, 0.841544985771179 ], [ 120.990264892578125, 0.841590940952358 ], [ 120.990547180176009, 0.84187757968914 ], [ 120.990692138671875, 0.84202569723135 ], [ 120.991493225097884, 0.84316968917858 ], [ 120.992034912109375, 0.844039142131919 ], [ 120.99273681640625, 0.845663368702049 ], [ 120.992828369140852, 0.84635812044138 ], [ 120.992965698242188, 0.847470343113059 ], [ 120.993011474609375, 0.847676217556057 ], [ 120.993324279785156, 0.847859382629395 ], [ 120.995040893554688, 0.849884629249573 ], [ 120.995506286621321, 0.851085424423275 ], [ 120.995597839355469, 0.85149717330944 ], [ 120.995735168457145, 0.851725995540676 ], [ 120.995780944824219, 0.852046191692409 ], [ 120.995941162109489, 0.852366507053489 ], [ 120.996231079101562, 0.852595388889426 ], [ 120.996482849121207, 0.852778494358176 ], [ 120.998138427734375, 0.854083061218205 ], [ 120.99855041503929, 0.854403495788688 ], [ 120.998619079589957, 0.854655086994114 ], [ 120.999046325683594, 0.8572856187821 ], [ 120.99954986572277, 0.858246445655766 ], [ 121.000137329101676, 0.859184563159999 ], [ 121.00018310546875, 0.859550535678977 ], [ 121.000663757324332, 0.86007684469223 ], [ 121.000953674316406, 0.86032855510723 ], [ 121.001327514648438, 0.860412359237785 ], [ 121.002685546875, 0.860192239284572 ], [ 121.003776550293082, 0.86003273725521 ], [ 121.004295349121207, 0.860010087490139 ], [ 121.004844665527571, 0.860330581665153 ], [ 121.005477905273551, 0.860765516758079 ], [ 121.006042480468864, 0.8614519834519 ], [ 121.006408691406364, 0.862275540828648 ], [ 121.006248474121207, 0.86552327871334 ], [ 121.006172180175781, 0.86664491891861 ], [ 121.006431579589957, 0.867215931415615 ], [ 121.006767272949332, 0.867376208305302 ], [ 121.007469177246094, 0.867925524711723 ], [ 121.007949829101676, 0.868611931800956 ], [ 121.007949829101676, 0.87025868892681 ], [ 121.007881164550781, 0.871928334236259 ], [ 121.007766723632926, 0.873437821865195 ], [ 121.007377624511832, 0.87429499626154 ], [ 121.007377624511832, 0.875679075717926 ], [ 121.007240295410156, 0.876456677913723 ], [ 121.006744384765625, 0.877371251583156 ], [ 121.006217956543082, 0.878240108490104 ], [ 121.00531005859375, 0.878897845745144 ], [ 121.004692077636832, 0.878994047641754 ], [ 121.004081726074446, 0.879199564457053 ], [ 121.00357818603527, 0.879679620266018 ], [ 121.003196716308707, 0.880136847496146 ], [ 121.002510070800781, 0.880639672279358 ], [ 121.00241851806652, 0.881119966507072 ], [ 121.002281188964844, 0.882515072822684 ], [ 121.00223541259777, 0.882789492607174 ], [ 121.002433776855582, 0.883090078830833 ], [ 121.003532409668082, 0.885008752345982 ], [ 121.004013061523438, 0.88567233085638 ], [ 121.004280090332259, 0.885946929454803 ], [ 121.004486083984489, 0.88594704866415 ], [ 121.004989624023438, 0.886038780212402 ], [ 121.005439758300895, 0.886199176311607 ], [ 121.005714416503906, 0.886290788650513 ], [ 121.005805969238509, 0.886450946331024 ], [ 121.005966186523438, 0.886839866638184 ], [ 121.006011962890739, 0.887114346027431 ], [ 121.005905151367188, 0.887597680091972 ], [ 121.005645751953239, 0.889286994934082 ], [ 121.00537109375, 0.891413927078304 ], [ 121.005279541015739, 0.891985654830876 ], [ 121.005439758300895, 0.89317512512207 ], [ 121.005821228027457, 0.896200001239833 ], [ 121.006233215332145, 0.897589862346706 ], [ 121.006591796875114, 0.900143444538116 ], [ 121.00662994384777, 0.900452792644558 ], [ 121.006912231445312, 0.902416229248047 ], [ 121.007499694824219, 0.905870199203605 ], [ 121.008041381835938, 0.909713029861564 ], [ 121.00833892822277, 0.911840260028896 ], [ 121.009101867675895, 0.917101264 ], [ 121.011802673339844, 0.933936655521393 ], [ 121.012481689453352, 0.938442826271 ], [ 121.014450073242301, 0.949102342128754 ], [ 121.015625, 0.954981148243007 ], [ 121.017257690429801, 0.965022981166953 ], [ 121.017486572265739, 0.965389072895107 ], [ 121.017692565918082, 0.965983867645264 ], [ 121.017913818359375, 0.966258466243858 ], [ 121.018142700195312, 0.966624557972011 ], [ 121.018325805664062, 0.966899156570435 ], [ 121.018348693847656, 0.967631042003745 ], [ 121.018211364746207, 0.968179941177368 ], [ 121.018142700195312, 0.968728780746517 ], [ 121.018234252929801, 0.969094812870082 ], [ 121.018341064453125, 0.969232857227325 ], [ 121.018981933593864, 0.970215976238251 ], [ 121.019866943359375, 0.97152024507534 ], [ 121.020370483398551, 0.972343921661491 ], [ 121.020431518554688, 0.972892880439815 ], [ 121.020347595214957, 0.97332638502121 ], [ 121.01991271972679, 0.974081933498326 ], [ 121.019317626953125, 0.974927842617092 ], [ 121.019088745117188, 0.97547668218607 ], [ 121.019004821777457, 0.975865423679465 ], [ 121.01902008056652, 0.977054774761257 ], [ 121.01904296875, 0.977718114852962 ], [ 121.019294738769531, 0.978129923343715 ], [ 121.019950866699332, 0.97915959358221 ], [ 121.020683288574446, 0.980555236339683 ], [ 121.021293640136832, 0.981378972530365 ], [ 121.021476745605582, 0.981882274150848 ], [ 121.021430969238281, 0.982614159584159 ], [ 121.021041870117188, 0.983300089836177 ], [ 121.0206298828125, 0.984191894531307 ], [ 121.019973754882926, 0.985449433326721 ], [ 121.019721984863509, 0.986043989658356 ], [ 121.019607543945426, 0.986844420433158 ], [ 121.019424438476562, 0.988170921802521 ], [ 121.019584655761832, 0.988834321498985 ], [ 121.019882202148438, 0.990206837654114 ], [ 121.020263671875, 0.991808116436005 ], [ 121.020378112792969, 0.992471456527653 ], [ 121.021011352539062, 0.994301617145595 ], [ 121.021331787109375, 0.995056569576263 ], [ 121.021690368652457, 0.995422780513763 ], [ 121.02359771728527, 0.99796271324152 ], [ 121.023872375488281, 0.998444378376007 ], [ 121.024444580078125, 0.998718023300114 ], [ 121.02494049072277, 0.998947083950043 ], [ 121.025444030761946, 0.999015986919403 ], [ 121.025917053222656, 0.99899339675909 ], [ 121.026214599609602, 0.999016463756675 ], [ 121.02646636962902, 0.999130964279118 ], [ 121.026687622070312, 0.999497056007442 ], [ 121.02691650390625, 1.000023245811519 ], [ 121.027030944824332, 1.00196743011486 ], [ 121.026870727539062, 1.002241849899349 ], [ 121.026458740234489, 1.003796935081596 ], [ 121.02557373046875, 1.007112860679683 ], [ 121.025527954101562, 1.007433056831417 ], [ 121.025619506835938, 1.009491562843266 ], [ 121.025680541992301, 1.010086297988835 ], [ 121.025550842285156, 1.010566592216549 ], [ 121.024429321289062, 1.013813734054622 ], [ 121.024337768554801, 1.014065265655518 ], [ 121.023880004882812, 1.014751553535518 ], [ 121.018791198730582, 1.014748454093933 ], [ 121.018638610839957, 1.014713764190731 ], [ 121.017959594726562, 1.015902400016785 ], [ 121.017639160156364, 1.015868067741451 ], [ 121.016159057617301, 1.01595854759222 ], [ 121.015274047851562, 1.015958070755005 ], [ 121.014793395996207, 1.016026377677974 ], [ 121.014434814453239, 1.016235828399601 ], [ 121.013565063476562, 1.017283558845463 ], [ 121.013206481933594, 1.017809391021672 ], [ 121.012611389160156, 1.018906950950679 ], [ 121.012115478515739, 1.020370364189262 ], [ 121.012069702148438, 1.020713448524589 ], [ 121.012016296386719, 1.023366570472717 ], [ 121.011993408203125, 1.024167060852108 ], [ 121.011703491210938, 1.024693012237663 ], [ 121.011474609375, 1.025127410888729 ], [ 121.008834838867188, 1.028350710868949 ], [ 121.007881164550781, 1.029653787613029 ], [ 121.007400512695426, 1.030408263206482 ], [ 121.007240295410156, 1.030797004699707 ], [ 121.0068359375, 1.03150582313549 ], [ 121.00681304931652, 1.03216910362255 ], [ 121.007240295410156, 1.032878398895377 ], [ 121.008354187011832, 1.033244967460746 ], [ 121.009422302246321, 1.033474445343131 ], [ 121.010604858398551, 1.034138441085815 ], [ 121.010765075683821, 1.034367203712577 ], [ 121.011123657226562, 1.03489351272583 ], [ 121.011352539062614, 1.034962296485844 ], [ 121.014419555664176, 1.036016345024109 ], [ 121.015419006347656, 1.036085605621338 ], [ 121.015899658203125, 1.036017298698368 ], [ 121.016212463378906, 1.035994648933467 ], [ 121.017829895019645, 1.036018490791378 ], [ 121.018325805664062, 1.036087393760795 ], [ 121.018806457519645, 1.036316514015255 ], [ 121.019966125488395, 1.037277817726192 ], [ 121.02125549316429, 1.03828501701355 ], [ 121.021896362304801, 1.038742899894714 ], [ 121.022758483886719, 1.038917779922485 ], [ 121.022880554199219, 1.038948655128536 ], [ 121.023483276367188, 1.039109826087952 ], [ 121.025665283203239, 1.039179801940975 ], [ 121.026008605957031, 1.039202928543091 ], [ 121.026435852050895, 1.039294600486755 ], [ 121.027305603027344, 1.039935588836784 ], [ 121.028007507324219, 1.040599346160889 ], [ 121.029052734375, 1.041560649871883 ], [ 121.029731750488281, 1.042132854461727 ], [ 121.03061676025402, 1.042545199394283 ], [ 121.031364440918196, 1.043003082275447 ], [ 121.03214263916027, 1.043941378593559 ], [ 121.032432556152344, 1.044284582138118 ], [ 121.032798767089844, 1.045634269714355 ], [ 121.03293609619152, 1.04600036144268 ], [ 121.033340454101676, 1.046343684196529 ], [ 121.033935546875, 1.046824336051941 ], [ 121.03436279296875, 1.046961903572139 ], [ 121.035026550293082, 1.047259688377494 ], [ 121.036590576171875, 1.04739785194397 ], [ 121.03977203369152, 1.048474431037903 ], [ 121.040184020996207, 1.04879534244543 ], [ 121.040496826171875, 1.049207210540771 ], [ 121.040657043457031, 1.049390316009521 ], [ 121.040679931640625, 1.049733400344849 ], [ 121.040679931640625, 1.050190925598258 ], [ 121.040428161621094, 1.050785422325134 ], [ 121.040084838867188, 1.051311254501343 ], [ 121.039886474609375, 1.051699995994568 ], [ 121.039840698242188, 1.052180290222225 ], [ 121.03974914550804, 1.052500367164612 ], [ 121.039970397949332, 1.05304944515234 ], [ 121.040313720703125, 1.054010391235352 ], [ 121.041130065918082, 1.055291771888676 ], [ 121.041221618652344, 1.055726408958492 ], [ 121.041496276855582, 1.058082342147827 ], [ 121.041465759277571, 1.059866428375187 ], [ 121.041488647461051, 1.060758471489066 ], [ 121.04144287109375, 1.061353087425289 ], [ 121.041671752929801, 1.061673521995544 ], [ 121.041923522949332, 1.061925292015133 ], [ 121.042739868164062, 1.062497615814323 ], [ 121.043785095214957, 1.063115835189933 ], [ 121.044601440429688, 1.063779592514038 ], [ 121.044784545898551, 1.064328670501766 ], [ 121.045372009277344, 1.065838694572506 ], [ 121.045761108398438, 1.066662311554069 ], [ 121.046257019043082, 1.06725728511816 ], [ 121.047462463378906, 1.068859100341911 ], [ 121.048057556152344, 1.069755077362174 ], [ 121.048667907714844, 1.069934964180106 ], [ 121.049003601074219, 1.069820761680603 ], [ 121.049530029296989, 1.069683909416312 ], [ 121.050033569335938, 1.069663047790641 ], [ 121.050392150878906, 1.069753050804195 ], [ 121.050590515136719, 1.07015419006342 ], [ 121.050933837890625, 1.070965647697506 ], [ 121.051300048828125, 1.071789264679069 ], [ 121.051689147949219, 1.072155475616512 ], [ 121.053092956542969, 1.0735058784486 ], [ 121.053413391113281, 1.073757648468018 ], [ 121.053909301757926, 1.074398398399353 ], [ 121.054321289062614, 1.075245022773856 ], [ 121.055839538574332, 1.077693343162593 ], [ 121.056114196777344, 1.078173875808773 ], [ 121.056793212890739, 1.078540205955619 ], [ 121.058502197265739, 1.079433441162166 ], [ 121.060859680175781, 1.080555677413997 ], [ 121.065254211425781, 1.083056092262325 ], [ 121.066696166992301, 1.08344137668621 ], [ 121.067741394042969, 1.083762288093567 ], [ 121.068313598632812, 1.083831310272274 ], [ 121.068702697753906, 1.083922982215881 ], [ 121.069015502929688, 1.083854556083793 ], [ 121.073104858398438, 1.083697080612183 ], [ 121.073287963867188, 1.083811640739441 ], [ 121.073654174804688, 1.083994746208191 ], [ 121.07806396484375, 1.088371753692627 ], [ 121.079307556152457, 1.089444637298584 ], [ 121.08094787597679, 1.089624404907227 ], [ 121.082588195800781, 1.089625477790833 ], [ 121.083961486816406, 1.089805126190299 ], [ 121.086761474609375, 1.090298295021057 ], [ 121.088981628418082, 1.090925097465458 ], [ 121.089996337890625, 1.091372489929199 ], [ 121.091331481933594, 1.092088103294373 ], [ 121.09297180175804, 1.09284865856165 ], [ 121.093727111816634, 1.093206524849052 ], [ 121.094795227050781, 1.09343063831335 ], [ 121.095146179199219, 1.093447804450989 ], [ 121.095726013183594, 1.093475818634147 ], [ 121.096527099609375, 1.092853665351868 ], [ 121.096595764160384, 1.092822790145988 ], [ 121.096954345703125, 1.092668652534542 ], [ 121.098968505859375, 1.091028094291687 ], [ 121.099311828613395, 1.090676903724727 ], [ 121.100471496582145, 1.089860320091304 ], [ 121.101318359375, 1.089369416236821 ], [ 121.102828979492188, 1.088878870010433 ], [ 121.104232788086051, 1.088429808616695 ], [ 121.104545593261719, 1.088369131088257 ], [ 121.105499267578125, 1.088358879089355 ], [ 121.109657287597656, 1.088645696640071 ], [ 121.112388610839844, 1.088919043541068 ], [ 121.113571166992415, 1.089153766632194 ], [ 121.116119384765739, 1.089415669441337 ], [ 121.117782592773551, 1.08978188037878 ], [ 121.120216369628906, 1.090358972549495 ], [ 121.120521545410156, 1.090477585792598 ], [ 121.121391296386946, 1.090950489044303 ], [ 121.121665954589844, 1.091037631034965 ], [ 121.122741699218864, 1.091377258300838 ], [ 121.123344421386832, 1.091233611106986 ], [ 121.123954772949219, 1.091304659843445 ], [ 121.126571655273551, 1.090189456939754 ], [ 121.128402709960938, 1.089177846908626 ], [ 121.128913879394531, 1.088653683662471 ], [ 121.130393981933707, 1.087679028511047 ], [ 121.130485534667969, 1.087648034095821 ], [ 121.13104248046875, 1.087451457977238 ], [ 121.131614685058594, 1.087301254272518 ], [ 121.133499145507812, 1.087513327598685 ], [ 121.134475708007812, 1.088050007820186 ], [ 121.136260986328352, 1.088973641395683 ], [ 121.136398315429688, 1.08905291557312 ], [ 121.136665344238395, 1.089071035385246 ], [ 121.136940002441406, 1.089129805564937 ], [ 121.137466430664176, 1.089124321937675 ], [ 121.137641906738395, 1.089136004447937 ], [ 121.138175964355696, 1.089117169380188 ], [ 121.1383056640625, 1.089115738868827 ], [ 121.139373779296989, 1.089074373245182 ], [ 121.142868041992188, 1.088057994842586 ], [ 121.143630981445312, 1.087761163711548 ], [ 121.143989562988281, 1.087651133537236 ], [ 121.144744873046875, 1.087524533271846 ], [ 121.145774841308594, 1.087538719177303 ], [ 121.146514892578125, 1.087431907653922 ], [ 121.146629333496207, 1.087429285049382 ], [ 121.147941589355582, 1.087658166885376 ], [ 121.150444030761832, 1.0882666110993 ], [ 121.15087890625, 1.088469624519462 ], [ 121.151618957519531, 1.088736057281494 ], [ 121.152397155761719, 1.089088559150809 ], [ 121.154685974121094, 1.089892148971614 ], [ 121.154937744140625, 1.090028405189514 ], [ 121.155052185058594, 1.090114116668815 ], [ 121.156623840332031, 1.091551065445003 ], [ 121.156257629394531, 1.09100270271307 ], [ 121.1829833984375, 1.076354146003723 ], [ 121.184700012207031, 1.075391292572078 ], [ 121.186012268066406, 1.074695944786129 ], [ 121.197410583496094, 1.068462252616939 ], [ 121.199363708496094, 1.067324638366642 ], [ 121.202438354492188, 1.065587282180843 ], [ 121.204505920410156, 1.064579844474736 ], [ 121.205612182617188, 1.063977003097591 ], [ 121.207305908203125, 1.062194347381592 ], [ 121.207542419433594, 1.057432174682731 ], [ 121.20859527587902, 1.054919838905448 ], [ 121.208816528320426, 1.054406762123108 ], [ 121.209823608398438, 1.051796197891349 ], [ 121.213577270507926, 1.042920112609977 ], [ 121.214675903320426, 1.040191650390625 ], [ 121.217208862304801, 1.038427114486751 ], [ 121.218322753906364, 1.036435604095459 ], [ 121.217498779296875, 1.033987164497375 ], [ 121.214393615722656, 1.025406122207642 ], [ 121.214111328125114, 1.022583007812614 ], [ 121.213783264160156, 1.019636869430656 ], [ 121.215347290039062, 1.011696219444389 ], [ 121.215316772460938, 1.011503100395259 ], [ 121.215171813964844, 1.010742545127982 ], [ 121.222602844238281, 1.009242892265263 ], [ 121.273422241211051, 0.998052000999508 ], [ 121.275596618652344, 0.997564077377319 ], [ 121.27734375, 0.996149122715053 ], [ 121.277481079101676, 0.996001660823822 ], [ 121.278182983398551, 0.995136439800319 ], [ 121.27778625488304, 0.994017302990073 ], [ 121.276603698730469, 0.992785453796387 ], [ 121.276451110840071, 0.992590308189506 ], [ 121.275985717773438, 0.992030143737793 ], [ 121.275718688964957, 0.991798758506832 ], [ 121.275482177734375, 0.991653978824729 ], [ 121.275398254394531, 0.991607069969234 ], [ 121.275238037109375, 0.991590023040771 ], [ 121.27500152587902, 0.991584718227443 ], [ 121.274780273437614, 0.991712450981254 ], [ 121.274642944335938, 0.991800248622951 ], [ 121.274497985839844, 0.9919651150704 ], [ 121.274353027343977, 0.992133677005825 ], [ 121.2742919921875, 0.992743492126522 ], [ 121.274223327636832, 0.993385434150696 ], [ 121.274085998535156, 0.993925631046409 ], [ 121.273727416992188, 0.994319081306514 ], [ 121.27341461181652, 0.99440598487854 ], [ 121.272476196289176, 0.994676172733364 ], [ 121.27231597900402, 0.994726896286011 ], [ 121.27170562744152, 0.994748532772007 ], [ 121.271064758300781, 0.994552671909389 ], [ 121.270332336425781, 0.994107127189693 ], [ 121.269866943359375, 0.993721485138053 ], [ 121.269424438476676, 0.993112921714783 ], [ 121.269218444824332, 0.992392301559562 ], [ 121.269401550293196, 0.991449773311615 ], [ 121.269493103027344, 0.991031527519283 ], [ 121.270385742187614, 0.988543927669639 ], [ 121.270454406738281, 0.988225340843201 ], [ 121.270553588867301, 0.987711191177425 ], [ 121.270660400390625, 0.987322509288788 ], [ 121.270683288574219, 0.987226605415344 ], [ 121.270713806152344, 0.98705309629446 ], [ 121.270881652832031, 0.986133515834865 ], [ 121.271362304687614, 0.98419177532196 ], [ 121.271255493164062, 0.983496606349945 ], [ 121.271217346191406, 0.983261108398494 ], [ 121.270729064941634, 0.982434928417206 ], [ 121.270294189453125, 0.981707394123077 ], [ 121.269508361816406, 0.980707347393036 ], [ 121.269050598144645, 0.980143308639526 ], [ 121.268028259277344, 0.978449881076926 ], [ 121.267494201660384, 0.977567553520316 ], [ 121.26602935791027, 0.975321054458675 ], [ 121.264595031738281, 0.972888290882111 ], [ 121.263816833496094, 0.97160649299633 ], [ 121.262458801269531, 0.970454394817352 ], [ 121.259429931640625, 0.968018531799373 ], [ 121.257316589355469, 0.96632373332983 ], [ 121.25640869140625, 0.965643763542175 ], [ 121.25616455078125, 0.965384721756095 ], [ 121.256072998046989, 0.965314626693726 ], [ 121.255081176757812, 0.964239239692745 ], [ 121.251853942871321, 0.960831165313778 ], [ 121.250404357910156, 0.959194302558899 ], [ 121.24655914306652, 0.955042243003902 ], [ 121.244758605957031, 0.953115224838257 ], [ 121.244606018066634, 0.952619850635585 ], [ 121.241806030273551, 0.945325672626439 ], [ 121.240806579589957, 0.942729234695491 ], [ 121.239967346191406, 0.940584063529968 ], [ 121.238067626953125, 0.93726491928112 ], [ 121.233879089355469, 0.929994344711361 ], [ 121.232063293457145, 0.926902651786918 ], [ 121.225639343261719, 0.915706336498317 ], [ 121.225509643554688, 0.915464341640586 ], [ 121.223693847656364, 0.910530149936619 ], [ 121.223457336425895, 0.909898519515991 ], [ 121.222846984863281, 0.908244609832821 ], [ 121.220283508300781, 0.901281237602348 ], [ 121.218284606933821, 0.883048236370144 ], [ 121.217575073242301, 0.867973566055412 ], [ 121.217460632324219, 0.865943431854248 ], [ 121.217781066894645, 0.865266740322113 ], [ 121.22043609619152, 0.858448147773743 ], [ 121.220993041992301, 0.856993854045982 ], [ 121.221931457519645, 0.853999257087821 ], [ 121.224334716796875, 0.84601986408228 ], [ 121.225120544433594, 0.843308329582271 ], [ 121.227378845214844, 0.839779436588231 ], [ 121.229972839355582, 0.835650324821415 ], [ 121.230018615722656, 0.835568189620915 ], [ 121.235214233398438, 0.825842320919037 ], [ 121.235649108886832, 0.819767415523643 ], [ 121.235984802246094, 0.814562082290706 ], [ 121.23551177978527, 0.805271208286342 ], [ 121.235275268554801, 0.800971150398311 ], [ 121.235252380371321, 0.799178004264832 ], [ 121.234344482421989, 0.797594070434513 ], [ 121.233619689941406, 0.796984732151031 ], [ 121.232841491699332, 0.796687662601471 ], [ 121.229621887207031, 0.795459508895988 ], [ 121.227615356445312, 0.795150220394135 ], [ 121.225318908691406, 0.794425368309135 ], [ 121.223785400390625, 0.793940246105194 ], [ 121.222534179687614, 0.793543338775635 ], [ 121.220298767089844, 0.792836785316524 ], [ 121.218460083007812, 0.792431652545986 ], [ 121.217147827148551, 0.792142450809479 ], [ 121.215873718261832, 0.792020082473755 ], [ 121.215270996093864, 0.791471660137233 ], [ 121.216239929199332, 0.789523184299469 ], [ 121.216903686523438, 0.787939965724945 ], [ 121.217002868652457, 0.786532282829342 ], [ 121.217140197754134, 0.784669756889457 ], [ 121.217208862304801, 0.783737719059104 ], [ 121.216964721679801, 0.782945871353263 ], [ 121.215888977050781, 0.781790673732871 ], [ 121.215667724609489, 0.78155612945551 ], [ 121.214179992675781, 0.77996039390564 ], [ 121.213760375976676, 0.779290258884544 ], [ 121.213638305664062, 0.778193891048545 ], [ 121.213760375976676, 0.775294661521855 ], [ 121.213813781738281, 0.774144589901027 ], [ 121.213569641113395, 0.773352682590598 ], [ 121.212982177734489, 0.772758066654205 ], [ 121.212165832519531, 0.771937608718872 ], [ 121.210784912109375, 0.770549952983799 ], [ 121.209846496582031, 0.769247055053825 ], [ 121.209213256835938, 0.768356740474815 ], [ 121.208305358886719, 0.767686426639614 ], [ 121.207214355468977, 0.767442345619315 ], [ 121.204971313476676, 0.767502307891959 ], [ 121.203338623046875, 0.766953468322811 ], [ 121.201950073242301, 0.76646476984024 ], [ 121.200912475585938, 0.766099631786403 ], [ 121.199813842773551, 0.766047239303703 ], [ 121.197044372558594, 0.76591545343399 ], [ 121.194740295410156, 0.766097187995967 ], [ 121.194000244140625, 0.766441941261405 ], [ 121.192611694335938, 0.766883313655853 ], [ 121.192016601562614, 0.766583263873997 ], [ 121.191390991211165, 0.765473425388393 ], [ 121.190971374511719, 0.762976169586238 ], [ 121.190422058105469, 0.761940598487854 ], [ 121.189033508300781, 0.76035654544836 ], [ 121.187095642089844, 0.758345901966038 ], [ 121.186431884765852, 0.757249355316105 ], [ 121.186248779296989, 0.756031215191001 ], [ 121.186370849609375, 0.753899693489132 ], [ 121.186203002929688, 0.753147423267365 ], [ 121.18589019775402, 0.751706957817134 ], [ 121.185646057128906, 0.75000137090683 ], [ 121.185279846191634, 0.749060750007629 ], [ 121.184799194335938, 0.74787396192562 ], [ 121.184425354003906, 0.746968507766837 ], [ 121.18310546875, 0.745589196681919 ], [ 121.182540893554688, 0.745161056518612 ], [ 121.182205200195312, 0.74406743049633 ], [ 121.182067871093864, 0.743211627006588 ], [ 121.182777404785156, 0.740264236927032 ], [ 121.18292236328125, 0.739123284816799 ], [ 121.183769226074332, 0.737412035465354 ], [ 121.183578491211051, 0.73631846904766 ], [ 121.182876586914176, 0.735272228717918 ], [ 121.182685852050895, 0.734606564045009 ], [ 121.182685852050895, 0.734083592891693 ], [ 121.183395385742301, 0.733037948608342 ], [ 121.183868408203125, 0.732674002647514 ], [ 121.184814453125, 0.731438279151917 ], [ 121.18524169921875, 0.729631841182766 ], [ 121.185951232910156, 0.728063225746268 ], [ 121.1871337890625, 0.725353717804012 ], [ 121.187553405761719, 0.723357081413383 ], [ 121.18741607666027, 0.722120881080684 ], [ 121.186996459961165, 0.721422791481075 ], [ 121.186424255371321, 0.720456480979919 ], [ 121.184959411621207, 0.718506634235439 ], [ 121.184204101562614, 0.717745661735648 ], [ 121.182693481445312, 0.717126965522823 ], [ 121.181938171386719, 0.716318428516388 ], [ 121.181701660156364, 0.715367496013698 ], [ 121.180564880371207, 0.713750600814819 ], [ 121.180091857910156, 0.712276577949638 ], [ 121.179924011230469, 0.711396813392582 ], [ 121.179702758789062, 0.710284173488674 ], [ 121.179756164551009, 0.708953022956791 ], [ 121.179519653320312, 0.708097100257874 ], [ 121.17913818359375, 0.706813335418701 ], [ 121.17881011962902, 0.705482006073112 ], [ 121.178863525390739, 0.704462587833518 ], [ 121.178955078125, 0.702914714813346 ], [ 121.178855895996207, 0.70125067234045 ], [ 121.178619384765739, 0.700680077075901 ], [ 121.177627563476562, 0.69944357872015 ], [ 121.176872253417969, 0.698397338390407 ], [ 121.175743103027571, 0.696209907531738 ], [ 121.175270080566406, 0.695343315601406 ], [ 121.174888610839844, 0.69464069604885 ], [ 121.174583435058594, 0.693802177906093 ], [ 121.174278259277457, 0.692976415157432 ], [ 121.173988342285156, 0.690565407276267 ], [ 121.173896789550895, 0.688093125820274 ], [ 121.173423767089844, 0.686333835125083 ], [ 121.173049926757812, 0.685382843017635 ], [ 121.172286987304688, 0.684289097786007 ], [ 121.171531677246094, 0.683528125286216 ], [ 121.169593811035156, 0.682528972625676 ], [ 121.168510437011832, 0.681862950325126 ], [ 121.165817260742188, 0.680673360824585 ], [ 121.163925170898665, 0.679864406585693 ], [ 121.162132263183594, 0.679388284683284 ], [ 121.161247253418196, 0.678653359413147 ], [ 121.162002563476562, 0.677322447299957 ], [ 121.162521362304688, 0.676595449447689 ], [ 121.160720825195426, 0.675875425338688 ], [ 121.159782409668082, 0.67569458484661 ], [ 121.158439636230582, 0.67580467462551 ], [ 121.156738281250114, 0.676512956619263 ], [ 121.15643310546875, 0.676909744739476 ], [ 121.155075073242188, 0.678683042526359 ], [ 121.154319763183594, 0.679363548755646 ], [ 121.151206970214957, 0.680724918842373 ], [ 121.149826049804801, 0.681353211402893 ], [ 121.147956848144645, 0.681366682052555 ], [ 121.144889831543082, 0.681328237056789 ], [ 121.140701293945426, 0.681093752384186 ], [ 121.139167785644645, 0.68122494220728 ], [ 121.138648986816406, 0.681225061416626 ], [ 121.137168884277344, 0.681513249874115 ], [ 121.133766174316406, 0.68070292472845 ], [ 121.13282775878929, 0.680519938469047 ], [ 121.131973266601562, 0.680598676204681 ], [ 121.130485534667969, 0.681253135204372 ], [ 121.128173828125, 0.681463062763271 ], [ 121.126899719238281, 0.681332528591213 ], [ 121.1260986328125, 0.681515872478485 ], [ 121.125450134277457, 0.682091653347129 ], [ 121.124481201171989, 0.682876884937286 ], [ 121.123603820800781, 0.684446990490073 ], [ 121.122467041015625, 0.68533563613903 ], [ 121.121994018554801, 0.685703337192649 ], [ 121.12046051025402, 0.686698019504604 ], [ 121.11585998535179, 0.687798082828635 ], [ 121.114219665527344, 0.688086271286068 ], [ 121.113571166992415, 0.688191115856227 ], [ 121.112609863281477, 0.688269853592033 ], [ 121.11029052734375, 0.688950657844657 ], [ 121.109802246093864, 0.689160108566341 ], [ 121.109375000000227, 0.689393758773747 ], [ 121.10886383056652, 0.689552843570823 ], [ 121.108345031738281, 0.689866960048732 ], [ 121.106941223144645, 0.691829741001243 ], [ 121.10662841796875, 0.692039132118339 ], [ 121.106758117675895, 0.693033397197837 ], [ 121.106918334961051, 0.694027662277335 ], [ 121.106971740722656, 0.69455099105835 ], [ 121.106552124023551, 0.694969773292485 ], [ 121.106086730957031, 0.695100665092468 ], [ 121.105278015136719, 0.695153236389103 ], [ 121.104270935058707, 0.695009171962795 ], [ 121.103614807128906, 0.694996595382634 ], [ 121.103195190429688, 0.694866836071071 ], [ 121.102630615234375, 0.694630503654537 ], [ 121.102005004882926, 0.694709181785527 ], [ 121.100837707519645, 0.695520579815025 ], [ 121.098052978515625, 0.697326719760895 ], [ 121.096626281738395, 0.698399841785545 ], [ 121.095848083496207, 0.698714017868042 ], [ 121.095138549804801, 0.69879329204565 ], [ 121.09452056884777, 0.698321819305534 ], [ 121.093841552734375, 0.69816499948513 ], [ 121.092697143554688, 0.698217570781765 ], [ 121.091323852539176, 0.698401093482971 ], [ 121.090332031250114, 0.698689162731227 ], [ 121.087966918945312, 0.698375701904354 ], [ 121.084854125976562, 0.697675466537589 ], [ 121.0831298828125, 0.697356343269348 ], [ 121.082786560058594, 0.697226285934505 ], [ 121.081863403320312, 0.696883082389775 ], [ 121.077728271484489, 0.696965098381099 ], [ 121.076248168945426, 0.697752475738582 ], [ 121.07421875, 0.697829365730342 ], [ 121.073249816894531, 0.697956800460872 ], [ 121.072662353515625, 0.698214173317069 ], [ 121.07242584228527, 0.698379278182983 ], [ 121.071853637695426, 0.698911011219082 ], [ 121.071189880371094, 0.699465453624668 ], [ 121.068756103515739, 0.700422942638454 ], [ 121.065406799316406, 0.700578629970607 ], [ 121.064102172851562, 0.700656116008815 ], [ 121.062644958496321, 0.701063632965202 ], [ 121.062500000000114, 0.70027589797985 ], [ 121.061790466308594, 0.69769012928009 ], [ 121.060264587402344, 0.696044623851833 ], [ 121.058616638183594, 0.694281578064079 ], [ 121.05780029296875, 0.693106234073753 ], [ 121.057212829589844, 0.692894816398734 ], [ 121.05633544921875, 0.693425297737235 ], [ 121.054985046386719, 0.694003820419425 ], [ 121.054786682128906, 0.693792164325714 ], [ 121.054122924804801, 0.693289875984306 ], [ 121.05350494384777, 0.692653656005916 ], [ 121.053024291992188, 0.692084372043723 ], [ 121.052436828613281, 0.691225290298405 ], [ 121.052337646484602, 0.690912306308746 ], [ 121.051506042480469, 0.690560817718563 ], [ 121.050193786621094, 0.690946280956382 ], [ 121.048683166503906, 0.691596746444816 ], [ 121.04791259765625, 0.691994667053279 ], [ 121.04754638671875, 0.692180156707821 ], [ 121.045455932617188, 0.693258345127106 ], [ 121.042854309082145, 0.69387853145605 ], [ 121.040412902832031, 0.694632649421806 ], [ 121.039665222167969, 0.695034742355347 ], [ 121.038269042968864, 0.695119321346283 ] ] ] ] } },
{ "type": "Feature", "properties": { "GID_0": "IDN", "NAME_0": "Indonesia", "GID_1": "IDN.27_1", "NAME_1": "Sulawesi Tengah", "GID_2": "IDN.27.3_1", "NAME_2": "Buol", "GID_3": "IDN.27.3.11_1", "NAME_3": "Tiloan", "GID_4": "IDN.27.3.11.6_1", "NAME_4": "Lomuli", "VARNAME_4": null, "TYPE_4": "Desa", "ENGTYPE_4": "Village", "CC_4": "7207021006" }, "geometry": { "type": "MultiPolygon", "coordinates": [ [ [ [ 121.207305908203125, 1.062194347381592 ], [ 121.207443237304801, 1.062398552894706 ], [ 121.207778930664062, 1.062511682510433 ], [ 121.210227966308594, 1.065050482749939 ], [ 121.212402343750114, 1.065742731094474 ], [ 121.215827941894645, 1.066953063011283 ], [ 121.231201171875, 1.071867704391536 ], [ 121.243499755859489, 1.071465849876404 ], [ 121.244598388672102, 1.069887638091984 ], [ 121.251983642578125, 1.059507369995174 ], [ 121.255821228027344, 1.055790781974906 ], [ 121.259422302246094, 1.052570104599113 ], [ 121.27203369140625, 1.049152255058289 ], [ 121.278717041015625, 1.047345995903072 ], [ 121.279747009277457, 1.047076821327266 ], [ 121.276626586914062, 1.039103984832821 ], [ 121.275306701660384, 1.035730242729187 ], [ 121.274742126465071, 1.034316182136649 ], [ 121.27494049072277, 1.034151196479854 ], [ 121.275779724121094, 1.033441424369812 ], [ 121.276268005371321, 1.031619310379085 ], [ 121.276390075683594, 1.029636502265987 ], [ 121.276405334472656, 1.029210567474422 ], [ 121.277420043945426, 1.027587175369376 ], [ 121.27805328369152, 1.026534914970398 ], [ 121.278099060058594, 1.025022268295288 ], [ 121.274742126465071, 1.022165536880493 ], [ 121.272544860839844, 1.020349144935722 ], [ 121.272544860839844, 1.020022392272892 ], [ 121.272521972656364, 1.019282221794242 ], [ 121.272613525390625, 1.019269347190971 ], [ 121.274085998535156, 1.019058704376334 ], [ 121.274635314941406, 1.019728541374263 ], [ 121.275039672851562, 1.020198106765804 ], [ 121.277793884277571, 1.021925091743412 ], [ 121.278755187988395, 1.020462632179317 ], [ 121.2779541015625, 1.018045663833675 ], [ 121.277015686035156, 1.015097379684391 ], [ 121.276947021484375, 1.013983130455017 ], [ 121.276405334472656, 1.01304042339325 ], [ 121.275497436523665, 1.012148141861019 ], [ 121.275352478027457, 1.012012004852352 ], [ 121.275108337402344, 1.01112091541296 ], [ 121.276672363281364, 1.008987307548523 ], [ 121.2767333984375, 1.007489681243953 ], [ 121.276031494140625, 1.006567239761466 ], [ 121.275566101074332, 1.005971908569279 ], [ 121.275405883789062, 1.005914807319698 ], [ 121.273666381836051, 1.005305171012935 ], [ 121.273155212402344, 1.004491090774536 ], [ 121.273223876953239, 1.003844976425285 ], [ 121.273246765136832, 1.003527045250053 ], [ 121.273635864257926, 1.003251910209769 ], [ 121.274215698242301, 1.002840876579342 ], [ 121.275825500488281, 1.00299870967865 ], [ 121.277374267578125, 1.003134369850272 ], [ 121.279228210449219, 1.00215315818798 ], [ 121.27957916259777, 1.000507235527039 ], [ 121.278373718261832, 0.998810529708862 ], [ 121.276176452636719, 0.998349606990928 ], [ 121.274803161621207, 1.000585079193115 ], [ 121.273605346679801, 1.00116932392126 ], [ 121.272956848144531, 1.000871181488037 ], [ 121.272506713867301, 1.000674843788204 ], [ 121.272476196289176, 1.000028014182988 ], [ 121.272438049316406, 0.999342203140372 ], [ 121.273422241211051, 0.998052000999508 ], [ 121.222602844238281, 1.009242892265263 ], [ 121.215171813964844, 1.010742545127982 ], [ 121.215316772460938, 1.011503100395259 ], [ 121.215347290039062, 1.011696219444389 ], [ 121.213783264160156, 1.019636869430656 ], [ 121.214111328125114, 1.022583007812614 ], [ 121.214393615722656, 1.025406122207642 ], [ 121.217498779296875, 1.033987164497375 ], [ 121.218322753906364, 1.036435604095459 ], [ 121.217208862304801, 1.038427114486751 ], [ 121.214675903320426, 1.040191650390625 ], [ 121.213577270507926, 1.042920112609977 ], [ 121.209823608398438, 1.051796197891349 ], [ 121.208816528320426, 1.054406762123108 ], [ 121.20859527587902, 1.054919838905448 ], [ 121.207542419433594, 1.057432174682731 ], [ 121.207305908203125, 1.062194347381592 ] ] ] ] } },
{ "type": "Feature", "properties": { "GID_0": "IDN", "NAME_0": "Indonesia", "GID_1": "IDN.27_1", "NAME_1": "Sulawesi Tengah", "GID_2": "IDN.27.3_1", "NAME_2": "Buol", "GID_3": "IDN.27.3.11_1", "NAME_3": "Tiloan", "GID_4": "IDN.27.3.11.7_1", "NAME_4": "Maniala", "VARNAME_4": null, "TYPE_4": "Desa", "ENGTYPE_4": "Village", "CC_4": "7207021008" }, "geometry": { "type": "MultiPolygon", "coordinates": [ [ [ [ 121.333274841308594, 1.068220257759208 ], [ 121.333274841308594, 1.067878842353878 ], [ 121.333282470703125, 1.067160010337943 ], [ 121.333251953125, 1.066938996315059 ], [ 121.333236694335938, 1.066421627998295 ], [ 121.332962036132926, 1.065967559814567 ], [ 121.332794189453239, 1.065688729286308 ], [ 121.331954956054915, 1.065733909606934 ], [ 121.331863403320312, 1.06573843956005 ], [ 121.331611633300895, 1.066195726394767 ], [ 121.331512451171875, 1.066703677177543 ], [ 121.331466674804688, 1.067719578743095 ], [ 121.331314086914062, 1.068684697151184 ], [ 121.330810546875227, 1.069599151611442 ], [ 121.330154418945312, 1.070259809494132 ], [ 121.328788757324332, 1.071631789207458 ], [ 121.327873229980469, 1.071844935417289 ], [ 121.32733154296875, 1.071808934211731 ], [ 121.327239990234489, 1.07177305221569 ], [ 121.327033996582145, 1.071282982826347 ], [ 121.327362060546875, 1.071084856987056 ], [ 121.328178405761832, 1.07067525386816 ], [ 121.328292846679688, 1.070520758628788 ], [ 121.328392028808707, 1.070399761200008 ], [ 121.328720092773665, 1.069976925849971 ], [ 121.328475952148438, 1.069309473037663 ], [ 121.328170776367301, 1.068824052810669 ], [ 121.328094482421875, 1.068814635276851 ], [ 121.32672119140625, 1.068471312523002 ], [ 121.326629638671989, 1.068354487419128 ], [ 121.325782775878906, 1.066685199737492 ], [ 121.325050354003906, 1.066208362579289 ], [ 121.324951171875114, 1.066219091415462 ], [ 121.324256896972656, 1.066276550293082 ], [ 121.324028015136719, 1.066504001617545 ], [ 121.323455810546875, 1.066989898681641 ], [ 121.322723388671875, 1.069200158119315 ], [ 121.322250366211051, 1.069396615028381 ], [ 121.321434020996094, 1.068942904472294 ], [ 121.321212768554688, 1.067684888839835 ], [ 121.320304870605469, 1.065993428230399 ], [ 121.32025146484375, 1.065914750099182 ], [ 121.319694519042969, 1.065525412559566 ], [ 121.319404602050895, 1.06529974937439 ], [ 121.31854248046875, 1.065517067909241 ], [ 121.318435668945426, 1.065566062927246 ], [ 121.31683349609375, 1.06637084484106 ], [ 121.316505432129134, 1.0671164989472 ], [ 121.316085815429688, 1.067906260490474 ], [ 121.315521240234375, 1.068431138992366 ], [ 121.315147399902344, 1.068499803543205 ], [ 121.314537048339844, 1.068338513374442 ], [ 121.31406402587902, 1.067985177040214 ], [ 121.314010620117188, 1.067923903465385 ], [ 121.313804626464844, 1.067210912704525 ], [ 121.314041137695426, 1.06612670421606 ], [ 121.314041137695426, 1.065902709961051 ], [ 121.314125061035156, 1.065522313117981 ], [ 121.314056396484489, 1.065054655075187 ], [ 121.314056396484489, 1.064911723136902 ], [ 121.313728332519531, 1.064612030982971 ], [ 121.313453674316634, 1.064391374588126 ], [ 121.313217163085938, 1.064391493797302 ], [ 121.313095092773551, 1.064339160919189 ], [ 121.312774658203125, 1.064391613006649 ], [ 121.312461853027344, 1.064391732215995 ], [ 121.312255859375, 1.064553737640381 ], [ 121.311744689941634, 1.064916372299194 ], [ 121.311691284179688, 1.064999461174011 ], [ 121.311637878417969, 1.065169215202445 ], [ 121.311294555664062, 1.066018462181148 ], [ 121.310516357421875, 1.066667914390678 ], [ 121.309913635253906, 1.066911220550594 ], [ 121.309806823730469, 1.066948413848991 ], [ 121.308181762695426, 1.066526293754578 ], [ 121.307075500488281, 1.065825700759945 ], [ 121.306976318359602, 1.065768122673092 ], [ 121.305229187011719, 1.065567255020255 ], [ 121.305137634277457, 1.065556526184139 ], [ 121.3050537109375, 1.065642476081848 ], [ 121.304893493652457, 1.065815329551697 ], [ 121.304527282714957, 1.067054629325924 ], [ 121.304481506347656, 1.067218422889709 ], [ 121.304336547851676, 1.067383289337158 ], [ 121.303901672363281, 1.067862391471806 ], [ 121.303855895996094, 1.067919135093689 ], [ 121.303230285644645, 1.068344950675964 ], [ 121.303169250488395, 1.068387269973755 ], [ 121.303138732910156, 1.068454504013062 ], [ 121.302955627441406, 1.068819046020451 ], [ 121.30291748046875, 1.068895220756474 ], [ 121.302909851074219, 1.068994879722538 ], [ 121.302658081054801, 1.071371555328369 ], [ 121.302566528320312, 1.072196960449332 ], [ 121.302421569824332, 1.075207471847591 ], [ 121.302268981933707, 1.07696628570568 ], [ 121.302169799804688, 1.080050230026188 ], [ 121.301109313964957, 1.082830667495784 ], [ 121.299201965332145, 1.087668299675101 ], [ 121.298690795898438, 1.088940620422363 ], [ 121.298210144043082, 1.090192794799862 ], [ 121.298042297363395, 1.090612530708313 ], [ 121.296974182128906, 1.093106389045715 ], [ 121.295562744140739, 1.096662640571708 ], [ 121.295166015625114, 1.0976420640946 ], [ 121.291931152343864, 1.105235695838985 ], [ 121.291130065917969, 1.107128024101257 ], [ 121.2884521484375, 1.111800909042472 ], [ 121.286239624023551, 1.115561962127799 ], [ 121.285835266113395, 1.116354465484619 ], [ 121.285736083984375, 1.116527199745292 ], [ 121.285202026367188, 1.117591619491577 ], [ 121.284370422363281, 1.119219899177608 ], [ 121.282516479492188, 1.122289061546269 ], [ 121.281349182128906, 1.124199032783622 ], [ 121.28104400634777, 1.12471508979803 ], [ 121.280586242675781, 1.125469207763786 ], [ 121.280433654785156, 1.125775694847107 ], [ 121.278671264648438, 1.129076480865479 ], [ 121.275299072265625, 1.135731935501099 ], [ 121.275375366211051, 1.135797500610352 ], [ 121.277099609375114, 1.137269139289856 ], [ 121.278068542480469, 1.138068795204163 ], [ 121.27813720703125, 1.138115763664246 ], [ 121.279411315917969, 1.139052391052303 ], [ 121.281761169433594, 1.140785932541007 ], [ 121.283332824707145, 1.141862034797725 ], [ 121.284294128418082, 1.14240837097168 ], [ 121.284782409667969, 1.142686486244202 ], [ 121.29010009765625, 1.135405063629094 ], [ 121.29483795166027, 1.12917351722723 ], [ 121.301292419433707, 1.120880842208862 ], [ 121.302818298339957, 1.118858098983878 ], [ 121.308944702148551, 1.11098051071167 ], [ 121.312019348144531, 1.10700166225439 ], [ 121.312774658203125, 1.106133937835693 ], [ 121.314865112304801, 1.103277444839591 ], [ 121.31719970703125, 1.100063920021057 ], [ 121.31793212890625, 1.099090814590511 ], [ 121.320823669433594, 1.095329999923763 ], [ 121.321189880371094, 1.094836831092834 ], [ 121.32196044921875, 1.093695640564079 ], [ 121.322479248046989, 1.092994213104305 ], [ 121.322883605957031, 1.092326760292167 ], [ 121.322998046875227, 1.092154979705811 ], [ 121.322906494140625, 1.091076493263245 ], [ 121.323005676269645, 1.090623140335083 ], [ 121.3231201171875, 1.090121030807609 ], [ 121.325103759765739, 1.084943056106681 ], [ 121.326400756835938, 1.081778645515499 ], [ 121.327972412109489, 1.077798724174613 ], [ 121.33274078369152, 1.069287657737732 ], [ 121.333274841308594, 1.068220257759208 ] ] ] ] } },
{ "type": "Feature", "properties": { "GID_0": "IDN", "NAME_0": "Indonesia", "GID_1": "IDN.27_1", "NAME_1": "Sulawesi Tengah", "GID_2": "IDN.27.3_1", "NAME_2": "Buol", "GID_3": "IDN.27.3.11_1", "NAME_3": "Tiloan", "GID_4": "IDN.27.3.11.8_1", "NAME_4": "Monggonit", "VARNAME_4": null, "TYPE_4": "Desa", "ENGTYPE_4": "Village", "CC_4": "7207021009" }, "geometry": { "type": "MultiPolygon", "coordinates": [ [ [ [ 121.274169921875227, 1.100430607795829 ], [ 121.270843505859375, 1.111606717109737 ], [ 121.270767211914176, 1.111755013465881 ], [ 121.270729064941634, 1.111876010894832 ], [ 121.259971618652344, 1.131628036499137 ], [ 121.259872436523551, 1.132117390632686 ], [ 121.259841918945312, 1.132261872291679 ], [ 121.26560211181652, 1.132172822952214 ], [ 121.269882202148438, 1.132926702499446 ], [ 121.27081298828125, 1.133207917213554 ], [ 121.271781921386719, 1.133677124977226 ], [ 121.273902893066406, 1.134918570518607 ], [ 121.275299072265625, 1.135731935501099 ], [ 121.278671264648438, 1.129076480865479 ], [ 121.280433654785156, 1.125775694847107 ], [ 121.280586242675781, 1.125469207763786 ], [ 121.28104400634777, 1.12471508979803 ], [ 121.281349182128906, 1.124199032783622 ], [ 121.282516479492188, 1.122289061546269 ], [ 121.284370422363281, 1.119219899177608 ], [ 121.285202026367188, 1.117591619491577 ], [ 121.285736083984375, 1.116527199745292 ], [ 121.285835266113395, 1.116354465484619 ], [ 121.286239624023551, 1.115561962127799 ], [ 121.2884521484375, 1.111800909042472 ], [ 121.291130065917969, 1.107128024101257 ], [ 121.291931152343864, 1.105235695838985 ], [ 121.288551330566406, 1.104386329650936 ], [ 121.287086486816406, 1.104038596153316 ], [ 121.28541564941429, 1.103627562522888 ], [ 121.279304504394531, 1.102002263069267 ], [ 121.274169921875227, 1.100430607795829 ] ] ] ] } },
{ "type": "Feature", "properties": { "GID_0": "IDN", "NAME_0": "Indonesia", "GID_1": "IDN.27_1", "NAME_1": "Sulawesi Tengah", "GID_2": "IDN.27.3_1", "NAME_2": "Buol", "GID_3": "IDN.27.3.11_1", "NAME_3": "Tiloan", "GID_4": "IDN.27.3.11.9_1", "NAME_4": "Panilan Jaya", "VARNAME_4": null, "TYPE_4": "Desa", "ENGTYPE_4": "Village", "CC_4": "7207021002" }, "geometry": { "type": "MultiPolygon", "coordinates": [ [ [ [ 121.279747009277457, 1.047076821327266 ], [ 121.279953002929801, 1.047022581100578 ], [ 121.293159484863281, 1.056713700294495 ], [ 121.297492980957145, 1.060203909873962 ], [ 121.302055358886832, 1.062931895256099 ], [ 121.302314758300781, 1.063089013099784 ], [ 121.302680969238281, 1.063311457634029 ], [ 121.304840087890625, 1.065739870071411 ], [ 121.3050537109375, 1.065642476081848 ], [ 121.305137634277457, 1.065556526184139 ], [ 121.305229187011719, 1.065567255020255 ], [ 121.306976318359602, 1.065768122673092 ], [ 121.307075500488281, 1.065825700759945 ], [ 121.308181762695426, 1.066526293754578 ], [ 121.309806823730469, 1.066948413848991 ], [ 121.309913635253906, 1.066911220550594 ], [ 121.310516357421875, 1.066667914390678 ], [ 121.311294555664062, 1.066018462181148 ], [ 121.311637878417969, 1.065169215202445 ], [ 121.311691284179688, 1.064999461174011 ], [ 121.311744689941634, 1.064916372299194 ], [ 121.312255859375, 1.064553737640381 ], [ 121.312461853027344, 1.064391732215995 ], [ 121.312774658203125, 1.064391613006649 ], [ 121.313095092773551, 1.064339160919189 ], [ 121.313217163085938, 1.064391493797302 ], [ 121.313453674316634, 1.064391374588126 ], [ 121.313728332519531, 1.064612030982971 ], [ 121.314056396484489, 1.064911723136902 ], [ 121.314056396484489, 1.065054655075187 ], [ 121.314125061035156, 1.065522313117981 ], [ 121.314041137695426, 1.065902709961051 ], [ 121.314041137695426, 1.06612670421606 ], [ 121.313804626464844, 1.067210912704525 ], [ 121.314010620117188, 1.067923903465385 ], [ 121.31406402587902, 1.067985177040214 ], [ 121.314537048339844, 1.068338513374442 ], [ 121.315147399902344, 1.068499803543205 ], [ 121.315521240234375, 1.068431138992366 ], [ 121.316085815429688, 1.067906260490474 ], [ 121.316505432129134, 1.0671164989472 ], [ 121.31683349609375, 1.06637084484106 ], [ 121.318435668945426, 1.065566062927246 ], [ 121.31854248046875, 1.065517067909241 ], [ 121.319404602050895, 1.06529974937439 ], [ 121.319694519042969, 1.065525412559566 ], [ 121.32025146484375, 1.065914750099182 ], [ 121.320304870605469, 1.065993428230399 ], [ 121.321212768554688, 1.067684888839835 ], [ 121.321434020996094, 1.068942904472294 ], [ 121.322250366211051, 1.069396615028381 ], [ 121.322723388671875, 1.069200158119315 ], [ 121.323455810546875, 1.066989898681641 ], [ 121.324028015136719, 1.066504001617545 ], [ 121.324256896972656, 1.066276550293082 ], [ 121.324951171875114, 1.066219091415462 ], [ 121.325050354003906, 1.066208362579289 ], [ 121.325782775878906, 1.066685199737492 ], [ 121.326629638671989, 1.068354487419128 ], [ 121.32672119140625, 1.068471312523002 ], [ 121.328094482421875, 1.068814635276851 ], [ 121.328170776367301, 1.068824052810669 ], [ 121.328475952148438, 1.069309473037663 ], [ 121.328720092773665, 1.069976925849971 ], [ 121.328392028808707, 1.070399761200008 ], [ 121.328292846679688, 1.070520758628788 ], [ 121.328178405761832, 1.07067525386816 ], [ 121.327362060546875, 1.071084856987056 ], [ 121.327033996582145, 1.071282982826347 ], [ 121.327239990234489, 1.07177305221569 ], [ 121.32733154296875, 1.071808934211731 ], [ 121.327873229980469, 1.071844935417289 ], [ 121.328788757324332, 1.071631789207458 ], [ 121.330154418945312, 1.070259809494132 ], [ 121.330810546875227, 1.069599151611442 ], [ 121.331314086914062, 1.068684697151184 ], [ 121.331466674804688, 1.067719578743095 ], [ 121.331512451171875, 1.066703677177543 ], [ 121.331611633300895, 1.066195726394767 ], [ 121.331863403320312, 1.06573843956005 ], [ 121.331954956054915, 1.065733909606934 ], [ 121.332794189453239, 1.065688729286308 ], [ 121.332962036132926, 1.065967559814567 ], [ 121.333236694335938, 1.066421627998295 ], [ 121.333251953125, 1.066938996315059 ], [ 121.333282470703125, 1.067160010337943 ], [ 121.333274841308594, 1.067878842353878 ], [ 121.333274841308594, 1.068220257759208 ], [ 121.333526611328239, 1.068210959434566 ], [ 121.333908081054801, 1.068185806274471 ], [ 121.334281921386832, 1.067904591560421 ], [ 121.334342956542969, 1.067793846130314 ], [ 121.334655761718864, 1.067093014717159 ], [ 121.334724426269531, 1.066514492034969 ], [ 121.334747314453125, 1.06585705280304 ], [ 121.335006713867415, 1.065249681472892 ], [ 121.335113525390625, 1.065200448036194 ], [ 121.335693359375, 1.064818739891109 ], [ 121.335891723632812, 1.064854621887321 ], [ 121.336082458496094, 1.064772009849548 ], [ 121.336349487304915, 1.064934134483451 ], [ 121.336570739746207, 1.064973711967525 ], [ 121.336822509765625, 1.06522440910345 ], [ 121.337074279785156, 1.065378904342651 ], [ 121.337226867675781, 1.065657138824463 ], [ 121.337333679199332, 1.065855979919547 ], [ 121.337310791015739, 1.066339254379272 ], [ 121.337234497070312, 1.067277908325309 ], [ 121.337120056152457, 1.069109559059143 ], [ 121.336898803710938, 1.069760322570858 ], [ 121.337348937988395, 1.070247888565177 ], [ 121.337417602539062, 1.07032406330103 ], [ 121.337547302246207, 1.070247769355831 ], [ 121.338050842285156, 1.069934129715023 ], [ 121.338256835937727, 1.069640517234916 ], [ 121.338752746582031, 1.068067669868583 ], [ 121.339660644531364, 1.066982865333671 ], [ 121.340560913086051, 1.06667876243597 ], [ 121.34088134765625, 1.066798925399837 ], [ 121.340950012207145, 1.066848039627189 ], [ 121.341423034667969, 1.067052721977348 ], [ 121.33863830566429, 1.055920004844666 ], [ 121.33792877197277, 1.05340564250946 ], [ 121.333732604980582, 1.050953149795646 ], [ 121.333511352539176, 1.05089890956873 ], [ 121.32840728759777, 1.049604415893668 ], [ 121.320724487304801, 1.046343088150138 ], [ 121.317031860351562, 1.044755101203918 ], [ 121.310241699218864, 1.038697838783207 ], [ 121.306266784668082, 1.035078525543156 ], [ 121.303901672363281, 1.009502649307308 ], [ 121.303817749023438, 1.008383870124931 ], [ 121.303207397461051, 1.003172755241508 ], [ 121.302902221679688, 1.000720500946045 ], [ 121.302597045898551, 0.997450828552246 ], [ 121.302093505859375, 0.994993388652858 ], [ 121.301315307617301, 0.988910615444183 ], [ 121.301155090332031, 0.988727807998714 ], [ 121.299949645996207, 0.987335860729274 ], [ 121.299240112304688, 0.986314296722355 ], [ 121.298629760742301, 0.985803663730678 ], [ 121.297821044922102, 0.984884321689606 ], [ 121.297210693359375, 0.984067082405147 ], [ 121.296249389648438, 0.983294606208915 ], [ 121.293113708496207, 0.979814231395835 ], [ 121.292640686035156, 0.979164123535156 ], [ 121.291191101074332, 0.979164719581547 ], [ 121.28875732421875, 0.978906214237327 ], [ 121.288482666015739, 0.978859186172485 ], [ 121.286445617675895, 0.978655636310577 ], [ 121.286033630371207, 0.978615999221915 ], [ 121.27976226806652, 0.977948725223541 ], [ 121.279441833496094, 0.977840840816555 ], [ 121.278755187988395, 0.977841138839835 ], [ 121.278274536132812, 0.977790117263908 ], [ 121.277816772461051, 0.977637112140656 ], [ 121.276840209961165, 0.977637469768524 ], [ 121.274185180664176, 0.977354943752289 ], [ 121.273452758789176, 0.977127850055695 ], [ 121.272178649902344, 0.977398753166312 ], [ 121.267494201660384, 0.977567553520316 ], [ 121.268028259277344, 0.978449881076926 ], [ 121.269050598144645, 0.980143308639526 ], [ 121.269508361816406, 0.980707347393036 ], [ 121.270294189453125, 0.981707394123077 ], [ 121.270729064941634, 0.982434928417206 ], [ 121.271217346191406, 0.983261108398494 ], [ 121.271255493164062, 0.983496606349945 ], [ 121.271362304687614, 0.98419177532196 ], [ 121.270881652832031, 0.986133515834865 ], [ 121.270713806152344, 0.98705309629446 ], [ 121.270683288574219, 0.987226605415344 ], [ 121.270660400390625, 0.987322509288788 ], [ 121.270553588867301, 0.987711191177425 ], [ 121.270454406738281, 0.988225340843201 ], [ 121.270385742187614, 0.988543927669639 ], [ 121.269493103027344, 0.991031527519283 ], [ 121.269401550293196, 0.991449773311615 ], [ 121.269218444824332, 0.992392301559562 ], [ 121.269424438476676, 0.993112921714783 ], [ 121.269866943359375, 0.993721485138053 ], [ 121.270332336425781, 0.994107127189693 ], [ 121.271064758300781, 0.994552671909389 ], [ 121.27170562744152, 0.994748532772007 ], [ 121.27231597900402, 0.994726896286011 ], [ 121.272476196289176, 0.994676172733364 ], [ 121.27341461181652, 0.99440598487854 ], [ 121.273727416992188, 0.994319081306514 ], [ 121.274085998535156, 0.993925631046409 ], [ 121.274223327636832, 0.993385434150696 ], [ 121.2742919921875, 0.992743492126522 ], [ 121.274353027343977, 0.992133677005825 ], [ 121.274497985839844, 0.9919651150704 ], [ 121.274642944335938, 0.991800248622951 ], [ 121.274780273437614, 0.991712450981254 ], [ 121.27500152587902, 0.991584718227443 ], [ 121.275238037109375, 0.991590023040771 ], [ 121.275398254394531, 0.991607069969234 ], [ 121.275482177734375, 0.991653978824729 ], [ 121.275718688964957, 0.991798758506832 ], [ 121.275985717773438, 0.992030143737793 ], [ 121.276451110840071, 0.992590308189506 ], [ 121.276603698730469, 0.992785453796387 ], [ 121.27778625488304, 0.994017302990073 ], [ 121.278182983398551, 0.995136439800319 ], [ 121.277481079101676, 0.996001660823822 ], [ 121.27734375, 0.996149122715053 ], [ 121.275596618652344, 0.997564077377319 ], [ 121.273422241211051, 0.998052000999508 ], [ 121.272438049316406, 0.999342203140372 ], [ 121.272476196289176, 1.000028014182988 ], [ 121.272506713867301, 1.000674843788204 ], [ 121.272956848144531, 1.000871181488037 ], [ 121.273605346679801, 1.00116932392126 ], [ 121.274803161621207, 1.000585079193115 ], [ 121.276176452636719, 0.998349606990928 ], [ 121.278373718261832, 0.998810529708862 ], [ 121.27957916259777, 1.000507235527039 ], [ 121.279228210449219, 1.00215315818798 ], [ 121.277374267578125, 1.003134369850272 ], [ 121.275825500488281, 1.00299870967865 ], [ 121.274215698242301, 1.002840876579342 ], [ 121.273635864257926, 1.003251910209769 ], [ 121.273246765136832, 1.003527045250053 ], [ 121.273223876953239, 1.003844976425285 ], [ 121.273155212402344, 1.004491090774536 ], [ 121.273666381836051, 1.005305171012935 ], [ 121.275405883789062, 1.005914807319698 ], [ 121.275566101074332, 1.005971908569279 ], [ 121.276031494140625, 1.006567239761466 ], [ 121.2767333984375, 1.007489681243953 ], [ 121.276672363281364, 1.008987307548523 ], [ 121.275108337402344, 1.01112091541296 ], [ 121.275352478027457, 1.012012004852352 ], [ 121.275497436523665, 1.012148141861019 ], [ 121.276405334472656, 1.01304042339325 ], [ 121.276947021484375, 1.013983130455017 ], [ 121.277015686035156, 1.015097379684391 ], [ 121.2779541015625, 1.018045663833675 ], [ 121.278755187988395, 1.020462632179317 ], [ 121.277793884277571, 1.021925091743412 ], [ 121.275039672851562, 1.020198106765804 ], [ 121.274635314941406, 1.019728541374263 ], [ 121.274085998535156, 1.019058704376334 ], [ 121.272613525390625, 1.019269347190971 ], [ 121.272521972656364, 1.019282221794242 ], [ 121.272544860839844, 1.020022392272892 ], [ 121.272544860839844, 1.020349144935722 ], [ 121.274742126465071, 1.022165536880493 ], [ 121.278099060058594, 1.025022268295288 ], [ 121.27805328369152, 1.026534914970398 ], [ 121.277420043945426, 1.027587175369376 ], [ 121.276405334472656, 1.029210567474422 ], [ 121.276390075683594, 1.029636502265987 ], [ 121.276268005371321, 1.031619310379085 ], [ 121.275779724121094, 1.033441424369812 ], [ 121.27494049072277, 1.034151196479854 ], [ 121.274742126465071, 1.034316182136649 ], [ 121.275306701660384, 1.035730242729187 ], [ 121.276626586914062, 1.039103984832821 ], [ 121.279747009277457, 1.047076821327266 ] ] ] ] } }
]
}
