{"type":"FeatureCollection","features":[{"type":"Feature","properties":{"NAMOBJ":"Liang","KODE_KAB":7207},"geometry":{"type":"MultiPolygon","coordinates":[[[[123.15725,-1.65399],[123.15718,-1.65332],[123.15787,-1.65321],[123.15725,-1.65399]]],[[[123.15679,-1.65387],[123.15657,-1.65421],[123.1554,-1.65395],[123.15559,-1.65182],[123.1565,-1.65193],[123.15738,-1.65278],[123.15679,-1.65387]]],[[[123.16,-1.64114],[123.15936,-1.64063],[123.1596,-1.64032],[123.16002,-1.64032],[123.16,-1.64114]]],[[[123.16578,-1.6382],[123.16538,-1.63801],[123.16564,-1.6376],[123.16612,-1.63779],[123.16578,-1.6382]]],[[[123.17697,-1.6438],[123.17675,-1.64418],[123.17641,-1.64404],[123.17622,-1.64292],[123.17528,-1.64254],[123.17466,-1.64161],[123.17559,-1.64044],[123.17543,-1.63739],[123.1765,-1.63665],[123.17731,-1.63703],[123.17784,-1.63788],[123.17691,-1.64008],[123.17691,-1.64085],[123.17751,-1.64166],[123.17697,-1.6438]]],[[[123.16612,-1.63536],[123.16611,-1.63538],[123.16611,-1.63536],[123.16611,-1.63529],[123.16612,-1.63521],[123.16616,-1.63514],[123.1662,-1.63511],[123.16612,-1.63536]]],[[[123.16653,-1.63565],[123.16627,-1.63541],[123.1671,-1.63503],[123.16735,-1.63448],[123.16809,-1.63454],[123.16653,-1.63565]]],[[[123.1848,-1.62848],[123.18559,-1.62857],[123.18568,-1.62979],[123.18702,-1.63126],[123.18751,-1.63266],[123.1863,-1.63306],[123.18542,-1.63259],[123.18516,-1.62991],[123.18439,-1.62901],[123.18302,-1.62892],[123.18267,-1.62798],[123.1832,-1.62727],[123.18395,-1.62719],[123.18466,-1.62777],[123.1848,-1.62848]]],[[[123.18461,-1.6262],[123.18463,-1.62656],[123.18422,-1.62657],[123.18382,-1.62616],[123.18461,-1.6262]]],[[[123.183,-1.62633],[123.18243,-1.62632],[123.1826,-1.62573],[123.183,-1.6257],[123.183,-1.62633]]],[[[123.21006,-1.62713],[123.20941,-1.62662],[123.20923,-1.6258],[123.2096,-1.62541],[123.21115,-1.62609],[123.21006,-1.62713]]],[[[123.1865,-1.62396],[123.18631,-1.62308],[123.18686,-1.62281],[123.18698,-1.62343],[123.1865,-1.62396]]],[[[123.21059,-1.62522],[123.20928,-1.62385],[123.20952,-1.62333],[123.21071,-1.62272],[123.21149,-1.62405],[123.21059,-1.62522]]],[[[123.19643,-1.62383],[123.19452,-1.62204],[123.19578,-1.62194],[123.1958,-1.62262],[123.19657,-1.62313],[123.19643,-1.62383]]],[[[123.23005,-1.62239],[123.22963,-1.62215],[123.2296,-1.62124],[123.23078,-1.62098],[123.23132,-1.62185],[123.23005,-1.62239]]],[[[123.1985,-1.61854],[123.19835,-1.61832],[123.19877,-1.6184],[123.1985,-1.61854]]],[[[123.20993,-1.61832],[123.20985,-1.61833],[123.20976,-1.61832],[123.20969,-1.61828],[123.20962,-1.61823],[123.20961,-1.61822],[123.20961,-1.61817],[123.20963,-1.61808],[123.20978,-1.61807],[123.20998,-1.61806],[123.21007,-1.61811],[123.2101,-1.61818],[123.2101,-1.61818],[123.21,-1.61827],[123.20993,-1.61832]]],[[[123.20865,-1.61971],[123.20741,-1.61908],[123.20794,-1.61801],[123.20844,-1.61804],[123.20871,-1.6187],[123.20865,-1.61971]]],[[[123.20577,-1.61755],[123.2055,-1.61742],[123.20585,-1.61698],[123.20577,-1.61755]]],[[[123.1913,-1.61709],[123.19121,-1.61709],[123.19116,-1.61709],[123.19115,-1.61708],[123.19118,-1.61699],[123.19124,-1.61685],[123.19135,-1.61684],[123.19146,-1.61683],[123.19146,-1.61688],[123.19145,-1.61692],[123.19142,-1.617],[123.19138,-1.61705],[123.1913,-1.61709]]],[[[123.19284,-1.61666],[123.19309,-1.61615],[123.19348,-1.61623],[123.19284,-1.61666]]],[[[123.19459,-1.6135],[123.19471,-1.61384],[123.19432,-1.6141],[123.19459,-1.6135]]],[[[123.19085,-1.61248],[123.19077,-1.61254],[123.19078,-1.61254],[123.19083,-1.61249],[123.19094,-1.61237],[123.19103,-1.6123],[123.19111,-1.61224],[123.1912,-1.61217],[123.1912,-1.61217],[123.19117,-1.61229],[123.19112,-1.61238],[123.19099,-1.61242],[123.19085,-1.61248]]],[[[123.19481,-1.6111],[123.19481,-1.61111],[123.19481,-1.61108],[123.19481,-1.61104],[123.19479,-1.61101],[123.19479,-1.61098],[123.19479,-1.61095],[123.19482,-1.61092],[123.19486,-1.61089],[123.19488,-1.61087],[123.19489,-1.61094],[123.19481,-1.6111]]],[[[123.23252,-1.61105],[123.23247,-1.6112],[123.23224,-1.61117],[123.2322,-1.61112],[123.2322,-1.61112],[123.23222,-1.61106],[123.23226,-1.61102],[123.23231,-1.61099],[123.23237,-1.61095],[123.23244,-1.61093],[123.23249,-1.61091],[123.23254,-1.61089],[123.2326,-1.61086],[123.23265,-1.61084],[123.23265,-1.61084],[123.23263,-1.61093],[123.23252,-1.61105]]],[[[123.19416,-1.61094],[123.19447,-1.61116],[123.19369,-1.61142],[123.19373,-1.6109],[123.19416,-1.61094]]],[[[123.19547,-1.61074],[123.19552,-1.61075],[123.19553,-1.61075],[123.19546,-1.61076],[123.19538,-1.61073],[123.19541,-1.61074],[123.19547,-1.61074]]],[[[123.19589,-1.61062],[123.19587,-1.61063],[123.19588,-1.61062],[123.19593,-1.61057],[123.19594,-1.61056],[123.19589,-1.61062]]],[[[123.19637,-1.6102],[123.19631,-1.61026],[123.19632,-1.61023],[123.19634,-1.6102],[123.19637,-1.61018],[123.19639,-1.61016],[123.19637,-1.6102]]],[[[123.19649,-1.60995],[123.19643,-1.61009],[123.19643,-1.61008],[123.19644,-1.61002],[123.19646,-1.60998],[123.19648,-1.60994],[123.1965,-1.60993],[123.19649,-1.60995]]],[[[123.19395,-1.60893],[123.19392,-1.60894],[123.19392,-1.60893],[123.19394,-1.6089],[123.19398,-1.60886],[123.19402,-1.60884],[123.19395,-1.60893]]],[[[123.21066,-1.60867],[123.21066,-1.60877],[123.21065,-1.60877],[123.21061,-1.60877],[123.21057,-1.60878],[123.21054,-1.60881],[123.21049,-1.60883],[123.21046,-1.60884],[123.2104,-1.60883],[123.21036,-1.6088],[123.21029,-1.60874],[123.21028,-1.60874],[123.21025,-1.60863],[123.21025,-1.60853],[123.21031,-1.60844],[123.21043,-1.60843],[123.21053,-1.60848],[123.21063,-1.60858],[123.21066,-1.60867]]],[[[123.20846,-1.60877],[123.20816,-1.60868],[123.20836,-1.60828],[123.20846,-1.60877]]],[[[123.10018,-1.60453],[123.10005,-1.60463],[123.09992,-1.60461],[123.09985,-1.60455],[123.09985,-1.60447],[123.09995,-1.60437],[123.10013,-1.60439],[123.10018,-1.60441],[123.10018,-1.60441],[123.10018,-1.60453]]],[[[123.2263,-1.599],[123.22593,-1.59887],[123.22623,-1.5979],[123.22687,-1.59844],[123.2263,-1.599]]],[[[123.22602,-1.59779],[123.22598,-1.59779],[123.22598,-1.59779],[123.22596,-1.5977],[123.22609,-1.59762],[123.22616,-1.59761],[123.22622,-1.59761],[123.22623,-1.59761],[123.22616,-1.59774],[123.22602,-1.59779]]],[[[123.23535,-1.59512],[123.23517,-1.59518],[123.23495,-1.59515],[123.23501,-1.59512],[123.23508,-1.59509],[123.23516,-1.59508],[123.23527,-1.59509],[123.23535,-1.59512]]],[[[123.24324,-1.5934],[123.24256,-1.59312],[123.24256,-1.59163],[123.24359,-1.59271],[123.24324,-1.5934]]],[[[123.24345,-1.58962],[123.24331,-1.58962],[123.24321,-1.58958],[123.24313,-1.5895],[123.24307,-1.58938],[123.24305,-1.58931],[123.2431,-1.5893],[123.24318,-1.58933],[123.24339,-1.58941],[123.2435,-1.58954],[123.24355,-1.58961],[123.24345,-1.58962]]],[[[123.24463,-1.5712],[123.24455,-1.5712],[123.24448,-1.57119],[123.24443,-1.57115],[123.24443,-1.57115],[123.24447,-1.57107],[123.24458,-1.57096],[123.2447,-1.57092],[123.24477,-1.57092],[123.24492,-1.57099],[123.24489,-1.57104],[123.24484,-1.57109],[123.24476,-1.57115],[123.24468,-1.57119],[123.24463,-1.5712]]],[[[123.24334,-1.56946],[123.24267,-1.56907],[123.24316,-1.56905],[123.24334,-1.56946]]],[[[123.24031,-1.55968],[123.24054,-1.5601],[123.23974,-1.55951],[123.24031,-1.55968]]],[[[123.24378,-1.5565],[123.24388,-1.55716],[123.24316,-1.55554],[123.24378,-1.5565]]],[[[123.24047,-1.55616],[123.2394,-1.55603],[123.23989,-1.55499],[123.24054,-1.55472],[123.24079,-1.55582],[123.24047,-1.55616]]],[[[123.24332,-1.55414],[123.24295,-1.55406],[123.24371,-1.5539],[123.24332,-1.55414]]],[[[123.24556,-1.54057],[123.24553,-1.54058],[123.2455,-1.54056],[123.24546,-1.54053],[123.2454,-1.54048],[123.24532,-1.54042],[123.24524,-1.54035],[123.24521,-1.5403],[123.2452,-1.54023],[123.2452,-1.54015],[123.2452,-1.54015],[123.24529,-1.54012],[123.24541,-1.54014],[123.2455,-1.54018],[123.2455,-1.54018],[123.2455,-1.54025],[123.24562,-1.54052],[123.24561,-1.54053],[123.24556,-1.54057]]],[[[123.2469,-1.53007],[123.24683,-1.53008],[123.24677,-1.53007],[123.24673,-1.53003],[123.24672,-1.53002],[123.24672,-1.53002],[123.24677,-1.52986],[123.24681,-1.52973],[123.24686,-1.52967],[123.24697,-1.52966],[123.24708,-1.5297],[123.24709,-1.5297],[123.24709,-1.52977],[123.24704,-1.5299],[123.24697,-1.53003],[123.2469,-1.53007]]],[[[123.24772,-1.52895],[123.24724,-1.52871],[123.24727,-1.52815],[123.24797,-1.52861],[123.24772,-1.52895]]],[[[123.24987,-1.509],[123.24981,-1.50901],[123.24974,-1.50901],[123.24968,-1.50898],[123.24963,-1.50894],[123.24962,-1.5089],[123.24962,-1.50886],[123.24964,-1.5088],[123.24964,-1.50876],[123.24971,-1.50877],[123.24989,-1.50886],[123.24994,-1.5089],[123.24999,-1.50898],[123.24992,-1.509],[123.24987,-1.509]]],[[[123.24924,-1.50538],[123.24917,-1.50539],[123.2491,-1.50539],[123.24902,-1.50536],[123.24894,-1.50531],[123.2489,-1.50523],[123.24887,-1.50515],[123.24887,-1.50506],[123.24887,-1.50502],[123.24887,-1.50494],[123.24893,-1.50483],[123.24902,-1.50479],[123.24919,-1.50481],[123.24925,-1.50491],[123.24935,-1.50517],[123.24935,-1.50529],[123.24935,-1.50529],[123.2493,-1.50534],[123.24924,-1.50538]]],[[[123.24962,-1.50408],[123.24923,-1.50381],[123.24984,-1.50375],[123.24962,-1.50408]]],[[[123.24774,-1.50324],[123.24775,-1.50328],[123.24762,-1.50323],[123.2475,-1.50317],[123.24743,-1.50307],[123.24743,-1.50305],[123.24746,-1.50305],[123.24749,-1.50306],[123.24751,-1.50308],[123.24754,-1.50311],[123.24757,-1.50313],[123.24761,-1.50314],[123.24766,-1.50315],[123.2477,-1.50318],[123.24773,-1.50321],[123.24774,-1.50324]]],[[[123.24693,-1.50298],[123.24686,-1.50302],[123.24677,-1.50301],[123.24679,-1.503],[123.24682,-1.50298],[123.24687,-1.50298],[123.24693,-1.50298]]],[[[123.24654,-1.50297],[123.24654,-1.50297],[123.24651,-1.50296],[123.24641,-1.50284],[123.24632,-1.5027],[123.24633,-1.50269],[123.24638,-1.50269],[123.24645,-1.5027],[123.24652,-1.50274],[123.24657,-1.50278],[123.2466,-1.50282],[123.24662,-1.50286],[123.24662,-1.5029],[123.24661,-1.50294],[123.24658,-1.50296],[123.24654,-1.50297]]],[[[123.25222,-1.50247],[123.25211,-1.50251],[123.25201,-1.50244],[123.25192,-1.50232],[123.25189,-1.50228],[123.25189,-1.5022],[123.25204,-1.50211],[123.25216,-1.50216],[123.25226,-1.50223],[123.25226,-1.5023],[123.25225,-1.5024],[123.25222,-1.50247]]],[[[123.24926,-1.49885],[123.24921,-1.49885],[123.24922,-1.49884],[123.24928,-1.49878],[123.24939,-1.49877],[123.24945,-1.49877],[123.24941,-1.49884],[123.24926,-1.49885]]],[[[123.2511,-1.49879],[123.25101,-1.49879],[123.25093,-1.49878],[123.25086,-1.49875],[123.25084,-1.49873],[123.25086,-1.49866],[123.25092,-1.49857],[123.25099,-1.49853],[123.25111,-1.49857],[123.25119,-1.49863],[123.25124,-1.49871],[123.25119,-1.49876],[123.2511,-1.49879]]],[[[123.25024,-1.49842],[123.24947,-1.49793],[123.24954,-1.49741],[123.25009,-1.49742],[123.25024,-1.49842]]],[[[123.25617,-1.47766],[123.25612,-1.47766],[123.25612,-1.47757],[123.2562,-1.4775],[123.25633,-1.4775],[123.25633,-1.4775],[123.25631,-1.47754],[123.25626,-1.47762],[123.25617,-1.47766]]],[[[123.25617,-1.47705],[123.25612,-1.47706],[123.25607,-1.47706],[123.25604,-1.47704],[123.25602,-1.47699],[123.25602,-1.47694],[123.25603,-1.47691],[123.25606,-1.4769],[123.25611,-1.47691],[123.25615,-1.47691],[123.25619,-1.47694],[123.2562,-1.47699],[123.2562,-1.47702],[123.25617,-1.47705]]],[[[123.25752,-1.47102],[123.25551,-1.4712],[123.25591,-1.47088],[123.25675,-1.47113],[123.25729,-1.4698],[123.25777,-1.4703],[123.25752,-1.47102]]],[[[123.25843,-1.46536],[123.25874,-1.46658],[123.25844,-1.46779],[123.25744,-1.46773],[123.25734,-1.46804],[123.25624,-1.46771],[123.25567,-1.46567],[123.25516,-1.46559],[123.25482,-1.46617],[123.25469,-1.46928],[123.25312,-1.47163],[123.25211,-1.47172],[123.25204,-1.47235],[123.25235,-1.47269],[123.25349,-1.47237],[123.25387,-1.47264],[123.2544,-1.47432],[123.25526,-1.47489],[123.25457,-1.47575],[123.25461,-1.47685],[123.25568,-1.47822],[123.25631,-1.47847],[123.25609,-1.48125],[123.25498,-1.4832],[123.25565,-1.48329],[123.25715,-1.48249],[123.25856,-1.4827],[123.25712,-1.48571],[123.25716,-1.48629],[123.25773,-1.48678],[123.25608,-1.48774],[123.25319,-1.48739],[123.25044,-1.48856],[123.24804,-1.4888],[123.24798,-1.48922],[123.25103,-1.49116],[123.25084,-1.49229],[123.2519,-1.4935],[123.24947,-1.49513],[123.24751,-1.49546],[123.2474,-1.49645],[123.24863,-1.49633],[123.24901,-1.4967],[123.24854,-1.49809],[123.24718,-1.49946],[123.24739,-1.50053],[123.24801,-1.49994],[123.2486,-1.5007],[123.24804,-1.50275],[123.24742,-1.50295],[123.24737,-1.50164],[123.24679,-1.50187],[123.2471,-1.50236],[123.24688,-1.50274],[123.24619,-1.50243],[123.2455,-1.50127],[123.24685,-1.49758],[123.2461,-1.498],[123.24477,-1.50165],[123.24617,-1.5032],[123.24578,-1.50433],[123.24637,-1.50406],[123.24794,-1.50465],[123.24703,-1.50582],[123.24678,-1.50737],[123.24793,-1.50623],[123.2482,-1.50719],[123.24907,-1.50752],[123.249,-1.5083],[123.24829,-1.50858],[123.24841,-1.50907],[123.24748,-1.51051],[123.2485,-1.51043],[123.24881,-1.511],[123.24864,-1.5126],[123.24802,-1.51293],[123.25019,-1.51408],[123.25006,-1.51464],[123.24923,-1.51491],[123.24889,-1.51552],[123.24926,-1.51619],[123.24843,-1.51622],[123.24795,-1.51717],[123.24822,-1.51769],[123.24937,-1.51711],[123.25028,-1.51736],[123.25063,-1.51877],[123.25027,-1.51937],[123.24926,-1.51977],[123.2487,-1.52193],[123.24777,-1.52219],[123.24819,-1.52378],[123.24658,-1.52725],[123.2466,-1.52819],[123.246,-1.52891],[123.24634,-1.52988],[123.2461,-1.53114],[123.24698,-1.53138],[123.24722,-1.53185],[123.24616,-1.53265],[123.24598,-1.53371],[123.24618,-1.5346],[123.24708,-1.53459],[123.24611,-1.53734],[123.2463,-1.53835],[123.24547,-1.53998],[123.24508,-1.53942],[123.24387,-1.53901],[123.24372,-1.53985],[123.24322,-1.54009],[123.24378,-1.54001],[123.24346,-1.54046],[123.24403,-1.54046],[123.24404,-1.54154],[123.24237,-1.542],[123.24206,-1.54247],[123.24131,-1.54215],[123.24109,-1.5424],[123.24261,-1.55095],[123.24223,-1.55111],[123.24058,-1.55038],[123.24067,-1.54899],[123.23955,-1.54699],[123.23771,-1.55098],[123.23925,-1.55351],[123.23825,-1.55587],[123.2394,-1.55685],[123.23849,-1.55794],[123.23956,-1.55891],[123.23926,-1.55938],[123.23967,-1.56062],[123.23951,-1.56169],[123.24036,-1.5617],[123.24077,-1.56222],[123.24038,-1.56288],[123.23991,-1.56282],[123.23988,-1.56345],[123.24096,-1.5636],[123.24269,-1.56487],[123.24246,-1.56568],[123.24164,-1.56591],[123.24031,-1.56772],[123.23996,-1.56988],[123.24095,-1.56951],[123.24166,-1.57078],[123.24116,-1.57109],[123.24008,-1.57058],[123.23996,-1.57225],[123.2407,-1.57292],[123.24094,-1.57183],[123.24157,-1.57191],[123.24266,-1.57374],[123.24331,-1.57333],[123.2442,-1.5734],[123.24455,-1.57231],[123.24548,-1.57257],[123.24476,-1.57535],[123.24546,-1.57648],[123.24453,-1.57778],[123.24448,-1.57854],[123.24457,-1.57933],[123.24549,-1.57999],[123.24414,-1.58098],[123.24365,-1.58224],[123.24356,-1.58582],[123.24397,-1.58659],[123.24336,-1.5879],[123.24204,-1.58831],[123.24226,-1.58906],[123.2418,-1.59059],[123.24171,-1.59328],[123.23955,-1.59345],[123.23943,-1.59251],[123.24042,-1.59219],[123.24039,-1.59172],[123.24002,-1.59117],[123.23883,-1.59102],[123.23857,-1.59061],[123.23874,-1.59152],[123.23734,-1.59299],[123.23692,-1.59453],[123.23647,-1.59452],[123.23565,-1.59362],[123.23509,-1.59197],[123.23557,-1.59466],[123.23436,-1.59484],[123.23462,-1.59545],[123.23595,-1.59579],[123.23671,-1.5972],[123.23607,-1.59797],[123.23732,-1.59864],[123.23758,-1.59963],[123.23707,-1.60056],[123.23741,-1.60113],[123.23668,-1.60261],[123.23765,-1.60314],[123.23777,-1.60242],[123.23881,-1.60119],[123.24105,-1.60019],[123.24144,-1.59943],[123.2422,-1.59942],[123.24385,-1.5984],[123.24443,-1.59658],[123.24513,-1.59607],[123.24613,-1.59624],[123.24729,-1.5959],[123.24754,-1.59635],[123.24853,-1.59658],[123.24986,-1.60022],[123.25178,-1.60191],[123.25349,-1.60165],[123.25398,-1.6019],[123.25443,-1.60285],[123.25351,-1.60353],[123.25394,-1.60345],[123.25525,-1.60674],[123.25681,-1.6075],[123.2581,-1.60898],[123.25685,-1.61154],[123.25646,-1.61409],[123.25745,-1.61556],[123.25687,-1.61639],[123.25711,-1.61735],[123.25827,-1.61827],[123.25791,-1.61918],[123.25874,-1.62215],[123.26049,-1.62334],[123.26003,-1.62452],[123.26061,-1.62537],[123.25995,-1.62591],[123.25759,-1.62644],[123.25698,-1.62701],[123.25652,-1.62819],[123.25643,-1.63039],[123.25757,-1.63221],[123.25696,-1.63361],[123.25719,-1.63459],[123.25686,-1.63528],[123.2559,-1.63543],[123.25535,-1.63654],[123.25539,-1.63774],[123.25441,-1.63935],[123.2521,-1.64015],[123.25189,-1.64076],[123.25103,-1.64114],[123.25027,-1.64109],[123.25007,-1.63999],[123.25136,-1.63928],[123.25124,-1.63861],[123.25,-1.63889],[123.24909,-1.63827],[123.24866,-1.63904],[123.24786,-1.63927],[123.24812,-1.64016],[123.249,-1.64069],[123.24938,-1.64213],[123.25005,-1.64281],[123.24887,-1.64471],[123.24823,-1.64511],[123.24808,-1.6445],[123.24742,-1.64424],[123.24703,-1.64294],[123.24658,-1.64302],[123.24609,-1.6456],[123.2449,-1.64588],[123.24423,-1.64682],[123.24364,-1.64695],[123.24336,-1.6478],[123.24269,-1.64804],[123.24294,-1.64901],[123.24033,-1.6476],[123.24048,-1.64695],[123.24123,-1.64638],[123.241,-1.6455],[123.2391,-1.64513],[123.23853,-1.6446],[123.23737,-1.64472],[123.23675,-1.64396],[123.23637,-1.64325],[123.23638,-1.64174],[123.23588,-1.64115],[123.23557,-1.63847],[123.23489,-1.63787],[123.23461,-1.63549],[123.23365,-1.63276],[123.23366,-1.62631],[123.23324,-1.62415],[123.23354,-1.6222],[123.2328,-1.62045],[123.2331,-1.61934],[123.23159,-1.61751],[123.23218,-1.61646],[123.23179,-1.61598],[123.23213,-1.61504],[123.23156,-1.61247],[123.23322,-1.611],[123.23307,-1.61058],[123.23248,-1.61076],[123.23184,-1.61011],[123.23267,-1.60811],[123.23239,-1.60604],[123.23128,-1.60487],[123.23175,-1.60396],[123.23161,-1.60147],[123.23021,-1.60037],[123.2298,-1.59912],[123.23001,-1.59822],[123.2292,-1.59819],[123.22881,-1.59693],[123.22738,-1.59608],[123.22711,-1.59633],[123.22711,-1.59709],[123.22776,-1.5971],[123.22862,-1.5981],[123.22806,-1.59854],[123.22769,-1.59793],[123.2267,-1.59748],[123.22702,-1.59578],[123.22667,-1.5955],[123.22607,-1.59588],[123.22572,-1.5952],[123.22564,-1.59616],[123.22639,-1.59706],[123.22606,-1.59749],[123.22496,-1.59739],[123.22562,-1.59775],[123.22536,-1.59928],[123.22483,-1.5988],[123.22408,-1.59883],[123.22391,-1.59984],[123.2244,-1.601],[123.22324,-1.60116],[123.22371,-1.59923],[123.22346,-1.59829],[123.22151,-1.6015],[123.22251,-1.60169],[123.22273,-1.60235],[123.22103,-1.60247],[123.22036,-1.60172],[123.22047,-1.60063],[123.21942,-1.60118],[123.21939,-1.60316],[123.22018,-1.6042],[123.21864,-1.60476],[123.21847,-1.60561],[123.21782,-1.60571],[123.2176,-1.60509],[123.21697,-1.60513],[123.21592,-1.60423],[123.21497,-1.60491],[123.21348,-1.60499],[123.21393,-1.6071],[123.21346,-1.60711],[123.21299,-1.60631],[123.21233,-1.60647],[123.21237,-1.60851],[123.21165,-1.60837],[123.21089,-1.60757],[123.20937,-1.60787],[123.20929,-1.6087],[123.20795,-1.60799],[123.2081,-1.60972],[123.20603,-1.61017],[123.20581,-1.61113],[123.20692,-1.61191],[123.20681,-1.61319],[123.20787,-1.61344],[123.20859,-1.61433],[123.20807,-1.6157],[123.20803,-1.61625],[123.20851,-1.61676],[123.20831,-1.61757],[123.20763,-1.61709],[123.20639,-1.61699],[123.20567,-1.6159],[123.20453,-1.61521],[123.2047,-1.61649],[123.20347,-1.6168],[123.20321,-1.61648],[123.20211,-1.61773],[123.20138,-1.61722],[123.20165,-1.61771],[123.2004,-1.61817],[123.20017,-1.6189],[123.1997,-1.61903],[123.19955,-1.61807],[123.19894,-1.61786],[123.19876,-1.61606],[123.19822,-1.61548],[123.19694,-1.61539],[123.19695,-1.6148],[123.19628,-1.61444],[123.19677,-1.61244],[123.19635,-1.61256],[123.19633,-1.61319],[123.19533,-1.61358],[123.19478,-1.61314],[123.19434,-1.61337],[123.19396,-1.61276],[123.19498,-1.61139],[123.19673,-1.61024],[123.19738,-1.60906],[123.19723,-1.60847],[123.19692,-1.60841],[123.19695,-1.60892],[123.19645,-1.6091],[123.19656,-1.60973],[123.19588,-1.61038],[123.19451,-1.61096],[123.19368,-1.61056],[123.19411,-1.60936],[123.19489,-1.60888],[123.19468,-1.60801],[123.19374,-1.60873],[123.19274,-1.60853],[123.19231,-1.60923],[123.19253,-1.60953],[123.1921,-1.6093],[123.19265,-1.61042],[123.19213,-1.61047],[123.1918,-1.60997],[123.19188,-1.61077],[123.19137,-1.6108],[123.19128,-1.61172],[123.19008,-1.61305],[123.19072,-1.61338],[123.19112,-1.61247],[123.19207,-1.61243],[123.19234,-1.61296],[123.19334,-1.61332],[123.193,-1.61401],[123.19255,-1.61372],[123.1919,-1.61419],[123.19153,-1.61361],[123.19082,-1.61357],[123.19066,-1.61448],[123.19097,-1.61494],[123.19156,-1.61456],[123.19215,-1.61481],[123.19213,-1.61535],[123.19117,-1.61571],[123.19095,-1.61621],[123.19059,-1.61609],[123.1905,-1.61533],[123.18951,-1.61567],[123.18979,-1.61603],[123.18957,-1.61643],[123.18912,-1.61649],[123.18887,-1.61598],[123.18896,-1.61675],[123.1883,-1.61806],[123.18896,-1.61858],[123.1881,-1.6186],[123.18801,-1.61967],[123.18836,-1.62003],[123.18772,-1.62038],[123.187,-1.62185],[123.18593,-1.62223],[123.18597,-1.62295],[123.18523,-1.62416],[123.18471,-1.62397],[123.18532,-1.62281],[123.18454,-1.62366],[123.184,-1.62362],[123.18288,-1.62257],[123.18369,-1.62441],[123.18204,-1.62587],[123.18245,-1.6268],[123.1819,-1.62787],[123.18215,-1.62974],[123.18135,-1.6297],[123.18071,-1.6303],[123.17994,-1.62993],[123.17982,-1.63075],[123.18026,-1.63127],[123.17986,-1.63236],[123.1789,-1.63226],[123.17778,-1.63298],[123.17682,-1.6345],[123.17562,-1.63313],[123.17461,-1.63337],[123.17377,-1.63302],[123.17357,-1.63145],[123.17306,-1.63137],[123.17149,-1.63259],[123.1707,-1.63262],[123.17061,-1.63184],[123.17199,-1.63073],[123.17168,-1.62998],[123.17109,-1.62978],[123.1717,-1.6285],[123.17143,-1.62808],[123.17061,-1.62876],[123.16991,-1.6285],[123.17037,-1.62974],[123.16981,-1.63072],[123.16834,-1.63195],[123.16877,-1.63327],[123.1673,-1.63334],[123.16595,-1.63533],[123.16465,-1.63535],[123.16411,-1.63574],[123.16465,-1.63664],[123.16392,-1.63734],[123.16379,-1.63853],[123.16294,-1.63986],[123.16218,-1.63972],[123.16152,-1.64025],[123.16192,-1.63959],[123.16196,-1.63798],[123.16326,-1.63753],[123.16354,-1.63832],[123.16367,-1.63759],[123.16307,-1.63736],[123.16303,-1.63656],[123.16251,-1.63719],[123.16132,-1.63719],[123.1614,-1.63799],[123.16075,-1.6389],[123.15783,-1.63845],[123.15644,-1.63862],[123.15607,-1.63997],[123.15468,-1.64051],[123.15464,-1.63893],[123.1539,-1.63721],[123.15334,-1.6369],[123.15373,-1.63393],[123.15471,-1.63278],[123.15524,-1.63131],[123.15465,-1.62887],[123.15325,-1.62699],[123.15333,-1.62612],[123.1563,-1.6239],[123.1558,-1.62364],[123.15464,-1.62408],[123.15349,-1.624],[123.15318,-1.62155],[123.15067,-1.61711],[123.15115,-1.61655],[123.15094,-1.61426],[123.15208,-1.61372],[123.1538,-1.61415],[123.1546,-1.61386],[123.15426,-1.61336],[123.15362,-1.61348],[123.15313,-1.61242],[123.15205,-1.61247],[123.1511,-1.61161],[123.15016,-1.61187],[123.14899,-1.61404],[123.14758,-1.61518],[123.14702,-1.61522],[123.14646,-1.61415],[123.14388,-1.61268],[123.14367,-1.61186],[123.14484,-1.6102],[123.1444,-1.60987],[123.14475,-1.60969],[123.14401,-1.60928],[123.1435,-1.61028],[123.14168,-1.60987],[123.1404,-1.61032],[123.13904,-1.6136],[123.13883,-1.61119],[123.13787,-1.60996],[123.13787,-1.60943],[123.13737,-1.60906],[123.13669,-1.60925],[123.13631,-1.60832],[123.13674,-1.6076],[123.1363,-1.60702],[123.13557,-1.6073],[123.13479,-1.607],[123.13482,-1.60763],[123.13413,-1.60789],[123.13241,-1.60697],[123.13182,-1.60889],[123.13008,-1.61139],[123.12764,-1.61248],[123.12383,-1.6131],[123.12288,-1.61238],[123.12072,-1.61205],[123.1202,-1.61093],[123.11975,-1.611],[123.11972,-1.61176],[123.11923,-1.61199],[123.11786,-1.61164],[123.1172,-1.61066],[123.11675,-1.61085],[123.1167,-1.61146],[123.11586,-1.61101],[123.11476,-1.61161],[123.11422,-1.61133],[123.11494,-1.60943],[123.11389,-1.60922],[123.11384,-1.61013],[123.11353,-1.61027],[123.11275,-1.60971],[123.11261,-1.60894],[123.11121,-1.60819],[123.11072,-1.60686],[123.1096,-1.60644],[123.1092,-1.60588],[123.1086,-1.60355],[123.10944,-1.60099],[123.10962,-1.59678],[123.11146,-1.59228],[123.11123,-1.59047],[123.11206,-1.58815],[123.11609,-1.58653],[123.12744,-1.5844],[123.13954,-1.57974],[123.14459,-1.5785],[123.15109,-1.57773],[123.16315,-1.57903],[123.16937,-1.57805],[123.17416,-1.57498],[123.18359,-1.56566],[123.20207,-1.54571],[123.20312,-1.54359],[123.2062,-1.53224],[123.21012,-1.51431],[123.21174,-1.5],[123.21134,-1.4963],[123.21128,-1.48879],[123.21169,-1.47036],[123.21939,-1.47033],[123.22489,-1.47106],[123.23253,-1.47139],[123.23681,-1.4712],[123.23701,-1.47024],[123.23859,-1.46843],[123.23937,-1.4668],[123.24013,-1.46362],[123.24205,-1.45942],[123.24287,-1.45663],[123.24514,-1.45345],[123.24757,-1.44823],[123.25687,-1.45336],[123.25723,-1.45555],[123.25695,-1.46148],[123.25843,-1.46536]]]]}},{"type":"Feature","properties":{"NAMOBJ":"Buko Selatan","KODE_KAB":7207},"geometry":{"type":"MultiPolygon","coordinates":[[[[122.84238,-1.59282],[122.84275,-1.59305],[122.84315,-1.59218],[122.84385,-1.59211],[122.84358,-1.59225],[122.84381,-1.59335],[122.84488,-1.59426],[122.84591,-1.59603],[122.84628,-1.5976],[122.8454,-1.59748],[122.84481,-1.59807],[122.84578,-1.59868],[122.84585,-1.59913],[122.84456,-1.60173],[122.84178,-1.60404],[122.84143,-1.60374],[122.84206,-1.60287],[122.84115,-1.59991],[122.83989,-1.59857],[122.84019,-1.59721],[122.83906,-1.5975],[122.83822,-1.59603],[122.83906,-1.59482],[122.83886,-1.59349],[122.83946,-1.59121],[122.84079,-1.59111],[122.84238,-1.59282]]],[[[122.78274,-1.53869],[122.78244,-1.5385],[122.78279,-1.53827],[122.78274,-1.53869]]],[[[122.7853,-1.52949],[122.78613,-1.52918],[122.78672,-1.53005],[122.78769,-1.52966],[122.78987,-1.53017],[122.78826,-1.53073],[122.78843,-1.53223],[122.7875,-1.53204],[122.78527,-1.53256],[122.78399,-1.53086],[122.78375,-1.52807],[122.78459,-1.52822],[122.7853,-1.52949]]],[[[122.78377,-1.52633],[122.7836,-1.52651],[122.78361,-1.52648],[122.78363,-1.52639],[122.78372,-1.52633],[122.78377,-1.52629],[122.78377,-1.52633]]],[[[122.78962,-1.52563],[122.7902,-1.5259],[122.79003,-1.52654],[122.78913,-1.5261],[122.7885,-1.52653],[122.78821,-1.52618],[122.78888,-1.52544],[122.78962,-1.52563]]],[[[122.7816,-1.52623],[122.78193,-1.52388],[122.78386,-1.52454],[122.78275,-1.52494],[122.78248,-1.52583],[122.7816,-1.52623]]],[[[122.78267,-1.52271],[122.78241,-1.52046],[122.78405,-1.52169],[122.78383,-1.52249],[122.78267,-1.52271]]],[[[122.79385,-1.51897],[122.79384,-1.51902],[122.79384,-1.51902],[122.79381,-1.51903],[122.79377,-1.51903],[122.79372,-1.51903],[122.79369,-1.51901],[122.79368,-1.51904],[122.79366,-1.51907],[122.79361,-1.51905],[122.79356,-1.51903],[122.79351,-1.51904],[122.79349,-1.51904],[122.79351,-1.51901],[122.79352,-1.51893],[122.79354,-1.51885],[122.79358,-1.51879],[122.79363,-1.51877],[122.79371,-1.51877],[122.79378,-1.51879],[122.79383,-1.51885],[122.79384,-1.51889],[122.79385,-1.51897]]],[[[122.83087,-1.5161],[122.83078,-1.51612],[122.83076,-1.51612],[122.83077,-1.51611],[122.83078,-1.51609],[122.83082,-1.51609],[122.83084,-1.51609],[122.83087,-1.5161]]],[[[122.8307,-1.5161],[122.83071,-1.51612],[122.83058,-1.51611],[122.83059,-1.51609],[122.83064,-1.51609],[122.83069,-1.51609],[122.8307,-1.5161]]],[[[122.79354,-1.50898],[122.79396,-1.50941],[122.79293,-1.5091],[122.79306,-1.50877],[122.79354,-1.50898]]],[[[122.8046,-1.50464],[122.80409,-1.50434],[122.80425,-1.50384],[122.8046,-1.50464]]],[[[122.79275,-1.50371],[122.79267,-1.50373],[122.79246,-1.50368],[122.79244,-1.50362],[122.79244,-1.50353],[122.79248,-1.50351],[122.79257,-1.50351],[122.79267,-1.50353],[122.79272,-1.50358],[122.79275,-1.50364],[122.79275,-1.50371]]],[[[122.77966,-1.50372],[122.77957,-1.5038],[122.77957,-1.50379],[122.77948,-1.50383],[122.77938,-1.50384],[122.77923,-1.50379],[122.77916,-1.50367],[122.77917,-1.50353],[122.77928,-1.50345],[122.7794,-1.50345],[122.77958,-1.50351],[122.77964,-1.50355],[122.77966,-1.50364],[122.77966,-1.50372]]],[[[122.78249,-1.50641],[122.78365,-1.50665],[122.78555,-1.5045],[122.78689,-1.50442],[122.78742,-1.50496],[122.78756,-1.50616],[122.78629,-1.50729],[122.78682,-1.50874],[122.78893,-1.51023],[122.7877,-1.51197],[122.78442,-1.51309],[122.78327,-1.51454],[122.78297,-1.51689],[122.7821,-1.51741],[122.77968,-1.51237],[122.77918,-1.50956],[122.77908,-1.50545],[122.77939,-1.50485],[122.78038,-1.50449],[122.78084,-1.50304],[122.78172,-1.50322],[122.78232,-1.5039],[122.78161,-1.50572],[122.78249,-1.50641]]],[[[122.80072,-1.49895],[122.80312,-1.49931],[122.80458,-1.5],[122.80504,-1.50064],[122.80562,-1.50058],[122.80606,-1.50169],[122.80798,-1.50351],[122.80753,-1.5045],[122.80771,-1.50573],[122.80626,-1.50444],[122.80542,-1.50455],[122.8052,-1.50264],[122.80419,-1.50173],[122.8025,-1.50253],[122.8019,-1.50242],[122.80244,-1.50473],[122.80398,-1.50517],[122.80332,-1.50617],[122.80349,-1.50769],[122.80312,-1.50773],[122.8024,-1.50671],[122.80015,-1.50563],[122.80026,-1.50347],[122.80112,-1.50296],[122.80023,-1.5012],[122.80032,-1.49913],[122.80072,-1.49895]]],[[[122.81444,-1.49943],[122.81378,-1.49925],[122.81454,-1.49853],[122.81513,-1.49871],[122.81444,-1.49943]]],[[[122.82339,-1.49613],[122.82245,-1.49548],[122.8231,-1.49545],[122.82339,-1.49613]]],[[[122.79405,-1.49227],[122.7941,-1.49422],[122.79317,-1.49432],[122.79291,-1.49496],[122.79235,-1.49505],[122.79105,-1.49497],[122.78943,-1.49274],[122.78958,-1.49228],[122.79159,-1.49259],[122.79405,-1.49227]]],[[[122.77338,-1.48558],[122.77326,-1.48563],[122.77313,-1.48562],[122.7731,-1.48553],[122.77311,-1.48543],[122.77317,-1.48539],[122.77326,-1.48539],[122.77335,-1.48541],[122.77338,-1.48548],[122.77338,-1.48558]]],[[[122.80663,-1.48669],[122.80623,-1.48658],[122.80641,-1.48616],[122.80789,-1.48524],[122.80726,-1.48638],[122.80663,-1.48669]]],[[[122.78717,-1.47421],[122.78709,-1.47422],[122.78709,-1.47422],[122.78707,-1.4742],[122.78699,-1.47413],[122.78696,-1.47409],[122.78696,-1.47404],[122.78698,-1.47397],[122.78702,-1.47391],[122.78711,-1.47389],[122.78721,-1.47393],[122.78726,-1.474],[122.78727,-1.4741],[122.78726,-1.47418],[122.78717,-1.47421]]],[[[122.79121,-1.41011],[122.79104,-1.40922],[122.79138,-1.40955],[122.79121,-1.41011]]],[[[122.80059,-1.40327],[122.8148,-1.40363],[122.82168,-1.40465],[122.83243,-1.40558],[122.84576,-1.40899],[122.85384,-1.41003],[122.85837,-1.40993],[122.8633,-1.40926],[122.8718,-1.4097],[122.88423,-1.41105],[122.89365,-1.41056],[122.89024,-1.4165],[122.88466,-1.42462],[122.87877,-1.43205],[122.87007,-1.44409],[122.8657,-1.45169],[122.86267,-1.46238],[122.85863,-1.48085],[122.85873,-1.48402],[122.86516,-1.5],[122.86613,-1.50573],[122.86611,-1.50814],[122.86481,-1.51595],[122.86399,-1.52873],[122.86386,-1.53478],[122.86436,-1.54085],[122.86816,-1.55077],[122.87037,-1.55517],[122.875,-1.56928],[122.87945,-1.5813],[122.88015,-1.58514],[122.88374,-1.59784],[122.88409,-1.60068],[122.88202,-1.60071],[122.87803,-1.59979],[122.8752,-1.59834],[122.87331,-1.59687],[122.87145,-1.5966],[122.87102,-1.5961],[122.86852,-1.59542],[122.86827,-1.59329],[122.86603,-1.59194],[122.8656,-1.59096],[122.86506,-1.59067],[122.86418,-1.58836],[122.86214,-1.58599],[122.86129,-1.58575],[122.85915,-1.58403],[122.8576,-1.58345],[122.85736,-1.5823],[122.85431,-1.58101],[122.85312,-1.57978],[122.85119,-1.57932],[122.84909,-1.57781],[122.84935,-1.57737],[122.84855,-1.57562],[122.84893,-1.5749],[122.84953,-1.5675],[122.85067,-1.56655],[122.85215,-1.56254],[122.85427,-1.56032],[122.85374,-1.55672],[122.85258,-1.55468],[122.8531,-1.55419],[122.85296,-1.55185],[122.85014,-1.54558],[122.84833,-1.54374],[122.84832,-1.54319],[122.84943,-1.54265],[122.84716,-1.54234],[122.84623,-1.54053],[122.84594,-1.53941],[122.84688,-1.53825],[122.84601,-1.53544],[122.8456,-1.53595],[122.84615,-1.53777],[122.84564,-1.53799],[122.84486,-1.53685],[122.84419,-1.53397],[122.84352,-1.53311],[122.84101,-1.53132],[122.83834,-1.53027],[122.83789,-1.5284],[122.83717,-1.52742],[122.83737,-1.52649],[122.83894,-1.52666],[122.83908,-1.52701],[122.83869,-1.52713],[122.84059,-1.52892],[122.84111,-1.52992],[122.84158,-1.52931],[122.8427,-1.52979],[122.84361,-1.52956],[122.84327,-1.52862],[122.84262,-1.52869],[122.84166,-1.52779],[122.84086,-1.52787],[122.8398,-1.52723],[122.83939,-1.52643],[122.83954,-1.52595],[122.84062,-1.52629],[122.841,-1.52587],[122.84185,-1.52272],[122.8417,-1.52219],[122.8411,-1.52225],[122.84137,-1.52242],[122.84069,-1.52308],[122.84026,-1.52438],[122.83958,-1.52422],[122.83906,-1.52347],[122.83895,-1.52277],[122.83939,-1.52224],[122.84005,-1.52227],[122.84058,-1.52148],[122.84035,-1.52105],[122.84087,-1.5206],[122.84019,-1.52104],[122.84045,-1.51939],[122.83983,-1.52003],[122.83907,-1.51993],[122.83931,-1.51696],[122.8385,-1.51644],[122.83831,-1.51557],[122.83927,-1.51487],[122.8389,-1.51458],[122.83948,-1.51445],[122.83882,-1.51442],[122.83832,-1.51488],[122.83782,-1.51423],[122.83794,-1.5127],[122.83906,-1.51253],[122.83878,-1.51022],[122.83839,-1.51022],[122.83858,-1.51176],[122.83728,-1.51228],[122.83698,-1.51125],[122.83731,-1.51595],[122.83796,-1.51774],[122.83763,-1.51932],[122.83622,-1.51911],[122.83613,-1.51983],[122.83718,-1.52217],[122.83781,-1.52257],[122.83818,-1.52413],[122.8378,-1.52423],[122.83639,-1.52251],[122.83584,-1.52233],[122.83417,-1.51897],[122.8316,-1.51694],[122.83249,-1.51621],[122.83165,-1.51616],[122.83137,-1.51576],[122.83056,-1.51598],[122.83034,-1.51549],[122.82932,-1.51501],[122.82787,-1.51348],[122.82673,-1.51061],[122.82708,-1.50922],[122.82847,-1.51023],[122.82885,-1.50921],[122.82977,-1.50978],[122.83026,-1.50959],[122.83065,-1.51026],[122.83066,-1.50979],[122.83205,-1.50985],[122.83229,-1.50947],[122.83113,-1.50956],[122.83066,-1.50881],[122.83072,-1.50962],[122.8298,-1.5092],[122.82943,-1.50809],[122.83028,-1.50825],[122.83044,-1.50789],[122.82935,-1.50677],[122.82862,-1.50681],[122.82745,-1.50821],[122.82755,-1.50583],[122.82687,-1.50614],[122.82413,-1.50488],[122.82123,-1.50246],[122.81864,-1.49951],[122.81859,-1.49913],[122.81942,-1.49898],[122.81955,-1.49847],[122.82028,-1.49821],[122.82071,-1.49895],[122.82178,-1.49913],[122.82207,-1.49992],[122.82348,-1.4989],[122.82485,-1.4989],[122.8251,-1.50068],[122.82625,-1.50047],[122.8256,-1.49857],[122.82516,-1.49853],[122.82597,-1.49777],[122.82524,-1.49647],[122.82592,-1.49591],[122.82573,-1.49406],[122.82625,-1.49341],[122.82621,-1.49265],[122.82547,-1.4921],[122.82386,-1.49253],[122.82306,-1.49169],[122.82123,-1.48629],[122.82146,-1.48529],[122.82008,-1.48339],[122.82005,-1.48308],[122.82065,-1.48294],[122.82052,-1.48234],[122.81948,-1.48243],[122.81865,-1.48317],[122.81804,-1.48302],[122.81733,-1.48386],[122.81757,-1.48278],[122.8161,-1.4824],[122.81566,-1.48327],[122.81525,-1.483],[122.8153,-1.48215],[122.81474,-1.48224],[122.81382,-1.48407],[122.81569,-1.48408],[122.81642,-1.48458],[122.81773,-1.48633],[122.81661,-1.487],[122.81736,-1.48845],[122.81569,-1.48811],[122.81304,-1.48881],[122.81275,-1.48828],[122.81378,-1.48834],[122.81488,-1.4874],[122.81452,-1.48648],[122.81353,-1.48558],[122.81328,-1.48327],[122.8125,-1.48318],[122.81204,-1.48444],[122.81104,-1.48463],[122.81064,-1.4852],[122.8085,-1.48462],[122.80819,-1.48382],[122.80671,-1.48338],[122.80849,-1.48161],[122.80815,-1.48128],[122.80824,-1.48015],[122.80923,-1.47992],[122.80973,-1.48092],[122.81004,-1.47995],[122.80956,-1.47918],[122.80909,-1.47968],[122.80808,-1.479],[122.80701,-1.47924],[122.80745,-1.48064],[122.80698,-1.48161],[122.80614,-1.48211],[122.80508,-1.48183],[122.80309,-1.48395],[122.80237,-1.48406],[122.80142,-1.48499],[122.80024,-1.48464],[122.80062,-1.48576],[122.80022,-1.48637],[122.80067,-1.48743],[122.80213,-1.48831],[122.80177,-1.4872],[122.80228,-1.48606],[122.80287,-1.48572],[122.80294,-1.487],[122.80471,-1.4876],[122.80436,-1.4891],[122.80315,-1.48985],[122.80252,-1.48863],[122.80073,-1.48972],[122.80065,-1.49132],[122.79869,-1.49161],[122.7976,-1.48922],[122.79773,-1.48823],[122.79668,-1.48779],[122.79509,-1.48796],[122.79464,-1.48647],[122.7934,-1.48606],[122.79278,-1.48419],[122.79178,-1.48305],[122.7913,-1.48149],[122.79246,-1.47999],[122.79077,-1.48163],[122.79028,-1.48135],[122.78957,-1.4779],[122.79002,-1.47467],[122.79156,-1.47266],[122.79271,-1.47322],[122.79345,-1.473],[122.79352,-1.47257],[122.79295,-1.47217],[122.79357,-1.47203],[122.79357,-1.47171],[122.79276,-1.47077],[122.7928,-1.47025],[122.79403,-1.46871],[122.79402,-1.46821],[122.79385,-1.46783],[122.79279,-1.46779],[122.79234,-1.4672],[122.79109,-1.4677],[122.79003,-1.46744],[122.78999,-1.46672],[122.79107,-1.4654],[122.79057,-1.46493],[122.79041,-1.46277],[122.79003,-1.46244],[122.78932,-1.46267],[122.78914,-1.46186],[122.7869,-1.46197],[122.78623,-1.46275],[122.78608,-1.46392],[122.78603,-1.4628],[122.78673,-1.46189],[122.78824,-1.46182],[122.78879,-1.46126],[122.78826,-1.46029],[122.78865,-1.45929],[122.78921,-1.45902],[122.78817,-1.45874],[122.78751,-1.45798],[122.78667,-1.45811],[122.78587,-1.45678],[122.7865,-1.45511],[122.78741,-1.45491],[122.78779,-1.45528],[122.78894,-1.45524],[122.78896,-1.45441],[122.78953,-1.45418],[122.79033,-1.45419],[122.79093,-1.4549],[122.79151,-1.45437],[122.79063,-1.45409],[122.79134,-1.45181],[122.79056,-1.45131],[122.79039,-1.44986],[122.78837,-1.44726],[122.78794,-1.4459],[122.78869,-1.44669],[122.78869,-1.44504],[122.78801,-1.44483],[122.78853,-1.4439],[122.78921,-1.44433],[122.78947,-1.44366],[122.79061,-1.44316],[122.79212,-1.44027],[122.79329,-1.43964],[122.79386,-1.43698],[122.7933,-1.43754],[122.79284,-1.43608],[122.79323,-1.43499],[122.7939,-1.43475],[122.79412,-1.43511],[122.79442,-1.43449],[122.79434,-1.4335],[122.79374,-1.43397],[122.79435,-1.4325],[122.79447,-1.43079],[122.7941,-1.42674],[122.79314,-1.42455],[122.79127,-1.42382],[122.79049,-1.41964],[122.79056,-1.41682],[122.79121,-1.41644],[122.79076,-1.41503],[122.79135,-1.41288],[122.79126,-1.41119],[122.79156,-1.4106],[122.79181,-1.41087],[122.79205,-1.41059],[122.79101,-1.40818],[122.79178,-1.40683],[122.79297,-1.40269],[122.79716,-1.40273],[122.80059,-1.40327]]],[[[122.79256,-1.4033],[122.79244,-1.40335],[122.79241,-1.40333],[122.79254,-1.40259],[122.79254,-1.40259],[122.79257,-1.4026],[122.79264,-1.40266],[122.79271,-1.40272],[122.79277,-1.4028],[122.79278,-1.40289],[122.79276,-1.40301],[122.79268,-1.40316],[122.79262,-1.40323],[122.79256,-1.4033]]]]}},{"type":"Feature","properties":{"NAMOBJ":"Bulagi  Selatan","KODE_KAB":7207},"geometry":{"type":"MultiPolygon","coordinates":[[[[122.92744,-1.58385],[122.92735,-1.58387],[122.92733,-1.58379],[122.92732,-1.58377],[122.92744,-1.58375],[122.92749,-1.58381],[122.92744,-1.58385]]],[[[122.91999,-1.58053],[122.91987,-1.58055],[122.91985,-1.58053],[122.91985,-1.58047],[122.91986,-1.58041],[122.9199,-1.58031],[122.91994,-1.58028],[122.92006,-1.58023],[122.92011,-1.58026],[122.9201,-1.58032],[122.91999,-1.58053]]],[[[122.93266,-1.56598],[122.9327,-1.56606],[122.93268,-1.56604],[122.93264,-1.56604],[122.93259,-1.56604],[122.93255,-1.56605],[122.93251,-1.56609],[122.93246,-1.56611],[122.93242,-1.56607],[122.9324,-1.56605],[122.93241,-1.56599],[122.93246,-1.56595],[122.93251,-1.56595],[122.93262,-1.56595],[122.93266,-1.56598]]],[[[122.93274,-1.56213],[122.93279,-1.56218],[122.93262,-1.56215],[122.93232,-1.56209],[122.9323,-1.56209],[122.93236,-1.56206],[122.93244,-1.56205],[122.93259,-1.56207],[122.93266,-1.56209],[122.93274,-1.56213]]],[[[122.9389,-1.55676],[122.93832,-1.55593],[122.93905,-1.5564],[122.9389,-1.55676]]],[[[122.94024,-1.55601],[122.93975,-1.55476],[122.94068,-1.55405],[122.94079,-1.55338],[122.9413,-1.55334],[122.94158,-1.5538],[122.94024,-1.55601]]],[[[122.9495,-1.545],[122.94954,-1.545],[122.94958,-1.545],[122.94962,-1.54499],[122.94967,-1.54493],[122.9497,-1.54493],[122.94972,-1.54495],[122.94972,-1.54499],[122.94972,-1.54502],[122.94971,-1.54503],[122.9497,-1.54504],[122.94973,-1.54504],[122.94977,-1.54504],[122.9498,-1.54504],[122.94985,-1.54505],[122.94988,-1.54507],[122.9499,-1.5451],[122.94992,-1.54514],[122.94994,-1.54517],[122.94997,-1.54521],[122.94997,-1.54522],[122.9499,-1.54522],[122.9496,-1.54513],[122.94944,-1.54502],[122.94938,-1.54492],[122.94939,-1.54491],[122.94941,-1.5449],[122.94944,-1.54491],[122.94946,-1.54494],[122.94947,-1.54497],[122.9495,-1.545]]],[[[122.9506,-1.54361],[122.95046,-1.54369],[122.95049,-1.54366],[122.95051,-1.54357],[122.95057,-1.54349],[122.95062,-1.54345],[122.95069,-1.54345],[122.95075,-1.5435],[122.9506,-1.54361]]],[[[122.95282,-1.54193],[122.95276,-1.54196],[122.95267,-1.54203],[122.95257,-1.54213],[122.95235,-1.54211],[122.95221,-1.54207],[122.95208,-1.54201],[122.95214,-1.54199],[122.95222,-1.54188],[122.9523,-1.54182],[122.95237,-1.54183],[122.95245,-1.54191],[122.9525,-1.54192],[122.95257,-1.54194],[122.9526,-1.54187],[122.95262,-1.54182],[122.95269,-1.54181],[122.95274,-1.54182],[122.95282,-1.54193]]],[[[123.03354,-1.44279],[123.03329,-1.44533],[123.03418,-1.44818],[123.03255,-1.44667],[123.03218,-1.44671],[123.03171,-1.4459],[123.03174,-1.44469],[123.03248,-1.4431],[123.03354,-1.44279]]],[[[123.03682,-1.442],[123.03657,-1.44175],[123.03702,-1.44084],[123.03682,-1.442]]],[[[123.04023,-1.42007],[123.04019,-1.42007],[123.04013,-1.42006],[123.04008,-1.42004],[123.04005,-1.42],[123.04005,-1.41994],[123.04004,-1.41988],[123.04008,-1.41973],[123.04019,-1.41972],[123.04027,-1.41973],[123.04031,-1.41979],[123.04031,-1.41988],[123.0403,-1.41997],[123.04028,-1.42004],[123.04023,-1.42007]]],[[[123.04287,-1.41744],[123.04295,-1.41772],[123.04107,-1.41742],[123.04216,-1.41668],[123.04262,-1.41679],[123.04287,-1.41744]]],[[[122.93151,-1.35531],[122.94463,-1.35557],[122.99514,-1.35528],[122.9998,-1.35543],[123.00256,-1.35598],[123.00961,-1.35849],[123.01485,-1.36181],[123.02863,-1.37207],[123.03669,-1.37905],[123.041,-1.38201],[123.05201,-1.39122],[123.05509,-1.3945],[123.05423,-1.39675],[123.05383,-1.39935],[123.05237,-1.40032],[123.05049,-1.40345],[123.0497,-1.40408],[123.04844,-1.40683],[123.04745,-1.40769],[123.04604,-1.41009],[123.04508,-1.41311],[123.04456,-1.41326],[123.04405,-1.4126],[123.04317,-1.41406],[123.04383,-1.41514],[123.04363,-1.41595],[123.04305,-1.41629],[123.04295,-1.41557],[123.04245,-1.41542],[123.04154,-1.41592],[123.04087,-1.41664],[123.04102,-1.41743],[123.04039,-1.41806],[123.03896,-1.41855],[123.03827,-1.41946],[123.03824,-1.42033],[123.03703,-1.42104],[123.03798,-1.42307],[123.03733,-1.42411],[123.03743,-1.42691],[123.03698,-1.4273],[123.037,-1.42911],[123.03658,-1.43019],[123.03631,-1.42858],[123.03609,-1.4287],[123.03591,-1.43046],[123.03675,-1.43332],[123.03594,-1.43432],[123.03518,-1.43429],[123.03555,-1.43564],[123.03489,-1.43599],[123.03461,-1.43706],[123.03542,-1.43846],[123.03498,-1.43916],[123.03422,-1.43924],[123.03273,-1.441],[123.03258,-1.44247],[123.03195,-1.44219],[123.03126,-1.44049],[123.03107,-1.43931],[123.03151,-1.43742],[123.03069,-1.43864],[123.02965,-1.438],[123.02952,-1.43701],[123.02831,-1.43693],[123.02866,-1.4403],[123.02834,-1.44149],[123.02953,-1.4426],[123.0282,-1.44645],[123.02851,-1.44716],[123.02784,-1.44822],[123.02853,-1.4499],[123.02863,-1.45652],[123.02816,-1.45836],[123.02578,-1.46077],[123.02555,-1.46231],[123.02471,-1.46397],[123.02514,-1.46455],[123.02403,-1.46724],[123.02374,-1.47132],[123.0223,-1.4739],[123.02244,-1.47587],[123.0212,-1.47732],[123.02006,-1.48],[123.01921,-1.4847],[123.01778,-1.48578],[123.0172,-1.48674],[123.01705,-1.48765],[123.01761,-1.48824],[123.01764,-1.48898],[123.0161,-1.49143],[123.01686,-1.49247],[123.01477,-1.4933],[123.01129,-1.49557],[123.01103,-1.49662],[123.01004,-1.49754],[123.01008,-1.49834],[123.009,-1.50111],[123.00901,-1.50265],[123.00735,-1.50408],[123.00628,-1.50361],[123.00711,-1.50293],[123.00705,-1.50226],[123.0047,-1.50094],[123.00485,-1.50004],[123.00544,-1.50001],[123.00514,-1.49897],[123.00439,-1.49953],[123.00398,-1.50047],[123.00316,-1.50035],[123.0028,-1.502],[123.00139,-1.50458],[123.0017,-1.50476],[123.00085,-1.5056],[123.00104,-1.50789],[122.99939,-1.50851],[122.99959,-1.51016],[122.99922,-1.51057],[122.99955,-1.51168],[122.99904,-1.51245],[122.99947,-1.5131],[122.9988,-1.5146],[122.9989,-1.51563],[122.99718,-1.51602],[122.99574,-1.51369],[122.99415,-1.51334],[122.99307,-1.51421],[122.99249,-1.51541],[122.99153,-1.51564],[122.99096,-1.51399],[122.98961,-1.51526],[122.98968,-1.51583],[122.98874,-1.51652],[122.98827,-1.51795],[122.98749,-1.51851],[122.98686,-1.51805],[122.98626,-1.51831],[122.98673,-1.51952],[122.98656,-1.52007],[122.98624,-1.52029],[122.98552,-1.51991],[122.98454,-1.52053],[122.98463,-1.52203],[122.98384,-1.52252],[122.9836,-1.52335],[122.98015,-1.52482],[122.97835,-1.52494],[122.97717,-1.52398],[122.97753,-1.52462],[122.97744,-1.52624],[122.97616,-1.52693],[122.97557,-1.52776],[122.97749,-1.52652],[122.97687,-1.52706],[122.97616,-1.52889],[122.97504,-1.52879],[122.9748,-1.52957],[122.97461,-1.52936],[122.97429,-1.52987],[122.97457,-1.53064],[122.97401,-1.53139],[122.97487,-1.53291],[122.97409,-1.53275],[122.97343,-1.53353],[122.97281,-1.53294],[122.97168,-1.53336],[122.97115,-1.53132],[122.9716,-1.53101],[122.972,-1.53122],[122.97201,-1.53092],[122.97124,-1.53085],[122.9707,-1.53157],[122.97084,-1.53244],[122.97054,-1.53271],[122.97087,-1.53487],[122.97045,-1.53559],[122.96941,-1.53609],[122.9692,-1.53741],[122.96832,-1.53738],[122.96687,-1.53867],[122.96606,-1.53809],[122.96481,-1.5384],[122.96466,-1.5399],[122.96712,-1.54179],[122.96449,-1.54147],[122.96381,-1.54184],[122.96347,-1.5431],[122.96376,-1.54589],[122.95976,-1.54566],[122.95919,-1.54638],[122.95864,-1.54634],[122.95776,-1.54552],[122.9578,-1.54474],[122.95945,-1.54542],[122.96024,-1.54489],[122.95614,-1.54213],[122.95399,-1.54255],[122.95305,-1.54165],[122.95147,-1.54189],[122.95163,-1.54236],[122.95324,-1.54253],[122.95335,-1.54295],[122.95231,-1.54381],[122.952,-1.54324],[122.95131,-1.54307],[122.95022,-1.54343],[122.95025,-1.54399],[122.9511,-1.54377],[122.95158,-1.54407],[122.95119,-1.54531],[122.95084,-1.54469],[122.94937,-1.54466],[122.94932,-1.54388],[122.94991,-1.5435],[122.94948,-1.54268],[122.94811,-1.54299],[122.94727,-1.54441],[122.94618,-1.54437],[122.94629,-1.545],[122.94549,-1.54547],[122.9457,-1.54609],[122.94502,-1.54662],[122.94513,-1.54739],[122.94406,-1.54861],[122.94445,-1.54956],[122.94386,-1.54968],[122.94385,-1.54896],[122.94302,-1.54859],[122.94223,-1.54913],[122.94158,-1.55203],[122.94079,-1.55226],[122.94055,-1.55151],[122.94006,-1.55174],[122.9402,-1.55295],[122.93909,-1.55416],[122.93942,-1.55554],[122.93887,-1.55539],[122.93814,-1.55587],[122.93832,-1.55798],[122.9372,-1.55861],[122.93826,-1.55953],[122.93808,-1.561],[122.93762,-1.561],[122.93714,-1.56035],[122.93514,-1.56175],[122.93509,-1.56246],[122.93384,-1.56178],[122.9318,-1.56187],[122.9321,-1.56208],[122.93179,-1.56237],[122.93288,-1.56256],[122.93392,-1.56354],[122.93353,-1.56418],[122.93375,-1.56483],[122.93243,-1.56459],[122.93086,-1.56591],[122.92996,-1.56748],[122.9297,-1.57109],[122.92876,-1.57198],[122.92868,-1.57291],[122.92785,-1.5728],[122.92803,-1.57329],[122.92743,-1.57392],[122.92725,-1.57881],[122.92642,-1.58045],[122.92731,-1.58202],[122.92628,-1.58216],[122.92531,-1.58024],[122.92364,-1.57952],[122.92261,-1.57806],[122.9223,-1.57965],[122.92134,-1.57997],[122.92045,-1.57943],[122.91985,-1.58021],[122.91912,-1.58031],[122.9192,-1.58171],[122.91854,-1.58248],[122.91862,-1.58313],[122.9209,-1.58286],[122.92173,-1.58177],[122.92275,-1.58491],[122.92371,-1.58373],[122.92416,-1.58396],[122.92447,-1.58497],[122.922,-1.58608],[122.92164,-1.58655],[122.92178,-1.5871],[122.92046,-1.58779],[122.91986,-1.5896],[122.91863,-1.58983],[122.91796,-1.59076],[122.91695,-1.59124],[122.91665,-1.59182],[122.91699,-1.59281],[122.91518,-1.59327],[122.91516,-1.59414],[122.9139,-1.59533],[122.91184,-1.59587],[122.9111,-1.59691],[122.91005,-1.5961],[122.90943,-1.59626],[122.90906,-1.5966],[122.9091,-1.59785],[122.90825,-1.59782],[122.90824,-1.59844],[122.90678,-1.59922],[122.90447,-1.59975],[122.90227,-1.59906],[122.89541,-1.60059],[122.89362,-1.60053],[122.89217,-1.59967],[122.88984,-1.59947],[122.88409,-1.60068],[122.88374,-1.59784],[122.88015,-1.58514],[122.87945,-1.5813],[122.875,-1.56928],[122.87037,-1.55517],[122.86816,-1.55077],[122.86436,-1.54085],[122.86386,-1.53478],[122.86399,-1.52873],[122.86481,-1.51595],[122.86611,-1.50814],[122.86613,-1.50573],[122.86516,-1.5],[122.85873,-1.48402],[122.85863,-1.48085],[122.85919,-1.47778],[122.86267,-1.46238],[122.8657,-1.45169],[122.86886,-1.44591],[122.87352,-1.43911],[122.88466,-1.42462],[122.89024,-1.4165],[122.89603,-1.40632],[122.90189,-1.39733],[122.91104,-1.37915],[122.91348,-1.37037],[122.9157,-1.35444],[122.92149,-1.35505],[122.93151,-1.35531]]]]}},{"type":"Feature","properties":{"NAMOBJ":"Peling Tengah","KODE_KAB":7207},"geometry":{"type":"MultiPolygon","coordinates":[[[[123.1276,-1.56516],[123.12758,-1.56518],[123.12754,-1.56515],[123.12754,-1.56478],[123.12757,-1.56477],[123.12775,-1.56475],[123.12774,-1.56492],[123.12771,-1.56504],[123.1276,-1.56516]]],[[[123.13225,-1.55643],[123.13219,-1.55644],[123.1321,-1.55644],[123.13202,-1.55638],[123.13179,-1.55621],[123.1318,-1.55619],[123.13204,-1.55619],[123.13227,-1.55628],[123.13227,-1.55643],[123.13225,-1.55643]]],[[[123.13233,-1.5554],[123.13183,-1.55558],[123.13171,-1.55517],[123.13207,-1.55493],[123.13233,-1.5554]]],[[[123.16661,-1.4455],[123.16616,-1.44794],[123.16662,-1.45103],[123.16626,-1.45405],[123.16578,-1.45515],[123.1647,-1.45542],[123.16357,-1.45458],[123.16319,-1.45231],[123.16375,-1.45041],[123.16349,-1.4492],[123.16398,-1.44774],[123.16401,-1.44366],[123.16542,-1.43847],[123.16633,-1.43811],[123.16671,-1.43943],[123.16636,-1.44331],[123.16661,-1.4455]]],[[[123.16445,-1.41363],[123.1645,-1.41369],[123.16429,-1.41372],[123.16404,-1.41369],[123.16395,-1.41367],[123.16398,-1.41366],[123.16404,-1.41366],[123.16409,-1.41367],[123.16415,-1.41367],[123.16419,-1.41366],[123.16425,-1.41364],[123.16431,-1.41362],[123.16436,-1.41361],[123.16439,-1.41361],[123.16445,-1.41363]]],[[[123.16754,-1.4133],[123.16755,-1.41331],[123.16754,-1.4133],[123.16754,-1.4133]]],[[[123.16268,-1.41135],[123.16357,-1.41151],[123.16448,-1.41272],[123.16449,-1.41344],[123.16405,-1.4132],[123.16322,-1.41366],[123.16309,-1.41416],[123.16423,-1.41411],[123.16477,-1.41471],[123.16527,-1.41752],[123.16585,-1.41871],[123.16542,-1.41969],[123.16602,-1.41968],[123.16607,-1.42005],[123.16601,-1.42084],[123.16354,-1.422],[123.16363,-1.42302],[123.16437,-1.42361],[123.16453,-1.42434],[123.16409,-1.42475],[123.16436,-1.42523],[123.16389,-1.42599],[123.16355,-1.4259],[123.16219,-1.42299],[123.16231,-1.42222],[123.16165,-1.42169],[123.16175,-1.42091],[123.16133,-1.42009],[123.16156,-1.41908],[123.16076,-1.41651],[123.15947,-1.4153],[123.15898,-1.41049],[123.16029,-1.41023],[123.16268,-1.41135]]],[[[123.15338,-1.40996],[123.15283,-1.41005],[123.15278,-1.40943],[123.15338,-1.40996]]],[[[123.16151,-1.40059],[123.1631,-1.40657],[123.16194,-1.40728],[123.16218,-1.40741],[123.16077,-1.40773],[123.15958,-1.40734],[123.15875,-1.40653],[123.15935,-1.40575],[123.15995,-1.40599],[123.15953,-1.40429],[123.16002,-1.40233],[123.15929,-1.40098],[123.15991,-1.40048],[123.15994,-1.39795],[123.16061,-1.39794],[123.16125,-1.3985],[123.16151,-1.40059]]],[[[123.15952,-1.38999],[123.15911,-1.38988],[123.15928,-1.38936],[123.15952,-1.38999]]],[[[123.19906,-1.36594],[123.20413,-1.37477],[123.20676,-1.38026],[123.21006,-1.39302],[123.21262,-1.39907],[123.22852,-1.43158],[123.23417,-1.43909],[123.23685,-1.44152],[123.24757,-1.44823],[123.24514,-1.45345],[123.24287,-1.45663],[123.24205,-1.45942],[123.24013,-1.46362],[123.23937,-1.4668],[123.23859,-1.46843],[123.23701,-1.47024],[123.23681,-1.4712],[123.23253,-1.47139],[123.22489,-1.47106],[123.21939,-1.47033],[123.21169,-1.47036],[123.21128,-1.48879],[123.21163,-1.50228],[123.21012,-1.51431],[123.2062,-1.53224],[123.20312,-1.54359],[123.20207,-1.54571],[123.19224,-1.55667],[123.17416,-1.57498],[123.16937,-1.57805],[123.16315,-1.57903],[123.15109,-1.57773],[123.14707,-1.57809],[123.13954,-1.57974],[123.12744,-1.5844],[123.11609,-1.58653],[123.11201,-1.5882],[123.11123,-1.59047],[123.11042,-1.59054],[123.10935,-1.59176],[123.10585,-1.59787],[123.10497,-1.59846],[123.10463,-1.59961],[123.10116,-1.60271],[123.09996,-1.60105],[123.09927,-1.60094],[123.09891,-1.59981],[123.09925,-1.59656],[123.09866,-1.59507],[123.09858,-1.59342],[123.09784,-1.592],[123.09837,-1.59111],[123.09851,-1.5895],[123.09902,-1.58941],[123.09848,-1.58841],[123.09843,-1.58697],[123.0999,-1.5837],[123.09966,-1.58097],[123.10123,-1.57676],[123.10166,-1.576],[123.10642,-1.5722],[123.10675,-1.56961],[123.10761,-1.56818],[123.10772,-1.56636],[123.11189,-1.56574],[123.11693,-1.56574],[123.1184,-1.56464],[123.11916,-1.56468],[123.12031,-1.56531],[123.12283,-1.5655],[123.12316,-1.56636],[123.12606,-1.56775],[123.12601,-1.56846],[123.1282,-1.56808],[123.12939,-1.56636],[123.13029,-1.56607],[123.13063,-1.5655],[123.13072,-1.56339],[123.13025,-1.56215],[123.13101,-1.56081],[123.13327,-1.55845],[123.13455,-1.55812],[123.13588,-1.55692],[123.13769,-1.5562],[123.13931,-1.55482],[123.1405,-1.55276],[123.14321,-1.55113],[123.14384,-1.54742],[123.14469,-1.54627],[123.14721,-1.54594],[123.14926,-1.5446],[123.14973,-1.5435],[123.1532,-1.54206],[123.15449,-1.54192],[123.15515,-1.54249],[123.15858,-1.54197],[123.16038,-1.54092],[123.16086,-1.54111],[123.16619,-1.53848],[123.16671,-1.53761],[123.16814,-1.53704],[123.16856,-1.53584],[123.16971,-1.53632],[123.17023,-1.53599],[123.17087,-1.53242],[123.17358,-1.52907],[123.17501,-1.52869],[123.17641,-1.52463],[123.17747,-1.52283],[123.17912,-1.52151],[123.18245,-1.51975],[123.18336,-1.51863],[123.18368,-1.51687],[123.18482,-1.51437],[123.18476,-1.51135],[123.18427,-1.50944],[123.18304,-1.50725],[123.18136,-1.502],[123.18016,-1.49976],[123.17593,-1.49813],[123.17623,-1.49447],[123.17698,-1.49352],[123.17728,-1.49213],[123.17654,-1.48889],[123.17826,-1.48764],[123.17854,-1.48475],[123.17794,-1.48304],[123.17824,-1.48215],[123.17754,-1.47964],[123.17681,-1.47923],[123.17442,-1.47579],[123.17505,-1.47261],[123.17648,-1.4702],[123.17563,-1.46748],[123.17282,-1.46392],[123.17272,-1.46261],[123.1738,-1.46143],[123.17422,-1.45941],[123.17378,-1.45825],[123.17219,-1.45618],[123.17224,-1.45539],[123.17281,-1.45488],[123.17172,-1.45248],[123.16965,-1.45096],[123.16732,-1.45046],[123.16726,-1.45006],[123.16775,-1.44209],[123.16929,-1.43791],[123.16942,-1.43577],[123.17056,-1.43418],[123.17207,-1.43296],[123.17247,-1.43148],[123.17205,-1.43123],[123.17194,-1.42948],[123.17262,-1.42827],[123.17167,-1.4256],[123.17017,-1.42371],[123.16705,-1.42157],[123.16754,-1.41819],[123.16685,-1.41674],[123.16715,-1.41509],[123.1675,-1.41491],[123.16663,-1.41442],[123.16724,-1.41381],[123.16882,-1.41392],[123.16885,-1.41361],[123.16802,-1.41339],[123.16892,-1.4133],[123.16644,-1.41263],[123.16717,-1.40912],[123.16667,-1.40838],[123.16607,-1.40866],[123.16583,-1.40813],[123.16465,-1.40761],[123.16469,-1.40417],[123.16367,-1.40022],[123.16446,-1.39831],[123.16504,-1.39781],[123.16662,-1.39793],[123.16744,-1.39852],[123.16982,-1.398],[123.16992,-1.39773],[123.16894,-1.39769],[123.1687,-1.39584],[123.16923,-1.39527],[123.16907,-1.39463],[123.17047,-1.39449],[123.16865,-1.39449],[123.1683,-1.39367],[123.16758,-1.39342],[123.16682,-1.39142],[123.16602,-1.39195],[123.16525,-1.39188],[123.16632,-1.39103],[123.16648,-1.38997],[123.1672,-1.39007],[123.16642,-1.38956],[123.1664,-1.38871],[123.168,-1.38639],[123.16698,-1.38576],[123.16561,-1.38642],[123.16324,-1.3867],[123.16261,-1.3862],[123.16193,-1.38485],[123.16211,-1.38454],[123.16173,-1.38463],[123.16147,-1.38423],[123.16176,-1.384],[123.16144,-1.38349],[123.16081,-1.38337],[123.16094,-1.38371],[123.15995,-1.38415],[123.15937,-1.3775],[123.15791,-1.37648],[123.15832,-1.37545],[123.16017,-1.37545],[123.16114,-1.37726],[123.16142,-1.37569],[123.16214,-1.37536],[123.16305,-1.37601],[123.16335,-1.37726],[123.16415,-1.377],[123.16529,-1.37522],[123.16473,-1.37466],[123.16371,-1.37493],[123.16308,-1.37413],[123.16079,-1.37405],[123.16044,-1.37337],[123.15875,-1.37412],[123.15789,-1.37394],[123.15793,-1.37097],[123.15741,-1.36928],[123.15638,-1.3683],[123.15635,-1.36758],[123.15646,-1.36665],[123.16301,-1.36632],[123.19906,-1.36594]]]]}},{"type":"Feature","properties":{"NAMOBJ":"Tinangkung Selatan","KODE_KAB":7207},"geometry":{"type":"MultiPolygon","coordinates":[[[[123.40306,-1.52533],[123.40348,-1.52566],[123.40282,-1.52577],[123.40274,-1.52533],[123.40306,-1.52533]]],[[[123.40274,-1.52493],[123.40261,-1.52495],[123.40254,-1.52491],[123.40261,-1.52482],[123.40269,-1.5248],[123.40275,-1.5248],[123.40278,-1.5248],[123.40277,-1.52486],[123.40274,-1.52493]]],[[[123.40244,-1.52476],[123.40228,-1.52444],[123.40269,-1.52429],[123.40244,-1.52476]]],[[[123.40083,-1.5235],[123.40135,-1.52529],[123.39979,-1.52421],[123.39987,-1.52354],[123.40083,-1.5235]]],[[[123.39809,-1.52312],[123.39759,-1.52354],[123.39626,-1.52315],[123.39548,-1.52161],[123.39735,-1.52076],[123.39731,-1.52191],[123.39825,-1.52276],[123.39809,-1.52312]]],[[[123.39949,-1.51872],[123.39889,-1.5184],[123.39948,-1.51766],[123.39994,-1.51794],[123.39949,-1.51872]]],[[[123.3975,-1.51713],[123.39728,-1.51667],[123.39788,-1.51652],[123.3981,-1.51676],[123.3975,-1.51713]]],[[[123.39693,-1.51588],[123.39634,-1.51549],[123.39669,-1.51534],[123.39693,-1.51588]]],[[[123.3819,-1.50266],[123.38161,-1.50248],[123.38243,-1.5026],[123.3819,-1.50266]]],[[[123.38329,-1.50228],[123.3832,-1.50234],[123.38316,-1.5023],[123.38315,-1.50227],[123.38314,-1.50221],[123.38316,-1.50216],[123.38321,-1.50208],[123.38326,-1.502],[123.38333,-1.50194],[123.38341,-1.50188],[123.38344,-1.50189],[123.38343,-1.50196],[123.38336,-1.50199],[123.38333,-1.50204],[123.38333,-1.50211],[123.38334,-1.50215],[123.38334,-1.50218],[123.38332,-1.50223],[123.38329,-1.50228]]],[[[123.38443,-1.50129],[123.3844,-1.50142],[123.38429,-1.50155],[123.38383,-1.5016],[123.38368,-1.5016],[123.38358,-1.50163],[123.38359,-1.50163],[123.38364,-1.50156],[123.3837,-1.50148],[123.38376,-1.5014],[123.38388,-1.50132],[123.38399,-1.50129],[123.3841,-1.50129],[123.38421,-1.50129],[123.38431,-1.50129],[123.38437,-1.50128],[123.38443,-1.50125],[123.38443,-1.50124],[123.38443,-1.50129]]],[[[123.38443,-1.50108],[123.38443,-1.50115],[123.38441,-1.50112],[123.38441,-1.50107],[123.38443,-1.50102],[123.38443,-1.50108]]],[[[123.38634,-1.50093],[123.38635,-1.50093],[123.38638,-1.50093],[123.38642,-1.50094],[123.38645,-1.50095],[123.38648,-1.50099],[123.38649,-1.50105],[123.38645,-1.50111],[123.38641,-1.50111],[123.38638,-1.50109],[123.38628,-1.50103],[123.38628,-1.501],[123.38631,-1.50095],[123.38634,-1.50093]]],[[[123.3862,-1.50094],[123.38615,-1.50095],[123.38602,-1.50087],[123.38603,-1.50086],[123.38606,-1.50085],[123.38612,-1.50083],[123.38614,-1.50082],[123.3862,-1.50079],[123.38628,-1.5008],[123.38631,-1.50083],[123.38631,-1.50089],[123.38624,-1.50092],[123.3862,-1.50094]]],[[[123.38613,-1.5007],[123.3861,-1.50073],[123.38598,-1.50072],[123.38595,-1.50064],[123.38596,-1.50053],[123.38599,-1.50051],[123.38606,-1.5005],[123.38613,-1.50052],[123.38615,-1.50058],[123.38615,-1.50064],[123.38613,-1.5007]]],[[[123.38538,-1.50046],[123.38532,-1.5005],[123.38526,-1.50049],[123.38521,-1.50047],[123.3852,-1.50045],[123.38519,-1.50041],[123.38521,-1.50037],[123.38528,-1.50034],[123.38533,-1.50035],[123.38538,-1.50037],[123.3854,-1.50041],[123.38538,-1.50046]]],[[[123.38511,-1.50039],[123.38507,-1.5004],[123.38486,-1.50019],[123.38486,-1.50019],[123.38491,-1.50014],[123.38494,-1.50012],[123.38499,-1.50014],[123.38504,-1.50018],[123.38511,-1.50024],[123.38514,-1.50028],[123.38516,-1.50032],[123.38515,-1.50037],[123.38511,-1.50039]]],[[[123.38486,-1.50013],[123.38484,-1.50017],[123.38477,-1.5001],[123.38479,-1.50007],[123.38483,-1.50007],[123.38485,-1.50009],[123.38486,-1.50013]]],[[[123.38476,-1.50005],[123.38473,-1.50007],[123.38469,-1.50002],[123.38459,-1.49989],[123.38455,-1.49985],[123.38456,-1.49984],[123.38463,-1.49984],[123.38468,-1.49984],[123.38473,-1.49987],[123.38476,-1.49993],[123.38477,-1.5],[123.38476,-1.50005]]],[[[123.32248,-1.43074],[123.32249,-1.43079],[123.32209,-1.43052],[123.32192,-1.43033],[123.32205,-1.43031],[123.3222,-1.43034],[123.32232,-1.43044],[123.32241,-1.43056],[123.32248,-1.43074]]],[[[123.32179,-1.42524],[123.32153,-1.42533],[123.32285,-1.42342],[123.32418,-1.42357],[123.32383,-1.42477],[123.32179,-1.42524]]],[[[123.41714,-1.4085],[123.41742,-1.41451],[123.41881,-1.42661],[123.42107,-1.43631],[123.42151,-1.44245],[123.42321,-1.45348],[123.42545,-1.4604],[123.43035,-1.47061],[123.43051,-1.47389],[123.43103,-1.4757],[123.4397,-1.4887],[123.44158,-1.49267],[123.44157,-1.49373],[123.4403,-1.49707],[123.43665,-1.50115],[123.43583,-1.50419],[123.43328,-1.50862],[123.43249,-1.51199],[123.43322,-1.51848],[123.43268,-1.51882],[123.43163,-1.51816],[123.43037,-1.51821],[123.43032,-1.51786],[123.42821,-1.5168],[123.42762,-1.51588],[123.42541,-1.51538],[123.42527,-1.51659],[123.42411,-1.51629],[123.42241,-1.51687],[123.41976,-1.51813],[123.41863,-1.51969],[123.41615,-1.51894],[123.4138,-1.52048],[123.41284,-1.52071],[123.41142,-1.52268],[123.41315,-1.52498],[123.41264,-1.52517],[123.41269,-1.52686],[123.41376,-1.52789],[123.41404,-1.5292],[123.41479,-1.52987],[123.41446,-1.53018],[123.41296,-1.53003],[123.41248,-1.53056],[123.40918,-1.52761],[123.40695,-1.52691],[123.40558,-1.52716],[123.404,-1.52498],[123.40405,-1.524],[123.40547,-1.52423],[123.40415,-1.52139],[123.40255,-1.51949],[123.40103,-1.51861],[123.39904,-1.51474],[123.39732,-1.51476],[123.39802,-1.51465],[123.39853,-1.51408],[123.39848,-1.5135],[123.39617,-1.51336],[123.39649,-1.51238],[123.39734,-1.51257],[123.39673,-1.51125],[123.39488,-1.51146],[123.39381,-1.51091],[123.3931,-1.51137],[123.39343,-1.50976],[123.39311,-1.50923],[123.39257,-1.50866],[123.39112,-1.50831],[123.39072,-1.5066],[123.38913,-1.50582],[123.38998,-1.50567],[123.39119,-1.50653],[123.39101,-1.50495],[123.38902,-1.50337],[123.38876,-1.50196],[123.38685,-1.50154],[123.3864,-1.50065],[123.384,-1.49914],[123.38377,-1.49955],[123.38441,-1.50068],[123.38322,-1.50196],[123.38137,-1.50188],[123.38023,-1.50228],[123.37973,-1.50081],[123.37847,-1.50084],[123.37748,-1.50004],[123.37663,-1.50007],[123.375,-1.49826],[123.37336,-1.49845],[123.37088,-1.49724],[123.37051,-1.49798],[123.36695,-1.5003],[123.36497,-1.49945],[123.36496,-1.50067],[123.36404,-1.50165],[123.36439,-1.5016],[123.36438,-1.50215],[123.36367,-1.50253],[123.36332,-1.50645],[123.36235,-1.50799],[123.36193,-1.50996],[123.36141,-1.51279],[123.36164,-1.51389],[123.36124,-1.5171],[123.35979,-1.5184],[123.35905,-1.52034],[123.3589,-1.52298],[123.35766,-1.52425],[123.35769,-1.52494],[123.35658,-1.52441],[123.35442,-1.52457],[123.35375,-1.52174],[123.35421,-1.51993],[123.35393,-1.51831],[123.35477,-1.51615],[123.35454,-1.51562],[123.35545,-1.5137],[123.35498,-1.50926],[123.35533,-1.50585],[123.35516,-1.50419],[123.35459,-1.50261],[123.35405,-1.50222],[123.35389,-1.4985],[123.3544,-1.49194],[123.35408,-1.4909],[123.35291,-1.49073],[123.35312,-1.48531],[123.35274,-1.4846],[123.35264,-1.48239],[123.35559,-1.47242],[123.35479,-1.47261],[123.35473,-1.47121],[123.35405,-1.46991],[123.35255,-1.47036],[123.34847,-1.47287],[123.3479,-1.47271],[123.34702,-1.47157],[123.34342,-1.47096],[123.34333,-1.46982],[123.34092,-1.46909],[123.34116,-1.46475],[123.33824,-1.46361],[123.33758,-1.46286],[123.33739,-1.4617],[123.33801,-1.46003],[123.33693,-1.45996],[123.33561,-1.46078],[123.33441,-1.46049],[123.33327,-1.45788],[123.33242,-1.45736],[123.33238,-1.45638],[123.33178,-1.45531],[123.32951,-1.45375],[123.32888,-1.45299],[123.32893,-1.452],[123.32719,-1.45032],[123.32654,-1.44624],[123.32483,-1.44476],[123.3254,-1.44294],[123.32354,-1.44179],[123.32383,-1.44115],[123.3224,-1.43741],[123.32114,-1.43569],[123.32242,-1.43525],[123.32209,-1.43478],[123.32128,-1.43473],[123.32118,-1.43406],[123.32204,-1.43253],[123.32209,-1.43124],[123.3225,-1.43084],[123.32264,-1.43157],[123.32278,-1.43105],[123.3226,-1.43018],[123.32178,-1.42953],[123.3219,-1.42717],[123.32247,-1.42607],[123.32186,-1.42591],[123.3228,-1.4252],[123.32364,-1.42526],[123.3243,-1.42424],[123.3248,-1.42499],[123.3253,-1.42484],[123.32553,-1.42448],[123.32521,-1.42358],[123.32665,-1.42281],[123.32516,-1.42311],[123.32453,-1.4214],[123.32561,-1.41963],[123.32522,-1.41946],[123.32463,-1.42012],[123.3241,-1.41974],[123.3249,-1.41877],[123.32595,-1.41908],[123.32613,-1.41873],[123.32596,-1.41785],[123.32461,-1.41715],[123.32471,-1.41615],[123.32571,-1.41548],[123.32471,-1.41579],[123.32551,-1.41513],[123.32434,-1.41547],[123.32424,-1.41644],[123.32343,-1.41692],[123.32278,-1.41847],[123.32256,-1.42037],[123.32199,-1.41933],[123.32046,-1.41987],[123.31929,-1.41927],[123.319,-1.42008],[123.31981,-1.42018],[123.32095,-1.42115],[123.31923,-1.42042],[123.31867,-1.42159],[123.31804,-1.42186],[123.31725,-1.42165],[123.31711,-1.42042],[123.315,-1.42067],[123.31502,-1.4202],[123.31571,-1.41993],[123.31337,-1.41835],[123.31114,-1.41332],[123.30806,-1.41299],[123.30758,-1.41254],[123.30519,-1.41373],[123.30441,-1.41352],[123.30407,-1.4125],[123.30316,-1.41378],[123.30173,-1.41264],[123.30117,-1.41127],[123.30021,-1.41123],[123.29964,-1.41033],[123.30121,-1.40841],[123.30246,-1.40772],[123.31101,-1.40443],[123.32531,-1.40138],[123.33591,-1.39989],[123.3367,-1.39934],[123.34694,-1.37459],[123.34944,-1.36987],[123.35319,-1.36487],[123.35873,-1.35521],[123.36541,-1.34826],[123.36922,-1.34518],[123.375,-1.3413],[123.37694,-1.34027],[123.39146,-1.33739],[123.39102,-1.34073],[123.39158,-1.34399],[123.39987,-1.35155],[123.40478,-1.35763],[123.40651,-1.3604],[123.41016,-1.36848],[123.41245,-1.375],[123.41714,-1.4085]]]]}},{"type":"Feature","properties":{"NAMOBJ":"Totikum Selatan","KODE_KAB":7207},"geometry":{"type":"MultiPolygon","coordinates":[[[[123.43974,-1.52345],[123.43916,-1.5229],[123.43992,-1.52305],[123.43974,-1.52345]]],[[[123.43932,-1.51217],[123.43836,-1.51088],[123.43878,-1.50894],[123.43947,-1.50903],[123.44024,-1.51016],[123.44035,-1.51156],[123.43932,-1.51217]]],[[[123.47845,-1.48054],[123.47937,-1.48009],[123.47884,-1.48113],[123.47832,-1.48107],[123.47783,-1.48076],[123.47795,-1.47961],[123.47845,-1.48054]]],[[[123.47172,-1.46997],[123.47141,-1.46989],[123.47199,-1.46966],[123.47172,-1.46997]]],[[[123.48071,-1.46846],[123.48137,-1.46855],[123.48164,-1.46917],[123.48041,-1.46885],[123.48007,-1.46819],[123.48071,-1.46846]]],[[[123.43208,-1.3274],[123.43539,-1.33106],[123.4444,-1.3441],[123.45041,-1.35546],[123.45367,-1.3632],[123.45372,-1.3691],[123.45409,-1.37202],[123.45498,-1.375],[123.46251,-1.3959],[123.46392,-1.40154],[123.46582,-1.40591],[123.46869,-1.41093],[123.46951,-1.41566],[123.47374,-1.42506],[123.47398,-1.42902],[123.47482,-1.43113],[123.47685,-1.43335],[123.48135,-1.43959],[123.4837,-1.44384],[123.48623,-1.45033],[123.48838,-1.4514],[123.49801,-1.45405],[123.5,-1.45488],[123.50155,-1.45617],[123.50537,-1.45657],[123.50668,-1.45838],[123.50164,-1.4607],[123.49688,-1.46666],[123.49577,-1.46611],[123.49343,-1.46685],[123.49156,-1.46777],[123.48983,-1.46941],[123.48818,-1.46939],[123.48676,-1.46996],[123.48594,-1.46958],[123.4863,-1.46907],[123.48602,-1.46837],[123.48447,-1.46701],[123.48343,-1.46691],[123.48326,-1.46608],[123.48267,-1.46568],[123.48222,-1.46568],[123.48158,-1.46742],[123.4811,-1.46692],[123.47988,-1.46697],[123.47919,-1.46593],[123.48027,-1.46641],[123.48034,-1.46615],[123.47864,-1.4631],[123.47645,-1.462],[123.47609,-1.46115],[123.47393,-1.46058],[123.47387,-1.4613],[123.4726,-1.46247],[123.47295,-1.46325],[123.47248,-1.46514],[123.47139,-1.46698],[123.47112,-1.46832],[123.47164,-1.46854],[123.47078,-1.47005],[123.47121,-1.47093],[123.47053,-1.47272],[123.47082,-1.47315],[123.47195,-1.47317],[123.47123,-1.47481],[123.47249,-1.47732],[123.47216,-1.47779],[123.47116,-1.47694],[123.47116,-1.4787],[123.47251,-1.47919],[123.47297,-1.48031],[123.47198,-1.48071],[123.47188,-1.48223],[123.471,-1.48366],[123.47109,-1.48424],[123.47174,-1.4844],[123.47164,-1.4858],[123.47123,-1.48593],[123.46991,-1.4852],[123.46946,-1.48604],[123.46943,-1.48658],[123.47066,-1.48636],[123.471,-1.48723],[123.47213,-1.4877],[123.47171,-1.48831],[123.47133,-1.48768],[123.47051,-1.48768],[123.46911,-1.49016],[123.46903,-1.49129],[123.4698,-1.49334],[123.46944,-1.49635],[123.46979,-1.49747],[123.46818,-1.49956],[123.4683,-1.50148],[123.46649,-1.49986],[123.4649,-1.50137],[123.46511,-1.50313],[123.46355,-1.50276],[123.46358,-1.50158],[123.46288,-1.50205],[123.46298,-1.503],[123.46197,-1.50434],[123.4617,-1.50546],[123.46175,-1.50601],[123.46232,-1.50619],[123.46092,-1.50963],[123.45731,-1.51561],[123.45742,-1.51686],[123.45818,-1.51793],[123.45786,-1.51873],[123.45675,-1.51741],[123.45383,-1.51663],[123.4526,-1.51692],[123.45098,-1.51565],[123.45004,-1.51551],[123.44821,-1.51386],[123.44655,-1.51162],[123.44439,-1.50985],[123.44354,-1.50856],[123.44369,-1.50742],[123.44327,-1.50626],[123.43982,-1.50478],[123.43872,-1.50522],[123.43758,-1.50656],[123.43707,-1.50912],[123.43764,-1.50944],[123.43758,-1.51082],[123.43633,-1.51073],[123.43646,-1.51134],[123.4381,-1.51254],[123.43792,-1.51454],[123.43841,-1.51677],[123.43935,-1.51699],[123.43741,-1.51789],[123.43651,-1.51962],[123.4348,-1.51834],[123.43322,-1.51848],[123.43249,-1.51199],[123.43328,-1.50862],[123.43583,-1.50419],[123.43665,-1.50115],[123.4403,-1.49707],[123.44157,-1.49373],[123.44158,-1.49267],[123.4397,-1.4887],[123.43103,-1.4757],[123.43051,-1.47389],[123.43035,-1.47061],[123.42545,-1.4604],[123.42321,-1.45348],[123.42151,-1.44245],[123.42107,-1.43631],[123.41881,-1.42661],[123.4163,-1.40115],[123.41245,-1.375],[123.40892,-1.36529],[123.40478,-1.35763],[123.39987,-1.35155],[123.39158,-1.34399],[123.39105,-1.34156],[123.39146,-1.33739],[123.41963,-1.33168],[123.42086,-1.33137],[123.42257,-1.32997],[123.42568,-1.32826],[123.42825,-1.32787],[123.43059,-1.32801],[123.43208,-1.3274]]]]}},{"type":"Feature","properties":{"NAMOBJ":"Tinangkung","KODE_KAB":7207},"geometry":{"type":"MultiPolygon","coordinates":[[[[123.36398,-1.50374],[123.3636,-1.50351],[123.364,-1.50309],[123.36398,-1.50374]]],[[[123.36414,-1.50301],[123.36414,-1.50305],[123.36414,-1.50305],[123.3641,-1.50298],[123.36408,-1.50292],[123.36405,-1.50288],[123.36402,-1.50284],[123.36401,-1.50278],[123.36402,-1.50276],[123.36403,-1.50275],[123.36405,-1.50274],[123.36408,-1.50274],[123.36411,-1.50274],[123.36413,-1.50275],[123.36418,-1.50277],[123.36421,-1.50282],[123.36414,-1.50301]]],[[[123.36513,-1.50044],[123.36499,-1.5011],[123.36498,-1.50115],[123.36488,-1.5012],[123.36478,-1.50121],[123.36468,-1.50119],[123.36463,-1.50113],[123.36464,-1.50109],[123.36469,-1.50106],[123.36475,-1.50106],[123.36477,-1.50107],[123.36483,-1.50103],[123.36488,-1.50098],[123.36493,-1.50093],[123.36499,-1.50086],[123.36505,-1.50076],[123.36508,-1.50067],[123.36508,-1.50058],[123.36508,-1.50052],[123.36508,-1.50046],[123.36509,-1.50035],[123.36513,-1.50032],[123.36519,-1.50034],[123.36522,-1.50038],[123.36513,-1.50044]]],[[[123.26137,-1.45557],[123.26285,-1.45567],[123.26315,-1.45704],[123.26125,-1.45819],[123.25986,-1.4567],[123.25977,-1.45606],[123.26137,-1.45557]]],[[[123.26094,-1.45475],[123.26248,-1.45505],[123.2599,-1.4557],[123.26094,-1.45475]]],[[[123.26214,-1.45306],[123.26213,-1.45321],[123.26212,-1.45309],[123.26214,-1.45306]]],[[[123.26317,-1.45358],[123.26267,-1.45328],[123.26282,-1.45267],[123.26326,-1.45284],[123.26317,-1.45358]]],[[[123.26166,-1.45385],[123.26126,-1.45414],[123.26015,-1.45391],[123.25904,-1.45189],[123.25935,-1.4508],[123.26153,-1.45089],[123.26191,-1.45261],[123.26166,-1.45385]]],[[[123.26103,-1.44748],[123.26097,-1.44748],[123.26103,-1.44746],[123.26104,-1.44746],[123.26103,-1.44748]]],[[[123.2613,-1.44722],[123.26103,-1.44704],[123.26147,-1.44673],[123.2613,-1.44722]]],[[[123.25962,-1.44551],[123.25912,-1.44551],[123.25924,-1.44496],[123.25979,-1.44511],[123.25962,-1.44551]]],[[[123.26096,-1.4453],[123.26013,-1.44511],[123.26084,-1.44482],[123.26096,-1.4453]]],[[[123.26374,-1.44448],[123.26353,-1.44483],[123.26263,-1.44455],[123.26215,-1.44492],[123.26246,-1.44406],[123.26317,-1.44452],[123.2639,-1.44402],[123.26374,-1.44448]]],[[[123.26525,-1.44435],[123.26454,-1.44409],[123.26514,-1.44404],[123.26525,-1.44435]]],[[[123.26564,-1.44668],[123.26465,-1.44562],[123.26598,-1.44355],[123.26636,-1.4443],[123.26592,-1.44491],[123.26564,-1.44668]]],[[[123.28898,-1.42955],[123.28805,-1.42914],[123.28818,-1.42879],[123.28915,-1.42915],[123.28898,-1.42955]]],[[[123.28752,-1.42738],[123.28835,-1.42764],[123.28784,-1.42799],[123.28752,-1.42738]]],[[[123.28655,-1.42658],[123.28606,-1.42649],[123.28615,-1.42599],[123.28651,-1.42598],[123.28655,-1.42658]]],[[[123.28647,-1.42376],[123.28616,-1.42348],[123.28674,-1.4229],[123.28647,-1.42376]]],[[[123.28784,-1.42372],[123.28723,-1.42366],[123.28804,-1.42278],[123.28823,-1.42336],[123.28784,-1.42372]]],[[[123.28905,-1.42314],[123.28835,-1.42266],[123.28892,-1.42254],[123.28905,-1.42314]]],[[[123.28925,-1.42078],[123.289,-1.42089],[123.28884,-1.42081],[123.28887,-1.42078],[123.28892,-1.42074],[123.28896,-1.42073],[123.28901,-1.42072],[123.28905,-1.42071],[123.28909,-1.42071],[123.28914,-1.4207],[123.28919,-1.4207],[123.28923,-1.42071],[123.28927,-1.42072],[123.28925,-1.42078]]],[[[123.28896,-1.4207],[123.28903,-1.42029],[123.2893,-1.4206],[123.28896,-1.4207]]],[[[123.28898,-1.41971],[123.28869,-1.41931],[123.28916,-1.4192],[123.28898,-1.41971]]],[[[123.28946,-1.41595],[123.28928,-1.41619],[123.28937,-1.41542],[123.28999,-1.41509],[123.28946,-1.41595]]],[[[123.29696,-1.41505],[123.29689,-1.41508],[123.29674,-1.41507],[123.29663,-1.41504],[123.29663,-1.41504],[123.29668,-1.41501],[123.2968,-1.41499],[123.29693,-1.41499],[123.29696,-1.41505]]],[[[123.24165,-1.39824],[123.2414,-1.39786],[123.24179,-1.39778],[123.24165,-1.39824]]],[[[123.229,-1.38658],[123.22951,-1.38672],[123.22865,-1.38697],[123.229,-1.38658]]],[[[123.23446,-1.37735],[123.23384,-1.37723],[123.2336,-1.37676],[123.2336,-1.37573],[123.23409,-1.37548],[123.23525,-1.37608],[123.23529,-1.37661],[123.23446,-1.37735]]],[[[123.23411,-1.37243],[123.2337,-1.37244],[123.23365,-1.37197],[123.23417,-1.37179],[123.23461,-1.37227],[123.23411,-1.37243]]],[[[123.22943,-1.36862],[123.22868,-1.36825],[123.22866,-1.36757],[123.22951,-1.36778],[123.22943,-1.36862]]],[[[123.2781,-1.332],[123.27806,-1.33201],[123.278,-1.332],[123.27795,-1.33197],[123.27792,-1.33195],[123.27797,-1.33197],[123.2781,-1.332],[123.2781,-1.332]]],[[[123.27776,-1.33181],[123.27781,-1.3319],[123.27771,-1.33189],[123.27762,-1.33189],[123.27752,-1.33187],[123.27743,-1.33185],[123.27733,-1.33183],[123.27724,-1.33181],[123.27714,-1.3318],[123.27702,-1.33176],[123.27691,-1.33171],[123.27677,-1.33166],[123.27675,-1.33164],[123.27667,-1.3316],[123.27657,-1.33155],[123.27645,-1.3315],[123.27642,-1.33148],[123.27654,-1.33142],[123.27674,-1.33143],[123.27697,-1.33151],[123.27716,-1.3316],[123.27734,-1.33163],[123.27746,-1.33166],[123.27763,-1.33174],[123.27776,-1.33181]]],[[[123.2836,-1.31905],[123.28358,-1.31906],[123.28355,-1.31905],[123.28354,-1.31904],[123.28354,-1.31902],[123.28355,-1.319],[123.28357,-1.31899],[123.2836,-1.31899],[123.28362,-1.31899],[123.2836,-1.31905],[123.2836,-1.31905]]],[[[123.28413,-1.31745],[123.28403,-1.31747],[123.28402,-1.31747],[123.28402,-1.31743],[123.28403,-1.3174],[123.28406,-1.31738],[123.28408,-1.31737],[123.28409,-1.3174],[123.28409,-1.31741],[123.28411,-1.31743],[123.28413,-1.31745],[123.28413,-1.31745],[123.28413,-1.31745]]],[[[123.28403,-1.31737],[123.284,-1.31737],[123.28399,-1.31736],[123.28399,-1.31735],[123.28399,-1.31733],[123.28402,-1.31732],[123.28403,-1.31732],[123.28405,-1.31733],[123.28404,-1.31735],[123.28403,-1.31737]]],[[[123.3828,-1.22145],[123.38412,-1.22228],[123.38387,-1.22405],[123.38165,-1.22873],[123.38058,-1.23608],[123.37834,-1.24081],[123.37813,-1.24934],[123.3774,-1.25158],[123.37466,-1.25504],[123.37216,-1.2614],[123.368,-1.2741],[123.36482,-1.28088],[123.35932,-1.29545],[123.35256,-1.31149],[123.35183,-1.31437],[123.35038,-1.329],[123.35131,-1.33811],[123.35431,-1.34742],[123.35599,-1.35099],[123.35873,-1.35521],[123.35319,-1.36487],[123.34944,-1.36987],[123.34694,-1.37459],[123.3367,-1.39934],[123.33591,-1.39989],[123.32531,-1.40138],[123.31101,-1.40443],[123.30246,-1.40772],[123.30121,-1.40841],[123.29964,-1.41033],[123.29861,-1.40969],[123.29865,-1.41087],[123.29788,-1.41053],[123.29787,-1.41099],[123.29832,-1.41116],[123.29816,-1.41172],[123.29694,-1.41171],[123.2957,-1.41275],[123.29528,-1.41238],[123.29605,-1.41158],[123.2956,-1.41026],[123.29526,-1.41097],[123.29557,-1.41186],[123.29523,-1.41199],[123.2946,-1.41116],[123.29407,-1.41194],[123.29412,-1.41285],[123.29499,-1.4134],[123.29455,-1.41374],[123.29365,-1.41362],[123.29001,-1.41508],[123.29,-1.4143],[123.28921,-1.41436],[123.28765,-1.41698],[123.28723,-1.41847],[123.28464,-1.41953],[123.2839,-1.41941],[123.28347,-1.42012],[123.28374,-1.42862],[123.28326,-1.43161],[123.28257,-1.43275],[123.28282,-1.43385],[123.28202,-1.43697],[123.28036,-1.43814],[123.27984,-1.43901],[123.27788,-1.44022],[123.27558,-1.44273],[123.27235,-1.44323],[123.27163,-1.44385],[123.27072,-1.44219],[123.26809,-1.44137],[123.26771,-1.44029],[123.26707,-1.44],[123.26598,-1.44073],[123.26588,-1.44201],[123.26638,-1.44277],[123.26538,-1.44206],[123.26523,-1.44286],[123.26484,-1.44277],[123.26458,-1.44166],[123.26374,-1.44288],[123.26216,-1.4424],[123.26095,-1.44259],[123.26031,-1.44376],[123.25989,-1.44374],[123.25933,-1.44291],[123.25926,-1.44411],[123.25833,-1.44403],[123.25782,-1.44337],[123.25879,-1.44277],[123.25847,-1.4417],[123.25686,-1.44137],[123.25636,-1.44288],[123.25682,-1.44484],[123.25638,-1.44649],[123.25729,-1.45028],[123.25687,-1.45336],[123.24092,-1.44427],[123.23685,-1.44152],[123.23417,-1.43909],[123.22852,-1.43158],[123.21262,-1.39907],[123.21006,-1.39302],[123.20676,-1.38026],[123.20413,-1.37477],[123.19906,-1.36594],[123.22915,-1.36598],[123.22814,-1.36616],[123.22713,-1.3681],[123.22748,-1.36952],[123.22862,-1.36962],[123.22935,-1.37039],[123.22945,-1.37237],[123.23031,-1.37262],[123.22986,-1.37435],[123.23001,-1.37552],[123.23243,-1.37623],[123.23334,-1.37782],[123.23592,-1.38071],[123.23844,-1.38219],[123.23873,-1.38271],[123.23779,-1.38332],[123.2373,-1.38439],[123.23471,-1.3848],[123.23403,-1.38441],[123.23294,-1.38518],[123.23178,-1.38482],[123.23017,-1.38665],[123.22899,-1.38614],[123.22835,-1.38676],[123.22856,-1.3871],[123.22815,-1.38813],[123.22931,-1.38783],[123.23027,-1.38833],[123.23042,-1.3895],[123.23011,-1.39001],[123.23042,-1.39052],[123.23094,-1.39103],[123.23112,-1.39052],[123.23198,-1.39082],[123.23355,-1.39326],[123.23701,-1.39286],[123.23623,-1.39362],[123.23681,-1.39479],[123.23771,-1.39545],[123.23686,-1.39621],[123.23696,-1.39677],[123.23852,-1.39753],[123.24162,-1.39754],[123.24043,-1.39857],[123.24119,-1.39874],[123.2416,-1.39961],[123.24196,-1.39956],[123.2417,-1.39888],[123.2422,-1.39915],[123.24241,-1.40076],[123.24249,-1.3993],[123.24173,-1.39853],[123.24322,-1.39809],[123.24438,-1.39824],[123.24482,-1.39724],[123.24468,-1.39605],[123.24589,-1.39458],[123.24705,-1.39052],[123.24998,-1.3897],[123.25473,-1.39011],[123.25584,-1.38935],[123.25737,-1.38913],[123.25905,-1.38993],[123.26064,-1.3898],[123.26114,-1.38871],[123.26391,-1.38694],[123.26551,-1.38542],[123.26618,-1.38418],[123.26984,-1.38203],[123.27052,-1.37949],[123.27023,-1.37883],[123.2685,-1.37921],[123.26745,-1.37885],[123.267,-1.37986],[123.26667,-1.37988],[123.2667,-1.37934],[123.26753,-1.37813],[123.2692,-1.37759],[123.27029,-1.37471],[123.27337,-1.36911],[123.27596,-1.3669],[123.27728,-1.36443],[123.27827,-1.36392],[123.27921,-1.36261],[123.2809,-1.36204],[123.28382,-1.35843],[123.28403,-1.35505],[123.28535,-1.35126],[123.28659,-1.34899],[123.28737,-1.34607],[123.28615,-1.34604],[123.28655,-1.34493],[123.28641,-1.34444],[123.28585,-1.34431],[123.2849,-1.34543],[123.28445,-1.34675],[123.28347,-1.34619],[123.28235,-1.34356],[123.28289,-1.34052],[123.28236,-1.33945],[123.28175,-1.3391],[123.28168,-1.33773],[123.28076,-1.33645],[123.28092,-1.33608],[123.28175,-1.33629],[123.28376,-1.33446],[123.28198,-1.33424],[123.28183,-1.33492],[123.28084,-1.33519],[123.28228,-1.33269],[123.2817,-1.33265],[123.28113,-1.33124],[123.28055,-1.33227],[123.27975,-1.33124],[123.27931,-1.33147],[123.27923,-1.32991],[123.2801,-1.32961],[123.28033,-1.3291],[123.2792,-1.3298],[123.27916,-1.32922],[123.27972,-1.32742],[123.28071,-1.32735],[123.28091,-1.32644],[123.2814,-1.32614],[123.28104,-1.32422],[123.2816,-1.32446],[123.28185,-1.32535],[123.28312,-1.32396],[123.28251,-1.32272],[123.28153,-1.32304],[123.28154,-1.32259],[123.28335,-1.32115],[123.28407,-1.32131],[123.28456,-1.32087],[123.28591,-1.32105],[123.28552,-1.32128],[123.28591,-1.32129],[123.28597,-1.32188],[123.28683,-1.32171],[123.28707,-1.32094],[123.28584,-1.31949],[123.28668,-1.31839],[123.28817,-1.31845],[123.28862,-1.3181],[123.28857,-1.31784],[123.28754,-1.3181],[123.28813,-1.31784],[123.28751,-1.31767],[123.2874,-1.31658],[123.29095,-1.31357],[123.2911,-1.31186],[123.29074,-1.31108],[123.28975,-1.31097],[123.28807,-1.3134],[123.28667,-1.31386],[123.28411,-1.31706],[123.28358,-1.31697],[123.28332,-1.31773],[123.28371,-1.31841],[123.28329,-1.3198],[123.28218,-1.32003],[123.28175,-1.32089],[123.28202,-1.31852],[123.28263,-1.31723],[123.28618,-1.31354],[123.28681,-1.31339],[123.28861,-1.3112],[123.28872,-1.30952],[123.28982,-1.30875],[123.29052,-1.3088],[123.29246,-1.30786],[123.29677,-1.30505],[123.299,-1.3047],[123.30046,-1.30732],[123.30176,-1.3079],[123.30354,-1.3079],[123.30537,-1.3075],[123.30733,-1.30635],[123.31021,-1.30571],[123.31388,-1.30413],[123.31516,-1.30218],[123.31701,-1.30052],[123.31756,-1.29937],[123.32151,-1.29543],[123.32295,-1.29267],[123.32366,-1.29041],[123.32341,-1.28722],[123.32418,-1.28144],[123.32542,-1.27858],[123.32656,-1.27406],[123.32951,-1.27046],[123.33057,-1.26724],[123.33664,-1.2603],[123.33782,-1.2592],[123.33908,-1.25901],[123.3414,-1.25695],[123.34373,-1.25379],[123.34508,-1.25297],[123.34985,-1.24605],[123.35159,-1.24455],[123.35224,-1.24289],[123.35562,-1.23776],[123.35908,-1.2354],[123.36047,-1.23349],[123.36097,-1.23209],[123.36156,-1.23195],[123.365,-1.22709],[123.36879,-1.22592],[123.37177,-1.224],[123.37209,-1.22334],[123.37534,-1.22177],[123.37734,-1.22158],[123.37818,-1.22096],[123.38118,-1.22066],[123.3828,-1.22145]]],[[[123.32078,-1.22031],[123.32006,-1.22316],[123.31604,-1.23182],[123.31501,-1.23616],[123.31498,-1.23787],[123.31583,-1.24159],[123.31533,-1.24469],[123.31597,-1.24915],[123.3157,-1.25059],[123.31535,-1.25066],[123.31453,-1.25298],[123.31477,-1.25487],[123.31392,-1.25816],[123.31367,-1.26357],[123.31112,-1.2722],[123.30676,-1.27858],[123.30407,-1.2803],[123.30089,-1.28322],[123.29932,-1.28338],[123.29742,-1.28162],[123.29534,-1.27632],[123.29425,-1.27466],[123.29478,-1.27031],[123.29379,-1.26586],[123.29253,-1.26306],[123.29188,-1.257],[123.29057,-1.2553],[123.29035,-1.25335],[123.28915,-1.25074],[123.287,-1.24259],[123.28583,-1.23984],[123.2853,-1.23674],[123.28101,-1.22872],[123.28125,-1.22589],[123.28069,-1.22441],[123.28034,-1.22128],[123.27906,-1.22043],[123.27695,-1.21982],[123.27677,-1.21908],[123.27742,-1.21817],[123.27755,-1.21716],[123.2749,-1.21527],[123.27566,-1.21249],[123.27847,-1.20728],[123.27891,-1.20564],[123.27871,-1.1981],[123.27917,-1.19577],[123.28025,-1.19407],[123.28194,-1.19252],[123.28857,-1.18906],[123.29362,-1.18536],[123.29709,-1.18208],[123.30401,-1.17712],[123.31228,-1.17415],[123.31462,-1.17431],[123.31607,-1.17492],[123.3176,-1.17595],[123.31969,-1.17829],[123.32038,-1.17949],[123.32047,-1.18057],[123.3212,-1.18106],[123.32175,-1.18337],[123.32523,-1.18849],[123.32566,-1.19053],[123.32616,-1.19628],[123.32596,-1.20143],[123.32431,-1.20633],[123.32408,-1.21125],[123.32078,-1.22031]]],[[[123.29979,-1.14648],[123.30166,-1.14786],[123.30305,-1.15021],[123.30346,-1.15506],[123.30182,-1.15945],[123.29714,-1.16528],[123.28987,-1.17242],[123.28547,-1.17736],[123.2819,-1.17896],[123.27917,-1.17797],[123.27838,-1.17666],[123.27774,-1.172],[123.27781,-1.16617],[123.27845,-1.1611],[123.28011,-1.15653],[123.28389,-1.15239],[123.29022,-1.14811],[123.29473,-1.14688],[123.29909,-1.14626],[123.29979,-1.14648]]]]}},{"type":"Feature","properties":{"NAMOBJ":"Bulagi","KODE_KAB":7207},"geometry":{"type":"MultiPolygon","coordinates":[[[[123.06113,-1.38689],[123.06103,-1.38695],[123.06095,-1.38693],[123.06096,-1.38692],[123.06106,-1.38686],[123.06113,-1.38689],[123.06113,-1.38689]]],[[[123.06712,-1.38193],[123.06707,-1.38195],[123.06699,-1.38195],[123.06692,-1.38192],[123.06692,-1.3819],[123.06695,-1.38183],[123.067,-1.3817],[123.06702,-1.3817],[123.06706,-1.38171],[123.06714,-1.38173],[123.06715,-1.38174],[123.06715,-1.38177],[123.06715,-1.38181],[123.06715,-1.38185],[123.06714,-1.3819],[123.06712,-1.38193]]],[[[123.21823,-1.3636],[123.21778,-1.36323],[123.21872,-1.36259],[123.21873,-1.36333],[123.21823,-1.3636]]],[[[123.21739,-1.36163],[123.2174,-1.36164],[123.21739,-1.36164],[123.21739,-1.36163]]],[[[123.21779,-1.36136],[123.21742,-1.36111],[123.21801,-1.36088],[123.21779,-1.36136]]],[[[123.2152,-1.35984],[123.21522,-1.35986],[123.21521,-1.35986],[123.21517,-1.3598],[123.2152,-1.35984]]],[[[123.2141,-1.35431],[123.21392,-1.35434],[123.21371,-1.35432],[123.21352,-1.35426],[123.21354,-1.35425],[123.21371,-1.35424],[123.21387,-1.35426],[123.214,-1.35427],[123.2141,-1.35431]]],[[[123.09231,-1.34976],[123.09198,-1.34926],[123.09225,-1.34885],[123.09231,-1.34976]]],[[[123.20663,-1.3427],[123.20662,-1.34271],[123.20655,-1.34262],[123.20664,-1.34254],[123.20673,-1.34254],[123.2068,-1.34258],[123.20663,-1.3427]]],[[[123.20817,-1.34048],[123.20768,-1.34039],[123.20751,-1.33968],[123.2082,-1.33963],[123.20817,-1.34048]]],[[[123.2082,-1.33699],[123.20748,-1.3364],[123.2085,-1.33687],[123.2082,-1.33699]]],[[[123.20846,-1.3328],[123.20805,-1.33241],[123.20861,-1.33259],[123.20846,-1.3328]]],[[[123.20831,-1.33187],[123.20811,-1.33189],[123.20819,-1.33183],[123.20831,-1.33187]]],[[[123.2083,-1.33025],[123.20804,-1.33146],[123.20759,-1.33178],[123.20702,-1.33098],[123.20707,-1.33029],[123.2083,-1.33025]]],[[[123.20904,-1.33072],[123.20903,-1.33076],[123.20903,-1.33074],[123.20898,-1.33054],[123.20893,-1.33039],[123.20889,-1.33025],[123.20884,-1.33011],[123.20884,-1.33007],[123.2089,-1.33006],[123.2091,-1.33027],[123.20904,-1.33072]]],[[[123.21102,-1.331],[123.21056,-1.33085],[123.2106,-1.33037],[123.21141,-1.33011],[123.21147,-1.33059],[123.21102,-1.331]]],[[[123.21395,-1.32944],[123.21389,-1.32946],[123.21393,-1.32942],[123.21398,-1.32942],[123.21395,-1.32944]]],[[[123.20612,-1.32908],[123.20556,-1.32891],[123.206,-1.32815],[123.2064,-1.32847],[123.20612,-1.32908]]],[[[123.21575,-1.32724],[123.21667,-1.32847],[123.21669,-1.32944],[123.21587,-1.32869],[123.2155,-1.32744],[123.21575,-1.32724]]],[[[123.20732,-1.32763],[123.2073,-1.32765],[123.20725,-1.32752],[123.20719,-1.32738],[123.20721,-1.32717],[123.20723,-1.32713],[123.20723,-1.32713],[123.20732,-1.32719],[123.20732,-1.32737],[123.20732,-1.32763]]],[[[123.20901,-1.32685],[123.20862,-1.32652],[123.20897,-1.32604],[123.20936,-1.32632],[123.20901,-1.32685]]],[[[123.20615,-1.32567],[123.20605,-1.32571],[123.20597,-1.32571],[123.20584,-1.32566],[123.20572,-1.32556],[123.2057,-1.32545],[123.2057,-1.32539],[123.20583,-1.32536],[123.2062,-1.32548],[123.20622,-1.32549],[123.20619,-1.3256],[123.20615,-1.32567]]],[[[123.21596,-1.32615],[123.21518,-1.3258],[123.21515,-1.32474],[123.2161,-1.32489],[123.21629,-1.32569],[123.21596,-1.32615]]],[[[123.20795,-1.32449],[123.20774,-1.32403],[123.20832,-1.32399],[123.20795,-1.32449]]],[[[123.11879,-1.32324],[123.11966,-1.32433],[123.12002,-1.3262],[123.12002,-1.32808],[123.11924,-1.32932],[123.1193,-1.33055],[123.11808,-1.33167],[123.11775,-1.33282],[123.11488,-1.33324],[123.11447,-1.3311],[123.11557,-1.32661],[123.11712,-1.32337],[123.11879,-1.32324]]],[[[123.19518,-1.3233],[123.19349,-1.32137],[123.19498,-1.32196],[123.19518,-1.3233]]],[[[123.22173,-1.32092],[123.22163,-1.32103],[123.22153,-1.32101],[123.22155,-1.32086],[123.2217,-1.32074],[123.22183,-1.32074],[123.22181,-1.32077],[123.22173,-1.32092]]],[[[123.19595,-1.31759],[123.19602,-1.31863],[123.19504,-1.319],[123.19539,-1.31934],[123.19503,-1.31955],[123.19533,-1.32052],[123.19484,-1.32063],[123.19408,-1.31905],[123.19356,-1.31889],[123.19353,-1.31832],[123.19411,-1.31784],[123.19595,-1.31759]]],[[[123.21582,-1.31941],[123.21592,-1.32105],[123.21712,-1.32177],[123.21731,-1.32003],[123.21757,-1.32043],[123.21814,-1.3202],[123.21816,-1.32072],[123.21901,-1.32025],[123.21919,-1.31946],[123.2197,-1.32046],[123.22055,-1.32102],[123.22142,-1.3229],[123.21982,-1.324],[123.21806,-1.32324],[123.21658,-1.32341],[123.21495,-1.32292],[123.21442,-1.32173],[123.21458,-1.31986],[123.21314,-1.31954],[123.21237,-1.31624],[123.21378,-1.3153],[123.21435,-1.3155],[123.21575,-1.31758],[123.21582,-1.31941]]],[[[123.19345,-1.31514],[123.19325,-1.31514],[123.19316,-1.31503],[123.19307,-1.31488],[123.19297,-1.31471],[123.19292,-1.31454],[123.1929,-1.31445],[123.19294,-1.31443],[123.19301,-1.31443],[123.19312,-1.31446],[123.1932,-1.31451],[123.19327,-1.31456],[123.19334,-1.31462],[123.19339,-1.31468],[123.19344,-1.31475],[123.19349,-1.31481],[123.19356,-1.31493],[123.19358,-1.31496],[123.19355,-1.315],[123.19345,-1.31514]]],[[[123.22112,-1.31494],[123.22087,-1.31576],[123.21926,-1.31627],[123.21781,-1.31536],[123.2189,-1.31521],[123.22045,-1.31386],[123.22108,-1.31407],[123.22112,-1.31494]]],[[[123.19611,-1.31385],[123.19612,-1.31389],[123.19601,-1.31388],[123.19596,-1.31383],[123.19597,-1.31382],[123.196,-1.31379],[123.19604,-1.31379],[123.19606,-1.3138],[123.19609,-1.31382],[123.19611,-1.31385]]],[[[123.22027,-1.31335],[123.22023,-1.31335],[123.22011,-1.31328],[123.21998,-1.31318],[123.21996,-1.31304],[123.21999,-1.31295],[123.22011,-1.31293],[123.2202,-1.31297],[123.22033,-1.31322],[123.22027,-1.31335]]],[[[123.219,-1.30959],[123.22,-1.30933],[123.2202,-1.30873],[123.22082,-1.30899],[123.22369,-1.31224],[123.22392,-1.31339],[123.22308,-1.31313],[123.22247,-1.31169],[123.22085,-1.31021],[123.21954,-1.31079],[123.21922,-1.31124],[123.21938,-1.31227],[123.21807,-1.3131],[123.21739,-1.31021],[123.21805,-1.30965],[123.21717,-1.30927],[123.21713,-1.30797],[123.21779,-1.30793],[123.219,-1.30959]]],[[[123.12089,-1.29487],[123.12079,-1.29503],[123.12077,-1.29501],[123.12076,-1.29491],[123.12088,-1.29485],[123.12089,-1.29485],[123.12089,-1.29487]]],[[[123.06695,-1.27],[123.13435,-1.27035],[123.15477,-1.27209],[123.16551,-1.27349],[123.1669,-1.28611],[123.16936,-1.29725],[123.17072,-1.30056],[123.19068,-1.30081],[123.19108,-1.30197],[123.19155,-1.30174],[123.19083,-1.3026],[123.18978,-1.3021],[123.18843,-1.30377],[123.18732,-1.30373],[123.18711,-1.30508],[123.18611,-1.30591],[123.18631,-1.30757],[123.18508,-1.31149],[123.18404,-1.31951],[123.18348,-1.3204],[123.18412,-1.32198],[123.18668,-1.32206],[123.18841,-1.3229],[123.18943,-1.32605],[123.19033,-1.32695],[123.19031,-1.32572],[123.18973,-1.325],[123.18902,-1.32151],[123.18817,-1.32008],[123.18916,-1.31901],[123.19071,-1.31955],[123.1923,-1.32283],[123.19378,-1.32402],[123.19477,-1.32575],[123.19432,-1.3284],[123.19466,-1.33006],[123.19611,-1.33096],[123.19597,-1.32844],[123.19639,-1.3279],[123.19705,-1.32809],[123.19707,-1.33011],[123.19778,-1.3306],[123.19803,-1.33196],[123.19914,-1.3319],[123.19981,-1.33262],[123.20015,-1.33168],[123.20112,-1.33292],[123.20194,-1.33333],[123.20337,-1.3361],[123.20358,-1.33767],[123.20427,-1.33733],[123.20488,-1.33804],[123.20546,-1.33684],[123.20682,-1.33742],[123.20668,-1.33802],[123.20526,-1.33835],[123.205,-1.33908],[123.20551,-1.33939],[123.20614,-1.33915],[123.20623,-1.33972],[123.20719,-1.34057],[123.2067,-1.34091],[123.20728,-1.34186],[123.20622,-1.3426],[123.20647,-1.34321],[123.20753,-1.34274],[123.2069,-1.34365],[123.20709,-1.34475],[123.20764,-1.34381],[123.20848,-1.34489],[123.20879,-1.34647],[123.21055,-1.34601],[123.21042,-1.34683],[123.20904,-1.34733],[123.20899,-1.3482],[123.21126,-1.34921],[123.21187,-1.35048],[123.21278,-1.35129],[123.21178,-1.35198],[123.21243,-1.35337],[123.21456,-1.35391],[123.21341,-1.35389],[123.21265,-1.35436],[123.21246,-1.35695],[123.21323,-1.35655],[123.21295,-1.3555],[123.21345,-1.35476],[123.21404,-1.35474],[123.21371,-1.35543],[123.2141,-1.35607],[123.21459,-1.35591],[123.21463,-1.35493],[123.2153,-1.35425],[123.2158,-1.35491],[123.21508,-1.35642],[123.2159,-1.35731],[123.21525,-1.35807],[123.21528,-1.35891],[123.21578,-1.35922],[123.2162,-1.35854],[123.21669,-1.35848],[123.21696,-1.35951],[123.21659,-1.36011],[123.21559,-1.36022],[123.21469,-1.35883],[123.21444,-1.35961],[123.2155,-1.36107],[123.21618,-1.36103],[123.21662,-1.3619],[123.21751,-1.36196],[123.21741,-1.36302],[123.21666,-1.36358],[123.21663,-1.36475],[123.21845,-1.36464],[123.2192,-1.36519],[123.21971,-1.35599],[123.21941,-1.35224],[123.21976,-1.35178],[123.22148,-1.35269],[123.22435,-1.35868],[123.22562,-1.35929],[123.22678,-1.35899],[123.22733,-1.35934],[123.22802,-1.36116],[123.22744,-1.36188],[123.2288,-1.36407],[123.22915,-1.36598],[123.18767,-1.36598],[123.15646,-1.36665],[123.15701,-1.36574],[123.15746,-1.35823],[123.15805,-1.35776],[123.15779,-1.35392],[123.15843,-1.35274],[123.15763,-1.3483],[123.15599,-1.34393],[123.15629,-1.34168],[123.15569,-1.33583],[123.15666,-1.33212],[123.15741,-1.33118],[123.15691,-1.33059],[123.15688,-1.3292],[123.15824,-1.32809],[123.15834,-1.32715],[123.15778,-1.32646],[123.15778,-1.32579],[123.15917,-1.32611],[123.15971,-1.32539],[123.15937,-1.3242],[123.16076,-1.31917],[123.16012,-1.31852],[123.15938,-1.31871],[123.15992,-1.31801],[123.15948,-1.31725],[123.15935,-1.3156],[123.15991,-1.31428],[123.16008,-1.31242],[123.15955,-1.31138],[123.15989,-1.31029],[123.15853,-1.3087],[123.1619,-1.30702],[123.16245,-1.30755],[123.16189,-1.3068],[123.16208,-1.30587],[123.16374,-1.30458],[123.16467,-1.30486],[123.16551,-1.30458],[123.16584,-1.30274],[123.16457,-1.30252],[123.16439,-1.3012],[123.16343,-1.30127],[123.1631,-1.30018],[123.16247,-1.29979],[123.16118,-1.301],[123.16131,-1.30197],[123.16064,-1.30193],[123.15866,-1.30044],[123.15524,-1.29901],[123.15366,-1.29876],[123.15298,-1.2977],[123.15079,-1.29655],[123.14687,-1.29605],[123.14616,-1.29566],[123.14656,-1.29603],[123.14619,-1.29667],[123.14176,-1.29695],[123.14122,-1.2973],[123.14111,-1.29823],[123.13968,-1.29862],[123.13942,-1.29913],[123.13762,-1.2987],[123.13715,-1.2991],[123.13725,-1.29866],[123.13449,-1.30195],[123.13361,-1.30345],[123.13375,-1.30392],[123.13316,-1.30414],[123.13349,-1.30439],[123.13366,-1.30603],[123.13341,-1.30674],[123.13272,-1.30717],[123.13289,-1.30862],[123.13244,-1.30921],[123.13142,-1.3095],[123.13113,-1.31025],[123.12992,-1.31131],[123.13001,-1.31287],[123.12912,-1.31288],[123.12882,-1.31348],[123.12588,-1.31475],[123.1255,-1.31547],[123.1232,-1.3167],[123.1228,-1.31775],[123.12185,-1.3181],[123.12168,-1.31701],[123.12105,-1.31654],[123.12082,-1.31548],[123.12016,-1.31469],[123.12048,-1.31388],[123.1196,-1.31188],[123.11982,-1.31082],[123.11934,-1.3091],[123.11985,-1.30585],[123.11954,-1.30434],[123.11964,-1.30317],[123.1199,-1.30336],[123.11948,-1.30145],[123.12033,-1.3],[123.12009,-1.29891],[123.12083,-1.29569],[123.12161,-1.29481],[123.12117,-1.29412],[123.11997,-1.29515],[123.11964,-1.29624],[123.11994,-1.29709],[123.11852,-1.30026],[123.11804,-1.30053],[123.11826,-1.30125],[123.11795,-1.30124],[123.11727,-1.30263],[123.11663,-1.30225],[123.11613,-1.30396],[123.11556,-1.30447],[123.11528,-1.30629],[123.11438,-1.3062],[123.11407,-1.30706],[123.11444,-1.30954],[123.11357,-1.31279],[123.11225,-1.31364],[123.11151,-1.31367],[123.11142,-1.31214],[123.11068,-1.31378],[123.11035,-1.31357],[123.11055,-1.31274],[123.10994,-1.31384],[123.10994,-1.31677],[123.10805,-1.31667],[123.10884,-1.31762],[123.10827,-1.3188],[123.10885,-1.31952],[123.10831,-1.32011],[123.10839,-1.32085],[123.10703,-1.3218],[123.10736,-1.3226],[123.10623,-1.32393],[123.10628,-1.32484],[123.10534,-1.32629],[123.10525,-1.32754],[123.10438,-1.32831],[123.10365,-1.33024],[123.10366,-1.33137],[123.10156,-1.3326],[123.10102,-1.33347],[123.10171,-1.33435],[123.10095,-1.33459],[123.10051,-1.33592],[123.09915,-1.33675],[123.09924,-1.33756],[123.10022,-1.33789],[123.10028,-1.33843],[123.09973,-1.3381],[123.09759,-1.33887],[123.09776,-1.33954],[123.09668,-1.34135],[123.09673,-1.34372],[123.09639,-1.34441],[123.09669,-1.34532],[123.09598,-1.34568],[123.09433,-1.34536],[123.09253,-1.346],[123.09208,-1.3465],[123.09222,-1.34875],[123.09114,-1.34753],[123.09003,-1.3476],[123.08853,-1.34842],[123.08799,-1.35146],[123.08452,-1.35732],[123.0823,-1.35862],[123.08134,-1.36012],[123.07962,-1.36081],[123.0784,-1.36392],[123.07629,-1.367],[123.0755,-1.36689],[123.07428,-1.36769],[123.07347,-1.36858],[123.07312,-1.36985],[123.0717,-1.37074],[123.0701,-1.37434],[123.07025,-1.37558],[123.06849,-1.37709],[123.06806,-1.37982],[123.06701,-1.37879],[123.06623,-1.37916],[123.06588,-1.37993],[123.06622,-1.38065],[123.06541,-1.38081],[123.06513,-1.38197],[123.0643,-1.38204],[123.06387,-1.38373],[123.06299,-1.38437],[123.06166,-1.38439],[123.06115,-1.38524],[123.06098,-1.38683],[123.06049,-1.38666],[123.05964,-1.38717],[123.05966,-1.38796],[123.05833,-1.38812],[123.05749,-1.38894],[123.05689,-1.39183],[123.05604,-1.39229],[123.05509,-1.3945],[123.05201,-1.39122],[123.041,-1.38201],[123.03669,-1.37905],[123.02863,-1.37207],[123.01485,-1.36181],[123.00961,-1.35849],[123.00256,-1.35598],[122.9998,-1.35543],[122.99514,-1.35528],[122.94463,-1.35557],[122.92149,-1.35505],[122.9157,-1.35444],[122.91867,-1.33108],[122.91978,-1.31485],[122.92105,-1.30611],[122.9212,-1.30133],[122.92666,-1.30001],[122.93093,-1.29752],[122.93853,-1.29517],[122.94361,-1.29385],[122.97104,-1.28874],[122.98954,-1.28235],[122.99999,-1.28072],[123.00649,-1.27789],[123.01666,-1.27489],[123.02625,-1.27299],[123.03573,-1.27042],[123.04899,-1.26981],[123.06695,-1.27]]]]}},{"type":"Feature","properties":{"NAMOBJ":"Buko","KODE_KAB":7207},"geometry":{"type":"MultiPolygon","coordinates":[[[[122.7501,-1.33545],[122.74849,-1.33531],[122.74839,-1.335],[122.74979,-1.33414],[122.75112,-1.33402],[122.75111,-1.33507],[122.7501,-1.33545]]],[[[122.90965,-1.20718],[122.91207,-1.22352],[122.91428,-1.24527],[122.91637,-1.26012],[122.9174,-1.26233],[122.91857,-1.26777],[122.92027,-1.28189],[122.9213,-1.2873],[122.9212,-1.30412],[122.91978,-1.31485],[122.91904,-1.32696],[122.91749,-1.3418],[122.91348,-1.37037],[122.91104,-1.37915],[122.90189,-1.39733],[122.89365,-1.41056],[122.88837,-1.41096],[122.88146,-1.41091],[122.8718,-1.4097],[122.8633,-1.40926],[122.85837,-1.40993],[122.85384,-1.41003],[122.84576,-1.40899],[122.83243,-1.40558],[122.82168,-1.40465],[122.8148,-1.40363],[122.80203,-1.40336],[122.79716,-1.40273],[122.79297,-1.40269],[122.79272,-1.40222],[122.79349,-1.40222],[122.79262,-1.40049],[122.7926,-1.39956],[122.79363,-1.38922],[122.79344,-1.38814],[122.79392,-1.38767],[122.79352,-1.38535],[122.79509,-1.38015],[122.79603,-1.37957],[122.79728,-1.37752],[122.79676,-1.37546],[122.79615,-1.37485],[122.79631,-1.37355],[122.79691,-1.37356],[122.79605,-1.37114],[122.79728,-1.36979],[122.79813,-1.36965],[122.7981,-1.368],[122.79995,-1.36329],[122.80383,-1.35771],[122.80292,-1.35111],[122.80424,-1.34747],[122.80604,-1.34578],[122.8067,-1.34589],[122.81075,-1.34179],[122.81161,-1.34045],[122.81273,-1.33758],[122.81265,-1.33696],[122.81465,-1.33597],[122.81521,-1.33469],[122.81619,-1.33435],[122.81667,-1.33348],[122.81683,-1.33008],[122.81558,-1.32921],[122.81538,-1.32719],[122.81431,-1.32552],[122.81351,-1.32533],[122.81376,-1.3227],[122.81329,-1.31804],[122.81471,-1.31114],[122.81571,-1.30947],[122.81559,-1.30797],[122.81759,-1.30678],[122.82043,-1.30417],[122.82077,-1.30261],[122.82317,-1.2984],[122.82339,-1.29607],[122.82412,-1.29584],[122.82494,-1.2945],[122.82467,-1.28808],[122.82573,-1.28595],[122.82992,-1.28125],[122.83104,-1.27828],[122.83514,-1.27467],[122.83624,-1.27323],[122.83852,-1.272],[122.83976,-1.27183],[122.84066,-1.27232],[122.84287,-1.27098],[122.84876,-1.2668],[122.85005,-1.26457],[122.85123,-1.26457],[122.8538,-1.26347],[122.85507,-1.26154],[122.85585,-1.26146],[122.85727,-1.25976],[122.85939,-1.25932],[122.86005,-1.25961],[122.86254,-1.25872],[122.86413,-1.25634],[122.86501,-1.2558],[122.86587,-1.25418],[122.8687,-1.25262],[122.86965,-1.25054],[122.87101,-1.24982],[122.87115,-1.2477],[122.87194,-1.24709],[122.87247,-1.24518],[122.87176,-1.24117],[122.87252,-1.24116],[122.87299,-1.24161],[122.87317,-1.24113],[122.87481,-1.24051],[122.87566,-1.23899],[122.87574,-1.23594],[122.87626,-1.23487],[122.87722,-1.23401],[122.87762,-1.23296],[122.87945,-1.23148],[122.88014,-1.23015],[122.88098,-1.22996],[122.88217,-1.22769],[122.88231,-1.22588],[122.88173,-1.22271],[122.88274,-1.21899],[122.88212,-1.21509],[122.88381,-1.21237],[122.88483,-1.21151],[122.88634,-1.21132],[122.88689,-1.21054],[122.88884,-1.21005],[122.89135,-1.20804],[122.89499,-1.20268],[122.89877,-1.19882],[122.89948,-1.19594],[122.8991,-1.1945],[122.89964,-1.19203],[122.89936,-1.19002],[122.9007,-1.189],[122.9006,-1.188],[122.9018,-1.18566],[122.9045,-1.18469],[122.90524,-1.18247],[122.9075,-1.1935],[122.90965,-1.20718]]]]}},{"type":"Feature","properties":{"NAMOBJ":"Totikum","KODE_KAB":7207},"geometry":{"type":"MultiPolygon","coordinates":[[[[123.54877,-1.34526],[123.54783,-1.34538],[123.54757,-1.34673],[123.54563,-1.34837],[123.54518,-1.34929],[123.54041,-1.35231],[123.53966,-1.35321],[123.53869,-1.35318],[123.53865,-1.35438],[123.53758,-1.35562],[123.53818,-1.35618],[123.53798,-1.35713],[123.53588,-1.35749],[123.5347,-1.3592],[123.53388,-1.36391],[123.53403,-1.36663],[123.53462,-1.36746],[123.53525,-1.36748],[123.53519,-1.36799],[123.53612,-1.3688],[123.53585,-1.36928],[123.53663,-1.37072],[123.53637,-1.37153],[123.53696,-1.37151],[123.53668,-1.37193],[123.537,-1.37203],[123.53689,-1.37275],[123.5373,-1.37284],[123.53696,-1.37367],[123.53718,-1.37523],[123.53786,-1.37591],[123.53776,-1.37643],[123.53867,-1.3763],[123.53906,-1.37667],[123.53864,-1.37723],[123.53958,-1.37751],[123.53922,-1.37854],[123.53977,-1.37905],[123.5394,-1.37994],[123.53965,-1.38327],[123.53707,-1.38686],[123.53672,-1.38846],[123.53677,-1.38972],[123.53766,-1.39171],[123.53786,-1.39397],[123.53928,-1.39532],[123.53831,-1.39716],[123.53743,-1.39749],[123.53714,-1.39993],[123.53565,-1.40383],[123.53351,-1.40749],[123.52989,-1.41232],[123.52762,-1.41809],[123.52514,-1.42995],[123.52323,-1.43105],[123.524,-1.43319],[123.52162,-1.43624],[123.51956,-1.44101],[123.51865,-1.44212],[123.51859,-1.44462],[123.51712,-1.4462],[123.51334,-1.45361],[123.5085,-1.45972],[123.50768,-1.45865],[123.50668,-1.45838],[123.50537,-1.45657],[123.50155,-1.45617],[123.5,-1.45488],[123.49801,-1.45405],[123.48838,-1.4514],[123.48623,-1.45033],[123.4837,-1.44384],[123.48135,-1.43959],[123.47685,-1.43335],[123.47482,-1.43113],[123.47398,-1.42902],[123.47374,-1.42506],[123.46951,-1.41566],[123.46869,-1.41093],[123.46582,-1.40591],[123.46392,-1.40154],[123.46251,-1.3959],[123.45498,-1.375],[123.45409,-1.37202],[123.45372,-1.3691],[123.45367,-1.3632],[123.45041,-1.35546],[123.4444,-1.3441],[123.43539,-1.33106],[123.43208,-1.3274],[123.43867,-1.32517],[123.45092,-1.31641],[123.47138,-1.30681],[123.48309,-1.30065],[123.48876,-1.29843],[123.49565,-1.29701],[123.50263,-1.29485],[123.50831,-1.29405],[123.52812,-1.28969],[123.54059,-1.28846],[123.54898,-1.28679],[123.55816,-1.28626],[123.55601,-1.29054],[123.55549,-1.29298],[123.55602,-1.29588],[123.55686,-1.29679],[123.55671,-1.29837],[123.55718,-1.30105],[123.55655,-1.3036],[123.55722,-1.30497],[123.5573,-1.30705],[123.55934,-1.30916],[123.55691,-1.31474],[123.55777,-1.31671],[123.55792,-1.3186],[123.55776,-1.32317],[123.55713,-1.32727],[123.5576,-1.32929],[123.55605,-1.33284],[123.55244,-1.33581],[123.5523,-1.33696],[123.55286,-1.33903],[123.55202,-1.34155],[123.55068,-1.34369],[123.54877,-1.34526]]],[[[123.55948,-1.28521],[123.55935,-1.28522],[123.55926,-1.28519],[123.55921,-1.28513],[123.55919,-1.28504],[123.55919,-1.28496],[123.55925,-1.28492],[123.55931,-1.2849],[123.55944,-1.28492],[123.55947,-1.28493],[123.55948,-1.28494],[123.5595,-1.28497],[123.5595,-1.28502],[123.5595,-1.2851],[123.55948,-1.28521]]],[[[123.55903,-1.28073],[123.55895,-1.28073],[123.5589,-1.28069],[123.5589,-1.28064],[123.55891,-1.28056],[123.55896,-1.28055],[123.55904,-1.28055],[123.55909,-1.28061],[123.5591,-1.28067],[123.55903,-1.28073]]]]}},{"type":"Feature","properties":{"NAMOBJ":"Bulagi Utara","KODE_KAB":7207},"geometry":{"type":"MultiPolygon","coordinates":[[[[123.20136,-1.2879],[123.20127,-1.2879],[123.20119,-1.28789],[123.2011,-1.28785],[123.20107,-1.2878],[123.20104,-1.28774],[123.20104,-1.28766],[123.20106,-1.28761],[123.2011,-1.28756],[123.20113,-1.28755],[123.20119,-1.28755],[123.20123,-1.28756],[123.20128,-1.28757],[123.20131,-1.28759],[123.20135,-1.28762],[123.20138,-1.28766],[123.20139,-1.28771],[123.20139,-1.28776],[123.20137,-1.28783],[123.20136,-1.2879]]],[[[123.1983,-1.28197],[123.1983,-1.28053],[123.19885,-1.27915],[123.19903,-1.28024],[123.1983,-1.28197]]],[[[123.19817,-1.27496],[123.19783,-1.27482],[123.19804,-1.27423],[123.19834,-1.27439],[123.19817,-1.27496]]],[[[123.19531,-1.27418],[123.19521,-1.27424],[123.19516,-1.27413],[123.19515,-1.27404],[123.19519,-1.27401],[123.19523,-1.274],[123.19526,-1.27405],[123.19527,-1.27412],[123.19532,-1.27417],[123.19531,-1.27418]]],[[[123.22837,-1.25815],[123.22921,-1.25815],[123.22842,-1.25835],[123.22803,-1.2579],[123.22837,-1.25815]]],[[[123.22921,-1.25095],[123.22896,-1.25052],[123.22934,-1.25014],[123.22961,-1.25044],[123.22921,-1.25095]]],[[[123.23966,-1.2375],[123.23897,-1.23763],[123.23932,-1.23728],[123.23966,-1.2375]]],[[[123.24292,-1.23707],[123.24308,-1.23742],[123.24255,-1.23772],[123.2419,-1.23765],[123.24184,-1.23719],[123.24177,-1.23763],[123.24107,-1.23741],[123.24141,-1.23709],[123.24292,-1.23707]]],[[[123.23436,-1.23581],[123.23435,-1.23582],[123.2344,-1.23577],[123.23443,-1.23573],[123.23445,-1.2357],[123.23442,-1.23577],[123.23436,-1.23581]]],[[[123.23479,-1.23502],[123.23478,-1.23502],[123.23477,-1.23484],[123.23478,-1.23484],[123.23481,-1.23484],[123.23483,-1.23488],[123.23483,-1.23492],[123.23483,-1.23495],[123.23482,-1.235],[123.23479,-1.23502]]],[[[123.22957,-1.23321],[123.22951,-1.23333],[123.22951,-1.2333],[123.22952,-1.23324],[123.22954,-1.23321],[123.22956,-1.2332],[123.22957,-1.23321]]],[[[123.13871,-1.20495],[123.13871,-1.20495],[123.1387,-1.20492],[123.1387,-1.20486],[123.1387,-1.20479],[123.13873,-1.20474],[123.13873,-1.20481],[123.13871,-1.20495]]],[[[123.00637,-1.19419],[123.00629,-1.1942],[123.00625,-1.19418],[123.00626,-1.19417],[123.00626,-1.19416],[123.00626,-1.19414],[123.00626,-1.19413],[123.00627,-1.19412],[123.00629,-1.19412],[123.00632,-1.19412],[123.00635,-1.19414],[123.00637,-1.19419]]],[[[123.00629,-1.19358],[123.00628,-1.19359],[123.00629,-1.19358],[123.00629,-1.19358]]],[[[123.00737,-1.19295],[123.00731,-1.19296],[123.00733,-1.19295],[123.00738,-1.19293],[123.00741,-1.19293],[123.00742,-1.19293],[123.00737,-1.19295]]],[[[123.05742,-1.17618],[123.05742,-1.17619],[123.05742,-1.17619],[123.05742,-1.17618]]],[[[123.17117,-1.14904],[123.17831,-1.14988],[123.189,-1.15041],[123.19043,-1.15107],[123.19348,-1.15354],[123.19524,-1.1588],[123.19612,-1.16414],[123.19921,-1.17087],[123.20404,-1.17718],[123.20555,-1.18018],[123.20942,-1.18301],[123.21521,-1.18908],[123.2165,-1.19125],[123.21842,-1.19661],[123.21869,-1.1994],[123.21843,-1.20236],[123.21876,-1.20375],[123.21988,-1.2065],[123.22136,-1.20863],[123.22487,-1.21208],[123.22938,-1.21528],[123.24334,-1.22347],[123.24601,-1.22446],[123.24674,-1.22513],[123.24848,-1.22924],[123.2483,-1.22963],[123.24539,-1.23056],[123.24325,-1.23186],[123.24225,-1.23161],[123.23932,-1.23543],[123.23859,-1.23518],[123.23957,-1.23334],[123.23931,-1.23262],[123.23852,-1.23285],[123.23825,-1.23233],[123.23774,-1.23281],[123.23774,-1.23351],[123.23638,-1.23403],[123.23575,-1.2349],[123.23509,-1.2351],[123.23443,-1.2337],[123.23411,-1.23433],[123.23448,-1.23541],[123.23379,-1.23566],[123.23328,-1.23535],[123.23268,-1.23368],[123.23316,-1.23282],[123.23269,-1.23167],[123.23234,-1.23154],[123.23243,-1.23196],[123.23194,-1.23214],[123.23133,-1.232],[123.23154,-1.23389],[123.23035,-1.2346],[123.22968,-1.23379],[123.23014,-1.23245],[123.2292,-1.23222],[123.22951,-1.23312],[123.2292,-1.2338],[123.22989,-1.23549],[123.23157,-1.23558],[123.23111,-1.23706],[123.23135,-1.23802],[123.23171,-1.2379],[123.23149,-1.23672],[123.23196,-1.23603],[123.23294,-1.23612],[123.2326,-1.23691],[123.23281,-1.23774],[123.2332,-1.23673],[123.23387,-1.23682],[123.2349,-1.23602],[123.2349,-1.23737],[123.23427,-1.23839],[123.23296,-1.23886],[123.23236,-1.23986],[123.23189,-1.24241],[123.23069,-1.2443],[123.23073,-1.24605],[123.23003,-1.24749],[123.22817,-1.2471],[123.22715,-1.24793],[123.22594,-1.25097],[123.22633,-1.25247],[123.22577,-1.25306],[123.22485,-1.25951],[123.22395,-1.2604],[123.22376,-1.26256],[123.22117,-1.2668],[123.21756,-1.27034],[123.21662,-1.27014],[123.2133,-1.27189],[123.21095,-1.27132],[123.21083,-1.27013],[123.21009,-1.27016],[123.20768,-1.2678],[123.20646,-1.26787],[123.20455,-1.26618],[123.20297,-1.26597],[123.20148,-1.2651],[123.20062,-1.26502],[123.20062,-1.26466],[123.20032,-1.26497],[123.19938,-1.26382],[123.19803,-1.26363],[123.19768,-1.2631],[123.1983,-1.26256],[123.19784,-1.26212],[123.19857,-1.26133],[123.19765,-1.26165],[123.19837,-1.26082],[123.19732,-1.26149],[123.19724,-1.26245],[123.19635,-1.26266],[123.19529,-1.26199],[123.19535,-1.26049],[123.1948,-1.26106],[123.19397,-1.26103],[123.19316,-1.26025],[123.19392,-1.25987],[123.19299,-1.25997],[123.19183,-1.25954],[123.19163,-1.2591],[123.1916,-1.25945],[123.19106,-1.25928],[123.191,-1.26028],[123.19173,-1.26159],[123.19119,-1.26189],[123.19052,-1.26163],[123.19007,-1.26372],[123.18817,-1.26402],[123.18611,-1.26224],[123.18861,-1.266],[123.19234,-1.26875],[123.19388,-1.26888],[123.19581,-1.26992],[123.19663,-1.27179],[123.19584,-1.27112],[123.19536,-1.27143],[123.19543,-1.27322],[123.19641,-1.27301],[123.19507,-1.27392],[123.19494,-1.27463],[123.19668,-1.27495],[123.19666,-1.27854],[123.19633,-1.27926],[123.19534,-1.27964],[123.1966,-1.27983],[123.19706,-1.2811],[123.19685,-1.28278],[123.1979,-1.28369],[123.19725,-1.28754],[123.19762,-1.28874],[123.19552,-1.29601],[123.19391,-1.29693],[123.19367,-1.29805],[123.19258,-1.29912],[123.19226,-1.3009],[123.19084,-1.30035],[123.19068,-1.30081],[123.17072,-1.30056],[123.16936,-1.29725],[123.1669,-1.28611],[123.16551,-1.27349],[123.15477,-1.27209],[123.13435,-1.27035],[123.05312,-1.2698],[123.03573,-1.27042],[123.02625,-1.27299],[123.01666,-1.27489],[123.00649,-1.27789],[122.99999,-1.28072],[122.98954,-1.28235],[122.97104,-1.28874],[122.94361,-1.29385],[122.93477,-1.2962],[122.93093,-1.29752],[122.92666,-1.30001],[122.9212,-1.30133],[122.92143,-1.29634],[122.92107,-1.28561],[122.92027,-1.28189],[122.91857,-1.26777],[122.9174,-1.26233],[122.91637,-1.26012],[122.91428,-1.24527],[122.91124,-1.21704],[122.9075,-1.1935],[122.90524,-1.18247],[122.90841,-1.18183],[122.9121,-1.18031],[122.92004,-1.18132],[122.92698,-1.18407],[122.93056,-1.18396],[122.93326,-1.18347],[122.93559,-1.18243],[122.93708,-1.18239],[122.9401,-1.18414],[122.94332,-1.18426],[122.94587,-1.18546],[122.94759,-1.18675],[122.95188,-1.19219],[122.95461,-1.1947],[122.96162,-1.20629],[122.96259,-1.20836],[122.96152,-1.20877],[122.96287,-1.20986],[122.96444,-1.20963],[122.96524,-1.21025],[122.96629,-1.21283],[122.96528,-1.21435],[122.96546,-1.2152],[122.96733,-1.21552],[122.97031,-1.21428],[122.96949,-1.21557],[122.97112,-1.21547],[122.9718,-1.2162],[122.97271,-1.21538],[122.97289,-1.21586],[122.97315,-1.21543],[122.97377,-1.21181],[122.97551,-1.21147],[122.97606,-1.21235],[122.97682,-1.21146],[122.97533,-1.20707],[122.97616,-1.20497],[122.97775,-1.20344],[122.97931,-1.20258],[122.98089,-1.20262],[122.98207,-1.20297],[122.98297,-1.20399],[122.98477,-1.20394],[122.98984,-1.20095],[122.99076,-1.20077],[122.99554,-1.19685],[122.99821,-1.19586],[122.99906,-1.19512],[123.00127,-1.1944],[123.00226,-1.19367],[123.00375,-1.19383],[123.00229,-1.19441],[123.00218,-1.19477],[123.00173,-1.19458],[123.00155,-1.19504],[123.00111,-1.19476],[123.00138,-1.19513],[123.00085,-1.19573],[123.00134,-1.19646],[123.001,-1.19693],[122.99969,-1.19655],[122.99941,-1.19703],[123.00127,-1.19749],[123.00162,-1.19697],[123.00497,-1.1954],[123.0058,-1.19455],[123.00689,-1.19485],[123.00684,-1.19386],[123.0062,-1.19388],[123.00706,-1.19345],[123.00756,-1.19397],[123.00814,-1.19389],[123.00777,-1.19285],[123.00898,-1.19224],[123.00819,-1.19206],[123.00756,-1.1923],[123.00759,-1.19282],[123.00737,-1.19249],[123.00669,-1.19283],[123.00735,-1.19213],[123.00706,-1.19206],[123.00597,-1.19302],[123.00561,-1.19287],[123.00459,-1.194],[123.00455,-1.19347],[123.006,-1.19229],[123.00919,-1.19142],[123.00917,-1.19109],[123.01208,-1.19134],[123.01325,-1.19067],[123.01367,-1.19065],[123.01377,-1.19112],[123.01745,-1.19007],[123.02009,-1.18836],[123.02048,-1.18848],[123.02062,-1.1878],[123.0239,-1.18473],[123.03291,-1.17782],[123.03472,-1.17734],[123.0403,-1.17743],[123.044,-1.17863],[123.0459,-1.17869],[123.04895,-1.17835],[123.05474,-1.17572],[123.05663,-1.17618],[123.0569,-1.1767],[123.05646,-1.17682],[123.05711,-1.17777],[123.05722,-1.17912],[123.05828,-1.17939],[123.05895,-1.17884],[123.05957,-1.17891],[123.06005,-1.17717],[123.06183,-1.17696],[123.0632,-1.17593],[123.06184,-1.17593],[123.06336,-1.17549],[123.05934,-1.17639],[123.06025,-1.17553],[123.06929,-1.17296],[123.07429,-1.17023],[123.07899,-1.17127],[123.08523,-1.17033],[123.09211,-1.16539],[123.09698,-1.16342],[123.09808,-1.16245],[123.1028,-1.16102],[123.10529,-1.1607],[123.10753,-1.16148],[123.10899,-1.16282],[123.11746,-1.17394],[123.12047,-1.17916],[123.12298,-1.18127],[123.12632,-1.18536],[123.1286,-1.18725],[123.12933,-1.18847],[123.13169,-1.19043],[123.13326,-1.19239],[123.13298,-1.19304],[123.13217,-1.19241],[123.1312,-1.19231],[123.13143,-1.19268],[123.1309,-1.19263],[123.12822,-1.19],[123.13069,-1.19264],[123.13298,-1.19326],[123.13322,-1.19453],[123.13393,-1.19508],[123.13586,-1.19885],[123.13685,-1.19952],[123.13704,-1.20233],[123.13562,-1.20238],[123.13694,-1.20243],[123.13708,-1.20274],[123.13544,-1.20285],[123.13851,-1.20351],[123.13875,-1.20459],[123.13841,-1.2062],[123.13892,-1.20792],[123.14048,-1.20855],[123.14268,-1.2086],[123.14305,-1.21045],[123.14397,-1.21057],[123.14481,-1.21121],[123.14537,-1.21034],[123.14799,-1.20982],[123.14873,-1.2091],[123.149,-1.20756],[123.14835,-1.20552],[123.14719,-1.20514],[123.14683,-1.20587],[123.14624,-1.20582],[123.14794,-1.20439],[123.14916,-1.2025],[123.15093,-1.19803],[123.15869,-1.19069],[123.15986,-1.18891],[123.16091,-1.18615],[123.16183,-1.18183],[123.1623,-1.17353],[123.16375,-1.16009],[123.16322,-1.15985],[123.16376,-1.15752],[123.16365,-1.15201],[123.16441,-1.15106],[123.16572,-1.1503],[123.16807,-1.14948],[123.17117,-1.14904]]]]}},{"type":"Feature","properties":{"NAMOBJ":"Tinangkung Utara","KODE_KAB":7207},"geometry":{"type":"MultiPolygon","coordinates":[[[[123.44268,-1.23528],[123.44203,-1.235],[123.44217,-1.23464],[123.44248,-1.23456],[123.44268,-1.23528]]],[[[123.41641,-1.22602],[123.41635,-1.22603],[123.41632,-1.22602],[123.41633,-1.22596],[123.41646,-1.22592],[123.4165,-1.22593],[123.41652,-1.22596],[123.4165,-1.22598],[123.41647,-1.22599],[123.41644,-1.22601],[123.41641,-1.22602]]],[[[123.40923,-1.22046],[123.40923,-1.2205],[123.40922,-1.2205],[123.40917,-1.2205],[123.4091,-1.22051],[123.40904,-1.22051],[123.40898,-1.22051],[123.40893,-1.22048],[123.40887,-1.22044],[123.40889,-1.22042],[123.40902,-1.22036],[123.40917,-1.22036],[123.40923,-1.22046]]],[[[123.40815,-1.2196],[123.40813,-1.21999],[123.40777,-1.21965],[123.40815,-1.2196]]],[[[123.40815,-1.21931],[123.40762,-1.2193],[123.40861,-1.219],[123.40815,-1.21931]]],[[[123.4047,-1.21914],[123.40522,-1.21885],[123.40556,-1.21919],[123.4063,-1.22145],[123.40752,-1.22134],[123.40814,-1.22211],[123.40901,-1.22229],[123.40797,-1.22311],[123.40823,-1.22458],[123.40954,-1.22493],[123.41042,-1.22464],[123.41273,-1.22483],[123.41172,-1.22585],[123.41196,-1.22744],[123.41288,-1.22822],[123.4134,-1.22793],[123.41479,-1.22858],[123.41238,-1.23081],[123.41115,-1.23312],[123.41121,-1.23464],[123.41163,-1.23527],[123.41036,-1.23548],[123.4083,-1.23863],[123.40436,-1.24281],[123.40275,-1.24662],[123.40312,-1.24827],[123.40401,-1.24951],[123.4035,-1.25129],[123.40376,-1.25238],[123.40467,-1.25324],[123.40684,-1.25365],[123.40717,-1.25453],[123.40665,-1.25604],[123.40765,-1.25752],[123.40951,-1.25856],[123.41017,-1.25863],[123.41155,-1.25754],[123.41368,-1.25693],[123.41399,-1.25621],[123.41506,-1.25568],[123.41455,-1.25564],[123.41449,-1.25522],[123.41598,-1.25476],[123.41679,-1.25563],[123.41868,-1.25567],[123.41816,-1.25625],[123.41958,-1.25737],[123.42064,-1.25761],[123.42113,-1.25709],[123.42168,-1.25713],[123.42188,-1.25768],[123.42097,-1.25927],[123.41977,-1.26019],[123.42054,-1.2627],[123.42019,-1.2636],[123.42078,-1.26409],[123.42037,-1.26485],[123.42098,-1.26405],[123.42031,-1.26314],[123.42066,-1.26287],[123.42141,-1.26388],[123.4229,-1.26487],[123.42618,-1.266],[123.42639,-1.26622],[123.42572,-1.26649],[123.42546,-1.2673],[123.42633,-1.26858],[123.42734,-1.26911],[123.4297,-1.26987],[123.43462,-1.26975],[123.44036,-1.26849],[123.44146,-1.26779],[123.44169,-1.26722],[123.44171,-1.26421],[123.4409,-1.26337],[123.44129,-1.2629],[123.44315,-1.26477],[123.44353,-1.26724],[123.44454,-1.2669],[123.44537,-1.26711],[123.44559,-1.26679],[123.44604,-1.26367],[123.4455,-1.26198],[123.44467,-1.26116],[123.44515,-1.26125],[123.44398,-1.26046],[123.44366,-1.2596],[123.44526,-1.25882],[123.44578,-1.25741],[123.44459,-1.25704],[123.44403,-1.2574],[123.44406,-1.25569],[123.4429,-1.25632],[123.44282,-1.25692],[123.44355,-1.25762],[123.44271,-1.25767],[123.44258,-1.25829],[123.44326,-1.25921],[123.44365,-1.25906],[123.44311,-1.25954],[123.44159,-1.25816],[123.44022,-1.25554],[123.44052,-1.25421],[123.43973,-1.25246],[123.44,-1.24801],[123.43952,-1.24744],[123.44116,-1.24477],[123.44084,-1.24251],[123.4413,-1.24088],[123.4434,-1.23938],[123.4434,-1.23709],[123.44283,-1.23567],[123.44341,-1.23544],[123.44478,-1.23713],[123.45043,-1.23971],[123.45435,-1.23976],[123.45751,-1.24056],[123.46022,-1.24218],[123.46308,-1.2449],[123.46658,-1.24681],[123.46794,-1.24833],[123.47072,-1.24948],[123.47142,-1.24929],[123.47304,-1.24986],[123.47321,-1.25074],[123.47458,-1.25237],[123.47464,-1.25352],[123.47599,-1.25455],[123.47793,-1.25756],[123.47806,-1.26023],[123.48026,-1.26386],[123.48212,-1.26617],[123.48701,-1.26962],[123.48846,-1.27005],[123.48984,-1.26898],[123.49226,-1.26889],[123.49426,-1.26997],[123.49647,-1.27028],[123.4977,-1.26976],[123.49934,-1.27037],[123.50041,-1.26929],[123.50679,-1.26812],[123.5094,-1.26671],[123.51448,-1.26602],[123.51603,-1.26511],[123.5159,-1.26337],[123.51721,-1.26349],[123.51797,-1.26278],[123.51877,-1.26288],[123.51951,-1.26337],[123.51938,-1.26386],[123.51983,-1.26432],[123.52217,-1.26458],[123.52333,-1.26796],[123.52547,-1.27012],[123.53074,-1.27383],[123.53197,-1.2738],[123.53364,-1.27487],[123.53514,-1.27519],[123.53825,-1.27491],[123.54026,-1.27405],[123.54139,-1.27546],[123.54235,-1.27611],[123.54318,-1.27572],[123.54445,-1.27715],[123.54771,-1.27804],[123.5484,-1.27772],[123.5487,-1.27818],[123.54989,-1.27847],[123.54994,-1.27801],[123.55074,-1.27841],[123.55224,-1.27798],[123.55307,-1.27625],[123.55363,-1.27722],[123.55455,-1.27763],[123.5552,-1.27727],[123.55628,-1.27822],[123.55673,-1.27943],[123.55651,-1.27966],[123.5572,-1.28058],[123.55942,-1.28172],[123.55836,-1.2845],[123.55816,-1.28626],[123.54898,-1.28679],[123.54059,-1.28846],[123.52812,-1.28969],[123.50831,-1.29405],[123.50263,-1.29485],[123.49565,-1.29701],[123.48876,-1.29843],[123.48309,-1.30065],[123.47138,-1.30681],[123.45092,-1.31641],[123.44012,-1.32422],[123.43728,-1.32587],[123.43059,-1.32801],[123.42825,-1.32787],[123.42568,-1.32826],[123.42257,-1.32997],[123.42086,-1.33137],[123.41912,-1.3318],[123.38434,-1.33906],[123.37694,-1.34027],[123.36922,-1.34518],[123.36541,-1.34826],[123.35873,-1.35521],[123.35599,-1.35099],[123.35431,-1.34742],[123.35131,-1.33811],[123.35038,-1.329],[123.35183,-1.31437],[123.35256,-1.31149],[123.35932,-1.29545],[123.36482,-1.28088],[123.368,-1.2741],[123.37216,-1.2614],[123.37466,-1.25504],[123.3774,-1.25158],[123.37813,-1.24934],[123.37834,-1.24081],[123.38058,-1.23608],[123.38165,-1.22873],[123.38387,-1.22405],[123.38399,-1.22206],[123.38485,-1.22231],[123.38583,-1.2218],[123.38662,-1.22185],[123.38774,-1.22331],[123.38898,-1.22389],[123.39035,-1.22379],[123.39069,-1.22288],[123.39107,-1.22293],[123.3913,-1.22395],[123.3908,-1.22496],[123.39079,-1.22698],[123.3917,-1.22927],[123.39442,-1.23233],[123.39732,-1.23466],[123.39828,-1.23516],[123.39942,-1.23511],[123.40149,-1.23413],[123.40347,-1.23171],[123.4036,-1.23104],[123.40463,-1.23034],[123.40439,-1.22945],[123.40476,-1.22792],[123.40578,-1.22633],[123.40544,-1.22537],[123.40611,-1.22339],[123.4048,-1.22172],[123.40415,-1.21877],[123.4047,-1.21914]]],[[[123.41138,-1.21688],[123.41217,-1.21673],[123.41221,-1.21726],[123.41139,-1.21748],[123.41047,-1.21646],[123.41024,-1.21602],[123.41074,-1.21521],[123.4112,-1.21541],[123.41138,-1.21688]]]]}}]}