{"type":"FeatureCollection","features":[{"type":"Feature","properties":{"NAMOBJ":"Moilong","KODE_KAB":7201},"geometry":{"type":"MultiPolygon","coordinates":[[[[122.37187,-1.50603],[122.37177,-1.50604],[122.3718,-1.50596],[122.37217,-1.50586],[122.37246,-1.50582],[122.37286,-1.50565],[122.37293,-1.50564],[122.37241,-1.50584],[122.37213,-1.50595],[122.37187,-1.50603]]],[[[122.36221,-1.36138],[122.36274,-1.36365],[122.36451,-1.36461],[122.36515,-1.36559],[122.3646,-1.3677],[122.36505,-1.36869],[122.37038,-1.37235],[122.375,-1.3727],[122.37592,-1.37246],[122.37746,-1.37564],[122.37887,-1.37664],[122.37927,-1.37815],[122.38214,-1.3789],[122.38228,-1.38012],[122.38323,-1.38048],[122.38336,-1.38174],[122.38423,-1.38248],[122.38401,-1.38344],[122.38608,-1.3847],[122.38656,-1.38549],[122.38783,-1.38521],[122.38985,-1.38646],[122.39054,-1.38647],[122.39098,-1.38551],[122.39177,-1.38495],[122.39375,-1.3858],[122.39552,-1.38494],[122.39656,-1.38638],[122.39617,-1.38857],[122.39783,-1.38916],[122.39893,-1.38858],[122.3999,-1.38916],[122.40063,-1.38895],[122.40118,-1.39017],[122.40104,-1.39196],[122.40383,-1.39406],[122.40446,-1.39304],[122.40532,-1.39303],[122.40586,-1.39252],[122.40572,-1.39138],[122.40754,-1.39118],[122.40947,-1.39353],[122.41009,-1.39494],[122.4123,-1.39603],[122.41272,-1.39769],[122.4126,-1.39908],[122.41399,-1.40114],[122.41422,-1.40235],[122.41534,-1.40334],[122.4164,-1.40354],[122.41818,-1.40261],[122.42003,-1.4047],[122.42161,-1.40502],[122.4217,-1.40639],[122.4233,-1.40817],[122.42368,-1.41099],[122.42522,-1.41135],[122.42567,-1.41199],[122.42901,-1.41403],[122.4294,-1.4154],[122.43034,-1.4152],[122.43011,-1.416],[122.43104,-1.41733],[122.43022,-1.41757],[122.43095,-1.41802],[122.43067,-1.4189],[122.43161,-1.41831],[122.43244,-1.4188],[122.43242,-1.41929],[122.43153,-1.41949],[122.43242,-1.4206],[122.43139,-1.42145],[122.43143,-1.42207],[122.43485,-1.42154],[122.43353,-1.42294],[122.43367,-1.42508],[122.43441,-1.42501],[122.43463,-1.42368],[122.43518,-1.42301],[122.43594,-1.42313],[122.43664,-1.4244],[122.42287,-1.43634],[122.41708,-1.44303],[122.4152,-1.44643],[122.4156,-1.4478],[122.41649,-1.44896],[122.41663,-1.45024],[122.415,-1.45297],[122.41359,-1.45417],[122.41093,-1.45531],[122.40924,-1.45697],[122.40812,-1.45888],[122.40685,-1.45815],[122.40668,-1.45857],[122.40789,-1.46174],[122.40881,-1.46273],[122.40857,-1.46356],[122.41077,-1.46593],[122.41065,-1.46717],[122.40219,-1.47882],[122.39783,-1.4835],[122.39754,-1.48495],[122.39673,-1.48642],[122.39585,-1.48699],[122.39484,-1.48926],[122.39396,-1.48984],[122.39402,-1.48896],[122.39331,-1.48847],[122.39236,-1.4856],[122.38975,-1.48502],[122.38971,-1.48661],[122.39077,-1.48671],[122.39209,-1.48776],[122.39244,-1.48856],[122.39106,-1.48959],[122.3919,-1.49211],[122.3924,-1.49016],[122.39269,-1.48991],[122.39294,-1.49022],[122.39283,-1.49262],[122.38979,-1.49528],[122.38027,-1.50036],[122.37591,-1.50392],[122.37615,-1.50293],[122.37116,-1.506],[122.37028,-1.50593],[122.36989,-1.50857],[122.36918,-1.51005],[122.3683,-1.51078],[122.36599,-1.51162],[122.36565,-1.50875],[122.36612,-1.50509],[122.36985,-1.49579],[122.37112,-1.48937],[122.37108,-1.47881],[122.3714,-1.4776],[122.37053,-1.47574],[122.3709,-1.47348],[122.37078,-1.46939],[122.37016,-1.46818],[122.36912,-1.4638],[122.37048,-1.45749],[122.37016,-1.45668],[122.36855,-1.45555],[122.36525,-1.45516],[122.36428,-1.4547],[122.36192,-1.45171],[122.36068,-1.44872],[122.35856,-1.44834],[122.35759,-1.44765],[122.3574,-1.44622],[122.35884,-1.44395],[122.36246,-1.44346],[122.36333,-1.44226],[122.36311,-1.44144],[122.36015,-1.43948],[122.35735,-1.4336],[122.35754,-1.43185],[122.35844,-1.4294],[122.36196,-1.42755],[122.36256,-1.4269],[122.36268,-1.42596],[122.36059,-1.42182],[122.35829,-1.42017],[122.35727,-1.41838],[122.35715,-1.41676],[122.35859,-1.41468],[122.35855,-1.41404],[122.35676,-1.41186],[122.35459,-1.41226],[122.35286,-1.41212],[122.3511,-1.41024],[122.35087,-1.4091],[122.35155,-1.40833],[122.3515,-1.40735],[122.34871,-1.40286],[122.34919,-1.39953],[122.34894,-1.39739],[122.3483,-1.39632],[122.34849,-1.39405],[122.34699,-1.39222],[122.34732,-1.39138],[122.34712,-1.39045],[122.34899,-1.38453],[122.34873,-1.37927],[122.35302,-1.3764],[122.35265,-1.37449],[122.355,-1.36574],[122.35399,-1.36106],[122.35484,-1.36138],[122.3547,-1.36078],[122.35523,-1.36007],[122.35861,-1.35869],[122.36033,-1.3574],[122.36121,-1.35751],[122.36163,-1.36038],[122.36221,-1.36138]]]]}},{"type":"Feature","properties":{"NAMOBJ":"Toili Barat","KODE_KAB":7201},"geometry":{"type":"MultiPolygon","coordinates":[[[[122.09681,-1.61417],[122.09673,-1.61423],[122.09677,-1.61403],[122.09682,-1.61398],[122.097,-1.61394],[122.09718,-1.61395],[122.09714,-1.61397],[122.09701,-1.61405],[122.09681,-1.61417]]],[[[122.0449,-1.34853],[122.04572,-1.34955],[122.04732,-1.34998],[122.04897,-1.34992],[122.05018,-1.34911],[122.05171,-1.35125],[122.05363,-1.35194],[122.05547,-1.35198],[122.0589,-1.35131],[122.06276,-1.35216],[122.06398,-1.35347],[122.06382,-1.3546],[122.06762,-1.35815],[122.06913,-1.3608],[122.07091,-1.36206],[122.0749,-1.36048],[122.07617,-1.36085],[122.07744,-1.36209],[122.07942,-1.36252],[122.08136,-1.36111],[122.08326,-1.36138],[122.0851,-1.36097],[122.0871,-1.36147],[122.09065,-1.3642],[122.09621,-1.36577],[122.09788,-1.36972],[122.10234,-1.371],[122.10298,-1.37191],[122.10419,-1.37235],[122.10531,-1.37352],[122.10768,-1.37443],[122.10853,-1.3757],[122.10862,-1.37675],[122.11024,-1.37652],[122.11188,-1.37747],[122.11353,-1.37939],[122.11623,-1.38047],[122.11984,-1.38124],[122.12082,-1.385],[122.12245,-1.38617],[122.1235,-1.38773],[122.12673,-1.39003],[122.12997,-1.39099],[122.13164,-1.39436],[122.13356,-1.39453],[122.13672,-1.39574],[122.13709,-1.39616],[122.13733,-1.3992],[122.14178,-1.40178],[122.14367,-1.40489],[122.14346,-1.40889],[122.14219,-1.40865],[122.14153,-1.41259],[122.14496,-1.41365],[122.14889,-1.41692],[122.15258,-1.41744],[122.15344,-1.4194],[122.15634,-1.42141],[122.15878,-1.42187],[122.15987,-1.42272],[122.16029,-1.42524],[122.16453,-1.42956],[122.16607,-1.43205],[122.16598,-1.43333],[122.16468,-1.43526],[122.16489,-1.43585],[122.1664,-1.43642],[122.16893,-1.44143],[122.17484,-1.44652],[122.17412,-1.44804],[122.17288,-1.44897],[122.17466,-1.45129],[122.1749,-1.45374],[122.17739,-1.45688],[122.17855,-1.45776],[122.18264,-1.45936],[122.18368,-1.46013],[122.18505,-1.45958],[122.18604,-1.45968],[122.18732,-1.46094],[122.18915,-1.46047],[122.19042,-1.461],[122.1912,-1.45976],[122.19242,-1.45964],[122.19326,-1.46049],[122.1939,-1.46301],[122.19642,-1.46498],[122.19809,-1.46436],[122.1995,-1.46489],[122.20112,-1.46495],[122.20187,-1.46564],[122.20299,-1.46523],[122.20501,-1.46557],[122.20554,-1.46425],[122.20603,-1.46397],[122.20838,-1.46575],[122.20975,-1.46599],[122.21024,-1.46829],[122.21124,-1.46848],[122.21248,-1.46981],[122.21284,-1.46949],[122.21576,-1.47083],[122.21675,-1.47192],[122.21731,-1.47369],[122.21873,-1.47378],[122.21895,-1.47771],[122.21853,-1.47923],[122.21784,-1.47993],[122.21932,-1.48114],[122.22101,-1.48134],[122.22155,-1.47977],[122.22407,-1.4796],[122.22528,-1.47888],[122.22648,-1.47888],[122.22848,-1.47972],[122.23012,-1.47919],[122.23784,-1.47861],[122.24262,-1.47683],[122.24737,-1.47418],[122.24926,-1.47186],[122.25113,-1.47229],[122.25275,-1.47215],[122.25452,-1.47426],[122.25428,-1.47549],[122.25471,-1.47668],[122.25544,-1.47713],[122.25773,-1.47737],[122.25983,-1.47861],[122.26052,-1.47842],[122.26338,-1.47535],[122.26587,-1.47505],[122.2669,-1.47528],[122.26931,-1.47759],[122.26969,-1.47963],[122.26909,-1.48134],[122.27018,-1.48303],[122.26999,-1.48446],[122.26927,-1.48567],[122.27038,-1.48595],[122.27018,-1.48769],[122.2714,-1.48832],[122.27109,-1.48888],[122.26984,-1.48879],[122.26864,-1.4897],[122.26934,-1.49052],[122.26909,-1.49106],[122.26759,-1.49044],[122.26756,-1.49124],[122.26678,-1.49186],[122.26707,-1.49307],[122.26669,-1.49466],[122.26588,-1.49507],[122.26452,-1.49754],[122.263,-1.49909],[122.26294,-1.50076],[122.26416,-1.50088],[122.26531,-1.50256],[122.26658,-1.50348],[122.26696,-1.50485],[122.26641,-1.5064],[122.26662,-1.50708],[122.26765,-1.50779],[122.26826,-1.50894],[122.27059,-1.50958],[122.27112,-1.51182],[122.27257,-1.51218],[122.2733,-1.51311],[122.27514,-1.51401],[122.27586,-1.51664],[122.28062,-1.51626],[122.28151,-1.51522],[122.28403,-1.51739],[122.28596,-1.51468],[122.28541,-1.51203],[122.28549,-1.51148],[122.28591,-1.51133],[122.28859,-1.5129],[122.28906,-1.51508],[122.28905,-1.51661],[122.28679,-1.52224],[122.28701,-1.52322],[122.2878,-1.52304],[122.29023,-1.52072],[122.29441,-1.52221],[122.29657,-1.52098],[122.3,-1.52134],[122.30105,-1.52213],[122.30123,-1.52347],[122.29871,-1.52574],[122.29844,-1.52702],[122.30254,-1.52932],[122.30418,-1.52933],[122.30814,-1.52707],[122.31184,-1.52256],[122.31442,-1.52119],[122.31537,-1.52152],[122.3187,-1.52563],[122.30397,-1.53432],[122.29555,-1.54046],[122.2925,-1.54298],[122.28957,-1.54623],[122.28763,-1.547],[122.28489,-1.5491],[122.28054,-1.55355],[122.27907,-1.55618],[122.27394,-1.55705],[122.26814,-1.56066],[122.26731,-1.56041],[122.2662,-1.56098],[122.265,-1.56219],[122.26377,-1.5615],[122.26375,-1.56242],[122.26421,-1.56303],[122.26549,-1.56273],[122.26099,-1.56737],[122.25966,-1.56936],[122.25853,-1.57019],[122.25604,-1.57054],[122.25555,-1.57144],[122.25106,-1.57392],[122.24672,-1.57347],[122.24406,-1.57462],[122.23626,-1.58261],[122.23475,-1.58341],[122.23401,-1.58523],[122.2288,-1.59183],[122.2235,-1.59578],[122.22018,-1.60107],[122.21914,-1.60177],[122.21744,-1.6022],[122.21514,-1.60209],[122.21184,-1.60075],[122.21023,-1.60061],[122.20235,-1.6029],[122.20155,-1.60225],[122.2014,-1.60135],[122.20047,-1.60097],[122.20009,-1.59974],[122.19955,-1.60011],[122.20108,-1.6022],[122.19978,-1.60321],[122.19957,-1.60417],[122.19767,-1.60439],[122.1963,-1.60506],[122.19219,-1.6087],[122.18907,-1.60976],[122.18705,-1.61099],[122.18581,-1.61125],[122.18526,-1.61096],[122.18411,-1.61147],[122.17832,-1.61027],[122.17577,-1.60912],[122.17495,-1.60809],[122.17439,-1.60612],[122.17248,-1.6036],[122.16812,-1.60221],[122.16712,-1.60134],[122.16461,-1.6005],[122.1626,-1.59914],[122.15851,-1.59832],[122.15862,-1.59781],[122.16072,-1.59806],[122.16141,-1.59753],[122.15951,-1.59704],[122.15799,-1.59777],[122.15796,-1.5985],[122.15084,-1.59962],[122.14949,-1.60049],[122.14663,-1.6036],[122.14542,-1.60415],[122.14061,-1.60522],[122.13606,-1.60511],[122.13482,-1.60592],[122.13277,-1.60831],[122.13081,-1.60903],[122.12884,-1.60909],[122.12739,-1.60775],[122.12661,-1.60754],[122.125,-1.60818],[122.1237,-1.60951],[122.12168,-1.61068],[122.12081,-1.61066],[122.12016,-1.61016],[122.12027,-1.60903],[122.12109,-1.60958],[122.12252,-1.60973],[122.12366,-1.60916],[122.1254,-1.60678],[122.12661,-1.60624],[122.1262,-1.6059],[122.1201,-1.60868],[122.11957,-1.60839],[122.11722,-1.60897],[122.11264,-1.61058],[122.11108,-1.61151],[122.10731,-1.61169],[122.10535,-1.61113],[122.1062,-1.61021],[122.10723,-1.60991],[122.10587,-1.60996],[122.10563,-1.60926],[122.10537,-1.61073],[122.10171,-1.6118],[122.09728,-1.61389],[122.09771,-1.61139],[122.09737,-1.61125],[122.09712,-1.61229],[122.09647,-1.61258],[122.09664,-1.61319],[122.09575,-1.61539],[122.09576,-1.61715],[122.09444,-1.61725],[122.09299,-1.61889],[122.09149,-1.61963],[122.09101,-1.6216],[122.08927,-1.6216],[122.08796,-1.6193],[122.08349,-1.61781],[122.08308,-1.61696],[122.08091,-1.61615],[122.07614,-1.61343],[122.0739,-1.61355],[122.07206,-1.61433],[122.06703,-1.61511],[122.06519,-1.61714],[122.06265,-1.61637],[122.05835,-1.61029],[122.05913,-1.60836],[122.05733,-1.60764],[122.05516,-1.60581],[122.05406,-1.60356],[122.05465,-1.60226],[122.05168,-1.60051],[122.04938,-1.59993],[122.03973,-1.58901],[122.03885,-1.58637],[122.03662,-1.58453],[122.03572,-1.58196],[122.03379,-1.57984],[122.03359,-1.57282],[122.032,-1.57171],[122.02974,-1.57127],[122.02932,-1.56789],[122.02958,-1.56603],[122.03102,-1.56486],[122.0302,-1.56303],[122.03021,-1.56134],[122.03047,-1.55997],[122.03124,-1.55931],[122.03122,-1.55645],[122.033,-1.55203],[122.02986,-1.55105],[122.03,-1.54061],[122.03082,-1.53959],[122.03105,-1.53852],[122.03084,-1.53746],[122.03005,-1.53657],[122.03008,-1.53412],[122.03099,-1.52789],[122.03781,-1.50862],[122.0396,-1.5],[122.0409,-1.49655],[122.04162,-1.49105],[122.0398,-1.48804],[122.03428,-1.48136],[122.03009,-1.47827],[122.02675,-1.47444],[122.02132,-1.47276],[122.02083,-1.47199],[122.01891,-1.47197],[122.0168,-1.47033],[122.01566,-1.46848],[122.01609,-1.4678],[122.01608,-1.46625],[122.01439,-1.46315],[122.01466,-1.46155],[122.0163,-1.45965],[122.01651,-1.45815],[122.01277,-1.45334],[122.01326,-1.4521],[122.01525,-1.45232],[122.01689,-1.45174],[122.01593,-1.45032],[122.01607,-1.44692],[122.0188,-1.44547],[122.02141,-1.44464],[122.02315,-1.44544],[122.02492,-1.44524],[122.02666,-1.44637],[122.02953,-1.44456],[122.03085,-1.44451],[122.0315,-1.44395],[122.03345,-1.44563],[122.03534,-1.44543],[122.03692,-1.44589],[122.0399,-1.44562],[122.04064,-1.44493],[122.04124,-1.44314],[122.05347,-1.43939],[122.05501,-1.43861],[122.0566,-1.437],[122.05715,-1.43577],[122.05725,-1.43409],[122.05692,-1.4334],[122.05409,-1.43013],[122.05356,-1.4288],[122.05231,-1.42276],[122.05305,-1.41754],[122.05479,-1.41217],[122.05432,-1.40927],[122.0524,-1.40685],[122.05094,-1.40575],[122.04617,-1.40356],[122.04403,-1.4019],[122.04352,-1.40103],[122.03112,-1.35998],[122.02873,-1.35515],[122.02801,-1.35438],[122.02618,-1.35353],[122.02033,-1.35146],[122.02171,-1.351],[122.02224,-1.34985],[122.02399,-1.34874],[122.0255,-1.34841],[122.02662,-1.34768],[122.03055,-1.34698],[122.03182,-1.34581],[122.03606,-1.34375],[122.0375,-1.34237],[122.03784,-1.34099],[122.03843,-1.34038],[122.04109,-1.34199],[122.04211,-1.34372],[122.04251,-1.34592],[122.0449,-1.34853]]]]}},{"type":"Feature","properties":{"NAMOBJ":"Toili","KODE_KAB":7201},"geometry":{"type":"MultiPolygon","coordinates":[[[[122.35399,-1.36106],[122.355,-1.36574],[122.35265,-1.37449],[122.35302,-1.3764],[122.34873,-1.37927],[122.34899,-1.38453],[122.34712,-1.39045],[122.34732,-1.39138],[122.34699,-1.39222],[122.34849,-1.39405],[122.3483,-1.39632],[122.34894,-1.39739],[122.34919,-1.39953],[122.34871,-1.40286],[122.3515,-1.40735],[122.35155,-1.40833],[122.35087,-1.4091],[122.3511,-1.41024],[122.35286,-1.41212],[122.35459,-1.41226],[122.35676,-1.41186],[122.35855,-1.41404],[122.35859,-1.41468],[122.35715,-1.41676],[122.35727,-1.41838],[122.35829,-1.42017],[122.36059,-1.42182],[122.36268,-1.42596],[122.36256,-1.4269],[122.36196,-1.42755],[122.35844,-1.4294],[122.35754,-1.43185],[122.35735,-1.4336],[122.36015,-1.43948],[122.36311,-1.44144],[122.36333,-1.44226],[122.36246,-1.44346],[122.35884,-1.44395],[122.3574,-1.44622],[122.35759,-1.44765],[122.35856,-1.44834],[122.36068,-1.44872],[122.36192,-1.45171],[122.36428,-1.4547],[122.36525,-1.45516],[122.36855,-1.45555],[122.37016,-1.45668],[122.37048,-1.45749],[122.36912,-1.4638],[122.37016,-1.46818],[122.37078,-1.46939],[122.3709,-1.47348],[122.37053,-1.47574],[122.3714,-1.4776],[122.37108,-1.47881],[122.37112,-1.48937],[122.36985,-1.49579],[122.36612,-1.50509],[122.36565,-1.50875],[122.36599,-1.51162],[122.36491,-1.51226],[122.36091,-1.51646],[122.35808,-1.51797],[122.35461,-1.51828],[122.35063,-1.5199],[122.35009,-1.51977],[122.34961,-1.51842],[122.34846,-1.51765],[122.34336,-1.5185],[122.34124,-1.51967],[122.34141,-1.52078],[122.34769,-1.51899],[122.34672,-1.52096],[122.34579,-1.5218],[122.34091,-1.52331],[122.33381,-1.52198],[122.33057,-1.52238],[122.32702,-1.52229],[122.3187,-1.52563],[122.31498,-1.52113],[122.31385,-1.52133],[122.31184,-1.52256],[122.30814,-1.52707],[122.30418,-1.52933],[122.30254,-1.52932],[122.29844,-1.52702],[122.29871,-1.52574],[122.30123,-1.52347],[122.30105,-1.52213],[122.3,-1.52134],[122.29657,-1.52098],[122.29441,-1.52221],[122.29023,-1.52072],[122.2878,-1.52304],[122.28688,-1.52311],[122.28679,-1.52224],[122.28911,-1.51607],[122.28884,-1.51326],[122.28794,-1.51241],[122.28607,-1.51138],[122.28549,-1.51148],[122.28596,-1.51468],[122.28403,-1.51739],[122.28151,-1.51522],[122.28062,-1.51626],[122.27586,-1.51664],[122.27514,-1.51401],[122.2733,-1.51311],[122.27257,-1.51218],[122.27112,-1.51182],[122.27059,-1.50958],[122.26826,-1.50894],[122.26765,-1.50779],[122.26662,-1.50708],[122.26641,-1.5064],[122.26696,-1.50485],[122.26661,-1.50355],[122.26531,-1.50256],[122.26416,-1.50088],[122.26306,-1.50097],[122.26288,-1.49933],[122.26376,-1.49796],[122.26452,-1.49754],[122.26588,-1.49507],[122.26669,-1.49466],[122.26707,-1.49307],[122.26678,-1.49186],[122.26756,-1.49124],[122.26759,-1.49044],[122.26909,-1.49106],[122.26934,-1.49052],[122.26864,-1.4897],[122.26984,-1.48879],[122.27109,-1.48888],[122.2714,-1.48824],[122.2702,-1.48775],[122.27038,-1.48595],[122.26928,-1.4857],[122.26998,-1.48449],[122.27018,-1.48311],[122.26909,-1.48134],[122.26967,-1.47932],[122.26928,-1.47752],[122.26741,-1.47559],[122.26608,-1.47505],[122.26348,-1.47531],[122.26052,-1.47842],[122.25983,-1.47861],[122.25773,-1.47737],[122.25544,-1.47713],[122.25471,-1.47668],[122.25428,-1.47549],[122.25452,-1.47426],[122.25275,-1.47215],[122.25113,-1.47229],[122.24926,-1.47186],[122.24737,-1.47418],[122.24262,-1.47683],[122.23784,-1.47861],[122.23012,-1.47919],[122.22848,-1.47972],[122.22648,-1.47888],[122.22528,-1.47888],[122.22407,-1.4796],[122.22155,-1.47977],[122.22101,-1.48134],[122.21932,-1.48114],[122.21784,-1.47993],[122.21853,-1.47923],[122.21895,-1.47771],[122.21873,-1.47378],[122.21731,-1.47369],[122.21675,-1.47192],[122.21576,-1.47083],[122.21284,-1.46949],[122.21248,-1.46981],[122.21124,-1.46848],[122.21024,-1.46829],[122.20975,-1.46599],[122.20838,-1.46575],[122.20603,-1.46397],[122.20554,-1.46425],[122.20501,-1.46557],[122.20299,-1.46523],[122.20187,-1.46564],[122.20112,-1.46495],[122.1995,-1.46489],[122.19809,-1.46436],[122.19642,-1.46498],[122.1939,-1.46301],[122.19326,-1.46049],[122.19242,-1.45964],[122.1912,-1.45976],[122.19042,-1.461],[122.18915,-1.46047],[122.18732,-1.46094],[122.18604,-1.45968],[122.18505,-1.45958],[122.18368,-1.46013],[122.18264,-1.45936],[122.17855,-1.45776],[122.17739,-1.45688],[122.1749,-1.45374],[122.17466,-1.45129],[122.17288,-1.44897],[122.17412,-1.44804],[122.17484,-1.44652],[122.16893,-1.44143],[122.1664,-1.43642],[122.16489,-1.43585],[122.16468,-1.43526],[122.16598,-1.43333],[122.16607,-1.43205],[122.16453,-1.42956],[122.16029,-1.42524],[122.15987,-1.42272],[122.15878,-1.42187],[122.15634,-1.42141],[122.15344,-1.4194],[122.15258,-1.41744],[122.14889,-1.41692],[122.14496,-1.41365],[122.14153,-1.41259],[122.14219,-1.40865],[122.14346,-1.40889],[122.14367,-1.40489],[122.14157,-1.4015],[122.13733,-1.3992],[122.13697,-1.39594],[122.13356,-1.39453],[122.13164,-1.39436],[122.12997,-1.39099],[122.12673,-1.39003],[122.1235,-1.38773],[122.12245,-1.38617],[122.12082,-1.385],[122.11984,-1.38124],[122.11623,-1.38047],[122.11353,-1.37939],[122.11188,-1.37747],[122.11024,-1.37652],[122.10862,-1.37675],[122.10798,-1.37468],[122.10958,-1.37493],[122.11145,-1.3746],[122.11283,-1.37136],[122.11447,-1.37064],[122.1169,-1.36813],[122.11805,-1.36623],[122.11923,-1.36568],[122.11965,-1.36304],[122.12159,-1.36087],[122.12314,-1.36008],[122.12457,-1.35837],[122.12517,-1.35592],[122.12708,-1.35366],[122.12835,-1.35106],[122.12849,-1.3498],[122.12757,-1.34768],[122.1348,-1.3451],[122.13574,-1.34406],[122.13869,-1.34263],[122.13921,-1.34184],[122.1402,-1.34178],[122.1427,-1.3403],[122.14238,-1.33905],[122.14129,-1.3379],[122.1411,-1.33672],[122.14515,-1.33359],[122.14623,-1.3324],[122.14684,-1.331],[122.14958,-1.3294],[122.14989,-1.3284],[122.14921,-1.32594],[122.14944,-1.32272],[122.15086,-1.32133],[122.15293,-1.32028],[122.15337,-1.31962],[122.15116,-1.31735],[122.15128,-1.31464],[122.15604,-1.3071],[122.15613,-1.3032],[122.15701,-1.29999],[122.15774,-1.29895],[122.15584,-1.29502],[122.15719,-1.29311],[122.15738,-1.29158],[122.15858,-1.29018],[122.15832,-1.28785],[122.16088,-1.28446],[122.1615,-1.28123],[122.1613,-1.28012],[122.15935,-1.27683],[122.15328,-1.27501],[122.15104,-1.27566],[122.14886,-1.27463],[122.14856,-1.27288],[122.14636,-1.27116],[122.14557,-1.27138],[122.14523,-1.27262],[122.14478,-1.27251],[122.14217,-1.26828],[122.14171,-1.26838],[122.1421,-1.26975],[122.14032,-1.26985],[122.13919,-1.26853],[122.13434,-1.26754],[122.13353,-1.26659],[122.13374,-1.2654],[122.13333,-1.26488],[122.13111,-1.26495],[122.1306,-1.26192],[122.12895,-1.26163],[122.12808,-1.26034],[122.12626,-1.26008],[122.12572,-1.25961],[122.12556,-1.2587],[122.1261,-1.25666],[122.12319,-1.25465],[122.12255,-1.25231],[122.12355,-1.25089],[122.12272,-1.24891],[122.1243,-1.24665],[122.12535,-1.24596],[122.12638,-1.24585],[122.12784,-1.24476],[122.13008,-1.24299],[122.132,-1.24079],[122.13601,-1.23138],[122.13892,-1.22116],[122.14128,-1.21706],[122.14345,-1.21515],[122.14593,-1.21162],[122.14893,-1.20941],[122.15413,-1.20645],[122.15531,-1.20691],[122.15501,-1.20522],[122.15696,-1.20465],[122.158,-1.20254],[122.15908,-1.20193],[122.16087,-1.20197],[122.16149,-1.20101],[122.1634,-1.20007],[122.16393,-1.19793],[122.16517,-1.19547],[122.16942,-1.19504],[122.17212,-1.19316],[122.17371,-1.19118],[122.17797,-1.18933],[122.17942,-1.18812],[122.18079,-1.18843],[122.18236,-1.1898],[122.18404,-1.18943],[122.1862,-1.18726],[122.18826,-1.18597],[122.18951,-1.18378],[122.1908,-1.18287],[122.19171,-1.18056],[122.19445,-1.17825],[122.19541,-1.17967],[122.19645,-1.1797],[122.2001,-1.18202],[122.20233,-1.1855],[122.20425,-1.18729],[122.20924,-1.18884],[122.21248,-1.19193],[122.21546,-1.19214],[122.2165,-1.19261],[122.21968,-1.19614],[122.22048,-1.19805],[122.22112,-1.19861],[122.22118,-1.19956],[122.22335,-1.20031],[122.22473,-1.20289],[122.22598,-1.20336],[122.22724,-1.20486],[122.23297,-1.20578],[122.23446,-1.20689],[122.23712,-1.20769],[122.23805,-1.20878],[122.23947,-1.21252],[122.23834,-1.2149],[122.23838,-1.21603],[122.23926,-1.21799],[122.24057,-1.21883],[122.24076,-1.21949],[122.23941,-1.22106],[122.23902,-1.2233],[122.23943,-1.22693],[122.23806,-1.22834],[122.23763,-1.22933],[122.23601,-1.23066],[122.23585,-1.23196],[122.23361,-1.23479],[122.2336,-1.23638],[122.23314,-1.23761],[122.23197,-1.23915],[122.23029,-1.24033],[122.22986,-1.2417],[122.22903,-1.24276],[122.22858,-1.2446],[122.22968,-1.24597],[122.23039,-1.2481],[122.23136,-1.24923],[122.23381,-1.25381],[122.23351,-1.25531],[122.24104,-1.25968],[122.24464,-1.26064],[122.24683,-1.26068],[122.2474,-1.2621],[122.24812,-1.26667],[122.2476,-1.27034],[122.24524,-1.27569],[122.24397,-1.27686],[122.24349,-1.27844],[122.2413,-1.28118],[122.24421,-1.28545],[122.24624,-1.2866],[122.24715,-1.28837],[122.24967,-1.29128],[122.25292,-1.29381],[122.25475,-1.29839],[122.25414,-1.29919],[122.25407,-1.3003],[122.25491,-1.30138],[122.25642,-1.30214],[122.25665,-1.30411],[122.25793,-1.30571],[122.25945,-1.30655],[122.26149,-1.30577],[122.26429,-1.30678],[122.26592,-1.30664],[122.26742,-1.30754],[122.26878,-1.30766],[122.26967,-1.30854],[122.27306,-1.30833],[122.2765,-1.31007],[122.27761,-1.31113],[122.27777,-1.31286],[122.27926,-1.31366],[122.27843,-1.31483],[122.27906,-1.31808],[122.2795,-1.31867],[122.28041,-1.31791],[122.28134,-1.31845],[122.283,-1.31827],[122.28489,-1.31878],[122.28542,-1.31844],[122.28632,-1.31929],[122.28837,-1.31716],[122.29048,-1.31838],[122.29104,-1.3196],[122.29092,-1.3202],[122.29027,-1.3206],[122.29115,-1.32274],[122.29201,-1.323],[122.29346,-1.32265],[122.29382,-1.32332],[122.29264,-1.32495],[122.2916,-1.32464],[122.29087,-1.32535],[122.29161,-1.32617],[122.29384,-1.32732],[122.29333,-1.33021],[122.29543,-1.32899],[122.29728,-1.32953],[122.29718,-1.33032],[122.29563,-1.33199],[122.29621,-1.333],[122.29827,-1.33388],[122.29794,-1.33617],[122.29823,-1.33824],[122.29929,-1.33773],[122.30023,-1.33842],[122.2999,-1.34038],[122.30017,-1.34085],[122.30316,-1.34032],[122.30324,-1.33774],[122.30449,-1.3366],[122.30543,-1.33638],[122.30667,-1.33714],[122.30665,-1.33929],[122.30812,-1.33901],[122.30933,-1.34006],[122.30922,-1.34182],[122.30971,-1.34245],[122.31047,-1.34244],[122.3118,-1.34073],[122.31242,-1.34056],[122.31342,-1.3411],[122.31565,-1.34365],[122.31759,-1.34288],[122.32079,-1.34402],[122.32262,-1.34343],[122.32641,-1.34424],[122.32705,-1.34578],[122.3262,-1.34771],[122.32664,-1.34833],[122.32754,-1.34726],[122.3288,-1.34869],[122.33032,-1.34901],[122.33159,-1.34752],[122.33328,-1.34665],[122.33476,-1.34498],[122.33842,-1.34485],[122.33955,-1.34678],[122.34015,-1.34712],[122.34226,-1.34618],[122.34262,-1.34652],[122.34263,-1.34748],[122.34169,-1.34892],[122.34343,-1.34891],[122.34423,-1.3534],[122.34471,-1.35389],[122.34579,-1.3536],[122.34673,-1.35461],[122.3467,-1.35734],[122.34961,-1.35926],[122.35399,-1.36106]]]]}},{"type":"Feature","properties":{"NAMOBJ":"Kintom","KODE_KAB":7201},"geometry":{"type":"MultiPolygon","coordinates":[[[[122.69727,-1.13557],[122.69695,-1.13557],[122.6969,-1.13556],[122.69694,-1.13556],[122.69701,-1.13554],[122.69709,-1.13554],[122.69718,-1.13554],[122.69723,-1.13555],[122.69727,-1.13557]]],[[[122.69303,-1.13482],[122.69662,-1.13554],[122.69201,-1.13474],[122.69303,-1.13482]]],[[[122.5686,-0.99781],[122.56929,-0.99923],[122.57099,-1.0004],[122.57297,-1.00303],[122.57407,-1.01221],[122.57738,-1.01802],[122.57866,-1.01954],[122.58234,-1.02212],[122.58486,-1.02246],[122.58906,-1.02229],[122.59885,-1.02578],[122.60075,-1.02598],[122.60374,-1.02457],[122.60433,-1.02508],[122.604,-1.02983],[122.60443,-1.03053],[122.60678,-1.03148],[122.61118,-1.03172],[122.61491,-1.03317],[122.62006,-1.03907],[122.62289,-1.04047],[122.62177,-1.0432],[122.62186,-1.04387],[122.62305,-1.04517],[122.62084,-1.04793],[122.61844,-1.05203],[122.61909,-1.05281],[122.62083,-1.05313],[122.62157,-1.05485],[122.62273,-1.05614],[122.62462,-1.06129],[122.62587,-1.06135],[122.62686,-1.06205],[122.62785,-1.06166],[122.62825,-1.05763],[122.6287,-1.05723],[122.63011,-1.05845],[122.63086,-1.05846],[122.6316,-1.06017],[122.63245,-1.06099],[122.63458,-1.06182],[122.63744,-1.0618],[122.64021,-1.06392],[122.64097,-1.06593],[122.6414,-1.0692],[122.64316,-1.07076],[122.6441,-1.07255],[122.64546,-1.07345],[122.647,-1.07266],[122.64755,-1.07278],[122.64922,-1.07467],[122.65029,-1.07507],[122.65118,-1.07478],[122.65174,-1.07565],[122.65309,-1.07537],[122.65335,-1.07596],[122.65311,-1.07743],[122.65488,-1.08021],[122.65452,-1.08493],[122.65486,-1.08681],[122.65514,-1.08699],[122.65551,-1.08642],[122.65619,-1.08699],[122.65604,-1.09105],[122.65727,-1.09109],[122.65884,-1.09194],[122.66171,-1.09167],[122.66672,-1.09309],[122.67211,-1.09343],[122.67282,-1.09394],[122.67331,-1.09505],[122.67317,-1.09781],[122.67376,-1.09899],[122.67437,-1.09905],[122.67642,-1.09798],[122.67998,-1.0981],[122.6809,-1.09865],[122.68148,-1.0999],[122.68291,-1.10094],[122.68288,-1.10177],[122.67882,-1.10402],[122.67868,-1.10454],[122.67941,-1.10528],[122.68146,-1.1061],[122.68304,-1.10518],[122.68433,-1.10748],[122.68842,-1.10802],[122.68935,-1.1079],[122.69044,-1.10725],[122.69094,-1.10639],[122.69156,-1.10643],[122.69142,-1.11053],[122.69406,-1.11373],[122.69503,-1.11594],[122.694,-1.11835],[122.69529,-1.11858],[122.6965,-1.11782],[122.6974,-1.11675],[122.69793,-1.1153],[122.69866,-1.11479],[122.69951,-1.11487],[122.70166,-1.11638],[122.70179,-1.11811],[122.70388,-1.12044],[122.70407,-1.12113],[122.70356,-1.12313],[122.70408,-1.12416],[122.70205,-1.12589],[122.70238,-1.12755],[122.70338,-1.1288],[122.70629,-1.12937],[122.70589,-1.13148],[122.70742,-1.13221],[122.70787,-1.13324],[122.70783,-1.13463],[122.7057,-1.13606],[122.70582,-1.13733],[122.70676,-1.13829],[122.70666,-1.13912],[122.70595,-1.13865],[122.70268,-1.13808],[122.70114,-1.13678],[122.6985,-1.13557],[122.69225,-1.13463],[122.68896,-1.13454],[122.68063,-1.13527],[122.67496,-1.13622],[122.67141,-1.13716],[122.66772,-1.13876],[122.66637,-1.14008],[122.66539,-1.14312],[122.66478,-1.14853],[122.66384,-1.15253],[122.6643,-1.16149],[122.66259,-1.16326],[122.66209,-1.16497],[122.6552,-1.16812],[122.65046,-1.16835],[122.64786,-1.16887],[122.64038,-1.17122],[122.63673,-1.17357],[122.63647,-1.17563],[122.63769,-1.18608],[122.63781,-1.19119],[122.63328,-1.19897],[122.62939,-1.20117],[122.62804,-1.20403],[122.62879,-1.20572],[122.62906,-1.20884],[122.62997,-1.21058],[122.6337,-1.21401],[122.63556,-1.21971],[122.63505,-1.22297],[122.63521,-1.22777],[122.6335,-1.23293],[122.63203,-1.23506],[122.63068,-1.23497],[122.62932,-1.23393],[122.62876,-1.23164],[122.62962,-1.23091],[122.62975,-1.23015],[122.62921,-1.22933],[122.62813,-1.22922],[122.62763,-1.22987],[122.62724,-1.22926],[122.62583,-1.22929],[122.62544,-1.22849],[122.625,-1.22843],[122.62067,-1.23023],[122.61745,-1.23033],[122.61414,-1.22935],[122.61203,-1.22961],[122.61063,-1.22796],[122.60707,-1.22667],[122.60615,-1.22442],[122.60553,-1.22422],[122.60195,-1.22376],[122.59901,-1.2223],[122.59756,-1.2223],[122.59603,-1.22156],[122.59385,-1.22182],[122.59174,-1.22271],[122.58865,-1.2226],[122.58574,-1.21682],[122.58564,-1.21519],[122.58281,-1.2128],[122.58234,-1.2109],[122.58025,-1.20896],[122.58009,-1.20511],[122.5795,-1.20224],[122.57909,-1.20122],[122.57761,-1.2002],[122.57649,-1.19846],[122.5764,-1.19286],[122.57395,-1.18886],[122.57334,-1.18525],[122.57184,-1.18441],[122.57071,-1.18272],[122.56893,-1.18162],[122.56781,-1.17976],[122.56628,-1.17866],[122.56277,-1.17883],[122.55975,-1.17721],[122.55772,-1.17693],[122.55612,-1.17596],[122.55594,-1.17439],[122.55706,-1.17169],[122.55837,-1.16655],[122.55809,-1.16583],[122.55348,-1.16269],[122.55216,-1.16025],[122.55125,-1.1558],[122.54905,-1.15],[122.54688,-1.14938],[122.54301,-1.14948],[122.5413,-1.15063],[122.53875,-1.15063],[122.53798,-1.14959],[122.53557,-1.14896],[122.53575,-1.14956],[122.53663,-1.15013],[122.5365,-1.15185],[122.53694,-1.15316],[122.53668,-1.15466],[122.53441,-1.15607],[122.53251,-1.15612],[122.52912,-1.1578],[122.52801,-1.15773],[122.52732,-1.1561],[122.52433,-1.1559],[122.52447,-1.15531],[122.52551,-1.15481],[122.52533,-1.1539],[122.52235,-1.15322],[122.52058,-1.15406],[122.5198,-1.15348],[122.51931,-1.15482],[122.51781,-1.15406],[122.51754,-1.15012],[122.51934,-1.14862],[122.51939,-1.14534],[122.51643,-1.14055],[122.51356,-1.1414],[122.51084,-1.1401],[122.51066,-1.1381],[122.51005,-1.13685],[122.51034,-1.13482],[122.50971,-1.13398],[122.50742,-1.13251],[122.50773,-1.13026],[122.50724,-1.12952],[122.50703,-1.12797],[122.50542,-1.12549],[122.50481,-1.12188],[122.50481,-1.11843],[122.50391,-1.11421],[122.50273,-1.11102],[122.50152,-1.10932],[122.5,-1.10855],[122.49865,-1.10847],[122.49781,-1.10776],[122.49764,-1.10672],[122.49808,-1.10623],[122.49808,-1.10271],[122.49855,-1.10087],[122.49722,-1.10005],[122.49577,-1.10008],[122.48983,-1.10391],[122.48663,-1.10425],[122.48358,-1.10149],[122.4827,-1.09861],[122.48114,-1.09704],[122.481,-1.09484],[122.47908,-1.09343],[122.47837,-1.09395],[122.47716,-1.0941],[122.47543,-1.09528],[122.47204,-1.0952],[122.46922,-1.09413],[122.46793,-1.09423],[122.46556,-1.09564],[122.46482,-1.09212],[122.46157,-1.08952],[122.45726,-1.09048],[122.45575,-1.09043],[122.45506,-1.08994],[122.45504,-1.08888],[122.45399,-1.08838],[122.45112,-1.08417],[122.44943,-1.08258],[122.44873,-1.07977],[122.44895,-1.07847],[122.44808,-1.07754],[122.44744,-1.07604],[122.44545,-1.07595],[122.44457,-1.07701],[122.44398,-1.07702],[122.4428,-1.07599],[122.44108,-1.07559],[122.44039,-1.07414],[122.43841,-1.07261],[122.43499,-1.07191],[122.4314,-1.07022],[122.43067,-1.06922],[122.42921,-1.06897],[122.42712,-1.06709],[122.42629,-1.06552],[122.42514,-1.06472],[122.42397,-1.06446],[122.423,-1.06252],[122.41863,-1.06132],[122.41851,-1.06043],[122.41773,-1.05941],[122.41645,-1.05919],[122.41418,-1.06009],[122.41223,-1.0602],[122.40968,-1.05795],[122.40872,-1.05903],[122.40756,-1.05866],[122.4064,-1.05915],[122.40459,-1.05773],[122.40473,-1.05632],[122.40241,-1.05369],[122.40254,-1.05256],[122.40103,-1.05242],[122.40039,-1.05159],[122.40206,-1.05121],[122.40428,-1.04682],[122.40691,-1.04454],[122.40778,-1.04159],[122.40957,-1.04002],[122.41114,-1.03641],[122.41517,-1.03485],[122.41406,-1.03017],[122.4134,-1.02452],[122.41925,-1.02452],[122.41962,-1.02482],[122.41946,-1.02576],[122.41983,-1.0263],[122.42203,-1.02724],[122.42314,-1.02935],[122.42437,-1.02966],[122.42494,-1.03173],[122.42734,-1.03131],[122.4293,-1.03188],[122.43021,-1.03268],[122.43407,-1.03276],[122.43567,-1.03224],[122.43686,-1.03118],[122.43781,-1.0311],[122.43894,-1.03123],[122.44034,-1.03217],[122.44549,-1.03237],[122.44572,-1.03313],[122.44483,-1.03504],[122.44533,-1.03556],[122.44726,-1.03583],[122.4472,-1.04059],[122.44826,-1.04107],[122.44901,-1.04073],[122.44951,-1.03985],[122.45036,-1.03956],[122.45098,-1.03736],[122.45394,-1.033],[122.45464,-1.03341],[122.45619,-1.03293],[122.45858,-1.03331],[122.46199,-1.03154],[122.46647,-1.03129],[122.47031,-1.03034],[122.47159,-1.03503],[122.47259,-1.03535],[122.47355,-1.03636],[122.47741,-1.03051],[122.48066,-1.0238],[122.48253,-1.02248],[122.4868,-1.02058],[122.48805,-1.0205],[122.4911,-1.02268],[122.49332,-1.02322],[122.5,-1.02289],[122.50213,-1.02518],[122.50631,-1.02634],[122.50846,-1.02634],[122.51295,-1.02358],[122.5162,-1.02218],[122.51771,-1.02241],[122.52097,-1.02457],[122.52439,-1.0241],[122.52567,-1.02299],[122.52678,-1.02101],[122.52881,-1.0192],[122.53649,-1.00662],[122.53812,-1.00485],[122.54126,-1.00374],[122.54527,-1.00374],[122.54858,-0.99977],[122.55004,-0.99912],[122.55474,-0.9986],[122.55748,-0.99777],[122.56178,-0.99438],[122.56295,-0.99245],[122.56544,-0.99152],[122.56701,-0.99193],[122.56916,-0.99321],[122.56936,-0.99602],[122.5686,-0.99781]]]]}},{"type":"Feature","properties":{"NAMOBJ":"Batui Selatan","KODE_KAB":7201},"geometry":{"type":"MultiPolygon","coordinates":[[[[122.48753,-1.37535],[122.48718,-1.3753],[122.4872,-1.37482],[122.48872,-1.37249],[122.48832,-1.37447],[122.48753,-1.37535]]],[[[122.2024,-1.12803],[122.20513,-1.1285],[122.20718,-1.12973],[122.21005,-1.12986],[122.21412,-1.12892],[122.21696,-1.12767],[122.2196,-1.12872],[122.22176,-1.12857],[122.22351,-1.12781],[122.22502,-1.12873],[122.22634,-1.12896],[122.22891,-1.12897],[122.23078,-1.12817],[122.23227,-1.12822],[122.23287,-1.12854],[122.23377,-1.13006],[122.2349,-1.13057],[122.23607,-1.13049],[122.23853,-1.12896],[122.24196,-1.13075],[122.24401,-1.13027],[122.24513,-1.13079],[122.24716,-1.13018],[122.24957,-1.13131],[122.25101,-1.13271],[122.25169,-1.13287],[122.25344,-1.13254],[122.25631,-1.13115],[122.2581,-1.13105],[122.26049,-1.13174],[122.2635,-1.13062],[122.27075,-1.13178],[122.2726,-1.13286],[122.274,-1.13317],[122.2775,-1.13278],[122.27805,-1.13355],[122.27812,-1.13509],[122.28009,-1.13625],[122.2798,-1.13842],[122.28326,-1.14073],[122.28318,-1.14204],[122.2841,-1.14303],[122.28556,-1.14384],[122.28843,-1.14395],[122.29202,-1.14686],[122.29261,-1.14898],[122.29244,-1.15267],[122.29018,-1.15439],[122.29147,-1.15602],[122.29101,-1.16078],[122.29223,-1.16301],[122.29292,-1.16358],[122.29553,-1.16401],[122.29677,-1.16336],[122.29854,-1.16395],[122.30253,-1.16323],[122.30521,-1.16435],[122.30696,-1.16619],[122.31017,-1.16726],[122.3114,-1.1682],[122.31302,-1.17454],[122.31463,-1.17642],[122.31873,-1.17809],[122.32442,-1.18228],[122.32554,-1.18255],[122.32645,-1.18231],[122.32726,-1.18295],[122.32788,-1.18441],[122.33077,-1.18578],[122.33223,-1.18823],[122.33496,-1.19016],[122.33754,-1.1943],[122.33984,-1.19701],[122.33962,-1.19914],[122.34128,-1.20157],[122.34154,-1.20352],[122.34238,-1.20469],[122.34245,-1.20652],[122.3431,-1.20666],[122.34454,-1.20841],[122.34739,-1.20997],[122.34755,-1.21346],[122.34851,-1.21531],[122.34756,-1.21728],[122.35058,-1.21906],[122.3514,-1.2201],[122.35426,-1.22015],[122.35516,-1.22201],[122.35548,-1.22447],[122.35935,-1.22841],[122.36102,-1.22961],[122.3633,-1.23036],[122.36439,-1.23379],[122.36563,-1.23541],[122.36729,-1.23585],[122.36797,-1.23464],[122.36849,-1.23453],[122.37016,-1.23618],[122.3716,-1.23548],[122.37339,-1.23607],[122.38018,-1.23983],[122.38412,-1.24428],[122.38794,-1.24605],[122.38881,-1.2475],[122.39103,-1.2485],[122.39271,-1.25004],[122.39832,-1.24819],[122.40058,-1.24603],[122.40273,-1.24561],[122.40367,-1.24458],[122.40435,-1.24468],[122.40629,-1.24622],[122.41059,-1.24636],[122.41184,-1.24546],[122.41285,-1.2433],[122.41563,-1.23978],[122.41649,-1.23979],[122.42014,-1.24176],[122.42274,-1.24157],[122.42395,-1.24232],[122.42484,-1.2439],[122.42645,-1.24552],[122.42816,-1.24952],[122.42861,-1.25528],[122.42757,-1.25846],[122.42831,-1.25862],[122.42931,-1.25792],[122.43035,-1.25598],[122.43312,-1.25695],[122.4331,-1.25764],[122.43208,-1.25835],[122.43199,-1.25901],[122.43372,-1.2601],[122.43483,-1.26296],[122.43488,-1.26441],[122.43399,-1.26715],[122.43418,-1.26779],[122.4353,-1.26774],[122.4382,-1.26524],[122.43905,-1.26537],[122.43968,-1.26852],[122.43945,-1.2715],[122.43847,-1.2726],[122.43591,-1.27263],[122.43586,-1.27385],[122.43655,-1.27434],[122.4397,-1.2746],[122.44052,-1.27505],[122.44246,-1.27781],[122.44372,-1.28132],[122.44481,-1.28284],[122.44887,-1.28332],[122.44825,-1.28675],[122.44995,-1.28717],[122.45278,-1.28644],[122.45903,-1.28354],[122.46092,-1.2833],[122.46012,-1.28658],[122.46044,-1.28817],[122.4645,-1.2902],[122.46575,-1.29233],[122.46626,-1.29437],[122.46984,-1.29782],[122.472,-1.30183],[122.47533,-1.30358],[122.47786,-1.30937],[122.48355,-1.31716],[122.4835,-1.31948],[122.48174,-1.32352],[122.48264,-1.32439],[122.48287,-1.32586],[122.4846,-1.32801],[122.48625,-1.32924],[122.48953,-1.33066],[122.4936,-1.3319],[122.49552,-1.3353],[122.4976,-1.33655],[122.50349,-1.33674],[122.50748,-1.34003],[122.51007,-1.34139],[122.51212,-1.34354],[122.51228,-1.34482],[122.50963,-1.34731],[122.50331,-1.3511],[122.49708,-1.35581],[122.49432,-1.35944],[122.49252,-1.36267],[122.49087,-1.36216],[122.49023,-1.36701],[122.48774,-1.37051],[122.48822,-1.37184],[122.49106,-1.36691],[122.49117,-1.36756],[122.48884,-1.37211],[122.48726,-1.37342],[122.48678,-1.3753],[122.48726,-1.376],[122.48855,-1.37642],[122.48886,-1.37747],[122.48962,-1.3782],[122.48988,-1.38096],[122.48907,-1.38476],[122.48522,-1.39016],[122.47939,-1.39602],[122.4785,-1.39759],[122.47497,-1.40091],[122.4739,-1.40136],[122.47243,-1.40406],[122.47074,-1.40465],[122.47,-1.40406],[122.46968,-1.40444],[122.46989,-1.4049],[122.47065,-1.40523],[122.45725,-1.41156],[122.43664,-1.4244],[122.43594,-1.42313],[122.43503,-1.42307],[122.43441,-1.42501],[122.43379,-1.42517],[122.43353,-1.42294],[122.43485,-1.42154],[122.43143,-1.42207],[122.43139,-1.42145],[122.43242,-1.4206],[122.43153,-1.41949],[122.43242,-1.41929],[122.43244,-1.4188],[122.43161,-1.41831],[122.43067,-1.4189],[122.43095,-1.41802],[122.43022,-1.41757],[122.43104,-1.41733],[122.43011,-1.416],[122.43034,-1.4152],[122.4294,-1.4154],[122.42901,-1.41403],[122.42567,-1.41199],[122.42522,-1.41135],[122.42368,-1.41099],[122.4233,-1.40817],[122.4217,-1.40639],[122.42161,-1.40502],[122.42003,-1.4047],[122.41818,-1.40261],[122.4164,-1.40354],[122.41534,-1.40334],[122.41422,-1.40235],[122.41399,-1.40114],[122.4126,-1.39908],[122.41272,-1.39769],[122.4123,-1.39603],[122.41009,-1.39494],[122.40947,-1.39353],[122.40754,-1.39118],[122.40572,-1.39138],[122.40586,-1.39252],[122.40532,-1.39303],[122.40446,-1.39304],[122.40383,-1.39406],[122.40104,-1.39196],[122.40118,-1.39017],[122.40063,-1.38895],[122.3999,-1.38916],[122.39893,-1.38858],[122.39783,-1.38916],[122.39617,-1.38857],[122.39656,-1.38638],[122.39552,-1.38494],[122.39375,-1.3858],[122.39177,-1.38495],[122.39098,-1.38551],[122.39054,-1.38647],[122.38985,-1.38646],[122.38783,-1.38521],[122.38656,-1.38549],[122.38608,-1.3847],[122.38401,-1.38344],[122.38423,-1.38248],[122.38336,-1.38174],[122.38323,-1.38048],[122.38228,-1.38012],[122.38214,-1.3789],[122.37927,-1.37815],[122.37887,-1.37664],[122.37746,-1.37564],[122.37592,-1.37246],[122.375,-1.3727],[122.37038,-1.37235],[122.36505,-1.36869],[122.3646,-1.3677],[122.36515,-1.36559],[122.36451,-1.36461],[122.36259,-1.36335],[122.36121,-1.35751],[122.35986,-1.35748],[122.35861,-1.35869],[122.35586,-1.35967],[122.35481,-1.36055],[122.35484,-1.36138],[122.34961,-1.35926],[122.3467,-1.35734],[122.34673,-1.35461],[122.34638,-1.35406],[122.34579,-1.3536],[122.34471,-1.35389],[122.34423,-1.3534],[122.34343,-1.34891],[122.34169,-1.34892],[122.34263,-1.34748],[122.34255,-1.3464],[122.34209,-1.34618],[122.34057,-1.34711],[122.33989,-1.34705],[122.33842,-1.34485],[122.33448,-1.34508],[122.33328,-1.34665],[122.33159,-1.34752],[122.33047,-1.34895],[122.32974,-1.34901],[122.3288,-1.34869],[122.32768,-1.3473],[122.32693,-1.34828],[122.32624,-1.34807],[122.32705,-1.34578],[122.32673,-1.34462],[122.32619,-1.34416],[122.32262,-1.34343],[122.32079,-1.34402],[122.31759,-1.34288],[122.31565,-1.34365],[122.31342,-1.3411],[122.31224,-1.34055],[122.31047,-1.34244],[122.30971,-1.34245],[122.30922,-1.34182],[122.30933,-1.34006],[122.30812,-1.33901],[122.30665,-1.33929],[122.30667,-1.33714],[122.30543,-1.33638],[122.30449,-1.3366],[122.30324,-1.33774],[122.30316,-1.34032],[122.30017,-1.34085],[122.2999,-1.34038],[122.30023,-1.33842],[122.29929,-1.33773],[122.29823,-1.33824],[122.29794,-1.33617],[122.29827,-1.33388],[122.29621,-1.333],[122.29563,-1.33199],[122.29718,-1.33032],[122.29728,-1.32953],[122.29543,-1.32899],[122.29333,-1.33021],[122.29384,-1.32732],[122.29161,-1.32617],[122.29087,-1.32535],[122.2916,-1.32464],[122.29264,-1.32495],[122.29382,-1.32332],[122.29346,-1.32265],[122.29201,-1.323],[122.29115,-1.32274],[122.29027,-1.3206],[122.29092,-1.3202],[122.29104,-1.3196],[122.29048,-1.31838],[122.28837,-1.31716],[122.28632,-1.31929],[122.28542,-1.31844],[122.28489,-1.31878],[122.283,-1.31827],[122.28134,-1.31845],[122.28041,-1.31791],[122.2795,-1.31867],[122.27906,-1.31808],[122.27843,-1.31483],[122.27926,-1.31366],[122.27777,-1.31286],[122.27761,-1.31113],[122.2765,-1.31007],[122.27306,-1.30833],[122.26967,-1.30854],[122.26878,-1.30766],[122.26742,-1.30754],[122.26592,-1.30664],[122.26429,-1.30678],[122.26149,-1.30577],[122.25945,-1.30655],[122.25793,-1.30571],[122.25665,-1.30411],[122.25642,-1.30214],[122.25491,-1.30138],[122.25407,-1.3003],[122.25414,-1.29919],[122.25475,-1.29839],[122.25292,-1.29381],[122.24967,-1.29128],[122.24715,-1.28837],[122.24624,-1.2866],[122.24421,-1.28545],[122.2413,-1.28118],[122.24349,-1.27844],[122.24397,-1.27686],[122.24524,-1.27569],[122.2476,-1.27034],[122.24812,-1.26667],[122.2474,-1.2621],[122.24683,-1.26068],[122.24464,-1.26064],[122.24104,-1.25968],[122.23351,-1.25531],[122.23381,-1.25381],[122.23136,-1.24923],[122.23039,-1.2481],[122.22968,-1.24597],[122.22858,-1.2446],[122.22903,-1.24276],[122.22986,-1.2417],[122.23029,-1.24033],[122.23197,-1.23915],[122.23314,-1.23761],[122.2336,-1.23638],[122.23361,-1.23479],[122.23585,-1.23196],[122.23601,-1.23066],[122.23763,-1.22933],[122.23806,-1.22834],[122.23943,-1.22693],[122.23902,-1.2233],[122.23941,-1.22106],[122.24076,-1.21949],[122.24057,-1.21883],[122.23926,-1.21799],[122.23838,-1.21603],[122.23834,-1.2149],[122.23947,-1.21252],[122.23805,-1.20878],[122.23712,-1.20769],[122.23446,-1.20689],[122.23297,-1.20578],[122.22734,-1.20493],[122.22598,-1.20336],[122.22473,-1.20289],[122.22335,-1.20031],[122.22118,-1.19956],[122.22112,-1.19861],[122.22048,-1.19805],[122.21968,-1.19614],[122.2165,-1.19261],[122.21546,-1.19214],[122.21248,-1.19193],[122.20924,-1.18884],[122.20425,-1.18729],[122.20233,-1.1855],[122.2001,-1.18202],[122.19645,-1.1797],[122.19541,-1.17967],[122.19406,-1.17801],[122.19235,-1.17744],[122.18854,-1.17777],[122.18732,-1.17564],[122.18496,-1.17418],[122.1831,-1.17371],[122.18219,-1.17172],[122.17828,-1.16898],[122.17941,-1.1676],[122.18262,-1.16539],[122.18386,-1.1602],[122.18499,-1.15813],[122.18652,-1.15581],[122.18817,-1.15472],[122.19196,-1.15048],[122.19189,-1.14748],[122.19272,-1.1459],[122.19303,-1.14215],[122.19196,-1.14142],[122.19176,-1.13729],[122.19109,-1.13476],[122.19152,-1.13254],[122.19077,-1.13181],[122.1902,-1.12988],[122.19332,-1.12818],[122.19602,-1.12797],[122.19826,-1.12669],[122.19953,-1.12672],[122.2024,-1.12803]]]]}},{"type":"Feature","properties":{"NAMOBJ":"Batui","KODE_KAB":7201},"geometry":{"type":"MultiPolygon","coordinates":[[[[122.40039,-1.05159],[122.40103,-1.05242],[122.40254,-1.05256],[122.40241,-1.05369],[122.40473,-1.05632],[122.40459,-1.05773],[122.4064,-1.05915],[122.40756,-1.05866],[122.40872,-1.05903],[122.40968,-1.05795],[122.41223,-1.0602],[122.41418,-1.06009],[122.41645,-1.05919],[122.41773,-1.05941],[122.41851,-1.06043],[122.41863,-1.06132],[122.423,-1.06252],[122.42397,-1.06446],[122.42514,-1.06472],[122.42629,-1.06552],[122.42712,-1.06709],[122.42921,-1.06897],[122.43067,-1.06922],[122.4314,-1.07022],[122.43499,-1.07191],[122.43841,-1.07261],[122.44039,-1.07414],[122.44108,-1.07559],[122.4428,-1.07599],[122.44398,-1.07702],[122.44457,-1.07701],[122.44545,-1.07595],[122.44744,-1.07604],[122.44808,-1.07754],[122.44895,-1.07847],[122.44873,-1.07977],[122.44943,-1.08258],[122.45112,-1.08417],[122.45399,-1.08838],[122.45504,-1.08888],[122.45506,-1.08994],[122.45575,-1.09043],[122.45726,-1.09048],[122.46157,-1.08952],[122.46482,-1.09212],[122.46556,-1.09564],[122.46793,-1.09423],[122.46922,-1.09413],[122.47204,-1.0952],[122.47543,-1.09528],[122.47716,-1.0941],[122.47837,-1.09395],[122.47908,-1.09343],[122.481,-1.09484],[122.48114,-1.09704],[122.4827,-1.09861],[122.48358,-1.10149],[122.48663,-1.10425],[122.48983,-1.10391],[122.49577,-1.10008],[122.49722,-1.10005],[122.49855,-1.10087],[122.49808,-1.10271],[122.49808,-1.10623],[122.49764,-1.10672],[122.49781,-1.10776],[122.49865,-1.10847],[122.5,-1.10855],[122.50152,-1.10932],[122.50273,-1.11102],[122.50391,-1.11421],[122.50481,-1.11843],[122.50481,-1.12188],[122.50542,-1.12549],[122.50703,-1.12797],[122.50724,-1.12952],[122.50773,-1.13026],[122.50742,-1.13251],[122.50971,-1.13398],[122.51034,-1.13482],[122.51005,-1.13685],[122.51066,-1.1381],[122.51084,-1.1401],[122.51356,-1.1414],[122.51643,-1.14055],[122.51939,-1.14534],[122.51934,-1.14862],[122.51754,-1.15012],[122.51781,-1.15406],[122.51931,-1.15482],[122.5198,-1.15348],[122.52058,-1.15406],[122.52235,-1.15322],[122.52533,-1.1539],[122.52551,-1.15481],[122.52447,-1.15531],[122.52433,-1.1559],[122.52732,-1.1561],[122.52801,-1.15773],[122.52912,-1.1578],[122.53251,-1.15612],[122.53441,-1.15607],[122.53668,-1.15466],[122.53694,-1.15316],[122.5365,-1.15185],[122.53663,-1.15013],[122.53575,-1.14956],[122.53557,-1.14896],[122.53798,-1.14959],[122.53875,-1.15063],[122.5413,-1.15063],[122.54301,-1.14948],[122.54688,-1.14938],[122.54905,-1.15],[122.55125,-1.1558],[122.55216,-1.16025],[122.55348,-1.16269],[122.55809,-1.16583],[122.55837,-1.16655],[122.55706,-1.17169],[122.55594,-1.17439],[122.55612,-1.17596],[122.55772,-1.17693],[122.55975,-1.17721],[122.56277,-1.17883],[122.56628,-1.17866],[122.56781,-1.17976],[122.56893,-1.18162],[122.57071,-1.18272],[122.57184,-1.18441],[122.57334,-1.18525],[122.57395,-1.18886],[122.5764,-1.19286],[122.57649,-1.19846],[122.57761,-1.2002],[122.57909,-1.20122],[122.5795,-1.20224],[122.58009,-1.20511],[122.58025,-1.20896],[122.58234,-1.2109],[122.58281,-1.2128],[122.58564,-1.21519],[122.58574,-1.21682],[122.58865,-1.2226],[122.59174,-1.22271],[122.59385,-1.22182],[122.59603,-1.22156],[122.59756,-1.2223],[122.59901,-1.2223],[122.60195,-1.22376],[122.60553,-1.22422],[122.60615,-1.22442],[122.60707,-1.22667],[122.61063,-1.22796],[122.61203,-1.22961],[122.61414,-1.22935],[122.61745,-1.23033],[122.62067,-1.23023],[122.625,-1.22843],[122.62544,-1.22849],[122.62583,-1.22929],[122.62724,-1.22926],[122.62763,-1.22987],[122.62813,-1.22922],[122.62921,-1.22933],[122.62975,-1.23015],[122.62962,-1.23091],[122.62876,-1.23164],[122.62932,-1.23393],[122.63068,-1.23497],[122.63203,-1.23506],[122.63103,-1.23612],[122.62128,-1.24122],[122.61695,-1.24248],[122.60752,-1.24615],[122.60616,-1.2463],[122.60506,-1.24701],[122.59583,-1.24975],[122.58405,-1.25553],[122.57992,-1.25705],[122.57859,-1.25811],[122.57421,-1.25918],[122.56423,-1.26489],[122.56167,-1.2657],[122.56081,-1.26634],[122.5594,-1.26773],[122.55798,-1.27002],[122.5596,-1.27119],[122.55833,-1.27227],[122.56255,-1.27446],[122.56379,-1.27658],[122.56483,-1.27705],[122.56211,-1.28027],[122.562,-1.28082],[122.56375,-1.27948],[122.56205,-1.28147],[122.56319,-1.28216],[122.56704,-1.27868],[122.56694,-1.278],[122.56767,-1.27957],[122.56855,-1.28432],[122.5695,-1.28504],[122.56992,-1.28661],[122.56797,-1.29182],[122.56669,-1.29309],[122.56503,-1.29373],[122.56439,-1.29522],[122.56308,-1.299],[122.56359,-1.30164],[122.56341,-1.30416],[122.56185,-1.30779],[122.56216,-1.30872],[122.56068,-1.31054],[122.55866,-1.31203],[122.55871,-1.31298],[122.55584,-1.31445],[122.55423,-1.3145],[122.55149,-1.31533],[122.54937,-1.31692],[122.54817,-1.31827],[122.54828,-1.31956],[122.54587,-1.32196],[122.54501,-1.32354],[122.5396,-1.32844],[122.53896,-1.32759],[122.53861,-1.3278],[122.5389,-1.32853],[122.53821,-1.3285],[122.53592,-1.32985],[122.53504,-1.33138],[122.53091,-1.33483],[122.53002,-1.33354],[122.5303,-1.33419],[122.53011,-1.3358],[122.52851,-1.33837],[122.52219,-1.34135],[122.519,-1.3434],[122.518,-1.34257],[122.51707,-1.3424],[122.51707,-1.34291],[122.51852,-1.34363],[122.5182,-1.34378],[122.51228,-1.34482],[122.51201,-1.34337],[122.51007,-1.34139],[122.50748,-1.34003],[122.50349,-1.33674],[122.4976,-1.33655],[122.49552,-1.3353],[122.4936,-1.3319],[122.48953,-1.33066],[122.48625,-1.32924],[122.4846,-1.32801],[122.48287,-1.32586],[122.48264,-1.32439],[122.48174,-1.32352],[122.4835,-1.31948],[122.48355,-1.31716],[122.47786,-1.30937],[122.47533,-1.30358],[122.472,-1.30183],[122.46984,-1.29782],[122.46626,-1.29437],[122.46575,-1.29233],[122.4645,-1.2902],[122.46044,-1.28817],[122.46012,-1.28658],[122.46092,-1.2833],[122.45903,-1.28354],[122.45278,-1.28644],[122.44995,-1.28717],[122.44825,-1.28675],[122.44887,-1.28332],[122.44481,-1.28284],[122.44372,-1.28132],[122.44246,-1.27781],[122.44052,-1.27505],[122.4397,-1.2746],[122.43655,-1.27434],[122.43586,-1.27385],[122.43591,-1.27263],[122.43847,-1.2726],[122.43945,-1.2715],[122.43968,-1.26852],[122.43905,-1.26537],[122.4382,-1.26524],[122.4353,-1.26774],[122.43418,-1.26779],[122.43399,-1.26715],[122.43488,-1.26441],[122.43483,-1.26296],[122.43372,-1.2601],[122.43199,-1.25901],[122.43208,-1.25835],[122.4331,-1.25764],[122.43312,-1.25695],[122.43035,-1.25598],[122.42931,-1.25792],[122.42831,-1.25862],[122.42757,-1.25846],[122.42861,-1.25528],[122.42816,-1.24952],[122.42645,-1.24552],[122.42356,-1.24198],[122.42274,-1.24157],[122.42014,-1.24176],[122.41649,-1.23979],[122.41563,-1.23978],[122.41285,-1.2433],[122.41184,-1.24546],[122.41059,-1.24636],[122.40629,-1.24622],[122.40435,-1.24468],[122.40367,-1.24458],[122.40273,-1.24561],[122.40058,-1.24603],[122.39832,-1.24819],[122.39271,-1.25004],[122.39103,-1.2485],[122.38881,-1.2475],[122.38794,-1.24605],[122.38412,-1.24428],[122.38018,-1.23983],[122.37339,-1.23607],[122.3716,-1.23548],[122.37016,-1.23618],[122.36849,-1.23453],[122.36797,-1.23464],[122.36707,-1.2359],[122.36617,-1.23579],[122.36529,-1.23512],[122.36439,-1.23379],[122.3633,-1.23036],[122.36102,-1.22961],[122.35935,-1.22841],[122.35548,-1.22447],[122.35516,-1.22201],[122.35426,-1.22015],[122.3514,-1.2201],[122.35058,-1.21906],[122.34756,-1.21728],[122.34851,-1.21531],[122.34755,-1.21346],[122.34739,-1.20997],[122.34454,-1.20841],[122.3431,-1.20666],[122.34245,-1.20652],[122.34238,-1.20469],[122.34154,-1.20352],[122.34128,-1.20157],[122.33962,-1.19914],[122.33984,-1.19701],[122.33754,-1.1943],[122.33496,-1.19016],[122.33223,-1.18823],[122.33077,-1.18578],[122.32788,-1.18441],[122.32726,-1.18295],[122.32645,-1.18231],[122.32554,-1.18255],[122.32442,-1.18228],[122.31873,-1.17809],[122.31463,-1.17642],[122.31302,-1.17454],[122.3114,-1.1682],[122.31017,-1.16726],[122.30696,-1.16619],[122.30521,-1.16435],[122.30253,-1.16323],[122.29854,-1.16395],[122.29677,-1.16336],[122.29553,-1.16401],[122.29292,-1.16358],[122.29223,-1.16301],[122.29101,-1.16078],[122.29147,-1.15602],[122.29018,-1.15439],[122.29244,-1.15267],[122.29261,-1.14898],[122.29202,-1.14686],[122.28843,-1.14395],[122.28556,-1.14384],[122.2841,-1.14303],[122.28318,-1.14204],[122.28326,-1.14073],[122.2798,-1.13842],[122.28009,-1.13625],[122.27812,-1.13509],[122.27805,-1.13355],[122.2775,-1.13278],[122.27453,-1.13312],[122.27169,-1.12498],[122.2695,-1.12288],[122.26756,-1.12214],[122.26727,-1.11879],[122.26467,-1.11772],[122.26488,-1.11609],[122.26326,-1.11389],[122.26268,-1.11239],[122.26588,-1.11151],[122.26963,-1.10917],[122.26906,-1.10358],[122.27393,-1.10376],[122.27542,-1.10248],[122.27609,-1.1007],[122.28007,-1.09957],[122.28163,-1.10073],[122.28334,-1.10139],[122.2831,-1.09932],[122.28604,-1.09472],[122.28553,-1.09293],[122.28632,-1.09077],[122.28806,-1.08765],[122.2892,-1.08664],[122.28849,-1.08488],[122.28928,-1.08357],[122.2908,-1.08402],[122.29144,-1.08364],[122.29086,-1.08004],[122.29259,-1.07881],[122.29295,-1.07734],[122.29422,-1.0767],[122.29383,-1.07356],[122.29427,-1.07306],[122.29421,-1.07232],[122.29505,-1.07167],[122.29504,-1.07088],[122.29587,-1.06932],[122.30144,-1.06977],[122.30211,-1.06921],[122.30211,-1.06834],[122.30354,-1.0676],[122.30416,-1.06774],[122.30482,-1.06887],[122.30592,-1.06656],[122.30722,-1.06711],[122.30832,-1.06833],[122.30922,-1.07146],[122.30926,-1.07352],[122.30847,-1.07495],[122.30864,-1.07589],[122.30898,-1.07658],[122.31064,-1.07767],[122.31117,-1.07916],[122.31282,-1.08012],[122.31433,-1.07986],[122.31679,-1.08146],[122.3175,-1.08137],[122.31782,-1.08191],[122.31967,-1.08288],[122.31996,-1.08355],[122.32193,-1.08451],[122.32307,-1.08457],[122.3244,-1.08628],[122.32669,-1.08794],[122.3314,-1.08869],[122.33751,-1.08695],[122.34067,-1.0844],[122.34219,-1.08425],[122.34504,-1.08299],[122.34111,-1.07847],[122.33807,-1.07643],[122.33598,-1.07578],[122.33643,-1.07479],[122.33616,-1.07331],[122.33667,-1.07207],[122.33805,-1.07104],[122.33777,-1.06986],[122.33905,-1.06856],[122.33835,-1.06613],[122.33908,-1.06477],[122.33903,-1.06406],[122.34016,-1.06241],[122.34186,-1.06242],[122.34445,-1.06148],[122.34964,-1.05759],[122.3506,-1.05637],[122.35031,-1.05482],[122.35147,-1.05305],[122.35383,-1.0527],[122.35528,-1.05203],[122.3564,-1.05553],[122.35878,-1.0568],[122.35982,-1.05696],[122.35988,-1.05856],[122.35862,-1.05928],[122.35842,-1.06031],[122.35777,-1.06097],[122.35833,-1.06202],[122.36024,-1.06166],[122.36265,-1.06239],[122.36556,-1.06193],[122.36719,-1.06236],[122.37058,-1.06204],[122.37582,-1.06304],[122.37987,-1.06221],[122.38181,-1.06007],[122.3855,-1.05907],[122.3905,-1.0561],[122.39182,-1.05601],[122.39266,-1.05532],[122.39308,-1.05368],[122.3945,-1.0523],[122.39688,-1.05314],[122.39932,-1.05163],[122.40039,-1.05159]]]]}},{"type":"Feature","properties":{"NAMOBJ":"Mantoh","KODE_KAB":7201},"geometry":{"type":"MultiPolygon","coordinates":[[[[123.24736,-1.00979],[123.24734,-1.00979],[123.24731,-1.0098],[123.2473,-1.0098],[123.24729,-1.0098],[123.24729,-1.00981],[123.24729,-1.00982],[123.24729,-1.00982],[123.2473,-1.00983],[123.24731,-1.00983],[123.24731,-1.00983],[123.24735,-1.00983],[123.24738,-1.00984],[123.2474,-1.00985],[123.2474,-1.00988],[123.2474,-1.00989],[123.24739,-1.00991],[123.24736,-1.00993],[123.24733,-1.00997],[123.24729,-1.00999],[123.24727,-1.00999],[123.24723,-1.00999],[123.24721,-1.00999],[123.24718,-1.00998],[123.24716,-1.00995],[123.24716,-1.00994],[123.24716,-1.00991],[123.24716,-1.00989],[123.24716,-1.00988],[123.24714,-1.00987],[123.24712,-1.00986],[123.24711,-1.00985],[123.2471,-1.00984],[123.24711,-1.00982],[123.24712,-1.0098],[123.24715,-1.00979],[123.24717,-1.00979],[123.24719,-1.00979],[123.2472,-1.00979],[123.24721,-1.00978],[123.24722,-1.00975],[123.24723,-1.00972],[123.24725,-1.0097],[123.24728,-1.00966],[123.2473,-1.00961],[123.24732,-1.0096],[123.24734,-1.00961],[123.24736,-1.00963],[123.24737,-1.00965],[123.24737,-1.00969],[123.24738,-1.00972],[123.24737,-1.00975],[123.24737,-1.00976],[123.24736,-1.00979]]],[[[123.24713,-1.00763],[123.24713,-1.00763],[123.24687,-1.00761],[123.24682,-1.00759],[123.24683,-1.00757],[123.24683,-1.00754],[123.24683,-1.00749],[123.24684,-1.00745],[123.24686,-1.00742],[123.2469,-1.00739],[123.24695,-1.00737],[123.24699,-1.00738],[123.24701,-1.00739],[123.24703,-1.00742],[123.24704,-1.00746],[123.24708,-1.00752],[123.2471,-1.00757],[123.24713,-1.00763]]],[[[123.24735,-1.00757],[123.24731,-1.00758],[123.24731,-1.00753],[123.24732,-1.00747],[123.24734,-1.00742],[123.24736,-1.00739],[123.2474,-1.00734],[123.24744,-1.0073],[123.24748,-1.00727],[123.24754,-1.00727],[123.24758,-1.00728],[123.24761,-1.0073],[123.24764,-1.00732],[123.24764,-1.00732],[123.24743,-1.00745],[123.24735,-1.00757]]],[[[123.27426,-0.89915],[123.27493,-0.89979],[123.27626,-0.90307],[123.27815,-0.90372],[123.27914,-0.90597],[123.28009,-0.90619],[123.28167,-0.90992],[123.28266,-0.91056],[123.28181,-0.91353],[123.28345,-0.91601],[123.28347,-0.92134],[123.28276,-0.92349],[123.28175,-0.92418],[123.28133,-0.92502],[123.28278,-0.92586],[123.28727,-0.92717],[123.28688,-0.93148],[123.28736,-0.93242],[123.28831,-0.93263],[123.29007,-0.93387],[123.29008,-0.93645],[123.2916,-0.9382],[123.29125,-0.93943],[123.29156,-0.94126],[123.29397,-0.94111],[123.29547,-0.94241],[123.2965,-0.94244],[123.29742,-0.94329],[123.30128,-0.94316],[123.30225,-0.94371],[123.30361,-0.94325],[123.30623,-0.94372],[123.30756,-0.94498],[123.3091,-0.94544],[123.30918,-0.94645],[123.311,-0.95021],[123.3141,-0.95083],[123.31512,-0.95176],[123.31943,-0.95249],[123.32427,-0.95459],[123.32559,-0.95635],[123.32688,-0.95617],[123.32943,-0.95656],[123.3305,-0.95815],[123.33349,-0.95601],[123.33323,-0.95885],[123.33353,-0.95935],[123.33652,-0.95942],[123.3394,-0.95867],[123.34242,-0.95889],[123.34806,-0.96198],[123.34938,-0.9612],[123.35218,-0.96111],[123.35449,-0.95961],[123.36191,-0.96222],[123.36952,-0.9665],[123.3709,-0.96763],[123.37215,-0.96979],[123.37445,-0.97094],[123.37819,-0.97418],[123.37676,-0.97777],[123.37668,-0.97917],[123.37718,-0.98184],[123.37811,-0.9825],[123.37819,-0.98355],[123.37881,-0.98446],[123.37884,-0.9871],[123.37947,-0.9895],[123.37814,-0.99109],[123.37686,-0.99676],[123.37611,-1.00276],[123.37554,-1.00475],[123.375,-1.00498],[123.37454,-1.00852],[123.37297,-1.01057],[123.37054,-1.01275],[123.36439,-1.02063],[123.35763,-1.02693],[123.35493,-1.03092],[123.35172,-1.03434],[123.34362,-1.03995],[123.33358,-1.04584],[123.32122,-1.05016],[123.31906,-1.05048],[123.31422,-1.05022],[123.31205,-1.05104],[123.30827,-1.05161],[123.28963,-1.04883],[123.2874,-1.04801],[123.28282,-1.0447],[123.27977,-1.0437],[123.27479,-1.04374],[123.27069,-1.04488],[123.26789,-1.04416],[123.26528,-1.04287],[123.26075,-1.03911],[123.25699,-1.03529],[123.25032,-1.02451],[123.24935,-1.022],[123.24758,-1.01453],[123.24775,-1.0137],[123.24675,-1.01228],[123.24801,-1.0127],[123.24898,-1.01222],[123.24817,-1.01459],[123.24824,-1.01568],[123.24949,-1.01871],[123.25076,-1.01853],[123.25171,-1.01793],[123.25203,-1.01664],[123.25118,-1.01427],[123.25201,-1.01465],[123.2526,-1.01571],[123.25255,-1.01736],[123.25304,-1.01733],[123.25339,-1.01652],[123.25334,-1.0124],[123.2537,-1.01222],[123.25384,-1.01094],[123.25436,-1.01073],[123.25389,-1.00985],[123.2517,-1.00822],[123.24952,-1.00813],[123.24889,-1.00696],[123.24921,-1.00664],[123.24881,-1.00688],[123.24846,-1.00635],[123.24722,-1.00736],[123.24601,-1.00757],[123.24711,-1.00904],[123.24735,-1.00795],[123.24826,-1.00789],[123.24777,-1.00972],[123.24734,-1.0095],[123.2475,-1.00886],[123.24659,-1.00932],[123.24731,-1.00939],[123.2467,-1.01017],[123.2451,-1.00835],[123.244,-1.00844],[123.24256,-1.0069],[123.24072,-1.0059],[123.23653,-1.00174],[123.23399,-1.00011],[123.22798,-0.99817],[123.21968,-0.99619],[123.21241,-0.99337],[123.20911,-0.99132],[123.20523,-0.98812],[123.20377,-0.98418],[123.20215,-0.98182],[123.20042,-0.98095],[123.19735,-0.97653],[123.19621,-0.97581],[123.19252,-0.97187],[123.19236,-0.97138],[123.1944,-0.96886],[123.19727,-0.96789],[123.19772,-0.96499],[123.1993,-0.963],[123.20081,-0.96212],[123.20351,-0.96168],[123.20493,-0.95973],[123.20692,-0.95965],[123.2089,-0.95864],[123.21051,-0.95627],[123.21312,-0.95441],[123.21365,-0.9525],[123.21526,-0.9517],[123.21667,-0.95152],[123.21837,-0.95006],[123.21971,-0.94712],[123.2194,-0.94398],[123.22069,-0.94228],[123.22083,-0.94046],[123.22138,-0.93975],[123.22298,-0.93935],[123.23082,-0.93991],[123.23407,-0.93944],[123.24064,-0.94016],[123.24167,-0.93724],[123.24049,-0.93534],[123.24009,-0.93354],[123.2445,-0.92969],[123.24675,-0.92872],[123.24676,-0.92677],[123.2473,-0.92563],[123.24929,-0.92471],[123.24909,-0.92132],[123.24937,-0.92037],[123.25204,-0.91943],[123.25329,-0.91798],[123.25631,-0.91591],[123.25755,-0.91459],[123.26042,-0.9143],[123.26073,-0.9106],[123.26185,-0.9101],[123.26164,-0.90891],[123.26619,-0.90743],[123.26561,-0.90542],[123.26542,-0.90238],[123.26573,-0.9016],[123.2666,-0.90128],[123.26695,-0.90017],[123.26812,-0.89979],[123.27024,-0.90058],[123.27114,-0.90017],[123.27186,-0.89923],[123.27328,-0.89888],[123.27426,-0.89915]]]]}},{"type":"Feature","properties":{"NAMOBJ":"Nambo","KODE_KAB":7201},"geometry":{"type":"MultiPolygon","coordinates":[[[[122.75693,-1.05655],[122.75152,-1.0606],[122.74786,-1.06472],[122.74506,-1.06939],[122.74386,-1.07244],[122.74247,-1.07443],[122.73519,-1.07838],[122.73345,-1.08044],[122.73269,-1.08241],[122.72849,-1.08658],[122.72661,-1.09204],[122.72451,-1.09516],[122.72237,-1.10147],[122.72085,-1.10368],[122.72004,-1.10566],[122.71808,-1.10798],[122.71561,-1.11271],[122.71493,-1.11624],[122.71525,-1.12236],[122.715,-1.12769],[122.71546,-1.13325],[122.71402,-1.13534],[122.7099,-1.13751],[122.70865,-1.13888],[122.70669,-1.1376],[122.70638,-1.13772],[122.70661,-1.13807],[122.70637,-1.13796],[122.70571,-1.13704],[122.7058,-1.13584],[122.70797,-1.13435],[122.70742,-1.13221],[122.70589,-1.13148],[122.70629,-1.12937],[122.703,-1.1286],[122.70225,-1.12714],[122.70205,-1.12589],[122.70408,-1.12416],[122.70356,-1.12333],[122.70407,-1.12113],[122.70388,-1.12044],[122.70179,-1.11811],[122.70166,-1.11638],[122.69927,-1.11479],[122.69808,-1.11508],[122.69699,-1.11733],[122.69571,-1.11842],[122.69414,-1.11853],[122.69405,-1.11795],[122.69503,-1.11594],[122.69406,-1.11373],[122.69142,-1.11053],[122.69156,-1.10643],[122.69094,-1.10639],[122.69044,-1.10725],[122.68935,-1.1079],[122.68842,-1.10802],[122.68433,-1.10748],[122.68304,-1.10518],[122.68146,-1.1061],[122.67941,-1.10528],[122.67868,-1.10454],[122.67882,-1.10402],[122.68288,-1.10177],[122.68291,-1.10094],[122.68148,-1.0999],[122.6809,-1.09865],[122.67998,-1.0981],[122.67642,-1.09798],[122.67437,-1.09905],[122.67376,-1.09899],[122.67317,-1.09781],[122.67331,-1.09505],[122.67282,-1.09394],[122.67211,-1.09343],[122.66672,-1.09309],[122.66171,-1.09167],[122.65884,-1.09194],[122.65727,-1.09109],[122.65604,-1.09105],[122.65619,-1.08699],[122.65551,-1.08642],[122.65514,-1.08699],[122.65486,-1.08681],[122.65452,-1.08493],[122.65488,-1.08021],[122.65311,-1.07743],[122.65335,-1.07596],[122.65309,-1.07537],[122.65174,-1.07565],[122.65118,-1.07478],[122.65029,-1.07507],[122.64922,-1.07467],[122.64755,-1.07278],[122.647,-1.07266],[122.64546,-1.07345],[122.6441,-1.07255],[122.64316,-1.07076],[122.6414,-1.0692],[122.64097,-1.06593],[122.64021,-1.06392],[122.63744,-1.0618],[122.63458,-1.06182],[122.63245,-1.06099],[122.6316,-1.06017],[122.63086,-1.05846],[122.63011,-1.05845],[122.6287,-1.05723],[122.62825,-1.05763],[122.62785,-1.06166],[122.62686,-1.06205],[122.62587,-1.06135],[122.62462,-1.06129],[122.62273,-1.05614],[122.62157,-1.05485],[122.62083,-1.05313],[122.61909,-1.05281],[122.61844,-1.05203],[122.62084,-1.04793],[122.62305,-1.04517],[122.62179,-1.04368],[122.62179,-1.04287],[122.6229,-1.04082],[122.62276,-1.0403],[122.62006,-1.03907],[122.61491,-1.03317],[122.61365,-1.03243],[122.60916,-1.03136],[122.60678,-1.03148],[122.60443,-1.03053],[122.604,-1.02983],[122.60433,-1.02508],[122.60374,-1.02457],[122.60075,-1.02598],[122.59885,-1.02578],[122.58906,-1.02229],[122.58486,-1.02246],[122.58234,-1.02212],[122.57866,-1.01954],[122.57738,-1.01802],[122.57407,-1.01221],[122.57297,-1.00303],[122.57099,-1.0004],[122.56893,-0.99873],[122.5686,-0.99781],[122.56936,-0.99602],[122.56916,-0.99321],[122.5712,-0.9935],[122.57439,-0.99234],[122.57956,-0.98947],[122.58371,-0.98771],[122.58569,-0.98613],[122.58883,-0.98268],[122.59069,-0.97701],[122.59232,-0.97479],[122.60093,-0.97027],[122.60396,-0.96969],[122.61012,-0.96549],[122.615,-0.96436],[122.61657,-0.96314],[122.61704,-0.96203],[122.61663,-0.96028],[122.61698,-0.95905],[122.61826,-0.95788],[122.62499,-0.95815],[122.62686,-0.95732],[122.62905,-0.95454],[122.63216,-0.94881],[122.63694,-0.95098],[122.63885,-0.95389],[122.64627,-0.95707],[122.64826,-0.95942],[122.65092,-0.96405],[122.65249,-0.96925],[122.65355,-0.97052],[122.65733,-0.97235],[122.66167,-0.9778],[122.66518,-0.98094],[122.6672,-0.98247],[122.68621,-0.99269],[122.68873,-0.99629],[122.6888,-0.99816],[122.68954,-1.00053],[122.68997,-1.00111],[122.69275,-1.00237],[122.6935,-1.00444],[122.69454,-1.0054],[122.69484,-1.00634],[122.69695,-1.00643],[122.69899,-1.0084],[122.70246,-1.00801],[122.70371,-1.00842],[122.70477,-1.01074],[122.7069,-1.01303],[122.70747,-1.01476],[122.70945,-1.01581],[122.71051,-1.01588],[122.71084,-1.017],[122.71152,-1.01727],[122.71107,-1.01883],[122.71129,-1.02016],[122.71426,-1.02221],[122.71477,-1.02341],[122.71628,-1.02335],[122.71916,-1.02476],[122.72025,-1.02417],[122.72197,-1.02525],[122.72517,-1.02575],[122.72736,-1.02704],[122.72806,-1.02807],[122.72887,-1.02801],[122.7316,-1.03098],[122.73333,-1.03182],[122.73435,-1.03369],[122.73442,-1.03572],[122.73227,-1.03667],[122.73173,-1.03819],[122.73339,-1.03761],[122.73606,-1.03824],[122.7399,-1.04019],[122.74125,-1.04237],[122.74367,-1.0429],[122.74542,-1.04683],[122.74703,-1.04869],[122.74875,-1.05013],[122.74959,-1.05037],[122.74985,-1.05137],[122.75439,-1.05579],[122.75621,-1.05574],[122.75693,-1.05655]]]]}},{"type":"Feature","properties":{"NAMOBJ":"Luwuk Timur","KODE_KAB":7201},"geometry":{"type":"MultiPolygon","coordinates":[[[[123.05715,-0.90304],[123.05688,-0.9028],[123.0577,-0.90261],[123.05715,-0.90304]]],[[[123.05966,-0.89846],[123.05961,-0.89846],[123.05961,-0.89846],[123.05963,-0.89839],[123.05971,-0.89834],[123.05972,-0.89839],[123.05971,-0.89844],[123.0597,-0.89846],[123.05966,-0.89846]]],[[[123.07565,-0.89632],[123.07912,-0.89664],[123.07543,-0.89805],[123.06631,-0.9],[123.06256,-0.89972],[123.05991,-0.89864],[123.05979,-0.89829],[123.0604,-0.89777],[123.06162,-0.89766],[123.06127,-0.89853],[123.06193,-0.89863],[123.06213,-0.89765],[123.06544,-0.89576],[123.06704,-0.89705],[123.06968,-0.89705],[123.07203,-0.89802],[123.0728,-0.89644],[123.0746,-0.89535],[123.07537,-0.89552],[123.07565,-0.89632]]],[[[123.06104,-0.89477],[123.06103,-0.89477],[123.06096,-0.89477],[123.0609,-0.89475],[123.06101,-0.89475],[123.06104,-0.89477]]],[[[123.06982,-0.89451],[123.06951,-0.89442],[123.06971,-0.89417],[123.06982,-0.89451]]],[[[123.07137,-0.89423],[123.07064,-0.89382],[123.071,-0.89358],[123.07137,-0.89423]]],[[[123.08421,-0.89345],[123.08486,-0.89473],[123.07927,-0.89657],[123.08105,-0.89573],[123.08129,-0.89498],[123.0823,-0.8951],[123.08352,-0.89421],[123.08348,-0.89367],[123.08294,-0.89346],[123.08152,-0.89452],[123.08123,-0.8943],[123.08177,-0.89319],[123.08297,-0.89271],[123.08421,-0.89345]]],[[[123.0765,-0.88928],[123.07656,-0.88934],[123.07656,-0.88934],[123.07652,-0.88933],[123.07648,-0.88932],[123.07643,-0.8893],[123.07636,-0.88927],[123.07631,-0.88922],[123.07627,-0.88917],[123.0763,-0.88917],[123.07644,-0.88924],[123.0765,-0.88928]]],[[[123.06945,-0.89294],[123.06879,-0.89069],[123.06878,-0.88901],[123.06973,-0.89015],[123.07036,-0.89184],[123.06945,-0.89294]]],[[[123.07377,-0.88791],[123.07476,-0.88827],[123.07476,-0.88885],[123.07341,-0.88883],[123.07337,-0.88803],[123.07377,-0.88791]]],[[[123.06832,-0.88742],[123.06789,-0.88666],[123.06863,-0.88713],[123.06832,-0.88742]]],[[[123.07672,-0.88675],[123.07603,-0.88647],[123.0766,-0.8864],[123.07672,-0.88675]]],[[[123.06803,-0.88638],[123.06796,-0.88638],[123.06796,-0.88638],[123.068,-0.88632],[123.06804,-0.88629],[123.06807,-0.88625],[123.0681,-0.88622],[123.06815,-0.8862],[123.06822,-0.88618],[123.06825,-0.88618],[123.06818,-0.88629],[123.06812,-0.88638],[123.06803,-0.88638]]],[[[123.06825,-0.88583],[123.06731,-0.88614],[123.06685,-0.88515],[123.0669,-0.88409],[123.06825,-0.88583]]],[[[123.07681,-0.88178],[123.07772,-0.88199],[123.07744,-0.88285],[123.07693,-0.88275],[123.07649,-0.88152],[123.07681,-0.88178]]],[[[123.08122,-0.88225],[123.08209,-0.88337],[123.08188,-0.88612],[123.08122,-0.88262],[123.08014,-0.88221],[123.07972,-0.88033],[123.0803,-0.88189],[123.08122,-0.88225]]],[[[123.07582,-0.88076],[123.07535,-0.88083],[123.07541,-0.88032],[123.07582,-0.88076]]],[[[123.07722,-0.88002],[123.07727,-0.88028],[123.07654,-0.87925],[123.07703,-0.87939],[123.07722,-0.88002]]],[[[123.0752,-0.87733],[123.07543,-0.87785],[123.07476,-0.87725],[123.0752,-0.87733]]],[[[123.07003,-0.87425],[123.06996,-0.87426],[123.06984,-0.87423],[123.06969,-0.87417],[123.06956,-0.87412],[123.06946,-0.87408],[123.0694,-0.87405],[123.06937,-0.87401],[123.0693,-0.87394],[123.06934,-0.87394],[123.06945,-0.87395],[123.06952,-0.87397],[123.06959,-0.874],[123.0697,-0.87405],[123.06978,-0.87408],[123.06985,-0.87409],[123.06999,-0.87412],[123.07005,-0.8742],[123.07005,-0.87424],[123.07003,-0.87425]]],[[[123.06395,-0.77506],[123.06615,-0.77527],[123.06674,-0.77723],[123.06804,-0.77811],[123.07103,-0.779],[123.07481,-0.78097],[123.07672,-0.78123],[123.0807,-0.78081],[123.08185,-0.7804],[123.08428,-0.77801],[123.08678,-0.77777],[123.08821,-0.77905],[123.08979,-0.78256],[123.09397,-0.78408],[123.09559,-0.78505],[123.09604,-0.78682],[123.09589,-0.7886],[123.09518,-0.78946],[123.09496,-0.79355],[123.09337,-0.79724],[123.0923,-0.79784],[123.08987,-0.7981],[123.08693,-0.79969],[123.08426,-0.79884],[123.08318,-0.79921],[123.08286,-0.80013],[123.08329,-0.80234],[123.08299,-0.80443],[123.08363,-0.80629],[123.08272,-0.80864],[123.08031,-0.80988],[123.07971,-0.81105],[123.08402,-0.81122],[123.08428,-0.8125],[123.0839,-0.81424],[123.08464,-0.81624],[123.08407,-0.81794],[123.08404,-0.82083],[123.0877,-0.82095],[123.08886,-0.82041],[123.09023,-0.82174],[123.09053,-0.82311],[123.0915,-0.82454],[123.0916,-0.8282],[123.0926,-0.8292],[123.09285,-0.83097],[123.0925,-0.83254],[123.09445,-0.83521],[123.09566,-0.83537],[123.09653,-0.83486],[123.09735,-0.83531],[123.0974,-0.83577],[123.09639,-0.83721],[123.09448,-0.83821],[123.09435,-0.83892],[123.09485,-0.83915],[123.09433,-0.84081],[123.09307,-0.84167],[123.09278,-0.84237],[123.09301,-0.84421],[123.09265,-0.84529],[123.09344,-0.84592],[123.09357,-0.84746],[123.09092,-0.84868],[123.08779,-0.84921],[123.08678,-0.8501],[123.08621,-0.84997],[123.08608,-0.84927],[123.08506,-0.84946],[123.08582,-0.85049],[123.0855,-0.85092],[123.08596,-0.85158],[123.08072,-0.85302],[123.08061,-0.85375],[123.07894,-0.85506],[123.07834,-0.85688],[123.07832,-0.85829],[123.0789,-0.86036],[123.07822,-0.86057],[123.07666,-0.86021],[123.07792,-0.86087],[123.07763,-0.8609],[123.07632,-0.86028],[123.07696,-0.86159],[123.07655,-0.86202],[123.07554,-0.86223],[123.07406,-0.86141],[123.07382,-0.86172],[123.0744,-0.8622],[123.07442,-0.863],[123.07331,-0.86239],[123.07282,-0.8626],[123.07272,-0.86215],[123.07256,-0.86361],[123.07198,-0.86438],[123.06746,-0.86468],[123.06649,-0.86585],[123.06703,-0.8669],[123.06751,-0.86696],[123.06682,-0.86738],[123.06582,-0.86725],[123.06619,-0.86629],[123.06599,-0.86508],[123.06464,-0.8651],[123.06309,-0.86798],[123.06169,-0.86832],[123.06108,-0.86942],[123.06156,-0.87163],[123.06421,-0.87365],[123.06221,-0.87403],[123.06142,-0.8736],[123.06089,-0.87375],[123.06059,-0.87579],[123.05968,-0.87651],[123.05976,-0.87747],[123.06032,-0.87793],[123.06258,-0.8784],[123.06319,-0.8772],[123.06459,-0.87723],[123.06473,-0.8781],[123.0653,-0.87863],[123.065,-0.87912],[123.06573,-0.88113],[123.06692,-0.88165],[123.06723,-0.88146],[123.06695,-0.88083],[123.06716,-0.87973],[123.06671,-0.8792],[123.06712,-0.87877],[123.06706,-0.87788],[123.06803,-0.87786],[123.06888,-0.87833],[123.06938,-0.87798],[123.07108,-0.87823],[123.07138,-0.87844],[123.07124,-0.87931],[123.07299,-0.88031],[123.07402,-0.88212],[123.07419,-0.88391],[123.07369,-0.88515],[123.0738,-0.88595],[123.07297,-0.88697],[123.07241,-0.88698],[123.07188,-0.88641],[123.07104,-0.88346],[123.07024,-0.88277],[123.07035,-0.8815],[123.07017,-0.88222],[123.06957,-0.88078],[123.06909,-0.88073],[123.06783,-0.88265],[123.06698,-0.88312],[123.06666,-0.88398],[123.06583,-0.88289],[123.06377,-0.88232],[123.06369,-0.88326],[123.06189,-0.88647],[123.06089,-0.89054],[123.06119,-0.8911],[123.0606,-0.89171],[123.06031,-0.89295],[123.05962,-0.8931],[123.05912,-0.89242],[123.05837,-0.89268],[123.05795,-0.89352],[123.05805,-0.89491],[123.05978,-0.8968],[123.05947,-0.8974],[123.05405,-0.90049],[123.05158,-0.90127],[123.04723,-0.901],[123.04463,-0.90141],[123.0426,-0.90056],[123.04393,-0.89625],[123.04397,-0.89492],[123.04328,-0.89411],[123.04307,-0.89311],[123.04198,-0.89262],[123.04142,-0.89304],[123.0407,-0.89272],[123.0405,-0.89362],[123.0421,-0.89451],[123.0423,-0.89529],[123.04155,-0.89683],[123.04178,-0.89705],[123.04067,-0.89809],[123.0397,-0.89753],[123.03848,-0.89543],[123.03755,-0.89607],[123.03698,-0.89603],[123.03659,-0.89546],[123.03657,-0.89228],[123.038,-0.89195],[123.03852,-0.88944],[123.03726,-0.88622],[123.03783,-0.8846],[123.0384,-0.88413],[123.03789,-0.88391],[123.03799,-0.88292],[123.03703,-0.88052],[123.03727,-0.88005],[123.03876,-0.88013],[123.03814,-0.87827],[123.03919,-0.87767],[123.04145,-0.87764],[123.04164,-0.87688],[123.04125,-0.87602],[123.04345,-0.87556],[123.04296,-0.87468],[123.04382,-0.87369],[123.04146,-0.8703],[123.04152,-0.87251],[123.04025,-0.8727],[123.04005,-0.87161],[123.04045,-0.87027],[123.03962,-0.87209],[123.03878,-0.87269],[123.03979,-0.87417],[123.0396,-0.87522],[123.03763,-0.87582],[123.03594,-0.87534],[123.036,-0.87577],[123.0355,-0.87563],[123.03631,-0.8771],[123.03584,-0.8779],[123.03493,-0.87765],[123.03414,-0.87685],[123.03136,-0.87904],[123.03226,-0.88063],[123.03256,-0.87952],[123.03424,-0.87969],[123.0338,-0.88151],[123.034,-0.88362],[123.03314,-0.88528],[123.03377,-0.88689],[123.03533,-0.88888],[123.03428,-0.88895],[123.03214,-0.88567],[123.03148,-0.8829],[123.02982,-0.8836],[123.02852,-0.88067],[123.02853,-0.88167],[123.02767,-0.88354],[123.02891,-0.88515],[123.02979,-0.88723],[123.02902,-0.88763],[123.02823,-0.88711],[123.02727,-0.88782],[123.02669,-0.88908],[123.02695,-0.89026],[123.02765,-0.89091],[123.02842,-0.89119],[123.02968,-0.89077],[123.02972,-0.89128],[123.02806,-0.89127],[123.02727,-0.89083],[123.02606,-0.89188],[123.02728,-0.89198],[123.02699,-0.89265],[123.02791,-0.89255],[123.02807,-0.89358],[123.02895,-0.89352],[123.02922,-0.89314],[123.0297,-0.89336],[123.03021,-0.89405],[123.03172,-0.8948],[123.03179,-0.89577],[123.0295,-0.89653],[123.02462,-0.89386],[123.0231,-0.89441],[123.02196,-0.89581],[123.02231,-0.89621],[123.02323,-0.89599],[123.02393,-0.89522],[123.02459,-0.89512],[123.02615,-0.89619],[123.02656,-0.8974],[123.02756,-0.89746],[123.02809,-0.89794],[123.02853,-0.89948],[123.02921,-0.8995],[123.02959,-0.89865],[123.03059,-0.89873],[123.03096,-0.89956],[123.03027,-0.9012],[123.03075,-0.90211],[123.03169,-0.9013],[123.03222,-0.90223],[123.03451,-0.90221],[123.0368,-0.90346],[123.03781,-0.90318],[123.03869,-0.90557],[123.04171,-0.90895],[123.04148,-0.90955],[123.04034,-0.90986],[123.03156,-0.91028],[123.02761,-0.91005],[123.02496,-0.90931],[123.01637,-0.90558],[123.00802,-0.90156],[123.00687,-0.90061],[123.00644,-0.89994],[123.00655,-0.89887],[123.00749,-0.89742],[123.00771,-0.8958],[123.00618,-0.89417],[123.00499,-0.89601],[123.00451,-0.89852],[123.00255,-0.90001],[122.98443,-0.90059],[122.9793,-0.90136],[122.97375,-0.90284],[122.97348,-0.90014],[122.97265,-0.89791],[122.97188,-0.89712],[122.97102,-0.89695],[122.96646,-0.8978],[122.96176,-0.89768],[122.96112,-0.89736],[122.9604,-0.89619],[122.95783,-0.89501],[122.95743,-0.89382],[122.95826,-0.89345],[122.95988,-0.89163],[122.95922,-0.89133],[122.95766,-0.89159],[122.95731,-0.88879],[122.95579,-0.88759],[122.95498,-0.88544],[122.95322,-0.88402],[122.95327,-0.88145],[122.95284,-0.88047],[122.95006,-0.8798],[122.94848,-0.87737],[122.94665,-0.87593],[122.94633,-0.87425],[122.94686,-0.87344],[122.94608,-0.86847],[122.9415,-0.86477],[122.93995,-0.86202],[122.93737,-0.86111],[122.93424,-0.85829],[122.9295,-0.85595],[122.92971,-0.85505],[122.93177,-0.85291],[122.93222,-0.85183],[122.93104,-0.84501],[122.93214,-0.829],[122.92822,-0.82114],[122.92592,-0.82033],[122.92475,-0.81902],[122.92475,-0.81721],[122.92401,-0.81563],[122.91944,-0.81234],[122.91767,-0.81192],[122.91612,-0.80941],[122.91612,-0.80782],[122.91959,-0.79996],[122.92201,-0.79669],[122.92445,-0.79156],[122.9271,-0.79107],[122.92769,-0.78683],[122.92864,-0.78513],[122.93197,-0.78584],[122.93424,-0.78733],[122.9356,-0.78733],[122.94153,-0.78501],[122.94437,-0.78292],[122.94614,-0.78237],[122.94807,-0.78237],[122.94952,-0.78307],[122.95223,-0.78563],[122.9553,-0.78725],[122.95826,-0.78725],[122.96082,-0.78785],[122.96339,-0.79056],[122.96477,-0.79077],[122.96527,-0.78998],[122.96499,-0.789],[122.9677,-0.78856],[122.96783,-0.78807],[122.96728,-0.78761],[122.96761,-0.7865],[122.96913,-0.78655],[122.96915,-0.78536],[122.97003,-0.78559],[122.97075,-0.78423],[122.97392,-0.78473],[122.97402,-0.78394],[122.97457,-0.78387],[122.97544,-0.78467],[122.9769,-0.78499],[122.97753,-0.78606],[122.97882,-0.78521],[122.97947,-0.78564],[122.97915,-0.78658],[122.98022,-0.78683],[122.98122,-0.78767],[122.98163,-0.78749],[122.98165,-0.78656],[122.98202,-0.78634],[122.98281,-0.78641],[122.98371,-0.78707],[122.98427,-0.78615],[122.98566,-0.78663],[122.98602,-0.78546],[122.98658,-0.78646],[122.9878,-0.78617],[122.98854,-0.78738],[122.98944,-0.78671],[122.99028,-0.7868],[122.9907,-0.78594],[122.99187,-0.78644],[122.992,-0.7857],[122.99153,-0.78475],[122.99179,-0.78426],[122.99446,-0.78603],[122.995,-0.78552],[122.99613,-0.78588],[122.99599,-0.78709],[122.99652,-0.78758],[122.99759,-0.78775],[122.99771,-0.78899],[122.99874,-0.78979],[122.99868,-0.79201],[123.00027,-0.79252],[123.00063,-0.79416],[123.0018,-0.79208],[123.00321,-0.7914],[123.00422,-0.79147],[123.00639,-0.79332],[123.00895,-0.79294],[123.00964,-0.79175],[123.01058,-0.79164],[123.01119,-0.79069],[123.01295,-0.79051],[123.01359,-0.78997],[123.01543,-0.78955],[123.01772,-0.78634],[123.01859,-0.78658],[123.02086,-0.78953],[123.02363,-0.79078],[123.02517,-0.79036],[123.0257,-0.78869],[123.02759,-0.78697],[123.02929,-0.78434],[123.03029,-0.78423],[123.03134,-0.78518],[123.03225,-0.78509],[123.03468,-0.78582],[123.03511,-0.78721],[123.03635,-0.78767],[123.03664,-0.78717],[123.03791,-0.7869],[123.03792,-0.78614],[123.03908,-0.78495],[123.03916,-0.78379],[123.03994,-0.78377],[123.0413,-0.78295],[123.04128,-0.78192],[123.04216,-0.78102],[123.04341,-0.78128],[123.04449,-0.78008],[123.04599,-0.77982],[123.04584,-0.77695],[123.05509,-0.77752],[123.05912,-0.77647],[123.05989,-0.77403],[123.06038,-0.77353],[123.06265,-0.77478],[123.06395,-0.77506]]]]}},{"type":"Feature","properties":{"NAMOBJ":"Luwuk Selatan","KODE_KAB":7201},"geometry":{"type":"MultiPolygon","coordinates":[[[[122.79288,-0.96159],[122.79325,-0.96437],[122.79218,-0.96617],[122.78994,-0.96726],[122.78891,-0.96879],[122.78709,-0.97391],[122.7865,-0.9784],[122.78804,-0.98235],[122.79221,-0.9859],[122.79595,-0.99089],[122.79693,-0.99608],[122.79864,-0.99966],[122.79853,-1.00278],[122.79634,-1.00801],[122.79229,-1.01164],[122.78938,-1.01532],[122.78587,-1.02094],[122.7816,-1.02662],[122.77332,-1.04043],[122.76756,-1.04821],[122.76307,-1.05242],[122.75693,-1.05655],[122.75621,-1.05574],[122.75439,-1.05579],[122.74985,-1.05137],[122.74959,-1.05037],[122.74875,-1.05013],[122.74703,-1.04869],[122.74542,-1.04683],[122.74367,-1.0429],[122.74125,-1.04237],[122.7399,-1.04019],[122.73606,-1.03824],[122.73339,-1.03761],[122.73173,-1.03819],[122.73227,-1.03667],[122.73442,-1.03572],[122.73435,-1.03369],[122.73333,-1.03182],[122.7316,-1.03098],[122.72887,-1.02801],[122.72806,-1.02807],[122.72736,-1.02704],[122.72517,-1.02575],[122.72197,-1.02525],[122.72025,-1.02417],[122.71916,-1.02476],[122.71628,-1.02335],[122.71477,-1.02341],[122.71426,-1.02221],[122.71129,-1.02016],[122.71107,-1.01883],[122.71152,-1.01727],[122.71084,-1.017],[122.71051,-1.01588],[122.70945,-1.01581],[122.70747,-1.01476],[122.7069,-1.01303],[122.70477,-1.01074],[122.70371,-1.00842],[122.70246,-1.00801],[122.69899,-1.0084],[122.69695,-1.00643],[122.69484,-1.00634],[122.69454,-1.0054],[122.6935,-1.00444],[122.69275,-1.00237],[122.68997,-1.00111],[122.68954,-1.00053],[122.6888,-0.99816],[122.68873,-0.99629],[122.68621,-0.99269],[122.6672,-0.98247],[122.66518,-0.98094],[122.66167,-0.9778],[122.65733,-0.97235],[122.65355,-0.97052],[122.65249,-0.96925],[122.65092,-0.96405],[122.64826,-0.95942],[122.64627,-0.95707],[122.63885,-0.95389],[122.63694,-0.95098],[122.63216,-0.94881],[122.63426,-0.94526],[122.63671,-0.94247],[122.64246,-0.94374],[122.64431,-0.9432],[122.64586,-0.94134],[122.64662,-0.94098],[122.65104,-0.94153],[122.65356,-0.94058],[122.65467,-0.9382],[122.65702,-0.93569],[122.6589,-0.93534],[122.6598,-0.93467],[122.66145,-0.93425],[122.66205,-0.93358],[122.66301,-0.93371],[122.6638,-0.93269],[122.66736,-0.93237],[122.66918,-0.92846],[122.6737,-0.92541],[122.6769,-0.92179],[122.68504,-0.91853],[122.68811,-0.9177],[122.69014,-0.91762],[122.69711,-0.91527],[122.69875,-0.91401],[122.70078,-0.91149],[122.70131,-0.90995],[122.70536,-0.90478],[122.70703,-0.90124],[122.70962,-0.89884],[122.71972,-0.89387],[122.71994,-0.89697],[122.72139,-0.89936],[122.7243,-0.90163],[122.72544,-0.90405],[122.72544,-0.9091],[122.72621,-0.91224],[122.72796,-0.91264],[122.73196,-0.91209],[122.73522,-0.91397],[122.73578,-0.91535],[122.73678,-0.91635],[122.73928,-0.91709],[122.74315,-0.92387],[122.74775,-0.92868],[122.75,-0.93405],[122.75414,-0.93803],[122.75669,-0.93934],[122.75746,-0.93883],[122.75855,-0.93879],[122.75973,-0.94026],[122.76264,-0.93928],[122.76613,-0.94027],[122.76702,-0.94184],[122.76633,-0.94323],[122.76668,-0.94639],[122.76739,-0.94739],[122.76921,-0.94844],[122.77222,-0.95377],[122.77531,-0.95545],[122.77984,-0.95507],[122.78282,-0.9554],[122.78325,-0.95582],[122.78195,-0.95982],[122.78755,-0.96231],[122.78971,-0.96252],[122.79288,-0.96159]]]]}},{"type":"Feature","properties":{"NAMOBJ":"Balantak Selatan","KODE_KAB":7201},"geometry":{"type":"MultiPolygon","coordinates":[[[[123.39179,-0.89112],[123.39135,-0.89248],[123.39161,-0.89574],[123.39252,-0.90088],[123.39383,-0.90272],[123.39388,-0.90333],[123.39318,-0.90444],[123.39268,-0.90739],[123.39035,-0.90756],[123.38835,-0.90858],[123.38723,-0.9105],[123.38633,-0.9134],[123.38574,-0.918],[123.38492,-0.91922],[123.3851,-0.92091],[123.3844,-0.92296],[123.38467,-0.92568],[123.38556,-0.92658],[123.38327,-0.93065],[123.38324,-0.93137],[123.38259,-0.93171],[123.38332,-0.93205],[123.38384,-0.93329],[123.38399,-0.93576],[123.38522,-0.93822],[123.38746,-0.94112],[123.38923,-0.94267],[123.38958,-0.94353],[123.3915,-0.94488],[123.39188,-0.94598],[123.39272,-0.94655],[123.39276,-0.94724],[123.39482,-0.94931],[123.39617,-0.95164],[123.39719,-0.95529],[123.39262,-0.9566],[123.38849,-0.9587],[123.3862,-0.96298],[123.38529,-0.96321],[123.38196,-0.96788],[123.38098,-0.97032],[123.38099,-0.97183],[123.37819,-0.97418],[123.37445,-0.97094],[123.37215,-0.96979],[123.3709,-0.96763],[123.36952,-0.9665],[123.36191,-0.96222],[123.35449,-0.95961],[123.35218,-0.96111],[123.34938,-0.9612],[123.34806,-0.96198],[123.34242,-0.95889],[123.3394,-0.95867],[123.33652,-0.95942],[123.33353,-0.95935],[123.33323,-0.95885],[123.33349,-0.95601],[123.3305,-0.95815],[123.32943,-0.95656],[123.32688,-0.95617],[123.32559,-0.95635],[123.32427,-0.95459],[123.31943,-0.95249],[123.31512,-0.95176],[123.3141,-0.95083],[123.311,-0.95021],[123.30918,-0.94645],[123.3091,-0.94544],[123.30756,-0.94498],[123.30623,-0.94372],[123.30361,-0.94325],[123.30225,-0.94371],[123.30128,-0.94316],[123.29742,-0.94329],[123.2965,-0.94244],[123.29547,-0.94241],[123.29397,-0.94111],[123.29156,-0.94126],[123.29125,-0.93943],[123.2916,-0.9382],[123.29008,-0.93645],[123.29007,-0.93387],[123.28831,-0.93263],[123.28736,-0.93242],[123.28688,-0.93148],[123.28727,-0.92717],[123.28278,-0.92586],[123.28133,-0.92502],[123.28175,-0.92418],[123.28276,-0.92349],[123.28347,-0.92134],[123.28345,-0.91601],[123.28181,-0.91353],[123.28266,-0.91056],[123.28167,-0.90992],[123.28009,-0.90619],[123.27914,-0.90597],[123.27815,-0.90372],[123.27636,-0.90319],[123.27477,-0.89952],[123.27328,-0.89888],[123.27379,-0.89782],[123.27456,-0.89744],[123.27824,-0.89762],[123.28065,-0.89616],[123.28318,-0.89597],[123.28451,-0.89492],[123.28592,-0.89543],[123.28796,-0.89522],[123.29001,-0.89443],[123.29127,-0.89551],[123.29196,-0.89974],[123.29312,-0.89969],[123.29351,-0.89732],[123.29394,-0.89674],[123.29624,-0.89597],[123.29905,-0.89668],[123.30178,-0.89815],[123.30416,-0.89804],[123.30714,-0.89926],[123.30991,-0.8994],[123.31272,-0.90057],[123.31406,-0.90166],[123.31665,-0.90193],[123.32209,-0.90334],[123.32516,-0.90493],[123.32843,-0.90527],[123.33084,-0.90671],[123.33684,-0.90777],[123.33702,-0.90543],[123.3394,-0.90168],[123.34102,-0.90126],[123.34164,-0.89969],[123.34342,-0.89885],[123.34442,-0.89743],[123.35086,-0.89623],[123.35242,-0.89542],[123.35531,-0.89541],[123.35759,-0.89419],[123.35828,-0.89325],[123.36068,-0.89511],[123.36134,-0.89376],[123.36134,-0.89197],[123.36631,-0.89433],[123.36838,-0.89584],[123.37007,-0.8979],[123.37218,-0.89856],[123.37343,-0.89823],[123.37563,-0.8966],[123.377,-0.89691],[123.37773,-0.89563],[123.37974,-0.89514],[123.38133,-0.89531],[123.3822,-0.89469],[123.38354,-0.89518],[123.38474,-0.89362],[123.38604,-0.89273],[123.38955,-0.89282],[123.39127,-0.89098],[123.39179,-0.89112]]]]}},{"type":"Feature","properties":{"NAMOBJ":"Lamala","KODE_KAB":7201},"geometry":{"type":"MultiPolygon","coordinates":[[[[123.13872,-0.89033],[123.13983,-0.88898],[123.1415,-0.88856],[123.13872,-0.89033]]],[[[123.23784,-0.81847],[123.23804,-0.81931],[123.24151,-0.81839],[123.24287,-0.81948],[123.24436,-0.81914],[123.24697,-0.81995],[123.24816,-0.82088],[123.25268,-0.82122],[123.25417,-0.82193],[123.25524,-0.8214],[123.25676,-0.82315],[123.26021,-0.82457],[123.26014,-0.82561],[123.25888,-0.82727],[123.25873,-0.83148],[123.25797,-0.83359],[123.25673,-0.83404],[123.25628,-0.83461],[123.25617,-0.83699],[123.25712,-0.83931],[123.25729,-0.84434],[123.25814,-0.84613],[123.25869,-0.84975],[123.25862,-0.85852],[123.25915,-0.86001],[123.2611,-0.86156],[123.26112,-0.86305],[123.26031,-0.8642],[123.26062,-0.86579],[123.26238,-0.87067],[123.2632,-0.87587],[123.26422,-0.87693],[123.26222,-0.88009],[123.26213,-0.88173],[123.26423,-0.88361],[123.26546,-0.88343],[123.26684,-0.88489],[123.26626,-0.88754],[123.26531,-0.88942],[123.26715,-0.89229],[123.26835,-0.89594],[123.27259,-0.89756],[123.27328,-0.89888],[123.27181,-0.89926],[123.27114,-0.90017],[123.27024,-0.90058],[123.26812,-0.89979],[123.26695,-0.90017],[123.2666,-0.90128],[123.26573,-0.9016],[123.26542,-0.90238],[123.26561,-0.90542],[123.26619,-0.90743],[123.26164,-0.90891],[123.26185,-0.9101],[123.26073,-0.9106],[123.26042,-0.9143],[123.25755,-0.91459],[123.25631,-0.91591],[123.25329,-0.91798],[123.25204,-0.91943],[123.24937,-0.92037],[123.24909,-0.92132],[123.24929,-0.92471],[123.2473,-0.92563],[123.24676,-0.92677],[123.24675,-0.92872],[123.2445,-0.92969],[123.24009,-0.93354],[123.24049,-0.93534],[123.24167,-0.93724],[123.24064,-0.94016],[123.23407,-0.93944],[123.23082,-0.93991],[123.22298,-0.93935],[123.22138,-0.93975],[123.22083,-0.94046],[123.22069,-0.94228],[123.2194,-0.94398],[123.21971,-0.94712],[123.21837,-0.95006],[123.21667,-0.95152],[123.21526,-0.9517],[123.21365,-0.9525],[123.21312,-0.95441],[123.21051,-0.95627],[123.2089,-0.95864],[123.20692,-0.95965],[123.20493,-0.95973],[123.20351,-0.96168],[123.20081,-0.96212],[123.1993,-0.963],[123.19772,-0.96499],[123.19727,-0.96789],[123.1944,-0.96886],[123.19236,-0.97138],[123.19051,-0.96973],[123.18635,-0.96841],[123.18,-0.96097],[123.17785,-0.95916],[123.16851,-0.95457],[123.16323,-0.95332],[123.15941,-0.95072],[123.15851,-0.9504],[123.15758,-0.95071],[123.15082,-0.95462],[123.14893,-0.95528],[123.14717,-0.95531],[123.14392,-0.95382],[123.14121,-0.95108],[123.14076,-0.94954],[123.14097,-0.94725],[123.14218,-0.94487],[123.14559,-0.9426],[123.14564,-0.94183],[123.14678,-0.94114],[123.14816,-0.93906],[123.14924,-0.93815],[123.14908,-0.93743],[123.14796,-0.93651],[123.14593,-0.93114],[123.14059,-0.92697],[123.13986,-0.92455],[123.13973,-0.92185],[123.14098,-0.91875],[123.14071,-0.91592],[123.1417,-0.91333],[123.1413,-0.91227],[123.13955,-0.91123],[123.1364,-0.90699],[123.13438,-0.90188],[123.13621,-0.89975],[123.13987,-0.89946],[123.14229,-0.89744],[123.14369,-0.89806],[123.14342,-0.90153],[123.14412,-0.90286],[123.14568,-0.90397],[123.14677,-0.90349],[123.1479,-0.90387],[123.14969,-0.9027],[123.15099,-0.90315],[123.15193,-0.90192],[123.1534,-0.90128],[123.15335,-0.90083],[123.15279,-0.90094],[123.15276,-0.90067],[123.15303,-0.89954],[123.15279,-0.89867],[123.1534,-0.89763],[123.15278,-0.89744],[123.15268,-0.89681],[123.15378,-0.89533],[123.15329,-0.89402],[123.154,-0.893],[123.15352,-0.89135],[123.15309,-0.89152],[123.15306,-0.8932],[123.15243,-0.8934],[123.15251,-0.8951],[123.15188,-0.89511],[123.15175,-0.89439],[123.1513,-0.89471],[123.15154,-0.89599],[123.14992,-0.89614],[123.14892,-0.89772],[123.14763,-0.89675],[123.14733,-0.89479],[123.14833,-0.89325],[123.1485,-0.89212],[123.14773,-0.89029],[123.14624,-0.89007],[123.14646,-0.88916],[123.14707,-0.88851],[123.14837,-0.88938],[123.14963,-0.88888],[123.1497,-0.88821],[123.14917,-0.88773],[123.15059,-0.8873],[123.15102,-0.88602],[123.15082,-0.88494],[123.14993,-0.88379],[123.14743,-0.88221],[123.15204,-0.87813],[123.15626,-0.87776],[123.15826,-0.87645],[123.16251,-0.87221],[123.16317,-0.87052],[123.16338,-0.86405],[123.16396,-0.86316],[123.164,-0.86207],[123.16561,-0.86078],[123.16746,-0.85561],[123.16809,-0.85483],[123.18397,-0.84413],[123.1883,-0.8445],[123.18865,-0.84384],[123.18818,-0.84299],[123.18822,-0.84196],[123.18851,-0.84091],[123.18942,-0.83986],[123.19201,-0.83923],[123.19842,-0.83609],[123.20022,-0.83472],[123.20228,-0.83395],[123.20565,-0.83153],[123.20881,-0.83044],[123.20931,-0.82983],[123.20888,-0.82729],[123.20955,-0.82514],[123.21149,-0.82448],[123.21229,-0.82249],[123.21286,-0.82236],[123.21413,-0.82324],[123.21614,-0.82382],[123.21925,-0.82374],[123.22308,-0.82485],[123.22451,-0.82379],[123.22334,-0.82195],[123.22334,-0.81973],[123.2237,-0.81888],[123.22526,-0.81864],[123.22778,-0.81751],[123.23308,-0.81803],[123.23468,-0.81857],[123.23647,-0.81747],[123.23758,-0.81773],[123.23784,-0.81847]]]]}},{"type":"Feature","properties":{"NAMOBJ":"Nuhon","KODE_KAB":7201},"geometry":{"type":"MultiPolygon","coordinates":[[[[122.20698,-0.89863],[122.20902,-0.89977],[122.20914,-0.90096],[122.20996,-0.90171],[122.21056,-0.90338],[122.21034,-0.90445],[122.21076,-0.90539],[122.21189,-0.90509],[122.21277,-0.90536],[122.21263,-0.90624],[122.21349,-0.90812],[122.21435,-0.90882],[122.21748,-0.91332],[122.21781,-0.91592],[122.21827,-0.91656],[122.21806,-0.9173],[122.219,-0.91813],[122.22021,-0.92168],[122.22149,-0.92238],[122.22144,-0.92359],[122.22077,-0.92469],[122.22143,-0.92565],[122.22155,-0.92736],[122.22073,-0.92988],[122.22145,-0.93117],[122.2214,-0.93447],[122.22043,-0.93697],[122.22116,-0.93954],[122.22083,-0.94176],[122.22214,-0.94342],[122.22311,-0.94548],[122.22325,-0.94862],[122.22604,-0.95478],[122.22627,-0.9565],[122.22743,-0.95797],[122.22897,-0.96243],[122.22883,-0.96371],[122.22957,-0.9646],[122.2298,-0.96625],[122.23185,-0.96946],[122.23215,-0.97102],[122.23323,-0.97087],[122.23415,-0.97273],[122.23589,-0.97372],[122.23687,-0.97666],[122.23761,-0.97599],[122.23967,-0.976],[122.24076,-0.97526],[122.24186,-0.9761],[122.2427,-0.97552],[122.24298,-0.97637],[122.24449,-0.97811],[122.24707,-0.97932],[122.24721,-0.98019],[122.24631,-0.98157],[122.24711,-0.98187],[122.24804,-0.98131],[122.24838,-0.98158],[122.24717,-0.9841],[122.24768,-0.9842],[122.24877,-0.98356],[122.24945,-0.98472],[122.25019,-0.98501],[122.25009,-0.98728],[122.25112,-0.98832],[122.25094,-0.98943],[122.25208,-0.99313],[122.25335,-0.99399],[122.2542,-0.99578],[122.25613,-0.99563],[122.25498,-0.99807],[122.25576,-1.0003],[122.25638,-1.00056],[122.25625,-1.00111],[122.2569,-1.00125],[122.25717,-1.00254],[122.25787,-1.00271],[122.25787,-1.00358],[122.25871,-1.00362],[122.25982,-1.00576],[122.25974,-1.00668],[122.26165,-1.00646],[122.26266,-1.00843],[122.26229,-1.00978],[122.26253,-1.01054],[122.26557,-1.01227],[122.26537,-1.01319],[122.26465,-1.01328],[122.26426,-1.01421],[122.26461,-1.01631],[122.2644,-1.01747],[122.26521,-1.01833],[122.26618,-1.01835],[122.26629,-1.01899],[122.26519,-1.02011],[122.2655,-1.02099],[122.26439,-1.02121],[122.2639,-1.02185],[122.26318,-1.02318],[122.26306,-1.02432],[122.26386,-1.02457],[122.26513,-1.02412],[122.26528,-1.02441],[122.26454,-1.02577],[122.2647,-1.02699],[122.26339,-1.02828],[122.26242,-1.02867],[122.26198,-1.0304],[122.2631,-1.03271],[122.26497,-1.03365],[122.26517,-1.03615],[122.26692,-1.03973],[122.27094,-1.0439],[122.27214,-1.04717],[122.27126,-1.0551],[122.26873,-1.05754],[122.26765,-1.06109],[122.26541,-1.06463],[122.26531,-1.06749],[122.26398,-1.06924],[122.26391,-1.06987],[122.26692,-1.06905],[122.26825,-1.06912],[122.27004,-1.07014],[122.2729,-1.07276],[122.27501,-1.07615],[122.27503,-1.07863],[122.27645,-1.08452],[122.2814,-1.08883],[122.28489,-1.08932],[122.28615,-1.09135],[122.28553,-1.09293],[122.28604,-1.09472],[122.2831,-1.09932],[122.28334,-1.10139],[122.28163,-1.10073],[122.28007,-1.09957],[122.27609,-1.1007],[122.27542,-1.10248],[122.27393,-1.10376],[122.26906,-1.10358],[122.26963,-1.10917],[122.26588,-1.11151],[122.26268,-1.11239],[122.26326,-1.11389],[122.26488,-1.11609],[122.26476,-1.11786],[122.26727,-1.11879],[122.26756,-1.12214],[122.2695,-1.12288],[122.27169,-1.12498],[122.27453,-1.13312],[122.2726,-1.13286],[122.2704,-1.1317],[122.2635,-1.13062],[122.26049,-1.13174],[122.2581,-1.13105],[122.25648,-1.13111],[122.25327,-1.1326],[122.25151,-1.13286],[122.24957,-1.13131],[122.24716,-1.13018],[122.24513,-1.13079],[122.24401,-1.13027],[122.24196,-1.13075],[122.23829,-1.12894],[122.23628,-1.13039],[122.23511,-1.13061],[122.23377,-1.13006],[122.23258,-1.12831],[122.2311,-1.12814],[122.22901,-1.12895],[122.22654,-1.12896],[122.22502,-1.12873],[122.22382,-1.12783],[122.22176,-1.12857],[122.2196,-1.12872],[122.21696,-1.12767],[122.21169,-1.12966],[122.20786,-1.12984],[122.20513,-1.1285],[122.20262,-1.12812],[122.19904,-1.12663],[122.19797,-1.12676],[122.19602,-1.12797],[122.19332,-1.12818],[122.1902,-1.12988],[122.19077,-1.13181],[122.19152,-1.13254],[122.19109,-1.13476],[122.19176,-1.13729],[122.19196,-1.14142],[122.19303,-1.14215],[122.19272,-1.1459],[122.19189,-1.14748],[122.19196,-1.15048],[122.18817,-1.15472],[122.18652,-1.15581],[122.18499,-1.15813],[122.18386,-1.1602],[122.18262,-1.16539],[122.17941,-1.1676],[122.17828,-1.16898],[122.18219,-1.17172],[122.1831,-1.17371],[122.18496,-1.17418],[122.18732,-1.17564],[122.1887,-1.17787],[122.19235,-1.17744],[122.19445,-1.17825],[122.19171,-1.18056],[122.1908,-1.18287],[122.18951,-1.18378],[122.18826,-1.18597],[122.1862,-1.18726],[122.18404,-1.18943],[122.18236,-1.1898],[122.18079,-1.18843],[122.17942,-1.18812],[122.17797,-1.18933],[122.17371,-1.19118],[122.17212,-1.19316],[122.16942,-1.19504],[122.16517,-1.19547],[122.16393,-1.19793],[122.1634,-1.20007],[122.16149,-1.20101],[122.16087,-1.20197],[122.15908,-1.20193],[122.158,-1.20254],[122.15696,-1.20465],[122.15501,-1.20522],[122.15531,-1.20691],[122.15413,-1.20645],[122.14893,-1.20941],[122.14593,-1.21162],[122.14345,-1.21515],[122.14128,-1.21706],[122.13892,-1.22116],[122.13601,-1.23138],[122.132,-1.24079],[122.13008,-1.24299],[122.12784,-1.24476],[122.12638,-1.24585],[122.12535,-1.24596],[122.1243,-1.24665],[122.12272,-1.24891],[122.12051,-1.24776],[122.11908,-1.24556],[122.11483,-1.24244],[122.11406,-1.24049],[122.11528,-1.23993],[122.11515,-1.23863],[122.11283,-1.23757],[122.11242,-1.23601],[122.11138,-1.23574],[122.11102,-1.23638],[122.11027,-1.23642],[122.10999,-1.23519],[122.10872,-1.23319],[122.10658,-1.23259],[122.10603,-1.23188],[122.10406,-1.23119],[122.10179,-1.23091],[122.10009,-1.23164],[122.09816,-1.23126],[122.09729,-1.23069],[122.09606,-1.22895],[122.09354,-1.22867],[122.0923,-1.22701],[122.09077,-1.22669],[122.08748,-1.22448],[122.0862,-1.22266],[122.0839,-1.22111],[122.08345,-1.21879],[122.08256,-1.2188],[122.08147,-1.21996],[122.0808,-1.21994],[122.08032,-1.21816],[122.08056,-1.2158],[122.07873,-1.2146],[122.07794,-1.21319],[122.07838,-1.2116],[122.07967,-1.2113],[122.08078,-1.21186],[122.08178,-1.21144],[122.08169,-1.21042],[122.08038,-1.20972],[122.07989,-1.20788],[122.07977,-1.20622],[122.08078,-1.20473],[122.08064,-1.20353],[122.08001,-1.20231],[122.07864,-1.20212],[122.07661,-1.20057],[122.07524,-1.20039],[122.07419,-1.20099],[122.07342,-1.20402],[122.0728,-1.20404],[122.07201,-1.20322],[122.07168,-1.19929],[122.06746,-1.19647],[122.06728,-1.19538],[122.06795,-1.19349],[122.06643,-1.1918],[122.0669,-1.19018],[122.06874,-1.19029],[122.06922,-1.1899],[122.06715,-1.18881],[122.06798,-1.1884],[122.0697,-1.18879],[122.06892,-1.18622],[122.06842,-1.18614],[122.0678,-1.18718],[122.06706,-1.1865],[122.0655,-1.1862],[122.06472,-1.18513],[122.06025,-1.18492],[122.05913,-1.1834],[122.05904,-1.1816],[122.05835,-1.18108],[122.05407,-1.17999],[122.05254,-1.1808],[122.04977,-1.18069],[122.04707,-1.17916],[122.04463,-1.17915],[122.04332,-1.17748],[122.04285,-1.17595],[122.04447,-1.1736],[122.0441,-1.17235],[122.04423,-1.1705],[122.04147,-1.17025],[122.03298,-1.17097],[122.03158,-1.16748],[122.03218,-1.1656],[122.03182,-1.16471],[122.03076,-1.16379],[122.02875,-1.16359],[122.0263,-1.16266],[122.0232,-1.15977],[122.01926,-1.1536],[122.01547,-1.15217],[122.01269,-1.14992],[122.01017,-1.1508],[122.00931,-1.15066],[122.00835,-1.14724],[122.00986,-1.14544],[122.0105,-1.14345],[122.01046,-1.14215],[122.01014,-1.14145],[122.00863,-1.14055],[122.00728,-1.1389],[122.00544,-1.13863],[122.00471,-1.13577],[122.005,-1.13431],[122.00337,-1.1313],[121.99969,-1.13027],[121.99745,-1.13069],[121.99641,-1.13145],[121.99532,-1.13124],[121.99462,-1.13049],[121.99417,-1.12867],[121.9954,-1.12719],[121.99553,-1.12599],[121.99467,-1.12611],[121.99238,-1.12746],[121.99026,-1.12768],[121.98972,-1.12705],[121.98942,-1.12398],[121.98886,-1.12325],[121.98696,-1.12465],[121.98645,-1.12404],[121.98493,-1.12392],[121.98212,-1.12279],[121.97799,-1.12489],[121.97761,-1.12476],[121.97714,-1.1233],[121.97646,-1.12281],[121.9742,-1.12372],[121.9727,-1.12275],[121.97002,-1.12394],[121.96916,-1.12325],[121.96781,-1.12112],[121.96624,-1.12089],[121.96629,-1.11886],[121.96437,-1.11872],[121.96297,-1.11986],[121.96031,-1.11788],[121.96067,-1.11609],[121.9599,-1.1148],[121.95902,-1.11479],[121.95785,-1.11595],[121.95641,-1.11576],[121.95599,-1.11505],[121.95658,-1.11346],[121.95601,-1.11159],[121.95547,-1.1113],[121.95424,-1.11195],[121.95254,-1.11362],[121.95095,-1.1131],[121.94997,-1.11324],[121.94817,-1.11521],[121.94778,-1.11656],[121.94807,-1.11736],[121.95052,-1.11707],[121.95148,-1.11885],[121.94918,-1.12114],[121.94974,-1.12483],[121.94802,-1.12712],[121.94453,-1.12878],[121.9426,-1.13069],[121.94158,-1.1307],[121.93991,-1.12977],[121.93883,-1.13013],[121.93749,-1.13127],[121.93535,-1.13131],[121.93468,-1.13038],[121.9345,-1.12854],[121.93464,-1.12681],[121.93538,-1.12506],[121.93457,-1.12474],[121.93201,-1.12509],[121.92974,-1.12403],[121.92918,-1.12311],[121.92977,-1.12108],[121.92967,-1.11826],[121.92822,-1.11621],[121.92524,-1.11577],[121.92375,-1.11433],[121.92367,-1.11252],[121.9255,-1.11081],[121.92571,-1.10947],[121.92541,-1.10865],[121.92309,-1.107],[121.9209,-1.10442],[121.92088,-1.1029],[121.92225,-1.10147],[121.92211,-1.09961],[121.91858,-1.09856],[121.92071,-1.0966],[121.92057,-1.09602],[121.91602,-1.09389],[121.91366,-1.09341],[121.91181,-1.09121],[121.90868,-1.0894],[121.9062,-1.08973],[121.90391,-1.09076],[121.90111,-1.09084],[121.89987,-1.09132],[121.89784,-1.09023],[121.89576,-1.09084],[121.89424,-1.09036],[121.89267,-1.0873],[121.89151,-1.08679],[121.89097,-1.08595],[121.88962,-1.07968],[121.88843,-1.0783],[121.88795,-1.07667],[121.88563,-1.07647],[121.88474,-1.07495],[121.88428,-1.0731],[121.88348,-1.07219],[121.87908,-1.07291],[121.87555,-1.07259],[121.87543,-1.07123],[121.87611,-1.06795],[121.8758,-1.06687],[121.87365,-1.06477],[121.87123,-1.06448],[121.86897,-1.06142],[121.86897,-1.06031],[121.86994,-1.05835],[121.87005,-1.05646],[121.86907,-1.05388],[121.86755,-1.05336],[121.86709,-1.05272],[121.86668,-1.04776],[121.86538,-1.04445],[121.86536,-1.04341],[121.86708,-1.03925],[121.86716,-1.03776],[121.86317,-1.03652],[121.8615,-1.03249],[121.86003,-1.03073],[121.86206,-1.02705],[121.86294,-1.02264],[121.86202,-1.00294],[121.85973,-0.99347],[121.85855,-0.97654],[121.86019,-0.97643],[121.86155,-0.97566],[121.8655,-0.97563],[121.86692,-0.97491],[121.86799,-0.97549],[121.86945,-0.97743],[121.87095,-0.97785],[121.87202,-0.9777],[121.87367,-0.97676],[121.87424,-0.978],[121.87515,-0.97881],[121.87758,-0.98],[121.8803,-0.98063],[121.88197,-0.98172],[121.88474,-0.98209],[121.88796,-0.9809],[121.88986,-0.98205],[121.89358,-0.982],[121.8978,-0.98309],[121.89898,-0.98373],[121.89987,-0.98495],[121.90164,-0.98584],[121.90261,-0.98587],[121.90399,-0.98683],[121.90538,-0.98865],[121.90663,-0.98954],[121.90655,-0.98988],[121.90592,-0.98981],[121.9065,-0.99077],[121.90736,-0.99049],[121.90688,-0.9895],[121.9087,-0.99],[121.90887,-0.99179],[121.91046,-0.99357],[121.91032,-0.99403],[121.91121,-0.99549],[121.91317,-0.99699],[121.91489,-0.99698],[121.92677,-0.99358],[121.93095,-0.99503],[121.93315,-0.99525],[121.9404,-0.99448],[121.94409,-0.99637],[121.94693,-0.99674],[121.94937,-0.99474],[121.9503,-0.9945],[121.95166,-0.99301],[121.95418,-0.99336],[121.95578,-0.99229],[121.95989,-0.99066],[121.96371,-0.9865],[121.96535,-0.98176],[121.96826,-0.97933],[121.9715,-0.97908],[121.97461,-0.97821],[121.97764,-0.97511],[121.98128,-0.97312],[121.9822,-0.97104],[121.98123,-0.96886],[121.98162,-0.96758],[121.98655,-0.96626],[121.98754,-0.96506],[121.98935,-0.96032],[121.98995,-0.96027],[121.98942,-0.96002],[121.98961,-0.9589],[121.99028,-0.95813],[121.99018,-0.95714],[121.99091,-0.95669],[121.99054,-0.95581],[121.9912,-0.95479],[121.99035,-0.95471],[121.98948,-0.95516],[121.98889,-0.95516],[121.98883,-0.95484],[121.98911,-0.95415],[121.9909,-0.95325],[121.99066,-0.95141],[121.98974,-0.95004],[121.99033,-0.94864],[121.99254,-0.94766],[121.99383,-0.94773],[121.99453,-0.94875],[121.99624,-0.94869],[121.9974,-0.94735],[121.99792,-0.94806],[121.9999,-0.94867],[121.99972,-0.95042],[122.00056,-0.95221],[122.00127,-0.95258],[122.0015,-0.95218],[122.00048,-0.95104],[122.00045,-0.94926],[122.00081,-0.94833],[122.00113,-0.94914],[122.0018,-0.94934],[122.00246,-0.94891],[122.00292,-0.94969],[122.00246,-0.95067],[122.00282,-0.95059],[122.00319,-0.94947],[122.00291,-0.94877],[122.00137,-0.94823],[122.00301,-0.94687],[122.00359,-0.94456],[122.00208,-0.9399],[122.00378,-0.93845],[122.00489,-0.93846],[122.00637,-0.93777],[122.01223,-0.93735],[122.01359,-0.93769],[122.01459,-0.93862],[122.01612,-0.93851],[122.0189,-0.93741],[122.0192,-0.93682],[122.02082,-0.93678],[122.02162,-0.93635],[122.02601,-0.93787],[122.02785,-0.9376],[122.02933,-0.93839],[122.03129,-0.94067],[122.03108,-0.94181],[122.03353,-0.94237],[122.03433,-0.94221],[122.03489,-0.94304],[122.03595,-0.94342],[122.03595,-0.94408],[122.03755,-0.94445],[122.04031,-0.94703],[122.04178,-0.94766],[122.04346,-0.94665],[122.04387,-0.94509],[122.04617,-0.94467],[122.04939,-0.9478],[122.05155,-0.9494],[122.05271,-0.94965],[122.05623,-0.94903],[122.05795,-0.94731],[122.06031,-0.94644],[122.06115,-0.94712],[122.06241,-0.94652],[122.0633,-0.94714],[122.06381,-0.94693],[122.06496,-0.94868],[122.06621,-0.94948],[122.06601,-0.94986],[122.06904,-0.95097],[122.06913,-0.9524],[122.0698,-0.95224],[122.06966,-0.95165],[122.07035,-0.95106],[122.07321,-0.95098],[122.07577,-0.94996],[122.07799,-0.94973],[122.07964,-0.95052],[122.08078,-0.95147],[122.08131,-0.95263],[122.08274,-0.95356],[122.08418,-0.95383],[122.08471,-0.95454],[122.08608,-0.95508],[122.08776,-0.95516],[122.08945,-0.95681],[122.09151,-0.95678],[122.09254,-0.95737],[122.0943,-0.95726],[122.09481,-0.95809],[122.09566,-0.95852],[122.09639,-0.95835],[122.09664,-0.95974],[122.09841,-0.96231],[122.09917,-0.96263],[122.10076,-0.96237],[122.10289,-0.96121],[122.10478,-0.95925],[122.10518,-0.95944],[122.10541,-0.95883],[122.10721,-0.95811],[122.10975,-0.95628],[122.112,-0.95393],[122.11615,-0.95066],[122.11802,-0.94826],[122.11927,-0.94788],[122.11995,-0.9465],[122.12238,-0.94514],[122.12642,-0.9413],[122.1273,-0.94175],[122.1274,-0.94137],[122.12667,-0.94101],[122.12864,-0.93835],[122.13296,-0.93062],[122.13453,-0.92878],[122.13626,-0.92809],[122.13936,-0.9257],[122.14869,-0.91028],[122.14976,-0.90735],[122.15,-0.90607],[122.14965,-0.9046],[122.15062,-0.90268],[122.15158,-0.89711],[122.15305,-0.89741],[122.15111,-0.89588],[122.15122,-0.89032],[122.15026,-0.8882],[122.15081,-0.88761],[122.1508,-0.88655],[122.15211,-0.88804],[122.15298,-0.88776],[122.15318,-0.88669],[122.15459,-0.88691],[122.15491,-0.88602],[122.15587,-0.88677],[122.15694,-0.88647],[122.15778,-0.88694],[122.15856,-0.88666],[122.16009,-0.8882],[122.15967,-0.88977],[122.16075,-0.8897],[122.16064,-0.88881],[122.16143,-0.88916],[122.16129,-0.89069],[122.16264,-0.89012],[122.16373,-0.89166],[122.16462,-0.89115],[122.16597,-0.89269],[122.16603,-0.8919],[122.16674,-0.89178],[122.1677,-0.89345],[122.16816,-0.89362],[122.16951,-0.89349],[122.16904,-0.89236],[122.16978,-0.89209],[122.17086,-0.8938],[122.17072,-0.8962],[122.16961,-0.89684],[122.17021,-0.89756],[122.17399,-0.89581],[122.17482,-0.89652],[122.17644,-0.89651],[122.17695,-0.89701],[122.17762,-0.89696],[122.17831,-0.89604],[122.17941,-0.89659],[122.17961,-0.8953],[122.18026,-0.89522],[122.18145,-0.89583],[122.18459,-0.89588],[122.18523,-0.89781],[122.18656,-0.89668],[122.188,-0.89731],[122.18911,-0.89693],[122.18976,-0.89771],[122.18907,-0.89805],[122.18905,-0.89844],[122.19105,-0.89974],[122.19157,-0.89964],[122.19257,-0.89772],[122.19555,-0.89856],[122.19706,-0.90079],[122.19813,-0.90067],[122.19825,-0.89986],[122.19883,-0.89946],[122.19934,-0.90066],[122.20026,-0.90093],[122.20094,-0.90168],[122.20144,-0.90141],[122.2015,-0.89969],[122.20204,-0.90007],[122.20286,-0.89968],[122.2048,-0.9002],[122.20531,-0.89929],[122.20652,-0.89941],[122.20698,-0.89863]]]]}},{"type":"Feature","properties":{"NAMOBJ":"Luwuk","KODE_KAB":7201},"geometry":{"type":"MultiPolygon","coordinates":[[[[122.82989,-0.93273],[122.82138,-0.93671],[122.81972,-0.93929],[122.81298,-0.9404],[122.80711,-0.9402],[122.8025,-0.94183],[122.79822,-0.9465],[122.79669,-0.94914],[122.79572,-0.9486],[122.79481,-0.94905],[122.79346,-0.94873],[122.79273,-0.94915],[122.79269,-0.95139],[122.79114,-0.95364],[122.7908,-0.9553],[122.79237,-0.9564],[122.79489,-0.95569],[122.79617,-0.95403],[122.79595,-0.9538],[122.79699,-0.95313],[122.79708,-0.95201],[122.79802,-0.95119],[122.7979,-0.9505],[122.79928,-0.95023],[122.79957,-0.95218],[122.79903,-0.95405],[122.79323,-0.95946],[122.79288,-0.96159],[122.78971,-0.96252],[122.78755,-0.96231],[122.78195,-0.95982],[122.78325,-0.95582],[122.78282,-0.9554],[122.77984,-0.95507],[122.77531,-0.95545],[122.77222,-0.95377],[122.76921,-0.94844],[122.76739,-0.94739],[122.76668,-0.94639],[122.76633,-0.94323],[122.76702,-0.94184],[122.76613,-0.94027],[122.76264,-0.93928],[122.75973,-0.94026],[122.75827,-0.93873],[122.75669,-0.93934],[122.75414,-0.93803],[122.75232,-0.936],[122.75063,-0.93482],[122.74775,-0.92868],[122.74315,-0.92387],[122.73928,-0.91709],[122.73678,-0.91635],[122.73578,-0.91535],[122.73522,-0.91397],[122.73196,-0.91209],[122.72796,-0.91264],[122.72621,-0.91224],[122.72544,-0.9091],[122.72544,-0.90405],[122.7243,-0.90163],[122.72139,-0.89936],[122.71994,-0.89697],[122.71972,-0.89387],[122.72546,-0.89141],[122.72808,-0.88775],[122.73237,-0.88308],[122.7385,-0.87776],[122.73952,-0.87786],[122.74049,-0.88224],[122.74321,-0.884],[122.75,-0.88229],[122.75167,-0.87858],[122.75388,-0.87633],[122.76151,-0.87376],[122.76384,-0.87184],[122.76471,-0.86996],[122.76366,-0.8667],[122.76407,-0.8662],[122.76761,-0.86562],[122.7681,-0.8665],[122.7681,-0.8679],[122.76889,-0.86903],[122.77429,-0.86683],[122.77972,-0.86396],[122.78031,-0.86576],[122.78391,-0.86863],[122.78502,-0.87052],[122.78504,-0.87292],[122.78554,-0.875],[122.78728,-0.87687],[122.78988,-0.87718],[122.79098,-0.87839],[122.79248,-0.87848],[122.7918,-0.88159],[122.79227,-0.88699],[122.79368,-0.88935],[122.79422,-0.89418],[122.79502,-0.89659],[122.794,-0.89804],[122.79403,-0.90325],[122.79265,-0.90523],[122.79385,-0.90744],[122.79399,-0.90901],[122.79676,-0.91072],[122.79717,-0.91247],[122.79796,-0.91266],[122.79882,-0.91355],[122.79866,-0.91452],[122.79939,-0.91565],[122.80093,-0.91472],[122.80165,-0.91568],[122.80276,-0.9151],[122.80451,-0.91513],[122.80549,-0.91468],[122.8064,-0.9149],[122.80704,-0.91639],[122.8082,-0.917],[122.80966,-0.91657],[122.80987,-0.91756],[122.81109,-0.91892],[122.81198,-0.9192],[122.8121,-0.92228],[122.81362,-0.92268],[122.81502,-0.92075],[122.81765,-0.92006],[122.82133,-0.92027],[122.82212,-0.92208],[122.82675,-0.92714],[122.82756,-0.92927],[122.82989,-0.93273]]]]}},{"type":"Feature","properties":{"NAMOBJ":"Bunta","KODE_KAB":7201},"geometry":{"type":"MultiPolygon","coordinates":[[[[122.16616,-0.83825],[122.16624,-0.83832],[122.16615,-0.83827],[122.16593,-0.83812],[122.16584,-0.83807],[122.16589,-0.83808],[122.16616,-0.83825]]],[[[122.461,-0.75921],[122.46271,-0.76022],[122.46391,-0.76164],[122.4659,-0.76176],[122.46627,-0.76257],[122.46603,-0.7631],[122.46642,-0.76349],[122.46768,-0.76338],[122.46858,-0.76226],[122.4704,-0.76137],[122.47329,-0.76157],[122.47849,-0.76558],[122.47953,-0.76566],[122.48118,-0.76679],[122.4822,-0.76691],[122.4844,-0.76848],[122.48587,-0.76858],[122.48818,-0.76974],[122.48945,-0.76952],[122.49184,-0.77015],[122.49251,-0.77062],[122.49319,-0.77209],[122.49465,-0.77285],[122.49554,-0.7743],[122.4961,-0.77341],[122.49701,-0.77341],[122.49872,-0.7715],[122.5013,-0.77543],[122.5015,-0.77821],[122.50339,-0.78029],[122.50349,-0.78115],[122.4981,-0.78148],[122.49643,-0.78055],[122.49378,-0.78043],[122.49395,-0.78143],[122.4923,-0.78395],[122.4909,-0.78354],[122.48956,-0.78462],[122.48599,-0.78458],[122.48457,-0.78629],[122.48276,-0.78567],[122.48188,-0.78481],[122.47908,-0.7869],[122.47715,-0.78706],[122.47514,-0.78646],[122.4749,-0.78854],[122.47652,-0.79029],[122.47676,-0.79425],[122.4755,-0.7943],[122.4762,-0.79875],[122.47594,-0.80272],[122.47583,-0.80306],[122.47513,-0.80295],[122.47474,-0.80411],[122.47289,-0.80469],[122.47246,-0.80522],[122.47266,-0.80753],[122.47408,-0.80924],[122.47242,-0.81056],[122.4705,-0.81117],[122.47063,-0.81231],[122.46992,-0.81382],[122.47082,-0.8175],[122.47027,-0.81784],[122.46982,-0.81891],[122.46705,-0.8195],[122.46556,-0.81914],[122.46488,-0.81977],[122.46371,-0.81971],[122.46295,-0.82202],[122.46238,-0.82212],[122.4617,-0.82153],[122.46144,-0.82217],[122.46073,-0.82227],[122.46036,-0.82444],[122.46105,-0.82696],[122.45945,-0.82859],[122.45978,-0.82943],[122.45923,-0.83052],[122.45805,-0.83166],[122.45774,-0.83261],[122.45673,-0.83279],[122.45585,-0.83452],[122.45452,-0.83397],[122.45421,-0.83516],[122.45291,-0.83487],[122.45274,-0.83579],[122.45164,-0.83629],[122.45122,-0.83813],[122.44999,-0.83869],[122.44927,-0.84049],[122.44941,-0.84135],[122.45094,-0.84264],[122.45025,-0.84386],[122.45007,-0.84571],[122.4493,-0.84765],[122.44956,-0.84812],[122.45085,-0.84797],[122.45123,-0.84911],[122.45104,-0.85091],[122.45278,-0.85236],[122.4531,-0.85455],[122.45371,-0.85541],[122.45293,-0.8557],[122.45274,-0.85676],[122.45401,-0.85664],[122.45704,-0.85763],[122.45771,-0.85987],[122.4584,-0.86053],[122.4583,-0.8611],[122.45665,-0.86223],[122.45624,-0.8641],[122.45722,-0.86619],[122.4568,-0.86775],[122.45696,-0.87023],[122.45789,-0.87113],[122.45984,-0.87048],[122.46072,-0.87057],[122.46161,-0.87217],[122.46282,-0.87294],[122.46341,-0.87487],[122.46527,-0.8755],[122.4653,-0.87999],[122.46614,-0.88245],[122.4662,-0.88396],[122.47105,-0.88365],[122.47401,-0.88512],[122.47812,-0.88551],[122.47891,-0.88531],[122.48063,-0.88386],[122.48215,-0.88394],[122.4827,-0.88476],[122.48287,-0.88624],[122.48417,-0.88757],[122.48483,-0.88946],[122.48606,-0.89083],[122.48581,-0.89262],[122.48629,-0.89632],[122.48726,-0.89763],[122.48733,-0.89931],[122.48595,-0.90523],[122.48354,-0.907],[122.48392,-0.90829],[122.48527,-0.90895],[122.48631,-0.91036],[122.48635,-0.91128],[122.48549,-0.91346],[122.48715,-0.91611],[122.48447,-0.91604],[122.4825,-0.91721],[122.48151,-0.91994],[122.48005,-0.92027],[122.48019,-0.9219],[122.4795,-0.92269],[122.4796,-0.92413],[122.4785,-0.92493],[122.47652,-0.9255],[122.47544,-0.92736],[122.47309,-0.93002],[122.47017,-0.93015],[122.46997,-0.93201],[122.46816,-0.93256],[122.46647,-0.93431],[122.46234,-0.93707],[122.46061,-0.93654],[122.45965,-0.93747],[122.45785,-0.93782],[122.4574,-0.94088],[122.45665,-0.94229],[122.45385,-0.94389],[122.45208,-0.94673],[122.45092,-0.94994],[122.44881,-0.95037],[122.44509,-0.95328],[122.44294,-0.95337],[122.43716,-0.95525],[122.43635,-0.95593],[122.43562,-0.95768],[122.43393,-0.95942],[122.4333,-0.96066],[122.43178,-0.96165],[122.43099,-0.96412],[122.42826,-0.96544],[122.42522,-0.96766],[122.42418,-0.96765],[122.42368,-0.96837],[122.42202,-0.96899],[122.41952,-0.971],[122.41703,-0.97913],[122.4161,-0.97993],[122.41578,-0.98077],[122.41657,-0.98604],[122.41627,-0.98855],[122.4157,-0.98965],[122.41558,-0.99125],[122.41448,-0.99161],[122.41448,-0.99249],[122.41402,-0.99297],[122.41345,-0.99701],[122.41148,-0.99881],[122.40885,-0.99935],[122.40531,-0.9993],[122.40412,-0.99997],[122.40483,-1.00168],[122.40442,-1.00249],[122.40431,-1.00752],[122.40357,-1.00922],[122.40452,-1.01111],[122.40528,-1.01606],[122.40951,-1.01986],[122.4101,-1.02243],[122.41168,-1.02284],[122.41327,-1.02421],[122.41406,-1.03017],[122.41517,-1.03485],[122.41114,-1.03641],[122.40957,-1.04002],[122.40778,-1.04159],[122.40691,-1.04454],[122.40428,-1.04682],[122.40206,-1.05121],[122.39932,-1.05163],[122.39688,-1.05314],[122.3945,-1.0523],[122.39295,-1.05387],[122.39277,-1.0551],[122.3921,-1.05583],[122.3905,-1.0561],[122.3855,-1.05907],[122.38181,-1.06007],[122.37987,-1.06221],[122.37582,-1.06304],[122.37058,-1.06204],[122.36719,-1.06236],[122.36556,-1.06193],[122.36265,-1.06239],[122.36048,-1.06168],[122.35822,-1.06194],[122.35777,-1.06097],[122.35842,-1.06031],[122.35862,-1.05928],[122.35988,-1.05856],[122.35998,-1.05752],[122.35982,-1.05696],[122.35878,-1.0568],[122.3564,-1.05553],[122.35528,-1.05203],[122.35563,-1.05073],[122.35638,-1.04996],[122.35563,-1.04925],[122.355,-1.0475],[122.35488,-1.04242],[122.35331,-1.03885],[122.35442,-1.03507],[122.35307,-1.0341],[122.35288,-1.03223],[122.35187,-1.03077],[122.3521,-1.02966],[122.35161,-1.02826],[122.35161,-1.02394],[122.35099,-1.02341],[122.35038,-1.0217],[122.351,-1.01967],[122.35042,-1.01869],[122.34934,-1.01835],[122.34851,-1.01735],[122.34844,-1.01168],[122.34942,-1.01009],[122.34868,-1.00834],[122.34746,-1.00716],[122.34548,-1.00693],[122.34492,-1.006],[122.34372,-1.00579],[122.34254,-1.00412],[122.34156,-1.0039],[122.34136,-1.00311],[122.3405,-1.00236],[122.34062,-1.00079],[122.33883,-1.00105],[122.3356,-0.99864],[122.33532,-0.99637],[122.33342,-0.99584],[122.33348,-0.99421],[122.33003,-0.99514],[122.32886,-0.99382],[122.32707,-0.99055],[122.32526,-0.98961],[122.32427,-0.9886],[122.3229,-0.98546],[122.32292,-0.98431],[122.32162,-0.98354],[122.32176,-0.98269],[122.32109,-0.9819],[122.32096,-0.98048],[122.31945,-0.97743],[122.31819,-0.97695],[122.31673,-0.97708],[122.3154,-0.97567],[122.31481,-0.97597],[122.3148,-0.97674],[122.31401,-0.97652],[122.31341,-0.97694],[122.31259,-0.97685],[122.31176,-0.97789],[122.31132,-0.97769],[122.31149,-0.97704],[122.31031,-0.97694],[122.31042,-0.97633],[122.30928,-0.9764],[122.30868,-0.97573],[122.3077,-0.9771],[122.30712,-0.97719],[122.3047,-0.97529],[122.30329,-0.97564],[122.30395,-0.97418],[122.30207,-0.97387],[122.30159,-0.97334],[122.30149,-0.97272],[122.30215,-0.97139],[122.30037,-0.96925],[122.3022,-0.96781],[122.30206,-0.96725],[122.30062,-0.9665],[122.30047,-0.96607],[122.3017,-0.96401],[122.30122,-0.96331],[122.29963,-0.96325],[122.29968,-0.96282],[122.30074,-0.96198],[122.30056,-0.96149],[122.29975,-0.96138],[122.29901,-0.96209],[122.2984,-0.96123],[122.29981,-0.95999],[122.30084,-0.9597],[122.30068,-0.95832],[122.30221,-0.95825],[122.30276,-0.9573],[122.30374,-0.95703],[122.30431,-0.95594],[122.30697,-0.95341],[122.30647,-0.95192],[122.30806,-0.95006],[122.30756,-0.94886],[122.30603,-0.94862],[122.30646,-0.94807],[122.30649,-0.94653],[122.30713,-0.9456],[122.30647,-0.94323],[122.30764,-0.94311],[122.30781,-0.94183],[122.30877,-0.94045],[122.30915,-0.93879],[122.30996,-0.93827],[122.3114,-0.93869],[122.31228,-0.9384],[122.31276,-0.93713],[122.31375,-0.93689],[122.31349,-0.93478],[122.31548,-0.93201],[122.31521,-0.93005],[122.31579,-0.92946],[122.31533,-0.92844],[122.31616,-0.92825],[122.316,-0.92769],[122.31643,-0.92746],[122.31667,-0.92631],[122.31788,-0.92617],[122.31829,-0.92564],[122.3189,-0.92575],[122.3202,-0.92486],[122.32057,-0.92349],[122.3201,-0.9227],[122.3206,-0.9204],[122.31957,-0.92046],[122.31909,-0.92005],[122.31937,-0.91781],[122.31705,-0.91629],[122.31716,-0.91304],[122.31628,-0.90989],[122.31473,-0.90817],[122.31265,-0.90689],[122.31287,-0.90504],[122.31083,-0.90321],[122.30917,-0.90076],[122.3049,-0.89717],[122.29986,-0.89586],[122.29905,-0.8936],[122.29751,-0.89146],[122.2935,-0.89018],[122.29294,-0.88925],[122.29421,-0.88612],[122.29352,-0.88451],[122.29349,-0.88215],[122.29235,-0.87958],[122.29037,-0.87883],[122.28957,-0.87806],[122.28908,-0.87529],[122.28923,-0.87305],[122.28849,-0.87123],[122.28892,-0.86823],[122.28756,-0.86465],[122.28776,-0.86335],[122.28653,-0.86137],[122.28426,-0.85969],[122.28002,-0.8597],[122.27921,-0.85534],[122.27694,-0.85527],[122.27506,-0.85388],[122.27336,-0.85335],[122.27374,-0.8485],[122.27242,-0.84744],[122.27008,-0.85044],[122.27,-0.85466],[122.26729,-0.85315],[122.265,-0.85101],[122.26378,-0.85181],[122.26063,-0.8517],[122.25826,-0.85223],[122.25656,-0.85125],[122.25611,-0.85007],[122.25219,-0.8498],[122.2525,-0.84646],[122.25188,-0.84566],[122.25,-0.84453],[122.24736,-0.845],[122.24544,-0.84665],[122.24417,-0.84642],[122.24148,-0.84977],[122.23812,-0.85228],[122.23718,-0.85412],[122.23539,-0.85485],[122.23479,-0.85592],[122.23046,-0.86029],[122.22818,-0.86391],[122.2265,-0.86553],[122.2198,-0.86889],[122.21732,-0.86716],[122.21502,-0.86652],[122.2129,-0.86512],[122.21199,-0.86501],[122.21117,-0.8639],[122.21055,-0.8618],[122.20947,-0.86095],[122.20511,-0.86058],[122.20419,-0.85933],[122.20125,-0.86213],[122.20039,-0.86449],[122.20018,-0.86571],[122.2013,-0.86886],[122.20384,-0.87363],[122.20767,-0.87563],[122.20776,-0.87738],[122.20883,-0.87699],[122.20994,-0.87738],[122.21042,-0.87704],[122.21117,-0.87723],[122.21231,-0.87659],[122.21272,-0.8775],[122.21432,-0.87746],[122.21278,-0.88167],[122.21147,-0.88171],[122.21067,-0.88259],[122.2098,-0.88249],[122.20926,-0.88298],[122.2093,-0.88392],[122.21153,-0.88454],[122.21177,-0.88582],[122.21378,-0.88682],[122.21426,-0.88791],[122.21562,-0.88845],[122.21632,-0.88933],[122.21561,-0.89186],[122.21316,-0.89314],[122.20939,-0.89687],[122.20676,-0.89865],[122.20663,-0.89936],[122.20539,-0.89924],[122.2048,-0.9002],[122.20286,-0.89968],[122.20204,-0.90007],[122.2015,-0.89969],[122.20144,-0.90141],[122.20102,-0.90168],[122.19934,-0.90066],[122.19883,-0.89946],[122.19825,-0.89986],[122.19813,-0.90067],[122.19706,-0.90079],[122.19555,-0.89856],[122.19257,-0.89772],[122.19157,-0.89964],[122.19105,-0.89974],[122.18905,-0.89844],[122.18907,-0.89805],[122.18976,-0.89771],[122.18911,-0.89693],[122.188,-0.89731],[122.18656,-0.89668],[122.18523,-0.89781],[122.18459,-0.89588],[122.18145,-0.89583],[122.18026,-0.89522],[122.17961,-0.8953],[122.17941,-0.89659],[122.17831,-0.89604],[122.17762,-0.89696],[122.17695,-0.89701],[122.17644,-0.89651],[122.17482,-0.89652],[122.17399,-0.89581],[122.17019,-0.89755],[122.16961,-0.89684],[122.17072,-0.8962],[122.17086,-0.8938],[122.16978,-0.89209],[122.16904,-0.89236],[122.16951,-0.89349],[122.16816,-0.89362],[122.1677,-0.89345],[122.16674,-0.89178],[122.16603,-0.8919],[122.16597,-0.89269],[122.16462,-0.89115],[122.16373,-0.89166],[122.16264,-0.89012],[122.16129,-0.89069],[122.16143,-0.88916],[122.16064,-0.88881],[122.16075,-0.8897],[122.15967,-0.88977],[122.16009,-0.8882],[122.15846,-0.88664],[122.15778,-0.88694],[122.15699,-0.88647],[122.15587,-0.88677],[122.15491,-0.88602],[122.15459,-0.88691],[122.15318,-0.88669],[122.15298,-0.88776],[122.15211,-0.88804],[122.15089,-0.88651],[122.15081,-0.88761],[122.15026,-0.8882],[122.14979,-0.8859],[122.14866,-0.8846],[122.14888,-0.88325],[122.14871,-0.88278],[122.14811,-0.88285],[122.14829,-0.88134],[122.14791,-0.88139],[122.14732,-0.87984],[122.14727,-0.87632],[122.14762,-0.87541],[122.14838,-0.87519],[122.14944,-0.87406],[122.15103,-0.86781],[122.15095,-0.8673],[122.15033,-0.86726],[122.1487,-0.86513],[122.1485,-0.8634],[122.14894,-0.86308],[122.14849,-0.86253],[122.14848,-0.86156],[122.14888,-0.8591],[122.15019,-0.85827],[122.15039,-0.8566],[122.15151,-0.8549],[122.15365,-0.85341],[122.1568,-0.85187],[122.16029,-0.85261],[122.16139,-0.85156],[122.16408,-0.85031],[122.16421,-0.84985],[122.16348,-0.84972],[122.16353,-0.84905],[122.16709,-0.84584],[122.16844,-0.84209],[122.16845,-0.84067],[122.16878,-0.84063],[122.1647,-0.83555],[122.16368,-0.83542],[122.16348,-0.83597],[122.16296,-0.83609],[122.16351,-0.83737],[122.1646,-0.83772],[122.16235,-0.83758],[122.16179,-0.83672],[122.15923,-0.8357],[122.15812,-0.83324],[122.16066,-0.83175],[122.1604,-0.83132],[122.15814,-0.83202],[122.15928,-0.82672],[122.15884,-0.82388],[122.1599,-0.82142],[122.16058,-0.82069],[122.16159,-0.81716],[122.1624,-0.81637],[122.16395,-0.81576],[122.16956,-0.8162],[122.17134,-0.81382],[122.17236,-0.81364],[122.17431,-0.81195],[122.17807,-0.81079],[122.18508,-0.8131],[122.18508,-0.81429],[122.18551,-0.81478],[122.18831,-0.81498],[122.18937,-0.81443],[122.19088,-0.81266],[122.1916,-0.81095],[122.19494,-0.80587],[122.19522,-0.80443],[122.19475,-0.80326],[122.1961,-0.80199],[122.19641,-0.80024],[122.19703,-0.80069],[122.1978,-0.80024],[122.19781,-0.79938],[122.19678,-0.79822],[122.19749,-0.79679],[122.19833,-0.79653],[122.19895,-0.79566],[122.20055,-0.79543],[122.2014,-0.79462],[122.20229,-0.79158],[122.202,-0.78846],[122.20569,-0.78983],[122.20849,-0.79227],[122.21326,-0.79441],[122.21478,-0.79393],[122.21729,-0.79384],[122.22209,-0.79202],[122.22579,-0.78894],[122.22645,-0.78906],[122.22881,-0.78805],[122.23015,-0.7861],[122.23542,-0.78756],[122.2372,-0.78876],[122.23798,-0.78866],[122.23879,-0.78909],[122.24186,-0.78874],[122.24273,-0.78913],[122.24335,-0.78875],[122.24313,-0.7885],[122.2442,-0.78807],[122.24545,-0.7896],[122.24787,-0.79025],[122.25491,-0.79043],[122.25693,-0.79147],[122.25881,-0.79146],[122.26074,-0.79093],[122.26593,-0.78717],[122.26977,-0.78775],[122.27317,-0.79012],[122.2753,-0.79064],[122.28109,-0.78847],[122.2835,-0.78844],[122.28503,-0.78797],[122.28841,-0.79146],[122.28933,-0.7919],[122.29111,-0.79136],[122.29233,-0.79172],[122.29365,-0.79109],[122.29284,-0.792],[122.29241,-0.79298],[122.29268,-0.79322],[122.29401,-0.79256],[122.29406,-0.79083],[122.29508,-0.78993],[122.29746,-0.78935],[122.29948,-0.78972],[122.29987,-0.79056],[122.30078,-0.79024],[122.30255,-0.79144],[122.30306,-0.79241],[122.30395,-0.79299],[122.30405,-0.79389],[122.30372,-0.79421],[122.30417,-0.79663],[122.30448,-0.79677],[122.30712,-0.79503],[122.30907,-0.79505],[122.31081,-0.79455],[122.31259,-0.79503],[122.31381,-0.79448],[122.31506,-0.79347],[122.31708,-0.78984],[122.3197,-0.78704],[122.3214,-0.78616],[122.32371,-0.78567],[122.32588,-0.78292],[122.33026,-0.7816],[122.3321,-0.77869],[122.33117,-0.78041],[122.332,-0.77947],[122.33385,-0.77931],[122.33417,-0.77842],[122.33533,-0.7778],[122.33658,-0.7779],[122.33955,-0.78018],[122.34042,-0.78242],[122.34237,-0.78313],[122.34334,-0.78442],[122.34606,-0.78497],[122.34627,-0.78561],[122.34681,-0.78547],[122.34706,-0.78483],[122.35193,-0.7836],[122.35397,-0.78235],[122.35399,-0.78324],[122.35219,-0.78371],[122.35203,-0.78462],[122.35279,-0.78575],[122.35409,-0.7859],[122.35473,-0.785],[122.35429,-0.7834],[122.35489,-0.78165],[122.35794,-0.77886],[122.36021,-0.77992],[122.36126,-0.77895],[122.36004,-0.77974],[122.35924,-0.77842],[122.36219,-0.7774],[122.36552,-0.77759],[122.36686,-0.77809],[122.37062,-0.7767],[122.37232,-0.77681],[122.37443,-0.7785],[122.37486,-0.77815],[122.3758,-0.77824],[122.37518,-0.77935],[122.37639,-0.78179],[122.37721,-0.78208],[122.37815,-0.78149],[122.37847,-0.78184],[122.38035,-0.78183],[122.38208,-0.78256],[122.38248,-0.78241],[122.38403,-0.78476],[122.38521,-0.78419],[122.38399,-0.78224],[122.3812,-0.77981],[122.37973,-0.77976],[122.37976,-0.7804],[122.37928,-0.78051],[122.37919,-0.77921],[122.38003,-0.77903],[122.38184,-0.77969],[122.38483,-0.78267],[122.38675,-0.78284],[122.38689,-0.78341],[122.39108,-0.78235],[122.39259,-0.78317],[122.39389,-0.7829],[122.39565,-0.7832],[122.39759,-0.78436],[122.39939,-0.784],[122.40034,-0.78464],[122.40234,-0.78383],[122.40408,-0.78502],[122.4076,-0.78319],[122.40953,-0.78345],[122.41065,-0.78516],[122.41144,-0.7843],[122.41087,-0.78452],[122.4104,-0.78413],[122.41076,-0.7837],[122.41316,-0.78433],[122.41395,-0.78404],[122.41457,-0.78472],[122.41556,-0.78465],[122.41686,-0.7843],[122.42068,-0.78194],[122.42353,-0.78168],[122.42988,-0.77769],[122.43075,-0.77657],[122.43408,-0.7742],[122.43673,-0.77038],[122.43885,-0.7698],[122.4403,-0.76762],[122.44117,-0.76706],[122.44355,-0.76654],[122.44676,-0.76457],[122.44841,-0.76498],[122.44951,-0.76482],[122.45167,-0.76312],[122.45434,-0.76203],[122.45782,-0.75941],[122.46033,-0.759],[122.461,-0.75921]]]]}},{"type":"Feature","properties":{"NAMOBJ":"Simpang Raya","KODE_KAB":7201},"geometry":{"type":"MultiPolygon","coordinates":[[[[122.35528,-1.05203],[122.35383,-1.0527],[122.35147,-1.05305],[122.35031,-1.05482],[122.3506,-1.05637],[122.34964,-1.05759],[122.34445,-1.06148],[122.34186,-1.06242],[122.34016,-1.06241],[122.33903,-1.06406],[122.33833,-1.06645],[122.33907,-1.06851],[122.33777,-1.06986],[122.33799,-1.07114],[122.33659,-1.0722],[122.33614,-1.07342],[122.33643,-1.07479],[122.33598,-1.07578],[122.33807,-1.07643],[122.34111,-1.07847],[122.34504,-1.08299],[122.34219,-1.08425],[122.34067,-1.0844],[122.33751,-1.08695],[122.33248,-1.08848],[122.32947,-1.08858],[122.32688,-1.08803],[122.3244,-1.08628],[122.32307,-1.08457],[122.32193,-1.08451],[122.31996,-1.08355],[122.31967,-1.08288],[122.31782,-1.08191],[122.3175,-1.08137],[122.31679,-1.08146],[122.31433,-1.07986],[122.31282,-1.08012],[122.31117,-1.07916],[122.31064,-1.07767],[122.30898,-1.07658],[122.30849,-1.07538],[122.30926,-1.07352],[122.30929,-1.07216],[122.30832,-1.06833],[122.30722,-1.06711],[122.30592,-1.06656],[122.30482,-1.06887],[122.30424,-1.06782],[122.30369,-1.06758],[122.30211,-1.06834],[122.30211,-1.06921],[122.30144,-1.06977],[122.29577,-1.0694],[122.29505,-1.07167],[122.29421,-1.07232],[122.29427,-1.07306],[122.29383,-1.07356],[122.29422,-1.0767],[122.29295,-1.07734],[122.29259,-1.07881],[122.29086,-1.08004],[122.29144,-1.08364],[122.2908,-1.08402],[122.28944,-1.08351],[122.28888,-1.08395],[122.28849,-1.08537],[122.2892,-1.08664],[122.28806,-1.08765],[122.28615,-1.09135],[122.28472,-1.08918],[122.2814,-1.08883],[122.27645,-1.08452],[122.27503,-1.07863],[122.27501,-1.07615],[122.2729,-1.07276],[122.27004,-1.07014],[122.26825,-1.06912],[122.26692,-1.06905],[122.26391,-1.06987],[122.26398,-1.06924],[122.26531,-1.06749],[122.26541,-1.06463],[122.26765,-1.06109],[122.26873,-1.05754],[122.27126,-1.0551],[122.27214,-1.04717],[122.27094,-1.0439],[122.26692,-1.03973],[122.26517,-1.03615],[122.26497,-1.03365],[122.2631,-1.03271],[122.26198,-1.0304],[122.26242,-1.02867],[122.26339,-1.02828],[122.2647,-1.02699],[122.26454,-1.02577],[122.26528,-1.02441],[122.26513,-1.02412],[122.26386,-1.02457],[122.26306,-1.02432],[122.26318,-1.02318],[122.2639,-1.02185],[122.26439,-1.02121],[122.2655,-1.02099],[122.26519,-1.02011],[122.26629,-1.01899],[122.26618,-1.01835],[122.26521,-1.01833],[122.2644,-1.01747],[122.26461,-1.01631],[122.26428,-1.01414],[122.26465,-1.01328],[122.26537,-1.01319],[122.2656,-1.01237],[122.26253,-1.01054],[122.26229,-1.00978],[122.26266,-1.00843],[122.26165,-1.00646],[122.25974,-1.00668],[122.25982,-1.00576],[122.25871,-1.00362],[122.25787,-1.00358],[122.25787,-1.00271],[122.25717,-1.00254],[122.2569,-1.00125],[122.25625,-1.00111],[122.25638,-1.00056],[122.25576,-1.0003],[122.25498,-0.99807],[122.25613,-0.99563],[122.2542,-0.99578],[122.25335,-0.99399],[122.25208,-0.99313],[122.25094,-0.98943],[122.25112,-0.98832],[122.25009,-0.98728],[122.25019,-0.98501],[122.24945,-0.98472],[122.24877,-0.98356],[122.24768,-0.9842],[122.24717,-0.9841],[122.24838,-0.98158],[122.24804,-0.98131],[122.24711,-0.98187],[122.24631,-0.98157],[122.24721,-0.98019],[122.24712,-0.97938],[122.24449,-0.97811],[122.24298,-0.97637],[122.2427,-0.97552],[122.24186,-0.9761],[122.24076,-0.97526],[122.23967,-0.976],[122.23761,-0.97599],[122.23687,-0.97666],[122.23589,-0.97372],[122.23415,-0.97273],[122.23323,-0.97087],[122.23223,-0.97112],[122.23185,-0.96946],[122.22973,-0.96609],[122.22957,-0.9646],[122.22883,-0.96371],[122.22897,-0.96243],[122.22743,-0.95797],[122.22627,-0.9565],[122.22604,-0.95478],[122.22318,-0.94842],[122.22311,-0.94548],[122.2208,-0.94165],[122.22116,-0.93954],[122.22043,-0.93697],[122.2214,-0.93447],[122.22145,-0.93117],[122.22073,-0.92988],[122.22155,-0.92736],[122.22143,-0.92565],[122.22077,-0.92469],[122.22144,-0.92359],[122.22149,-0.92238],[122.22021,-0.92168],[122.219,-0.91813],[122.21806,-0.9173],[122.21827,-0.91656],[122.21781,-0.91592],[122.21748,-0.91332],[122.21435,-0.90882],[122.21349,-0.90812],[122.21263,-0.90624],[122.21277,-0.90536],[122.21189,-0.90509],[122.21076,-0.90539],[122.21034,-0.90445],[122.21056,-0.90338],[122.20996,-0.90171],[122.20914,-0.90096],[122.20902,-0.89977],[122.20698,-0.89863],[122.20939,-0.89687],[122.21316,-0.89314],[122.21525,-0.89222],[122.2158,-0.89158],[122.21632,-0.88933],[122.21562,-0.88845],[122.21426,-0.88791],[122.21378,-0.88682],[122.21177,-0.88582],[122.21153,-0.88454],[122.2093,-0.88392],[122.20926,-0.88298],[122.2098,-0.88249],[122.21067,-0.88259],[122.21147,-0.88171],[122.21278,-0.88167],[122.21432,-0.87746],[122.21272,-0.8775],[122.21231,-0.87659],[122.21117,-0.87723],[122.21042,-0.87704],[122.20994,-0.87738],[122.20883,-0.87699],[122.20776,-0.87738],[122.20767,-0.87563],[122.20384,-0.87363],[122.2013,-0.86886],[122.20018,-0.86571],[122.20039,-0.86449],[122.20125,-0.86213],[122.20419,-0.85933],[122.20511,-0.86058],[122.20947,-0.86095],[122.21055,-0.8618],[122.21117,-0.8639],[122.21199,-0.86501],[122.2129,-0.86512],[122.21502,-0.86652],[122.21732,-0.86716],[122.2198,-0.86889],[122.22532,-0.86628],[122.22751,-0.86465],[122.23046,-0.86029],[122.23479,-0.85592],[122.23539,-0.85485],[122.23718,-0.85412],[122.23812,-0.85228],[122.24148,-0.84977],[122.24417,-0.84642],[122.24532,-0.84669],[122.24736,-0.845],[122.25,-0.84453],[122.2525,-0.84646],[122.25219,-0.8498],[122.25611,-0.85007],[122.25656,-0.85125],[122.25826,-0.85223],[122.26063,-0.8517],[122.26378,-0.85181],[122.265,-0.85101],[122.26729,-0.85315],[122.27,-0.85466],[122.27008,-0.85044],[122.27242,-0.84744],[122.27374,-0.8485],[122.27336,-0.85335],[122.27506,-0.85388],[122.27694,-0.85527],[122.27921,-0.85534],[122.28002,-0.8597],[122.2839,-0.85955],[122.28653,-0.86137],[122.28776,-0.86335],[122.28756,-0.86465],[122.28888,-0.86789],[122.28849,-0.87123],[122.28923,-0.87305],[122.28908,-0.87529],[122.28957,-0.87806],[122.29037,-0.87883],[122.29235,-0.87958],[122.29349,-0.88215],[122.29352,-0.88451],[122.29421,-0.88612],[122.29294,-0.88925],[122.29394,-0.89053],[122.29547,-0.89065],[122.29763,-0.89155],[122.29905,-0.8936],[122.29998,-0.89595],[122.3049,-0.89717],[122.30917,-0.90076],[122.31083,-0.90321],[122.31287,-0.90504],[122.31265,-0.90689],[122.31473,-0.90817],[122.31628,-0.90989],[122.31716,-0.91304],[122.31705,-0.91629],[122.31937,-0.91781],[122.31909,-0.92005],[122.31957,-0.92046],[122.32039,-0.92022],[122.32061,-0.92049],[122.3201,-0.9227],[122.32057,-0.92349],[122.3202,-0.92486],[122.3189,-0.92575],[122.31829,-0.92564],[122.31788,-0.92617],[122.31667,-0.92631],[122.31643,-0.92746],[122.316,-0.92769],[122.31616,-0.92825],[122.31533,-0.92844],[122.31579,-0.92946],[122.31521,-0.93005],[122.31548,-0.93201],[122.31349,-0.93478],[122.31375,-0.93689],[122.31276,-0.93713],[122.31228,-0.9384],[122.3114,-0.93869],[122.30996,-0.93827],[122.30915,-0.93879],[122.30877,-0.94045],[122.30781,-0.94183],[122.30764,-0.94311],[122.30647,-0.94323],[122.30713,-0.9456],[122.30649,-0.94653],[122.30646,-0.94807],[122.30603,-0.94862],[122.30756,-0.94886],[122.30806,-0.95006],[122.30647,-0.95192],[122.30697,-0.95341],[122.30431,-0.95594],[122.30374,-0.95703],[122.30276,-0.9573],[122.30221,-0.95825],[122.30068,-0.95832],[122.30084,-0.9597],[122.29981,-0.95999],[122.29842,-0.96117],[122.29901,-0.96209],[122.29975,-0.96138],[122.30056,-0.96149],[122.30074,-0.96198],[122.29968,-0.96282],[122.29963,-0.96325],[122.30122,-0.96331],[122.3017,-0.96401],[122.30047,-0.96607],[122.30062,-0.9665],[122.30206,-0.96725],[122.3022,-0.96781],[122.30037,-0.96925],[122.30215,-0.97139],[122.30153,-0.97321],[122.30207,-0.97387],[122.30395,-0.97418],[122.30329,-0.97564],[122.3047,-0.97529],[122.30712,-0.97719],[122.3077,-0.9771],[122.30868,-0.97573],[122.30928,-0.9764],[122.31042,-0.97633],[122.31031,-0.97694],[122.31149,-0.97704],[122.31132,-0.97769],[122.31176,-0.97789],[122.31259,-0.97685],[122.31341,-0.97694],[122.31401,-0.97652],[122.3148,-0.97674],[122.31481,-0.97597],[122.3154,-0.97567],[122.31673,-0.97708],[122.31819,-0.97695],[122.31945,-0.97743],[122.32096,-0.98048],[122.32109,-0.9819],[122.32176,-0.98269],[122.32162,-0.98354],[122.32292,-0.98431],[122.3229,-0.98546],[122.32427,-0.9886],[122.32526,-0.98961],[122.32707,-0.99055],[122.32886,-0.99382],[122.33003,-0.99514],[122.33348,-0.99421],[122.33342,-0.99584],[122.33532,-0.99637],[122.3356,-0.99864],[122.33883,-1.00105],[122.34062,-1.00079],[122.3405,-1.00236],[122.34136,-1.00311],[122.34156,-1.0039],[122.34254,-1.00412],[122.34372,-1.00579],[122.34492,-1.006],[122.34548,-1.00693],[122.34746,-1.00716],[122.34868,-1.00834],[122.34942,-1.01009],[122.34844,-1.01168],[122.34851,-1.01735],[122.34934,-1.01835],[122.35042,-1.01869],[122.351,-1.01967],[122.35038,-1.0217],[122.35099,-1.02341],[122.35161,-1.02394],[122.35161,-1.02826],[122.3521,-1.02966],[122.35187,-1.03077],[122.35288,-1.03223],[122.35307,-1.0341],[122.35442,-1.03507],[122.35331,-1.03885],[122.35488,-1.04242],[122.355,-1.0475],[122.35563,-1.04925],[122.35638,-1.04996],[122.35563,-1.05073],[122.35528,-1.05203]]]]}},{"type":"Feature","properties":{"NAMOBJ":"Balantak Utara","KODE_KAB":7201},"geometry":{"type":"MultiPolygon","coordinates":[[[[123.45194,-0.82968],[123.44983,-0.83048],[123.44945,-0.83107],[123.44874,-0.82999],[123.44922,-0.82949],[123.45028,-0.82969],[123.45073,-0.82925],[123.45194,-0.82968]]],[[[123.45538,-0.82031],[123.45738,-0.8204],[123.4582,-0.82089],[123.4594,-0.82062],[123.45859,-0.82264],[123.45784,-0.82068],[123.45629,-0.82099],[123.45522,-0.82049],[123.45499,-0.82099],[123.45584,-0.82202],[123.45543,-0.82251],[123.45592,-0.82338],[123.4582,-0.82375],[123.45859,-0.82486],[123.45717,-0.82554],[123.45575,-0.82561],[123.45417,-0.82356],[123.45307,-0.82303],[123.45263,-0.81955],[123.45177,-0.81828],[123.45221,-0.81825],[123.45261,-0.81921],[123.45323,-0.81958],[123.45538,-0.82031]]],[[[123.45137,-0.81822],[123.45138,-0.81823],[123.45131,-0.81821],[123.45137,-0.81822]]],[[[123.43813,-0.7292],[123.43824,-0.72925],[123.43821,-0.72925],[123.43814,-0.72921],[123.4381,-0.72918],[123.43813,-0.7292]]],[[[123.40296,-0.65032],[123.40566,-0.65034],[123.40798,-0.65155],[123.41056,-0.65438],[123.41126,-0.65595],[123.40959,-0.6563],[123.40609,-0.65611],[123.4037,-0.65775],[123.40237,-0.65739],[123.40023,-0.65758],[123.39964,-0.65821],[123.39656,-0.6597],[123.39317,-0.66028],[123.39112,-0.66173],[123.39005,-0.66164],[123.38851,-0.66251],[123.3846,-0.66212],[123.38222,-0.66372],[123.38247,-0.66604],[123.38199,-0.66642],[123.38323,-0.66638],[123.38424,-0.66535],[123.38507,-0.66556],[123.38514,-0.66693],[123.38261,-0.66711],[123.3824,-0.66744],[123.38312,-0.66841],[123.38432,-0.66848],[123.38439,-0.6691],[123.38222,-0.66914],[123.38098,-0.66836],[123.37972,-0.66812],[123.37942,-0.66827],[123.38042,-0.66863],[123.3791,-0.66847],[123.37888,-0.66878],[123.38058,-0.6692],[123.38144,-0.67211],[123.3838,-0.67164],[123.38545,-0.67048],[123.38583,-0.67062],[123.38584,-0.67199],[123.38424,-0.67254],[123.38403,-0.67333],[123.38445,-0.67395],[123.38544,-0.67422],[123.38556,-0.67488],[123.3859,-0.67378],[123.38692,-0.67375],[123.38688,-0.67515],[123.38739,-0.67555],[123.3882,-0.67478],[123.38877,-0.67529],[123.38873,-0.67425],[123.38937,-0.67434],[123.38972,-0.67354],[123.39113,-0.6733],[123.39106,-0.67193],[123.39049,-0.67147],[123.39082,-0.67088],[123.39037,-0.67042],[123.39173,-0.66977],[123.39255,-0.67014],[123.39256,-0.67269],[123.39346,-0.67383],[123.393,-0.67549],[123.39343,-0.67718],[123.39265,-0.67764],[123.39265,-0.678],[123.39175,-0.67807],[123.39054,-0.67884],[123.39015,-0.68182],[123.39124,-0.68339],[123.3924,-0.68348],[123.39247,-0.68542],[123.39291,-0.68622],[123.39479,-0.6874],[123.39527,-0.68883],[123.39518,-0.69076],[123.39652,-0.69339],[123.39885,-0.69464],[123.40164,-0.69419],[123.40272,-0.69814],[123.4039,-0.69949],[123.40997,-0.70363],[123.4135,-0.70491],[123.41583,-0.70892],[123.4198,-0.7105],[123.4195,-0.71136],[123.42064,-0.71398],[123.41977,-0.71762],[123.42067,-0.71923],[123.42223,-0.71978],[123.42395,-0.71977],[123.42618,-0.71869],[123.42629,-0.71657],[123.42802,-0.71717],[123.43042,-0.71541],[123.43172,-0.71252],[123.43153,-0.71126],[123.43174,-0.7118],[123.43205,-0.71172],[123.43277,-0.71002],[123.43503,-0.70948],[123.43524,-0.70831],[123.43609,-0.70875],[123.43655,-0.70812],[123.43679,-0.70919],[123.43868,-0.70995],[123.43976,-0.70971],[123.44134,-0.70837],[123.44148,-0.70952],[123.44298,-0.71071],[123.44432,-0.71327],[123.44236,-0.71475],[123.44139,-0.71467],[123.44063,-0.71512],[123.43805,-0.71833],[123.43838,-0.7207],[123.43945,-0.72177],[123.43819,-0.7226],[123.43736,-0.72438],[123.43729,-0.72711],[123.4382,-0.72851],[123.43796,-0.72902],[123.43666,-0.7292],[123.43531,-0.7306],[123.43517,-0.73287],[123.43595,-0.73335],[123.43546,-0.73397],[123.43401,-0.73436],[123.43361,-0.73536],[123.43391,-0.73602],[123.43274,-0.73746],[123.43098,-0.73777],[123.43015,-0.73888],[123.42788,-0.74033],[123.42753,-0.7415],[123.42655,-0.74276],[123.42621,-0.74402],[123.42644,-0.74523],[123.42774,-0.7479],[123.42931,-0.74851],[123.43536,-0.74815],[123.43588,-0.74731],[123.43804,-0.74702],[123.43924,-0.74626],[123.44,-0.74659],[123.44116,-0.74642],[123.44332,-0.74548],[123.44422,-0.74609],[123.44453,-0.74591],[123.44479,-0.74647],[123.44544,-0.74668],[123.44644,-0.74884],[123.44602,-0.74974],[123.44613,-0.75348],[123.44931,-0.7563],[123.45036,-0.75884],[123.45216,-0.75997],[123.45144,-0.76253],[123.45166,-0.76408],[123.45454,-0.76678],[123.45629,-0.76775],[123.45697,-0.76911],[123.45793,-0.76916],[123.45715,-0.76973],[123.45693,-0.77116],[123.45639,-0.77134],[123.45631,-0.77059],[123.45305,-0.76848],[123.45155,-0.76839],[123.44772,-0.77097],[123.44497,-0.7755],[123.44404,-0.77824],[123.4441,-0.78017],[123.44107,-0.78729],[123.44069,-0.78993],[123.44134,-0.79201],[123.43996,-0.79316],[123.43878,-0.79339],[123.43765,-0.79524],[123.43703,-0.79722],[123.43526,-0.7982],[123.43352,-0.80064],[123.43417,-0.80451],[123.43356,-0.80591],[123.43372,-0.8083],[123.43326,-0.80897],[123.43359,-0.81104],[123.43231,-0.81453],[123.43115,-0.81651],[123.43147,-0.81835],[123.4327,-0.82087],[123.42972,-0.82204],[123.42651,-0.82609],[123.42378,-0.82842],[123.41623,-0.83865],[123.41446,-0.83751],[123.41362,-0.83556],[123.41338,-0.83362],[123.41165,-0.83283],[123.41006,-0.83118],[123.40674,-0.83031],[123.40491,-0.82918],[123.40287,-0.8296],[123.40092,-0.82906],[123.40059,-0.82602],[123.39913,-0.8256],[123.39632,-0.82592],[123.39511,-0.82354],[123.39313,-0.82427],[123.39211,-0.82419],[123.39059,-0.82247],[123.3905,-0.82135],[123.39003,-0.82079],[123.38812,-0.82012],[123.38669,-0.81837],[123.38547,-0.81788],[123.38435,-0.81794],[123.38202,-0.81921],[123.38144,-0.81881],[123.38067,-0.82053],[123.37995,-0.82116],[123.37487,-0.81812],[123.37207,-0.81852],[123.37156,-0.81885],[123.37157,-0.82007],[123.37039,-0.82085],[123.3694,-0.82287],[123.36534,-0.82611],[123.36169,-0.82497],[123.35716,-0.82442],[123.35582,-0.82323],[123.35301,-0.82238],[123.34875,-0.82255],[123.34742,-0.82199],[123.34192,-0.82184],[123.34041,-0.82356],[123.33825,-0.82306],[123.33377,-0.82337],[123.33249,-0.82264],[123.33054,-0.82322],[123.32958,-0.82203],[123.32749,-0.82181],[123.32662,-0.82081],[123.32568,-0.82046],[123.32385,-0.82187],[123.32278,-0.8219],[123.32047,-0.82101],[123.31584,-0.82114],[123.31218,-0.81958],[123.30978,-0.81962],[123.30721,-0.82246],[123.30604,-0.82477],[123.30504,-0.82569],[123.30351,-0.82983],[123.3004,-0.83273],[123.29979,-0.83482],[123.29829,-0.83536],[123.29664,-0.83497],[123.29532,-0.83352],[123.29352,-0.83338],[123.29066,-0.83163],[123.28839,-0.83225],[123.28747,-0.83213],[123.28646,-0.8315],[123.28292,-0.83062],[123.28203,-0.82987],[123.28089,-0.82963],[123.27967,-0.82854],[123.27737,-0.82856],[123.2768,-0.8272],[123.27519,-0.82795],[123.27378,-0.8272],[123.27307,-0.82735],[123.27182,-0.82593],[123.27102,-0.82637],[123.27019,-0.82575],[123.26917,-0.82596],[123.26746,-0.8252],[123.26631,-0.82396],[123.26486,-0.82414],[123.26328,-0.82522],[123.26177,-0.82414],[123.26003,-0.82457],[123.25648,-0.82291],[123.25517,-0.82141],[123.25517,-0.8207],[123.25763,-0.81709],[123.25822,-0.81373],[123.25979,-0.80992],[123.2591,-0.80784],[123.25784,-0.80674],[123.25837,-0.80533],[123.25873,-0.801],[123.25927,-0.80012],[123.26198,-0.80008],[123.26445,-0.79922],[123.2661,-0.79764],[123.26673,-0.79117],[123.26737,-0.79],[123.26844,-0.78926],[123.26822,-0.78564],[123.26854,-0.78272],[123.26786,-0.78122],[123.26951,-0.77948],[123.26978,-0.77867],[123.26963,-0.77819],[123.2688,-0.77784],[123.26656,-0.77446],[123.26643,-0.77272],[123.26739,-0.7695],[123.2672,-0.76773],[123.26633,-0.76615],[123.26624,-0.76443],[123.26512,-0.76281],[123.26402,-0.76254],[123.26324,-0.76176],[123.26318,-0.76005],[123.26421,-0.75643],[123.26408,-0.7548],[123.26325,-0.75132],[123.26113,-0.75],[123.26253,-0.7489],[123.26267,-0.74783],[123.26367,-0.74839],[123.26419,-0.7482],[123.26427,-0.74744],[123.26337,-0.74654],[123.26368,-0.74595],[123.26432,-0.74594],[123.26526,-0.74681],[123.26611,-0.74682],[123.26771,-0.74517],[123.26799,-0.74461],[123.26749,-0.74316],[123.26772,-0.74241],[123.26857,-0.74229],[123.26946,-0.74309],[123.2707,-0.74243],[123.27025,-0.73974],[123.26848,-0.73836],[123.26871,-0.73763],[123.26999,-0.73678],[123.26953,-0.73446],[123.26745,-0.73219],[123.2682,-0.7318],[123.27057,-0.73206],[123.27117,-0.73136],[123.27154,-0.72952],[123.27293,-0.72904],[123.27291,-0.72709],[123.27187,-0.72544],[123.27216,-0.7249],[123.27679,-0.72554],[123.2769,-0.72465],[123.27585,-0.72329],[123.27656,-0.72188],[123.27515,-0.72096],[123.2752,-0.72043],[123.27736,-0.71913],[123.2778,-0.71766],[123.27983,-0.71548],[123.27971,-0.71415],[123.28168,-0.71444],[123.2826,-0.71392],[123.28369,-0.71253],[123.28768,-0.71196],[123.28774,-0.71028],[123.28833,-0.70971],[123.29063,-0.7106],[123.29085,-0.70929],[123.28953,-0.70881],[123.28942,-0.70846],[123.29121,-0.70606],[123.29202,-0.70342],[123.29317,-0.70328],[123.29553,-0.70438],[123.29776,-0.70349],[123.29818,-0.70006],[123.29509,-0.69808],[123.29704,-0.69678],[123.29709,-0.69628],[123.29578,-0.69585],[123.29481,-0.69497],[123.29287,-0.69455],[123.29281,-0.69203],[123.29239,-0.69104],[123.28998,-0.69096],[123.28992,-0.6904],[123.29074,-0.68981],[123.28958,-0.68913],[123.28974,-0.68545],[123.29274,-0.68307],[123.30033,-0.67997],[123.31732,-0.67558],[123.32726,-0.67192],[123.33112,-0.67192],[123.34201,-0.66951],[123.34707,-0.66788],[123.35067,-0.66793],[123.35165,-0.66892],[123.35381,-0.6691],[123.35497,-0.66967],[123.35769,-0.6698],[123.36059,-0.66576],[123.36179,-0.6654],[123.36293,-0.66433],[123.36424,-0.66521],[123.36509,-0.66516],[123.36542,-0.66449],[123.36608,-0.66452],[123.36557,-0.66303],[123.3659,-0.66254],[123.36644,-0.66297],[123.36686,-0.66419],[123.3681,-0.66448],[123.36908,-0.66416],[123.36985,-0.66255],[123.37238,-0.66269],[123.37335,-0.66211],[123.37408,-0.66245],[123.37499,-0.66155],[123.37635,-0.66171],[123.37714,-0.66229],[123.3772,-0.6616],[123.37857,-0.66109],[123.38105,-0.65822],[123.40024,-0.64953],[123.40296,-0.65032]]]]}},{"type":"Feature","properties":{"NAMOBJ":"Balantak","KODE_KAB":7201},"geometry":{"type":"MultiPolygon","coordinates":[[[[123.4327,-0.82087],[123.43446,-0.82345],[123.43636,-0.82502],[123.43695,-0.82531],[123.4396,-0.82517],[123.44217,-0.82839],[123.44415,-0.82894],[123.44202,-0.83121],[123.44049,-0.83425],[123.4406,-0.83536],[123.44129,-0.83587],[123.44221,-0.8378],[123.44305,-0.83808],[123.44407,-0.83921],[123.44175,-0.83913],[123.43893,-0.83802],[123.43639,-0.83796],[123.43512,-0.83923],[123.43565,-0.84119],[123.43488,-0.84227],[123.43486,-0.84356],[123.43388,-0.84372],[123.43284,-0.84532],[123.42885,-0.84511],[123.42837,-0.84642],[123.42523,-0.84832],[123.42307,-0.85027],[123.42145,-0.85047],[123.42086,-0.85006],[123.41941,-0.85007],[123.41724,-0.85161],[123.41336,-0.85537],[123.41022,-0.85677],[123.40819,-0.8592],[123.40704,-0.86147],[123.40611,-0.86388],[123.40584,-0.8661],[123.40444,-0.86929],[123.40509,-0.87443],[123.40389,-0.87588],[123.40179,-0.87669],[123.39974,-0.87682],[123.39826,-0.87835],[123.39486,-0.88525],[123.39411,-0.88776],[123.39241,-0.88959],[123.39179,-0.89112],[123.39127,-0.89098],[123.38955,-0.89282],[123.38604,-0.89273],[123.38474,-0.89362],[123.38354,-0.89518],[123.3822,-0.89469],[123.38133,-0.89531],[123.37974,-0.89514],[123.37773,-0.89563],[123.377,-0.89691],[123.37563,-0.8966],[123.37314,-0.89837],[123.37154,-0.89849],[123.37007,-0.8979],[123.36838,-0.89584],[123.36631,-0.89433],[123.36134,-0.89197],[123.36134,-0.89376],[123.36068,-0.89511],[123.35828,-0.89325],[123.35759,-0.89419],[123.35531,-0.89541],[123.35242,-0.89542],[123.35086,-0.89623],[123.34442,-0.89743],[123.34342,-0.89885],[123.34164,-0.89969],[123.34102,-0.90126],[123.3394,-0.90168],[123.33702,-0.90543],[123.33684,-0.90777],[123.33449,-0.90752],[123.33045,-0.9066],[123.3281,-0.90518],[123.3248,-0.90481],[123.32209,-0.90334],[123.31665,-0.90193],[123.31406,-0.90166],[123.31272,-0.90057],[123.30991,-0.8994],[123.30714,-0.89926],[123.30416,-0.89804],[123.30178,-0.89815],[123.29905,-0.89668],[123.29681,-0.89608],[123.29587,-0.89592],[123.29426,-0.89648],[123.29351,-0.89732],[123.29312,-0.89969],[123.29196,-0.89974],[123.29127,-0.89551],[123.29001,-0.89443],[123.28796,-0.89522],[123.28592,-0.89543],[123.28451,-0.89492],[123.28318,-0.89597],[123.28065,-0.89616],[123.27824,-0.89762],[123.27456,-0.89744],[123.27379,-0.89782],[123.27328,-0.89888],[123.27259,-0.89756],[123.26835,-0.89594],[123.26715,-0.89229],[123.26531,-0.88942],[123.26626,-0.88754],[123.26684,-0.88489],[123.26546,-0.88343],[123.26423,-0.88361],[123.26213,-0.88173],[123.26222,-0.88009],[123.26422,-0.87693],[123.2632,-0.87587],[123.26238,-0.87067],[123.26062,-0.86579],[123.26031,-0.8642],[123.26112,-0.86305],[123.2611,-0.86156],[123.25915,-0.86001],[123.25862,-0.85852],[123.25869,-0.84975],[123.25814,-0.84613],[123.25729,-0.84434],[123.25712,-0.83931],[123.25617,-0.83699],[123.25628,-0.83461],[123.25673,-0.83404],[123.25797,-0.83359],[123.25873,-0.83148],[123.25899,-0.82687],[123.26014,-0.82561],[123.26021,-0.82457],[123.26117,-0.82411],[123.26346,-0.82522],[123.26486,-0.82414],[123.26631,-0.82396],[123.26746,-0.8252],[123.26917,-0.82596],[123.27019,-0.82575],[123.27102,-0.82637],[123.27182,-0.82593],[123.27307,-0.82735],[123.27378,-0.8272],[123.27519,-0.82795],[123.2768,-0.8272],[123.27737,-0.82856],[123.27967,-0.82854],[123.28089,-0.82963],[123.28203,-0.82987],[123.28292,-0.83062],[123.28646,-0.8315],[123.28747,-0.83213],[123.28839,-0.83225],[123.29066,-0.83163],[123.29352,-0.83338],[123.29532,-0.83352],[123.29664,-0.83497],[123.29829,-0.83536],[123.29979,-0.83482],[123.3004,-0.83273],[123.30351,-0.82983],[123.30504,-0.82569],[123.30604,-0.82477],[123.30721,-0.82246],[123.30978,-0.81962],[123.31218,-0.81958],[123.31584,-0.82114],[123.32047,-0.82101],[123.32278,-0.8219],[123.32385,-0.82187],[123.32568,-0.82046],[123.32662,-0.82081],[123.32749,-0.82181],[123.32958,-0.82203],[123.33054,-0.82322],[123.33249,-0.82264],[123.33377,-0.82337],[123.33825,-0.82306],[123.34041,-0.82356],[123.34192,-0.82184],[123.34742,-0.82199],[123.34875,-0.82255],[123.35301,-0.82238],[123.35582,-0.82323],[123.35716,-0.82442],[123.36169,-0.82497],[123.36534,-0.82611],[123.3694,-0.82287],[123.37039,-0.82085],[123.37157,-0.82007],[123.37156,-0.81885],[123.37207,-0.81852],[123.37487,-0.81812],[123.37995,-0.82116],[123.38067,-0.82053],[123.38144,-0.81881],[123.38202,-0.81921],[123.38435,-0.81794],[123.38547,-0.81788],[123.38669,-0.81837],[123.38812,-0.82012],[123.39003,-0.82079],[123.3905,-0.82135],[123.39059,-0.82247],[123.39211,-0.82419],[123.39313,-0.82427],[123.39511,-0.82354],[123.39632,-0.82592],[123.39913,-0.8256],[123.40059,-0.82602],[123.40092,-0.82906],[123.40287,-0.8296],[123.40491,-0.82918],[123.40674,-0.83031],[123.41006,-0.83118],[123.41165,-0.83283],[123.41338,-0.83362],[123.41362,-0.83556],[123.41446,-0.83751],[123.41623,-0.83865],[123.42378,-0.82842],[123.42651,-0.82609],[123.42972,-0.82204],[123.4327,-0.82087]]]]}},{"type":"Feature","properties":{"NAMOBJ":"Pagimana","KODE_KAB":7201},"geometry":{"type":"MultiPolygon","coordinates":[[[[122.98223,-0.70542],[122.98158,-0.70657],[122.98168,-0.70877],[122.98262,-0.71002],[122.98483,-0.71109],[122.98705,-0.70926],[122.99011,-0.70871],[122.991,-0.70922],[122.99309,-0.70737],[122.99709,-0.7075],[123.00065,-0.70588],[123.00224,-0.70634],[123.00466,-0.70778],[123.00794,-0.71041],[123.00723,-0.71183],[123.00737,-0.71494],[123.00642,-0.72125],[123.00799,-0.72183],[123.01051,-0.71962],[123.01298,-0.71883],[123.01722,-0.71871],[123.02098,-0.71756],[123.02361,-0.71841],[123.02833,-0.7165],[123.02925,-0.71726],[123.03103,-0.72071],[123.02998,-0.72166],[123.0291,-0.72482],[123.02953,-0.72884],[123.02847,-0.73007],[123.02644,-0.73468],[123.0299,-0.73864],[123.03136,-0.7436],[123.03258,-0.7457],[123.03323,-0.74601],[123.03417,-0.74818],[123.03403,-0.75],[123.03333,-0.75],[123.0268,-0.75482],[123.00499,-0.75507],[122.99806,-0.75989],[122.99791,-0.77241],[123.00213,-0.78236],[123,-0.79229],[122.99868,-0.79201],[122.99871,-0.78968],[122.99771,-0.78899],[122.99743,-0.78758],[122.99611,-0.78727],[122.99613,-0.78588],[122.995,-0.78552],[122.99446,-0.78603],[122.99198,-0.78429],[122.99153,-0.78456],[122.992,-0.7857],[122.99187,-0.78644],[122.9907,-0.78594],[122.99028,-0.7868],[122.98944,-0.78671],[122.98854,-0.78738],[122.9878,-0.78617],[122.98658,-0.78646],[122.98602,-0.78546],[122.98566,-0.78663],[122.98427,-0.78615],[122.98371,-0.78707],[122.98281,-0.78641],[122.98202,-0.78634],[122.98165,-0.78656],[122.98163,-0.78749],[122.98122,-0.78767],[122.98022,-0.78683],[122.97915,-0.78658],[122.97947,-0.78564],[122.97882,-0.78521],[122.97753,-0.78606],[122.9769,-0.78499],[122.97544,-0.78467],[122.97457,-0.78387],[122.97402,-0.78394],[122.97392,-0.78473],[122.97075,-0.78423],[122.97003,-0.78559],[122.96915,-0.78536],[122.96913,-0.78655],[122.96761,-0.7865],[122.96728,-0.78761],[122.96783,-0.78807],[122.9677,-0.78856],[122.96499,-0.789],[122.96527,-0.78998],[122.96477,-0.79077],[122.96339,-0.79056],[122.96082,-0.78785],[122.95826,-0.78725],[122.9553,-0.78725],[122.95223,-0.78563],[122.94952,-0.78307],[122.94807,-0.78237],[122.94614,-0.78237],[122.94437,-0.78292],[122.94153,-0.78501],[122.9356,-0.78733],[122.93424,-0.78733],[122.93197,-0.78584],[122.92737,-0.78483],[122.92086,-0.78533],[122.91656,-0.78354],[122.91456,-0.78159],[122.91262,-0.78036],[122.90935,-0.77943],[122.90761,-0.77722],[122.90567,-0.77659],[122.90479,-0.77729],[122.90479,-0.77966],[122.90584,-0.78256],[122.90582,-0.78361],[122.90425,-0.79024],[122.90341,-0.7919],[122.90027,-0.79406],[122.89926,-0.79464],[122.89521,-0.79553],[122.89196,-0.79725],[122.88763,-0.79837],[122.88447,-0.79789],[122.87985,-0.79846],[122.87537,-0.8],[122.87317,-0.80117],[122.86947,-0.80226],[122.86853,-0.80265],[122.86855,-0.80553],[122.86808,-0.80667],[122.86649,-0.80715],[122.86542,-0.80685],[122.8638,-0.80286],[122.86237,-0.80271],[122.85982,-0.80393],[122.85972,-0.80439],[122.86062,-0.80566],[122.86083,-0.80673],[122.86026,-0.80755],[122.85998,-0.81043],[122.85855,-0.81119],[122.85738,-0.811],[122.85621,-0.80917],[122.85473,-0.8096],[122.85423,-0.81118],[122.85366,-0.81152],[122.85158,-0.81105],[122.85057,-0.81169],[122.84653,-0.81038],[122.84594,-0.80979],[122.84509,-0.80977],[122.84266,-0.81312],[122.84158,-0.81874],[122.8368,-0.82216],[122.83626,-0.82302],[122.8357,-0.82695],[122.82872,-0.82697],[122.82484,-0.82865],[122.82298,-0.83022],[122.82161,-0.83386],[122.81983,-0.83606],[122.81662,-0.83804],[122.81586,-0.84021],[122.81295,-0.84169],[122.81066,-0.84347],[122.80757,-0.84416],[122.80472,-0.84532],[122.79968,-0.84804],[122.79555,-0.85268],[122.79447,-0.85334],[122.79185,-0.85747],[122.78809,-0.8618],[122.78716,-0.86203],[122.78452,-0.86165],[122.78276,-0.8644],[122.78131,-0.86388],[122.77972,-0.86396],[122.77429,-0.86683],[122.76889,-0.86903],[122.7681,-0.8679],[122.7681,-0.8665],[122.76761,-0.86562],[122.76407,-0.8662],[122.76366,-0.8667],[122.76471,-0.86996],[122.76384,-0.87184],[122.76151,-0.87376],[122.75388,-0.87633],[122.75167,-0.87858],[122.75,-0.88229],[122.74321,-0.884],[122.74049,-0.88224],[122.73952,-0.87786],[122.7385,-0.87776],[122.73749,-0.87834],[122.73237,-0.88308],[122.72808,-0.88775],[122.72546,-0.89141],[122.71786,-0.89457],[122.70962,-0.89884],[122.70703,-0.90124],[122.70536,-0.90478],[122.70131,-0.90995],[122.70078,-0.91149],[122.69875,-0.91401],[122.69711,-0.91527],[122.69014,-0.91762],[122.68811,-0.9177],[122.68504,-0.91853],[122.6769,-0.92179],[122.6737,-0.92541],[122.66918,-0.92846],[122.66736,-0.93237],[122.6638,-0.93269],[122.66301,-0.93371],[122.66205,-0.93358],[122.66145,-0.93425],[122.6598,-0.93467],[122.6589,-0.93534],[122.65702,-0.93569],[122.65467,-0.9382],[122.65356,-0.94058],[122.65104,-0.94153],[122.64662,-0.94098],[122.64586,-0.94134],[122.64431,-0.9432],[122.64246,-0.94374],[122.63671,-0.94247],[122.63426,-0.94526],[122.62905,-0.95454],[122.62686,-0.95732],[122.62499,-0.95815],[122.61826,-0.95788],[122.61698,-0.95905],[122.61663,-0.96028],[122.61704,-0.96203],[122.61657,-0.96314],[122.615,-0.96436],[122.61012,-0.96549],[122.60396,-0.96969],[122.60093,-0.97027],[122.59232,-0.97479],[122.59069,-0.97701],[122.58883,-0.98268],[122.58569,-0.98613],[122.58371,-0.98771],[122.57956,-0.98947],[122.57439,-0.99234],[122.5712,-0.9935],[122.56916,-0.99321],[122.56701,-0.99193],[122.56544,-0.99152],[122.56295,-0.99245],[122.56178,-0.99438],[122.55748,-0.99777],[122.55474,-0.9986],[122.55004,-0.99912],[122.54858,-0.99977],[122.54527,-1.00374],[122.54126,-1.00374],[122.53812,-1.00485],[122.53649,-1.00662],[122.52881,-1.0192],[122.52678,-1.02101],[122.52567,-1.02299],[122.52439,-1.0241],[122.52097,-1.02457],[122.51771,-1.02241],[122.5162,-1.02218],[122.51295,-1.02358],[122.50846,-1.02634],[122.50631,-1.02634],[122.50213,-1.02518],[122.5,-1.02289],[122.49332,-1.02322],[122.4911,-1.02268],[122.48805,-1.0205],[122.4868,-1.02058],[122.48253,-1.02248],[122.48066,-1.0238],[122.47741,-1.03051],[122.47355,-1.03636],[122.47259,-1.03535],[122.47159,-1.03503],[122.47031,-1.03034],[122.46647,-1.03129],[122.46199,-1.03154],[122.45858,-1.03331],[122.45619,-1.03293],[122.45464,-1.03341],[122.45394,-1.033],[122.45098,-1.03736],[122.45036,-1.03956],[122.44815,-1.04107],[122.4472,-1.04059],[122.44726,-1.03583],[122.44533,-1.03556],[122.44483,-1.03504],[122.44572,-1.03313],[122.44558,-1.03241],[122.44034,-1.03217],[122.43894,-1.03123],[122.43781,-1.0311],[122.43686,-1.03118],[122.43567,-1.03224],[122.43407,-1.03276],[122.43021,-1.03268],[122.4293,-1.03188],[122.42734,-1.03131],[122.42494,-1.03173],[122.42437,-1.02966],[122.42314,-1.02935],[122.42203,-1.02724],[122.41983,-1.0263],[122.41946,-1.02576],[122.41962,-1.02482],[122.41925,-1.02452],[122.4134,-1.02452],[122.41168,-1.02284],[122.4101,-1.02243],[122.40951,-1.01986],[122.4054,-1.01638],[122.40452,-1.01111],[122.40357,-1.00922],[122.40431,-1.00752],[122.40442,-1.00249],[122.40483,-1.00168],[122.40412,-0.99997],[122.40531,-0.9993],[122.40885,-0.99935],[122.41148,-0.99881],[122.41345,-0.99701],[122.41402,-0.99297],[122.41448,-0.99249],[122.41448,-0.99161],[122.41558,-0.99125],[122.4157,-0.98965],[122.41627,-0.98855],[122.41657,-0.98604],[122.41578,-0.98077],[122.4161,-0.97993],[122.41703,-0.97913],[122.41952,-0.971],[122.42202,-0.96899],[122.42368,-0.96837],[122.42418,-0.96765],[122.42522,-0.96766],[122.42826,-0.96544],[122.43099,-0.96412],[122.43178,-0.96165],[122.4333,-0.96066],[122.43393,-0.95942],[122.43562,-0.95768],[122.43635,-0.95593],[122.43716,-0.95525],[122.44294,-0.95337],[122.44509,-0.95328],[122.44881,-0.95037],[122.45092,-0.94994],[122.45208,-0.94673],[122.45385,-0.94389],[122.45665,-0.94229],[122.4574,-0.94088],[122.45785,-0.93782],[122.45965,-0.93747],[122.46061,-0.93654],[122.46234,-0.93707],[122.46647,-0.93431],[122.46816,-0.93256],[122.46997,-0.93201],[122.47017,-0.93015],[122.47309,-0.93002],[122.47544,-0.92736],[122.47652,-0.9255],[122.4785,-0.92493],[122.4796,-0.92413],[122.4795,-0.92269],[122.48019,-0.9219],[122.48005,-0.92027],[122.48151,-0.91994],[122.4825,-0.91721],[122.48447,-0.91604],[122.48715,-0.91611],[122.48549,-0.91346],[122.48635,-0.91128],[122.48631,-0.91036],[122.48527,-0.90895],[122.48392,-0.90829],[122.48354,-0.907],[122.48595,-0.90523],[122.48733,-0.89931],[122.48732,-0.89786],[122.48629,-0.89632],[122.48581,-0.89262],[122.48606,-0.89083],[122.48483,-0.88946],[122.48417,-0.88757],[122.48287,-0.88624],[122.48253,-0.88428],[122.48215,-0.88394],[122.48063,-0.88386],[122.47891,-0.88531],[122.47787,-0.88551],[122.47401,-0.88512],[122.47105,-0.88365],[122.4662,-0.88396],[122.46614,-0.88245],[122.4653,-0.87999],[122.46527,-0.8755],[122.46341,-0.87487],[122.46282,-0.87294],[122.46161,-0.87217],[122.46072,-0.87057],[122.45775,-0.87111],[122.45688,-0.87001],[122.4568,-0.86775],[122.45722,-0.86619],[122.45624,-0.8641],[122.45671,-0.86215],[122.45843,-0.86069],[122.45771,-0.85987],[122.45721,-0.85783],[122.45411,-0.85666],[122.45274,-0.85676],[122.45293,-0.8557],[122.45371,-0.85541],[122.4531,-0.85455],[122.45278,-0.85236],[122.45104,-0.85091],[122.45123,-0.84911],[122.45085,-0.84797],[122.44956,-0.84812],[122.44933,-0.84778],[122.45025,-0.84386],[122.45094,-0.84275],[122.45083,-0.84228],[122.4493,-0.84112],[122.4499,-0.83885],[122.45122,-0.83813],[122.45164,-0.83629],[122.45274,-0.83579],[122.45291,-0.83487],[122.45421,-0.83516],[122.45452,-0.83397],[122.45575,-0.83458],[122.45673,-0.83279],[122.45781,-0.83252],[122.45798,-0.83176],[122.45882,-0.83112],[122.45975,-0.8295],[122.45945,-0.82859],[122.46038,-0.82735],[122.46101,-0.82711],[122.46036,-0.82444],[122.46066,-0.82238],[122.46144,-0.82217],[122.4617,-0.82153],[122.46238,-0.82212],[122.46295,-0.82202],[122.46371,-0.81971],[122.46488,-0.81977],[122.46582,-0.81914],[122.46647,-0.81946],[122.46655,-0.82029],[122.46619,-0.82137],[122.46463,-0.82194],[122.46409,-0.82256],[122.46334,-0.82524],[122.46542,-0.82841],[122.46504,-0.82929],[122.46397,-0.82993],[122.46415,-0.83147],[122.46626,-0.83045],[122.46762,-0.83128],[122.4685,-0.83328],[122.47044,-0.83378],[122.47043,-0.83543],[122.46857,-0.83604],[122.46794,-0.83724],[122.46814,-0.83857],[122.46727,-0.84005],[122.46831,-0.84021],[122.47194,-0.839],[122.47384,-0.83699],[122.47593,-0.83769],[122.4763,-0.83795],[122.47634,-0.83905],[122.47725,-0.83995],[122.47816,-0.84332],[122.48175,-0.84828],[122.48463,-0.84926],[122.48486,-0.84838],[122.4852,-0.84848],[122.48666,-0.84989],[122.48818,-0.8479],[122.49033,-0.84662],[122.49093,-0.84579],[122.49312,-0.84596],[122.49508,-0.84642],[122.49674,-0.84761],[122.49813,-0.85109],[122.50125,-0.85088],[122.50487,-0.85142],[122.50557,-0.85067],[122.50572,-0.84906],[122.50646,-0.8477],[122.50958,-0.84417],[122.51057,-0.84558],[122.51187,-0.84574],[122.51549,-0.84763],[122.51888,-0.84764],[122.52243,-0.84906],[122.52354,-0.8479],[122.52678,-0.84811],[122.5288,-0.84947],[122.53306,-0.85128],[122.53459,-0.85142],[122.53848,-0.85315],[122.53976,-0.85314],[122.5407,-0.85497],[122.543,-0.85346],[122.54423,-0.85181],[122.54826,-0.84912],[122.55103,-0.84529],[122.55382,-0.84402],[122.55739,-0.84066],[122.55824,-0.83859],[122.56126,-0.83645],[122.56091,-0.83512],[122.55977,-0.83333],[122.55705,-0.83209],[122.55458,-0.82936],[122.55262,-0.82801],[122.55259,-0.8265],[122.55142,-0.82351],[122.5541,-0.82236],[122.55539,-0.82129],[122.55555,-0.81373],[122.55419,-0.81191],[122.55506,-0.80924],[122.55455,-0.80736],[122.55472,-0.80556],[122.55672,-0.80364],[122.55882,-0.80357],[122.56037,-0.80418],[122.56345,-0.80664],[122.5642,-0.80519],[122.56428,-0.80261],[122.56533,-0.80208],[122.56583,-0.80107],[122.56758,-0.80139],[122.56979,-0.79844],[122.5692,-0.79729],[122.56612,-0.79539],[122.56474,-0.79502],[122.56383,-0.79411],[122.56356,-0.79319],[122.56379,-0.79054],[122.56299,-0.78955],[122.56217,-0.78688],[122.55995,-0.78423],[122.56075,-0.78087],[122.56392,-0.78145],[122.56612,-0.78377],[122.57261,-0.78377],[122.57603,-0.78484],[122.57726,-0.78437],[122.57815,-0.78477],[122.58129,-0.78444],[122.58439,-0.78332],[122.58636,-0.7817],[122.58798,-0.77953],[122.59002,-0.77528],[122.59084,-0.77447],[122.59702,-0.77506],[122.59814,-0.775],[122.60051,-0.77403],[122.60354,-0.77183],[122.60435,-0.77037],[122.60565,-0.7693],[122.611,-0.76688],[122.613,-0.7636],[122.61482,-0.76231],[122.61721,-0.7624],[122.61805,-0.76355],[122.62049,-0.76534],[122.62477,-0.76563],[122.62919,-0.76486],[122.63111,-0.76404],[122.63141,-0.76484],[122.63279,-0.76577],[122.6373,-0.76643],[122.63736,-0.76698],[122.63621,-0.76888],[122.63559,-0.76812],[122.63441,-0.76762],[122.63442,-0.76733],[122.63505,-0.76733],[122.63474,-0.76695],[122.63246,-0.7672],[122.62863,-0.76654],[122.6274,-0.76721],[122.6264,-0.76848],[122.62638,-0.76913],[122.63119,-0.76986],[122.63059,-0.77021],[122.63041,-0.77136],[122.62871,-0.77139],[122.62838,-0.77233],[122.62766,-0.77277],[122.62774,-0.77386],[122.62655,-0.77473],[122.62801,-0.77452],[122.62822,-0.77366],[122.62871,-0.7734],[122.62956,-0.77426],[122.63091,-0.77472],[122.63101,-0.77273],[122.63252,-0.77239],[122.63335,-0.77084],[122.63347,-0.76967],[122.63406,-0.76956],[122.63477,-0.77104],[122.63386,-0.77177],[122.63406,-0.77383],[122.63349,-0.77422],[122.6335,-0.77473],[122.63424,-0.77458],[122.6351,-0.77511],[122.63596,-0.77472],[122.63631,-0.77427],[122.63593,-0.77376],[122.63629,-0.77364],[122.63701,-0.77471],[122.64037,-0.77674],[122.63984,-0.77717],[122.6389,-0.77681],[122.63845,-0.77594],[122.63784,-0.77565],[122.63714,-0.77682],[122.63765,-0.7776],[122.63928,-0.77768],[122.6398,-0.77806],[122.63827,-0.78059],[122.63744,-0.781],[122.63736,-0.7815],[122.63816,-0.78243],[122.63847,-0.78236],[122.63837,-0.78167],[122.63926,-0.78165],[122.63959,-0.7824],[122.64074,-0.78255],[122.64119,-0.78321],[122.6433,-0.78415],[122.64588,-0.78429],[122.64637,-0.78625],[122.64757,-0.78498],[122.64758,-0.78437],[122.65032,-0.78439],[122.65133,-0.78503],[122.65121,-0.78542],[122.6503,-0.78517],[122.65138,-0.78633],[122.65156,-0.78777],[122.65126,-0.7882],[122.64933,-0.78812],[122.64964,-0.78871],[122.65423,-0.78837],[122.65589,-0.78939],[122.65519,-0.78985],[122.65302,-0.78938],[122.64987,-0.78943],[122.64882,-0.78838],[122.64748,-0.78785],[122.6472,-0.78833],[122.64639,-0.78816],[122.64637,-0.78775],[122.64592,-0.78763],[122.64541,-0.788],[122.64559,-0.79039],[122.64619,-0.78988],[122.64672,-0.78996],[122.64646,-0.79067],[122.64718,-0.79109],[122.64677,-0.79142],[122.64702,-0.79168],[122.64783,-0.79158],[122.64796,-0.79089],[122.64851,-0.79118],[122.64814,-0.79165],[122.64817,-0.79298],[122.64728,-0.79374],[122.64734,-0.79412],[122.64891,-0.79302],[122.65029,-0.79322],[122.65061,-0.79291],[122.65041,-0.79244],[122.6513,-0.7921],[122.65144,-0.79326],[122.65331,-0.79277],[122.65752,-0.79574],[122.65912,-0.79644],[122.65964,-0.79616],[122.65978,-0.79677],[122.66109,-0.79789],[122.66172,-0.79791],[122.66205,-0.79733],[122.66184,-0.79699],[122.66235,-0.79688],[122.66203,-0.79801],[122.66494,-0.79953],[122.6658,-0.80171],[122.6668,-0.80205],[122.66796,-0.80356],[122.66764,-0.80191],[122.66903,-0.80243],[122.66949,-0.80163],[122.67007,-0.80178],[122.67032,-0.8025],[122.67069,-0.80252],[122.67103,-0.80183],[122.67211,-0.8029],[122.67514,-0.80306],[122.67672,-0.80413],[122.67813,-0.80341],[122.68065,-0.80403],[122.68252,-0.80675],[122.68411,-0.80674],[122.68454,-0.80712],[122.68432,-0.80742],[122.68467,-0.80719],[122.68528,-0.80762],[122.68526,-0.80908],[122.6856,-0.80959],[122.68521,-0.80976],[122.68495,-0.81078],[122.68568,-0.81134],[122.68545,-0.81176],[122.68576,-0.81226],[122.68722,-0.81159],[122.693,-0.81132],[122.69355,-0.81068],[122.69447,-0.81116],[122.69553,-0.80948],[122.69624,-0.81013],[122.69786,-0.81052],[122.7011,-0.81008],[122.70569,-0.81072],[122.70723,-0.81016],[122.71006,-0.81125],[122.71118,-0.811],[122.71208,-0.81164],[122.71506,-0.81141],[122.71802,-0.81218],[122.7204,-0.81199],[122.72078,-0.8125],[122.72271,-0.8129],[122.72452,-0.81392],[122.72663,-0.81362],[122.72965,-0.8125],[122.73045,-0.81167],[122.73148,-0.81184],[122.73203,-0.81139],[122.73384,-0.81154],[122.7346,-0.81125],[122.74119,-0.80491],[122.74271,-0.80497],[122.74787,-0.80234],[122.75262,-0.80176],[122.75505,-0.79901],[122.75658,-0.79856],[122.75838,-0.79669],[122.76228,-0.79424],[122.76607,-0.7909],[122.7682,-0.79015],[122.77023,-0.7886],[122.77144,-0.78581],[122.77288,-0.78522],[122.77441,-0.78221],[122.77601,-0.78224],[122.77644,-0.78183],[122.77789,-0.78169],[122.78062,-0.78226],[122.78166,-0.78169],[122.78217,-0.77962],[122.7835,-0.77841],[122.78716,-0.77761],[122.78818,-0.77685],[122.79077,-0.77602],[122.79199,-0.77624],[122.79308,-0.77586],[122.79693,-0.77662],[122.79821,-0.77632],[122.79998,-0.78025],[122.80342,-0.77877],[122.80289,-0.77812],[122.80372,-0.77772],[122.80753,-0.77847],[122.80988,-0.77802],[122.81325,-0.77834],[122.81576,-0.77785],[122.81618,-0.77839],[122.81675,-0.77839],[122.81823,-0.7778],[122.82103,-0.77772],[122.82186,-0.77807],[122.82819,-0.77766],[122.82859,-0.77747],[122.82843,-0.77643],[122.83028,-0.77559],[122.83148,-0.7757],[122.83278,-0.775],[122.83534,-0.77584],[122.83681,-0.77688],[122.83748,-0.77683],[122.83853,-0.77594],[122.83848,-0.77534],[122.83936,-0.77526],[122.84011,-0.77427],[122.84035,-0.77217],[122.84158,-0.77244],[122.84259,-0.77155],[122.8438,-0.76848],[122.84391,-0.7669],[122.84447,-0.767],[122.84452,-0.76752],[122.84682,-0.76797],[122.84717,-0.76719],[122.84922,-0.7669],[122.85056,-0.7659],[122.85235,-0.76596],[122.85337,-0.76674],[122.85556,-0.76647],[122.85623,-0.76674],[122.85788,-0.76946],[122.86016,-0.77016],[122.86037,-0.77099],[122.86114,-0.77151],[122.86077,-0.77298],[122.86287,-0.77519],[122.8661,-0.77441],[122.86709,-0.77341],[122.86872,-0.77285],[122.87086,-0.77449],[122.87158,-0.77457],[122.87285,-0.77225],[122.87378,-0.77209],[122.87445,-0.77244],[122.87533,-0.77387],[122.87712,-0.77373],[122.87766,-0.77311],[122.87779,-0.77195],[122.87648,-0.77066],[122.87728,-0.77002],[122.88124,-0.76945],[122.88367,-0.76956],[122.88593,-0.7684],[122.88825,-0.7684],[122.8897,-0.76741],[122.89165,-0.76811],[122.89448,-0.76749],[122.89548,-0.76808],[122.89668,-0.76776],[122.89807,-0.76827],[122.89981,-0.76805],[122.90079,-0.76722],[122.90377,-0.7673],[122.90524,-0.76657],[122.9077,-0.76606],[122.91186,-0.76641],[122.91483,-0.76517],[122.91693,-0.7652],[122.9176,-0.76555],[122.91907,-0.76533],[122.92888,-0.76105],[122.92949,-0.75874],[122.93096,-0.75562],[122.93276,-0.75367],[122.93541,-0.75276],[122.93875,-0.75222],[122.94017,-0.75149],[122.94254,-0.75147],[122.9431,-0.7519],[122.94372,-0.7527],[122.94369,-0.75383],[122.94431,-0.75445],[122.94396,-0.7548],[122.94468,-0.75478],[122.94455,-0.75443],[122.94544,-0.754],[122.94753,-0.75451],[122.94881,-0.75416],[122.94934,-0.75451],[122.95057,-0.75405],[122.95081,-0.75429],[122.95049,-0.75513],[122.95239,-0.75602],[122.95825,-0.75714],[122.96103,-0.75702],[122.96187,-0.75645],[122.96305,-0.7538],[122.9645,-0.753],[122.96469,-0.7525],[122.96415,-0.75074],[122.9641,-0.75007],[122.96445,-0.74993],[122.96394,-0.74915],[122.96329,-0.74509],[122.96008,-0.74236],[122.95559,-0.74054],[122.95482,-0.73893],[122.9539,-0.73845],[122.95238,-0.73836],[122.95091,-0.73646],[122.94961,-0.73598],[122.94819,-0.73667],[122.94652,-0.73669],[122.9447,-0.74092],[122.94217,-0.74226],[122.93905,-0.74016],[122.93738,-0.73775],[122.93593,-0.73694],[122.93214,-0.73745],[122.92882,-0.73645],[122.92681,-0.73723],[122.92626,-0.73587],[122.9265,-0.73306],[122.9257,-0.72727],[122.92584,-0.72615],[122.92677,-0.72434],[122.92683,-0.72281],[122.92649,-0.72117],[122.92534,-0.71947],[122.92403,-0.71856],[122.92336,-0.71705],[122.92388,-0.71054],[122.92465,-0.70921],[122.92617,-0.70925],[122.92675,-0.70891],[122.92752,-0.70815],[122.92718,-0.70784],[122.9274,-0.7068],[122.92809,-0.70652],[122.92889,-0.70813],[122.92871,-0.70962],[122.93035,-0.71288],[122.93169,-0.71391],[122.93383,-0.71476],[122.93597,-0.71441],[122.93789,-0.71728],[122.9429,-0.7167],[122.94659,-0.71261],[122.94831,-0.71141],[122.95188,-0.71],[122.9562,-0.71075],[122.95542,-0.71171],[122.96042,-0.71355],[122.96257,-0.71498],[122.96844,-0.7156],[122.96917,-0.71401],[122.96816,-0.71261],[122.96482,-0.71001],[122.96415,-0.70598],[122.9654,-0.70544],[122.96797,-0.70636],[122.97094,-0.70632],[122.9725,-0.70507],[122.97727,-0.70314],[122.97848,-0.70132],[122.98061,-0.7006],[122.98135,-0.70133],[122.98215,-0.70367],[122.98223,-0.70542]]],[[[122.75431,-0.6414],[122.75367,-0.64252],[122.75105,-0.64424],[122.75,-0.64562],[122.74887,-0.64597],[122.74851,-0.64572],[122.7484,-0.64632],[122.74783,-0.64669],[122.7473,-0.64654],[122.74625,-0.64452],[122.74468,-0.64344],[122.74522,-0.64239],[122.75185,-0.64123],[122.75439,-0.63986],[122.75468,-0.64001],[122.75431,-0.6414]]],[[[122.82145,-0.63034],[122.8234,-0.63062],[122.82296,-0.63205],[122.81848,-0.63585],[122.81781,-0.63666],[122.81807,-0.63712],[122.81743,-0.63876],[122.81598,-0.64028],[122.81657,-0.64058],[122.81681,-0.64166],[122.81778,-0.64269],[122.81819,-0.64452],[122.82012,-0.6457],[122.82059,-0.64718],[122.82148,-0.64785],[122.8203,-0.65415],[122.8196,-0.65493],[122.81917,-0.65887],[122.81954,-0.65951],[122.81787,-0.66415],[122.81608,-0.66463],[122.81421,-0.66655],[122.81315,-0.66857],[122.80818,-0.67216],[122.80639,-0.67591],[122.80581,-0.67961],[122.80283,-0.68476],[122.80248,-0.68784],[122.80299,-0.69153],[122.80405,-0.6919],[122.80502,-0.69486],[122.8058,-0.69546],[122.80416,-0.69713],[122.79981,-0.69896],[122.79957,-0.69969],[122.8014,-0.7064],[122.80353,-0.70839],[122.80247,-0.70889],[122.80166,-0.70881],[122.80052,-0.70798],[122.79958,-0.70612],[122.79591,-0.7059],[122.79437,-0.70512],[122.78912,-0.70541],[122.78867,-0.70371],[122.78795,-0.70428],[122.78602,-0.7046],[122.78553,-0.70317],[122.78473,-0.70228],[122.78504,-0.70112],[122.78448,-0.70084],[122.78432,-0.70022],[122.78384,-0.70019],[122.78301,-0.70123],[122.78334,-0.70186],[122.78256,-0.70467],[122.78133,-0.705],[122.78051,-0.70351],[122.77752,-0.70107],[122.77474,-0.70116],[122.77375,-0.70014],[122.77209,-0.6994],[122.77128,-0.69838],[122.76945,-0.69866],[122.76843,-0.69756],[122.76602,-0.69788],[122.76683,-0.69666],[122.76651,-0.69558],[122.76484,-0.69335],[122.76184,-0.6913],[122.75913,-0.69026],[122.75548,-0.68649],[122.75244,-0.68607],[122.75043,-0.68497],[122.74878,-0.68258],[122.74837,-0.68017],[122.74707,-0.67902],[122.74525,-0.67853],[122.74434,-0.67705],[122.74262,-0.67659],[122.74219,-0.67712],[122.74113,-0.67739],[122.73507,-0.67514],[122.73217,-0.67627],[122.73198,-0.67523],[122.72872,-0.67191],[122.72757,-0.66906],[122.7266,-0.66502],[122.7245,-0.66383],[122.72356,-0.66375],[122.72537,-0.66213],[122.72587,-0.66117],[122.72901,-0.66202],[122.73161,-0.66332],[122.73926,-0.66178],[122.74002,-0.66305],[122.74161,-0.66434],[122.74314,-0.66472],[122.7491,-0.66456],[122.75145,-0.66489],[122.75553,-0.66368],[122.757,-0.6636],[122.75777,-0.66412],[122.75995,-0.66404],[122.75998,-0.66486],[122.76291,-0.66462],[122.76307,-0.66539],[122.76545,-0.66618],[122.77112,-0.66973],[122.77314,-0.66981],[122.77337,-0.67063],[122.77567,-0.6718],[122.78088,-0.67067],[122.78437,-0.66776],[122.78537,-0.66599],[122.78651,-0.66553],[122.78675,-0.66489],[122.78817,-0.66384],[122.78855,-0.66288],[122.79035,-0.66249],[122.79429,-0.66001],[122.79579,-0.65766],[122.7967,-0.65524],[122.80154,-0.65123],[122.80238,-0.64966],[122.80282,-0.64449],[122.80213,-0.64288],[122.80231,-0.64244],[122.80152,-0.64119],[122.80409,-0.63914],[122.80582,-0.63703],[122.80693,-0.63485],[122.81057,-0.63387],[122.81617,-0.63125],[122.81959,-0.63109],[122.82145,-0.63034]]],[[[122.64475,-0.61157],[122.64385,-0.61157],[122.64362,-0.61123],[122.64527,-0.61105],[122.64475,-0.61157]]],[[[122.6142,-0.57623],[122.6142,-0.57655],[122.61349,-0.57677],[122.61365,-0.57643],[122.61323,-0.5761],[122.61386,-0.57568],[122.6142,-0.57623]]],[[[122.59061,-0.56966],[122.58804,-0.56764],[122.58857,-0.56746],[122.58978,-0.56797],[122.59061,-0.56966]]],[[[122.57959,-0.56362],[122.58056,-0.56356],[122.58107,-0.56461],[122.58014,-0.56487],[122.57899,-0.56427],[122.57884,-0.56343],[122.57959,-0.56362]]],[[[122.64534,-0.5029],[122.64634,-0.50288],[122.64662,-0.50448],[122.64761,-0.50472],[122.64764,-0.50564],[122.64811,-0.50588],[122.64823,-0.50517],[122.6501,-0.50376],[122.65206,-0.50671],[122.65124,-0.50741],[122.64997,-0.5076],[122.64838,-0.50747],[122.6464,-0.50665],[122.64495,-0.5054],[122.64416,-0.5036],[122.64477,-0.50283],[122.64534,-0.5029]]],[[[122.51426,-0.48897],[122.51294,-0.48774],[122.51427,-0.48692],[122.51421,-0.48599],[122.51474,-0.48549],[122.51528,-0.48704],[122.51481,-0.48852],[122.51426,-0.48897]]],[[[122.59736,-0.47895],[122.59964,-0.47897],[122.60365,-0.48341],[122.60716,-0.48508],[122.60776,-0.48803],[122.6098,-0.48936],[122.61035,-0.49234],[122.61015,-0.49416],[122.61105,-0.49421],[122.61387,-0.49693],[122.61738,-0.49935],[122.61607,-0.50162],[122.6146,-0.50143],[122.6092,-0.50208],[122.60707,-0.50279],[122.60577,-0.50279],[122.60491,-0.5034],[122.60378,-0.50324],[122.60097,-0.50456],[122.59922,-0.50398],[122.59479,-0.50483],[122.5923,-0.50419],[122.59064,-0.50305],[122.58811,-0.50207],[122.5869,-0.50215],[122.58678,-0.5018],[122.58504,-0.50317],[122.58409,-0.50271],[122.58179,-0.504],[122.58088,-0.50557],[122.57992,-0.50605],[122.57994,-0.50797],[122.5786,-0.50914],[122.57805,-0.5088],[122.57922,-0.5102],[122.57903,-0.51065],[122.57857,-0.51065],[122.57816,-0.51005],[122.57706,-0.5102],[122.57614,-0.51181],[122.57515,-0.50986],[122.57526,-0.50931],[122.57491,-0.50968],[122.57509,-0.51174],[122.5741,-0.51132],[122.57346,-0.51171],[122.57299,-0.51131],[122.5725,-0.51187],[122.56966,-0.51288],[122.56864,-0.51457],[122.56763,-0.51452],[122.56655,-0.51524],[122.56616,-0.51616],[122.56531,-0.5168],[122.56565,-0.51791],[122.5643,-0.5188],[122.56358,-0.52005],[122.56194,-0.51928],[122.55902,-0.52014],[122.55721,-0.51922],[122.55655,-0.51498],[122.55677,-0.51408],[122.55513,-0.51288],[122.55386,-0.51262],[122.55267,-0.51],[122.55109,-0.50987],[122.55079,-0.50926],[122.55049,-0.50943],[122.54876,-0.50797],[122.54713,-0.50766],[122.54496,-0.50612],[122.54326,-0.50589],[122.54266,-0.50543],[122.54318,-0.50456],[122.54211,-0.50367],[122.54031,-0.50389],[122.54056,-0.50287],[122.53992,-0.50199],[122.53801,-0.50195],[122.53755,-0.50371],[122.53682,-0.50421],[122.5364,-0.50332],[122.53633,-0.50395],[122.53531,-0.50442],[122.53572,-0.50507],[122.53526,-0.50553],[122.53545,-0.50636],[122.53261,-0.50692],[122.53067,-0.50856],[122.5278,-0.50563],[122.52719,-0.50568],[122.52551,-0.50246],[122.52559,-0.50161],[122.52619,-0.50104],[122.52895,-0.50018],[122.53181,-0.49675],[122.53442,-0.49446],[122.5364,-0.49335],[122.5384,-0.49294],[122.54028,-0.49135],[122.54268,-0.49182],[122.54352,-0.49135],[122.54835,-0.49233],[122.55377,-0.4919],[122.55774,-0.49229],[122.56266,-0.49129],[122.566,-0.48841],[122.56739,-0.4878],[122.56855,-0.48778],[122.57034,-0.48693],[122.5715,-0.48765],[122.57309,-0.48514],[122.57496,-0.48544],[122.57645,-0.48407],[122.57932,-0.48485],[122.58083,-0.48659],[122.58161,-0.48667],[122.58265,-0.48581],[122.58382,-0.48571],[122.58445,-0.48576],[122.58456,-0.48636],[122.58573,-0.48643],[122.58592,-0.48564],[122.58886,-0.48358],[122.59157,-0.48235],[122.59572,-0.47937],[122.59736,-0.47895]]],[[[122.61932,-0.43143],[122.61903,-0.43131],[122.61918,-0.43051],[122.61932,-0.43143]]],[[[122.6344,-0.42255],[122.63504,-0.42264],[122.63513,-0.42329],[122.63346,-0.42408],[122.63339,-0.42282],[122.6344,-0.42255]]]]}},{"type":"Feature","properties":{"NAMOBJ":"Luwuk Utara","KODE_KAB":7201},"geometry":{"type":"MultiPolygon","coordinates":[[[[122.92864,-0.78513],[122.92769,-0.78683],[122.9271,-0.79107],[122.92445,-0.79156],[122.92201,-0.79669],[122.91959,-0.79996],[122.91612,-0.80782],[122.91612,-0.80941],[122.91767,-0.81192],[122.91944,-0.81234],[122.92401,-0.81563],[122.92475,-0.81721],[122.92475,-0.81902],[122.92592,-0.82033],[122.92822,-0.82114],[122.93214,-0.829],[122.93104,-0.84501],[122.93222,-0.85183],[122.93177,-0.85291],[122.92971,-0.85505],[122.9295,-0.85595],[122.93424,-0.85829],[122.93737,-0.86111],[122.93995,-0.86202],[122.9415,-0.86477],[122.94608,-0.86847],[122.94686,-0.87344],[122.94633,-0.87425],[122.94665,-0.87593],[122.94848,-0.87737],[122.95006,-0.8798],[122.95284,-0.88047],[122.95327,-0.88145],[122.95322,-0.88402],[122.95498,-0.88544],[122.95579,-0.88759],[122.95731,-0.88879],[122.95766,-0.89159],[122.95922,-0.89133],[122.95988,-0.89163],[122.95826,-0.89345],[122.95743,-0.89382],[122.95783,-0.89501],[122.9604,-0.89619],[122.96112,-0.89736],[122.96176,-0.89768],[122.96646,-0.8978],[122.97102,-0.89695],[122.97188,-0.89712],[122.97265,-0.89791],[122.97348,-0.90014],[122.97375,-0.90284],[122.96399,-0.90674],[122.95675,-0.90884],[122.95058,-0.91144],[122.94775,-0.91193],[122.94303,-0.91162],[122.93739,-0.91281],[122.93505,-0.91381],[122.93124,-0.91686],[122.92763,-0.91806],[122.90956,-0.91967],[122.90517,-0.92139],[122.89804,-0.92715],[122.89488,-0.92876],[122.89139,-0.92973],[122.88687,-0.93012],[122.88154,-0.92966],[122.87907,-0.92753],[122.8779,-0.92595],[122.87577,-0.92458],[122.86994,-0.9231],[122.86575,-0.92276],[122.86287,-0.92347],[122.85928,-0.92538],[122.85802,-0.92645],[122.85645,-0.92889],[122.85455,-0.92916],[122.85258,-0.93017],[122.84631,-0.93047],[122.83959,-0.93208],[122.83369,-0.93145],[122.82989,-0.93273],[122.82756,-0.92927],[122.82675,-0.92714],[122.82212,-0.92208],[122.82133,-0.92027],[122.81797,-0.92002],[122.8152,-0.92066],[122.8135,-0.92271],[122.8121,-0.92228],[122.81198,-0.9192],[122.81109,-0.91892],[122.80987,-0.91756],[122.80966,-0.91657],[122.8082,-0.917],[122.80723,-0.91656],[122.8064,-0.9149],[122.80549,-0.91468],[122.80451,-0.91513],[122.80276,-0.9151],[122.80165,-0.91568],[122.80093,-0.91472],[122.79939,-0.91565],[122.79866,-0.91452],[122.79882,-0.91355],[122.79796,-0.91266],[122.79717,-0.91247],[122.79676,-0.91072],[122.79399,-0.90901],[122.79385,-0.90744],[122.79265,-0.90523],[122.79403,-0.90325],[122.794,-0.89804],[122.79502,-0.89659],[122.79422,-0.89418],[122.79368,-0.88935],[122.79227,-0.88699],[122.7918,-0.88159],[122.79248,-0.87848],[122.79098,-0.87839],[122.78988,-0.87718],[122.78728,-0.87687],[122.78554,-0.875],[122.78504,-0.87292],[122.78502,-0.87052],[122.78391,-0.86863],[122.78031,-0.86576],[122.77972,-0.86396],[122.78131,-0.86388],[122.78276,-0.8644],[122.78452,-0.86165],[122.78716,-0.86203],[122.78809,-0.8618],[122.79185,-0.85747],[122.79447,-0.85334],[122.79555,-0.85268],[122.79968,-0.84804],[122.80472,-0.84532],[122.80757,-0.84416],[122.81066,-0.84347],[122.81295,-0.84169],[122.81516,-0.84081],[122.81586,-0.84021],[122.81662,-0.83804],[122.81983,-0.83606],[122.82161,-0.83386],[122.82298,-0.83022],[122.82484,-0.82865],[122.82872,-0.82697],[122.8357,-0.82695],[122.83626,-0.82302],[122.8368,-0.82216],[122.84158,-0.81874],[122.84266,-0.81312],[122.84509,-0.80977],[122.84594,-0.80979],[122.84653,-0.81038],[122.85057,-0.81169],[122.85158,-0.81105],[122.85366,-0.81152],[122.85423,-0.81118],[122.85473,-0.8096],[122.85621,-0.80917],[122.85738,-0.811],[122.85855,-0.81119],[122.85998,-0.81043],[122.86026,-0.80755],[122.86083,-0.80673],[122.86062,-0.80566],[122.85972,-0.80439],[122.86015,-0.80365],[122.86237,-0.80271],[122.8638,-0.80286],[122.86542,-0.80685],[122.86649,-0.80715],[122.86808,-0.80667],[122.86855,-0.80553],[122.86853,-0.80265],[122.86947,-0.80226],[122.88172,-0.79799],[122.88447,-0.79789],[122.88763,-0.79837],[122.89196,-0.79725],[122.89521,-0.79553],[122.89926,-0.79464],[122.90341,-0.7919],[122.90425,-0.79024],[122.90582,-0.78361],[122.90584,-0.78256],[122.90479,-0.77966],[122.90479,-0.77729],[122.90567,-0.77659],[122.90761,-0.77722],[122.90935,-0.77943],[122.91262,-0.78036],[122.91456,-0.78159],[122.91656,-0.78354],[122.91932,-0.78485],[122.92086,-0.78533],[122.92588,-0.78483],[122.92864,-0.78513]]]]}},{"type":"Feature","properties":{"NAMOBJ":"Lobu","KODE_KAB":7201},"geometry":{"type":"MultiPolygon","coordinates":[[[[122.56075,-0.78087],[122.55995,-0.78423],[122.56217,-0.78688],[122.56299,-0.78955],[122.56379,-0.79054],[122.56356,-0.79319],[122.56383,-0.79411],[122.56474,-0.79502],[122.56612,-0.79539],[122.5692,-0.79729],[122.56979,-0.79844],[122.56758,-0.80139],[122.56583,-0.80107],[122.56533,-0.80208],[122.56428,-0.80261],[122.5642,-0.80519],[122.56345,-0.80664],[122.56037,-0.80418],[122.55882,-0.80357],[122.55672,-0.80364],[122.55472,-0.80556],[122.55455,-0.80736],[122.55506,-0.80924],[122.55419,-0.81191],[122.55555,-0.81373],[122.55539,-0.82129],[122.5541,-0.82236],[122.55142,-0.82351],[122.55259,-0.8265],[122.55262,-0.82801],[122.55458,-0.82936],[122.55705,-0.83209],[122.55977,-0.83333],[122.56091,-0.83512],[122.56126,-0.83645],[122.55824,-0.83859],[122.55749,-0.84051],[122.55612,-0.84198],[122.55382,-0.84402],[122.55117,-0.84516],[122.54826,-0.84912],[122.54423,-0.85181],[122.54314,-0.85332],[122.54144,-0.85459],[122.5407,-0.85497],[122.53976,-0.85314],[122.53848,-0.85315],[122.53459,-0.85142],[122.53306,-0.85128],[122.5288,-0.84947],[122.52678,-0.84811],[122.52354,-0.8479],[122.52243,-0.84906],[122.51888,-0.84764],[122.51549,-0.84763],[122.51187,-0.84574],[122.51057,-0.84558],[122.50958,-0.84417],[122.50646,-0.8477],[122.50572,-0.84906],[122.50557,-0.85067],[122.50487,-0.85142],[122.50125,-0.85088],[122.49813,-0.85109],[122.49674,-0.84761],[122.49508,-0.84642],[122.49266,-0.84591],[122.49093,-0.84579],[122.49033,-0.84662],[122.48818,-0.8479],[122.48654,-0.8499],[122.4852,-0.84848],[122.48486,-0.84838],[122.48463,-0.84926],[122.48131,-0.84795],[122.4797,-0.8451],[122.47816,-0.84332],[122.47725,-0.83995],[122.47634,-0.83905],[122.4763,-0.83795],[122.47593,-0.83769],[122.47384,-0.83699],[122.47194,-0.839],[122.46831,-0.84021],[122.46727,-0.84005],[122.46814,-0.83857],[122.46794,-0.83724],[122.46857,-0.83604],[122.47043,-0.83543],[122.47041,-0.83363],[122.4685,-0.83328],[122.46762,-0.83128],[122.46626,-0.83045],[122.46415,-0.83147],[122.46397,-0.82993],[122.46504,-0.82929],[122.46542,-0.82841],[122.46334,-0.82524],[122.46432,-0.82223],[122.46647,-0.82103],[122.46647,-0.81946],[122.47008,-0.81876],[122.47027,-0.81784],[122.47086,-0.81739],[122.46992,-0.81382],[122.47063,-0.81231],[122.4705,-0.81117],[122.47242,-0.81056],[122.47408,-0.80924],[122.47266,-0.80753],[122.47246,-0.80522],[122.47289,-0.80469],[122.47474,-0.80411],[122.47531,-0.80278],[122.4759,-0.80291],[122.4762,-0.79875],[122.4755,-0.7943],[122.47676,-0.79425],[122.47652,-0.79029],[122.4749,-0.78854],[122.47514,-0.78646],[122.47715,-0.78706],[122.47908,-0.7869],[122.48188,-0.78481],[122.48276,-0.78567],[122.48457,-0.78629],[122.48599,-0.78458],[122.48956,-0.78462],[122.4909,-0.78354],[122.4923,-0.78395],[122.49395,-0.78143],[122.49378,-0.78043],[122.49643,-0.78055],[122.4981,-0.78148],[122.50349,-0.78115],[122.50307,-0.7796],[122.50137,-0.77786],[122.5013,-0.77543],[122.50179,-0.77569],[122.50103,-0.77394],[122.5013,-0.77235],[122.50284,-0.77062],[122.50484,-0.77163],[122.50571,-0.77154],[122.50803,-0.77472],[122.50872,-0.77508],[122.51045,-0.77345],[122.50924,-0.77235],[122.50848,-0.77248],[122.50674,-0.77052],[122.50907,-0.76838],[122.50998,-0.76799],[122.51028,-0.7683],[122.51013,-0.76735],[122.51157,-0.76782],[122.51191,-0.76837],[122.51267,-0.76831],[122.51427,-0.77046],[122.51569,-0.77125],[122.51668,-0.77254],[122.51571,-0.77387],[122.51489,-0.77417],[122.51369,-0.77332],[122.5131,-0.77197],[122.51268,-0.77185],[122.51287,-0.77314],[122.51199,-0.7741],[122.51256,-0.77417],[122.51317,-0.77347],[122.51553,-0.77499],[122.51624,-0.77381],[122.51726,-0.77329],[122.51831,-0.77351],[122.51946,-0.77469],[122.52039,-0.7748],[122.52076,-0.77624],[122.52167,-0.77684],[122.52313,-0.77899],[122.52362,-0.7801],[122.52311,-0.78024],[122.52311,-0.78063],[122.52355,-0.78077],[122.52381,-0.78038],[122.52416,-0.78064],[122.5238,-0.78404],[122.5248,-0.7852],[122.52448,-0.78568],[122.52516,-0.78561],[122.52591,-0.78721],[122.52633,-0.78739],[122.52738,-0.78688],[122.52777,-0.78557],[122.52761,-0.78478],[122.52825,-0.78357],[122.5301,-0.78233],[122.53166,-0.78285],[122.53229,-0.78216],[122.53345,-0.78191],[122.53392,-0.78277],[122.5347,-0.78322],[122.53643,-0.7832],[122.5394,-0.78227],[122.54053,-0.7812],[122.54145,-0.78113],[122.54257,-0.78161],[122.54446,-0.78157],[122.54621,-0.78224],[122.54786,-0.78344],[122.55133,-0.78213],[122.55273,-0.78107],[122.55374,-0.7811],[122.55655,-0.78219],[122.56075,-0.78087]]]]}},{"type":"Feature","properties":{"NAMOBJ":"Masama","KODE_KAB":7201},"geometry":{"type":"MultiPolygon","coordinates":[[[[123.26363,-0.76231],[123.26512,-0.76281],[123.26641,-0.76477],[123.26633,-0.76615],[123.2671,-0.76731],[123.2674,-0.7693],[123.26643,-0.77272],[123.26643,-0.774],[123.2688,-0.77784],[123.26975,-0.77847],[123.26951,-0.77948],[123.26786,-0.78122],[123.26854,-0.78272],[123.26822,-0.78564],[123.26844,-0.78926],[123.26737,-0.79],[123.26673,-0.79117],[123.26637,-0.7966],[123.26577,-0.79812],[123.26445,-0.79922],[123.26256,-0.79997],[123.25927,-0.80012],[123.25889,-0.80058],[123.25837,-0.80533],[123.25784,-0.80674],[123.25913,-0.8079],[123.25975,-0.81025],[123.25837,-0.81323],[123.25763,-0.81709],[123.25528,-0.8205],[123.25517,-0.82141],[123.25417,-0.82193],[123.25268,-0.82122],[123.24816,-0.82088],[123.24697,-0.81995],[123.24436,-0.81914],[123.24287,-0.81948],[123.24151,-0.81839],[123.23804,-0.81931],[123.23769,-0.81784],[123.23678,-0.81751],[123.23609,-0.81748],[123.23468,-0.81857],[123.23308,-0.81803],[123.22778,-0.81751],[123.22363,-0.81895],[123.22334,-0.82195],[123.22451,-0.82379],[123.22308,-0.82485],[123.21925,-0.82374],[123.21614,-0.82382],[123.21238,-0.82243],[123.21149,-0.82448],[123.20955,-0.82514],[123.20888,-0.82729],[123.20931,-0.82983],[123.20881,-0.83044],[123.20565,-0.83153],[123.20228,-0.83395],[123.20022,-0.83472],[123.19842,-0.83609],[123.19201,-0.83923],[123.18942,-0.83986],[123.18851,-0.84091],[123.18822,-0.84196],[123.18818,-0.84299],[123.18865,-0.84384],[123.1883,-0.8445],[123.18397,-0.84413],[123.16809,-0.85483],[123.16746,-0.85561],[123.16561,-0.86078],[123.164,-0.86207],[123.16396,-0.86316],[123.16338,-0.86405],[123.16317,-0.87052],[123.16251,-0.87221],[123.15826,-0.87645],[123.15626,-0.87776],[123.15204,-0.87813],[123.14743,-0.88221],[123.14614,-0.88165],[123.1437,-0.87832],[123.14304,-0.87799],[123.14188,-0.87828],[123.14129,-0.87775],[123.14026,-0.87568],[123.13775,-0.87323],[123.13687,-0.87149],[123.13515,-0.86965],[123.13454,-0.86853],[123.13545,-0.86738],[123.13494,-0.86734],[123.13459,-0.86638],[123.13456,-0.86716],[123.13356,-0.86471],[123.13214,-0.86368],[123.13178,-0.8621],[123.13072,-0.86136],[123.13193,-0.86107],[123.13248,-0.86011],[123.13123,-0.85944],[123.12804,-0.85461],[123.12565,-0.85373],[123.1236,-0.85212],[123.11888,-0.85018],[123.11758,-0.84872],[123.1174,-0.84785],[123.11628,-0.84757],[123.1151,-0.84523],[123.11157,-0.84419],[123.1092,-0.84126],[123.10935,-0.84073],[123.10368,-0.83738],[123.10343,-0.83682],[123.10097,-0.83664],[123.10043,-0.83577],[123.09903,-0.83491],[123.09857,-0.83586],[123.09665,-0.83487],[123.09566,-0.83537],[123.0943,-0.83508],[123.09241,-0.83227],[123.09285,-0.83097],[123.0926,-0.8292],[123.0916,-0.8282],[123.0915,-0.82454],[123.09053,-0.82311],[123.09023,-0.82174],[123.08886,-0.82041],[123.0877,-0.82095],[123.08404,-0.82083],[123.08407,-0.81794],[123.08464,-0.81624],[123.0839,-0.81424],[123.08428,-0.8125],[123.08402,-0.81122],[123.07971,-0.81105],[123.08031,-0.80988],[123.08272,-0.80864],[123.08363,-0.80629],[123.08299,-0.80443],[123.08329,-0.80234],[123.08286,-0.80013],[123.08318,-0.79921],[123.08426,-0.79884],[123.08693,-0.79969],[123.08987,-0.7981],[123.0923,-0.79784],[123.09337,-0.79724],[123.09496,-0.79355],[123.09521,-0.78938],[123.09672,-0.78711],[123.09767,-0.78637],[123.09824,-0.78388],[123.09916,-0.78315],[123.10153,-0.78315],[123.10223,-0.78401],[123.1027,-0.78374],[123.10401,-0.78404],[123.10477,-0.78323],[123.10685,-0.78222],[123.10761,-0.78233],[123.1089,-0.78026],[123.10976,-0.77994],[123.11012,-0.77904],[123.111,-0.77828],[123.1153,-0.77508],[123.11656,-0.775],[123.11739,-0.77412],[123.12103,-0.77482],[123.12519,-0.77442],[123.12617,-0.77417],[123.12829,-0.77228],[123.13024,-0.77237],[123.13312,-0.77106],[123.13508,-0.7711],[123.13569,-0.77032],[123.13843,-0.76922],[123.13944,-0.76757],[123.14146,-0.76686],[123.14476,-0.76483],[123.14673,-0.76457],[123.14732,-0.76387],[123.14849,-0.76477],[123.14994,-0.76482],[123.15008,-0.76311],[123.15144,-0.7633],[123.15402,-0.76257],[123.15494,-0.76077],[123.15774,-0.75831],[123.16127,-0.75779],[123.16659,-0.75551],[123.16828,-0.75428],[123.16909,-0.75506],[123.1709,-0.75517],[123.17269,-0.75237],[123.17494,-0.75356],[123.17632,-0.75384],[123.17837,-0.75345],[123.17908,-0.7521],[123.17999,-0.75211],[123.18647,-0.7534],[123.18931,-0.75437],[123.19205,-0.75414],[123.19638,-0.75304],[123.19853,-0.75184],[123.20006,-0.75234],[123.20109,-0.75184],[123.2031,-0.75195],[123.2043,-0.75152],[123.20595,-0.75184],[123.20699,-0.75318],[123.21322,-0.75483],[123.21487,-0.75577],[123.21646,-0.75585],[123.21815,-0.75525],[123.22279,-0.75579],[123.22458,-0.75639],[123.22653,-0.75596],[123.23168,-0.7561],[123.233,-0.75558],[123.23507,-0.75321],[123.23648,-0.75245],[123.23959,-0.75361],[123.24137,-0.75528],[123.24317,-0.75629],[123.24477,-0.75583],[123.24562,-0.75682],[123.24944,-0.75566],[123.2538,-0.75363],[123.25489,-0.75397],[123.25521,-0.75465],[123.25982,-0.75774],[123.25999,-0.76061],[123.26102,-0.76187],[123.26213,-0.7624],[123.26363,-0.76231]]]]}},{"type":"Feature","properties":{"NAMOBJ":"Bualemo","KODE_KAB":7201},"geometry":{"type":"MultiPolygon","coordinates":[[[[122.94962,-0.63187],[122.94941,-0.63149],[122.94989,-0.63132],[122.94962,-0.63187]]],[[[122.94589,-0.6285],[122.94516,-0.62806],[122.94532,-0.62781],[122.94692,-0.62728],[122.94656,-0.62811],[122.94589,-0.6285]]],[[[122.94294,-0.62744],[122.94191,-0.6273],[122.94161,-0.62687],[122.94252,-0.62646],[122.94302,-0.627],[122.94294,-0.62744]]],[[[122.83622,-0.6276],[122.83495,-0.6285],[122.8333,-0.62872],[122.83345,-0.62789],[122.83431,-0.62751],[122.83428,-0.62684],[122.83651,-0.62578],[122.83676,-0.62727],[122.83622,-0.6276]]],[[[123.3614,-0.61828],[123.36092,-0.61891],[123.3585,-0.61846],[123.35694,-0.61906],[123.3562,-0.61759],[123.35686,-0.61651],[123.35846,-0.61629],[123.3614,-0.61828]]],[[[123.34854,-0.61021],[123.3511,-0.61071],[123.35286,-0.61156],[123.35365,-0.61265],[123.35363,-0.61397],[123.35294,-0.61442],[123.35157,-0.61444],[123.35113,-0.61392],[123.34982,-0.61369],[123.34718,-0.61211],[123.34694,-0.61066],[123.34854,-0.61021]]],[[[123.33527,-0.60482],[123.33631,-0.60504],[123.33679,-0.60609],[123.33634,-0.60661],[123.33429,-0.60696],[123.33353,-0.60586],[123.33468,-0.60482],[123.33527,-0.60482]]],[[[122.90747,-0.59772],[122.90725,-0.59741],[122.90769,-0.5973],[122.90784,-0.59758],[122.90747,-0.59772]]],[[[123.0588,-0.56444],[123.06099,-0.56487],[123.06957,-0.56797],[123.07631,-0.57134],[123.08156,-0.57496],[123.0872,-0.57706],[123.09032,-0.57701],[123.09201,-0.57779],[123.09328,-0.57746],[123.09504,-0.57797],[123.09891,-0.57744],[123.0995,-0.577],[123.09962,-0.57583],[123.10358,-0.57412],[123.10822,-0.57309],[123.11219,-0.57101],[123.11554,-0.57126],[123.12203,-0.57344],[123.12601,-0.57366],[123.12977,-0.57519],[123.13606,-0.57665],[123.1395,-0.57661],[123.14262,-0.57513],[123.14547,-0.5761],[123.14783,-0.57626],[123.15144,-0.57814],[123.15304,-0.57853],[123.16227,-0.58393],[123.16669,-0.58497],[123.1708,-0.58473],[123.1747,-0.58371],[123.18079,-0.5809],[123.18903,-0.57526],[123.19417,-0.57058],[123.1982,-0.56978],[123.20175,-0.57019],[123.2037,-0.57101],[123.20703,-0.57328],[123.22044,-0.57992],[123.23173,-0.58207],[123.23565,-0.58322],[123.24171,-0.58387],[123.24982,-0.58341],[123.25678,-0.58171],[123.25706,-0.58028],[123.25798,-0.57985],[123.26104,-0.5801],[123.27284,-0.58593],[123.28022,-0.59138],[123.29308,-0.60001],[123.30236,-0.60736],[123.30349,-0.60746],[123.30376,-0.60805],[123.30749,-0.61088],[123.30937,-0.611],[123.31163,-0.61207],[123.31272,-0.61211],[123.3158,-0.61058],[123.31716,-0.61101],[123.31973,-0.613],[123.32257,-0.61315],[123.32364,-0.61506],[123.32654,-0.61679],[123.3278,-0.61731],[123.33083,-0.61758],[123.33222,-0.61879],[123.33914,-0.62248],[123.34336,-0.62298],[123.34488,-0.62414],[123.34781,-0.62549],[123.35031,-0.62598],[123.35177,-0.62782],[123.35353,-0.63143],[123.35563,-0.63297],[123.35771,-0.63374],[123.3599,-0.63342],[123.36151,-0.6339],[123.36263,-0.6336],[123.36352,-0.63449],[123.36535,-0.63486],[123.36806,-0.63697],[123.37107,-0.63706],[123.37321,-0.6376],[123.37453,-0.63957],[123.37583,-0.64004],[123.38009,-0.63819],[123.38039,-0.63863],[123.37912,-0.64019],[123.37863,-0.64233],[123.38009,-0.64504],[123.38277,-0.6467],[123.38611,-0.64691],[123.38948,-0.64573],[123.3916,-0.64428],[123.39324,-0.64223],[123.39446,-0.64242],[123.40024,-0.64953],[123.38105,-0.65822],[123.37857,-0.66109],[123.3772,-0.6616],[123.37714,-0.66229],[123.37635,-0.66171],[123.37499,-0.66155],[123.37408,-0.66245],[123.37335,-0.66211],[123.37238,-0.66269],[123.36985,-0.66255],[123.36908,-0.66416],[123.3681,-0.66448],[123.36686,-0.66419],[123.36644,-0.66297],[123.36583,-0.66257],[123.36557,-0.66303],[123.36608,-0.66452],[123.36542,-0.66449],[123.36509,-0.66516],[123.36424,-0.66521],[123.36293,-0.66433],[123.36179,-0.6654],[123.36059,-0.66576],[123.35769,-0.6698],[123.35497,-0.66967],[123.35381,-0.6691],[123.35165,-0.66892],[123.35067,-0.66793],[123.34707,-0.66788],[123.34201,-0.66951],[123.33112,-0.67192],[123.32726,-0.67192],[123.31732,-0.67558],[123.30033,-0.67997],[123.29274,-0.68307],[123.291,-0.68428],[123.28974,-0.68545],[123.28958,-0.68913],[123.29074,-0.68981],[123.28992,-0.6904],[123.28998,-0.69096],[123.29239,-0.69104],[123.29281,-0.69203],[123.29287,-0.69455],[123.29481,-0.69497],[123.29578,-0.69585],[123.29709,-0.69628],[123.29704,-0.69678],[123.29509,-0.69808],[123.29818,-0.70006],[123.29776,-0.70349],[123.29553,-0.70438],[123.29317,-0.70328],[123.29202,-0.70342],[123.29121,-0.70606],[123.28942,-0.70846],[123.28953,-0.70881],[123.29085,-0.70929],[123.29063,-0.7106],[123.28833,-0.70971],[123.28774,-0.71028],[123.28768,-0.71196],[123.28369,-0.71253],[123.2826,-0.71392],[123.28168,-0.71444],[123.27971,-0.71415],[123.27983,-0.71548],[123.2778,-0.71766],[123.27736,-0.71913],[123.2752,-0.72043],[123.27515,-0.72096],[123.27656,-0.72188],[123.27585,-0.72329],[123.2769,-0.72465],[123.27679,-0.72554],[123.27216,-0.7249],[123.27187,-0.72544],[123.27291,-0.72709],[123.27293,-0.72904],[123.27154,-0.72952],[123.27117,-0.73136],[123.27057,-0.73206],[123.2682,-0.7318],[123.26745,-0.73219],[123.26948,-0.73429],[123.26999,-0.73678],[123.26871,-0.73763],[123.26848,-0.73836],[123.27025,-0.73974],[123.2708,-0.74215],[123.26958,-0.74309],[123.26857,-0.74229],[123.26772,-0.74241],[123.26749,-0.74316],[123.26799,-0.74461],[123.26771,-0.74517],[123.26611,-0.74682],[123.26526,-0.74681],[123.26432,-0.74594],[123.26368,-0.74595],[123.26337,-0.74654],[123.26427,-0.74744],[123.26419,-0.7482],[123.26367,-0.74839],[123.26267,-0.74783],[123.26253,-0.7489],[123.26113,-0.75],[123.26325,-0.75132],[123.26408,-0.7548],[123.26413,-0.75691],[123.26312,-0.7605],[123.26363,-0.76231],[123.26213,-0.7624],[123.26102,-0.76187],[123.25999,-0.76061],[123.25982,-0.75774],[123.25521,-0.75465],[123.25489,-0.75397],[123.2538,-0.75363],[123.24944,-0.75566],[123.24562,-0.75682],[123.24477,-0.75583],[123.24317,-0.75629],[123.24137,-0.75528],[123.23959,-0.75361],[123.23648,-0.75245],[123.23507,-0.75321],[123.233,-0.75558],[123.23168,-0.7561],[123.22653,-0.75596],[123.22458,-0.75639],[123.22279,-0.75579],[123.21815,-0.75525],[123.21646,-0.75585],[123.21487,-0.75577],[123.21322,-0.75483],[123.20699,-0.75318],[123.20595,-0.75184],[123.2043,-0.75152],[123.2031,-0.75195],[123.20109,-0.75184],[123.20006,-0.75234],[123.19853,-0.75184],[123.19638,-0.75304],[123.19205,-0.75414],[123.18931,-0.75437],[123.18647,-0.7534],[123.17999,-0.75211],[123.17908,-0.7521],[123.17837,-0.75345],[123.17632,-0.75384],[123.1746,-0.75342],[123.17284,-0.75234],[123.1709,-0.75517],[123.16909,-0.75506],[123.16828,-0.75428],[123.16659,-0.75551],[123.16127,-0.75779],[123.15774,-0.75831],[123.15494,-0.76077],[123.15402,-0.76257],[123.15144,-0.7633],[123.15008,-0.76311],[123.14994,-0.76482],[123.14849,-0.76477],[123.14732,-0.76387],[123.14673,-0.76457],[123.14476,-0.76483],[123.14146,-0.76686],[123.13944,-0.76757],[123.13843,-0.76922],[123.13569,-0.77032],[123.13508,-0.7711],[123.13312,-0.77106],[123.13024,-0.77237],[123.12829,-0.77228],[123.12617,-0.77417],[123.12519,-0.77442],[123.12103,-0.77482],[123.11773,-0.77406],[123.11656,-0.775],[123.1153,-0.77508],[123.11012,-0.77904],[123.10976,-0.77994],[123.1089,-0.78026],[123.10761,-0.78233],[123.10685,-0.78222],[123.10477,-0.78323],[123.10401,-0.78404],[123.1027,-0.78374],[123.10223,-0.78401],[123.10153,-0.78315],[123.09916,-0.78315],[123.09824,-0.78388],[123.09767,-0.78637],[123.09591,-0.78838],[123.09604,-0.78682],[123.09564,-0.78508],[123.09397,-0.78408],[123.08979,-0.78256],[123.08821,-0.77905],[123.08678,-0.77777],[123.08428,-0.77801],[123.08185,-0.7804],[123.0803,-0.78094],[123.07725,-0.78123],[123.07481,-0.78097],[123.07103,-0.779],[123.067,-0.77751],[123.06651,-0.77576],[123.06584,-0.77507],[123.06314,-0.77496],[123.06038,-0.77353],[123.05989,-0.77403],[123.05912,-0.77647],[123.05509,-0.77752],[123.04577,-0.77698],[123.04599,-0.77982],[123.04449,-0.78008],[123.04341,-0.78128],[123.04216,-0.78102],[123.04128,-0.78192],[123.0413,-0.78295],[123.03994,-0.78377],[123.03916,-0.78379],[123.03908,-0.78495],[123.03792,-0.78614],[123.03791,-0.7869],[123.03664,-0.78717],[123.03635,-0.78767],[123.03511,-0.78721],[123.03468,-0.78582],[123.03225,-0.78509],[123.03134,-0.78518],[123.03029,-0.78423],[123.02929,-0.78434],[123.02759,-0.78697],[123.0257,-0.78869],[123.02517,-0.79036],[123.02363,-0.79078],[123.02086,-0.78953],[123.01859,-0.78658],[123.01772,-0.78634],[123.01543,-0.78955],[123.01359,-0.78997],[123.01295,-0.79051],[123.01119,-0.79069],[123.01058,-0.79164],[123.00964,-0.79175],[123.00895,-0.79294],[123.00639,-0.79332],[123.00422,-0.79147],[123.00321,-0.7914],[123.0018,-0.79208],[123.00063,-0.79416],[123,-0.79167],[123.00213,-0.78236],[122.99791,-0.77241],[122.99806,-0.75989],[123.00499,-0.75507],[123.0268,-0.75482],[123.03333,-0.75],[123.03403,-0.75],[123.03434,-0.74872],[123.03323,-0.74601],[123.03258,-0.7457],[123.03136,-0.7436],[123.0299,-0.73864],[123.02644,-0.73468],[123.02847,-0.73007],[123.02953,-0.72884],[123.0291,-0.72482],[123.02998,-0.72166],[123.03103,-0.72071],[123.02925,-0.71726],[123.02833,-0.7165],[123.02361,-0.71841],[123.02098,-0.71756],[123.01722,-0.71871],[123.01298,-0.71883],[123.01051,-0.71962],[123.00799,-0.72183],[123.00642,-0.72125],[123.00737,-0.71494],[123.00723,-0.71183],[123.00794,-0.71041],[123.00466,-0.70778],[123.00224,-0.70634],[123.00065,-0.70588],[122.99709,-0.7075],[122.99309,-0.70737],[122.991,-0.70922],[122.99011,-0.70871],[122.98705,-0.70926],[122.98483,-0.71109],[122.98262,-0.71002],[122.98168,-0.70877],[122.98158,-0.70657],[122.98223,-0.70542],[122.98215,-0.70367],[122.98135,-0.70133],[122.98061,-0.7006],[122.97848,-0.70132],[122.97727,-0.70314],[122.9725,-0.70507],[122.97094,-0.70632],[122.96797,-0.70636],[122.9654,-0.70544],[122.96415,-0.70598],[122.96482,-0.71001],[122.96816,-0.71261],[122.96917,-0.71401],[122.96844,-0.7156],[122.96257,-0.71498],[122.96042,-0.71355],[122.95542,-0.71171],[122.9562,-0.71075],[122.95188,-0.71],[122.94831,-0.71141],[122.94659,-0.71261],[122.9429,-0.7167],[122.93789,-0.71728],[122.93597,-0.71441],[122.93383,-0.71476],[122.93169,-0.71391],[122.93035,-0.71288],[122.92871,-0.70962],[122.92889,-0.70813],[122.92809,-0.70652],[122.92778,-0.70661],[122.92718,-0.70775],[122.92752,-0.70815],[122.92675,-0.70891],[122.92432,-0.70954],[122.92326,-0.71528],[122.92336,-0.71705],[122.92403,-0.71856],[122.92534,-0.71947],[122.92649,-0.72117],[122.92683,-0.72281],[122.92677,-0.72434],[122.92584,-0.72615],[122.9257,-0.72727],[122.9265,-0.73306],[122.92626,-0.73587],[122.92681,-0.73723],[122.92404,-0.73734],[122.92277,-0.73789],[122.92114,-0.73755],[122.91864,-0.73874],[122.91357,-0.73877],[122.91009,-0.73933],[122.90771,-0.73878],[122.90671,-0.73649],[122.90423,-0.73424],[122.90169,-0.7351],[122.90104,-0.73569],[122.90101,-0.73672],[122.89973,-0.73688],[122.89823,-0.73635],[122.8974,-0.73738],[122.89602,-0.73816],[122.89643,-0.73508],[122.89592,-0.7345],[122.89502,-0.73572],[122.89433,-0.73874],[122.89258,-0.73862],[122.89048,-0.73526],[122.89002,-0.73272],[122.88881,-0.73107],[122.88787,-0.72785],[122.88789,-0.72647],[122.88652,-0.72259],[122.88482,-0.72154],[122.88366,-0.71979],[122.87983,-0.71862],[122.87728,-0.71687],[122.87622,-0.7165],[122.87343,-0.7172],[122.87203,-0.71693],[122.87106,-0.71623],[122.8704,-0.71341],[122.86949,-0.71176],[122.86703,-0.71082],[122.86544,-0.71101],[122.86404,-0.71266],[122.86324,-0.71302],[122.85958,-0.71251],[122.8573,-0.71313],[122.85522,-0.71204],[122.85077,-0.7137],[122.84998,-0.71355],[122.84943,-0.71292],[122.84941,-0.71067],[122.84831,-0.70917],[122.84765,-0.70887],[122.8464,-0.70948],[122.84512,-0.70926],[122.84405,-0.70818],[122.84287,-0.70908],[122.84291,-0.70967],[122.8417,-0.70957],[122.8389,-0.71058],[122.83653,-0.70984],[122.83433,-0.71064],[122.83138,-0.7088],[122.83023,-0.70906],[122.82872,-0.70876],[122.82832,-0.70709],[122.82765,-0.70611],[122.82773,-0.70488],[122.82716,-0.70343],[122.8255,-0.70194],[122.82379,-0.70136],[122.82291,-0.70146],[122.82178,-0.70228],[122.81993,-0.70182],[122.81704,-0.70185],[122.81592,-0.70259],[122.81466,-0.7049],[122.80938,-0.70584],[122.80795,-0.70775],[122.80581,-0.70845],[122.80353,-0.70839],[122.8014,-0.7064],[122.80029,-0.70168],[122.79973,-0.7009],[122.79981,-0.69896],[122.80416,-0.69713],[122.8058,-0.69546],[122.80502,-0.69486],[122.80405,-0.6919],[122.80299,-0.69153],[122.80248,-0.68784],[122.80283,-0.68476],[122.80581,-0.67961],[122.80639,-0.67591],[122.80818,-0.67216],[122.81315,-0.66857],[122.81421,-0.66655],[122.81608,-0.66463],[122.81787,-0.66415],[122.81954,-0.65951],[122.81917,-0.65887],[122.8196,-0.65493],[122.8203,-0.65415],[122.82148,-0.64785],[122.82059,-0.64718],[122.82012,-0.6457],[122.81794,-0.64416],[122.81778,-0.64269],[122.81681,-0.64166],[122.81657,-0.64058],[122.81765,-0.64018],[122.81761,-0.63944],[122.81896,-0.6387],[122.82064,-0.63813],[122.82149,-0.63823],[122.82196,-0.63741],[122.82277,-0.63723],[122.82268,-0.63667],[122.82355,-0.63638],[122.82368,-0.63521],[122.8257,-0.63529],[122.82652,-0.63471],[122.82972,-0.6364],[122.83083,-0.63589],[122.83209,-0.63599],[122.83405,-0.63795],[122.83409,-0.64069],[122.83486,-0.64207],[122.83551,-0.64207],[122.83639,-0.6405],[122.83683,-0.64062],[122.83673,-0.64121],[122.83772,-0.64211],[122.83951,-0.64257],[122.84754,-0.64037],[122.84914,-0.63936],[122.84851,-0.63912],[122.84802,-0.63789],[122.84896,-0.63652],[122.84991,-0.63604],[122.85028,-0.63479],[122.85144,-0.63358],[122.85226,-0.62896],[122.85522,-0.62857],[122.86,-0.62636],[122.8615,-0.62445],[122.86211,-0.62282],[122.86194,-0.6223],[122.86461,-0.62159],[122.86542,-0.62252],[122.86476,-0.62582],[122.86616,-0.62688],[122.86597,-0.62799],[122.86864,-0.629],[122.87243,-0.62891],[122.87371,-0.62953],[122.8743,-0.63044],[122.87398,-0.63446],[122.87458,-0.63456],[122.87479,-0.63509],[122.87426,-0.63551],[122.87511,-0.63609],[122.87756,-0.63656],[122.87878,-0.63913],[122.87849,-0.63966],[122.87938,-0.64022],[122.8801,-0.63949],[122.87995,-0.63895],[122.88148,-0.63912],[122.88306,-0.638],[122.88346,-0.63846],[122.88544,-0.63845],[122.88756,-0.63578],[122.88835,-0.63534],[122.89075,-0.63638],[122.89149,-0.63577],[122.89532,-0.63599],[122.89583,-0.63539],[122.89587,-0.63404],[122.89513,-0.63356],[122.89548,-0.63307],[122.89432,-0.63177],[122.89606,-0.62998],[122.89659,-0.6285],[122.89673,-0.62604],[122.89533,-0.62368],[122.89346,-0.62273],[122.89262,-0.62271],[122.89236,-0.62135],[122.89338,-0.61907],[122.89362,-0.61713],[122.89617,-0.61598],[122.89869,-0.6162],[122.89968,-0.61734],[122.89889,-0.61828],[122.89917,-0.61867],[122.89809,-0.61803],[122.89634,-0.62156],[122.89638,-0.62305],[122.89718,-0.6243],[122.90144,-0.6256],[122.91383,-0.62651],[122.91591,-0.62616],[122.92051,-0.62647],[122.92317,-0.62572],[122.92399,-0.62516],[122.92449,-0.62386],[122.92378,-0.62219],[122.92407,-0.62063],[122.92842,-0.61865],[122.93159,-0.61999],[122.9345,-0.62026],[122.93639,-0.62115],[122.93778,-0.62258],[122.93857,-0.62268],[122.9447,-0.62102],[122.94509,-0.62045],[122.94811,-0.62011],[122.95359,-0.61822],[122.95438,-0.61847],[122.95416,-0.61911],[122.95193,-0.62048],[122.94849,-0.62054],[122.94845,-0.62138],[122.94803,-0.62174],[122.94604,-0.62181],[122.94531,-0.62267],[122.9442,-0.62306],[122.94157,-0.62248],[122.94176,-0.62322],[122.94278,-0.62368],[122.94265,-0.62442],[122.93977,-0.62626],[122.93886,-0.62529],[122.93961,-0.62881],[122.93909,-0.62926],[122.93757,-0.62877],[122.93859,-0.63008],[122.93854,-0.63052],[122.93746,-0.6303],[122.93726,-0.62915],[122.93677,-0.62872],[122.93597,-0.62879],[122.93537,-0.62832],[122.93517,-0.62882],[122.93612,-0.63055],[122.93693,-0.63046],[122.93753,-0.63125],[122.93914,-0.63138],[122.93938,-0.63255],[122.93875,-0.63304],[122.93978,-0.6331],[122.94067,-0.63373],[122.94083,-0.63326],[122.94037,-0.63261],[122.94127,-0.632],[122.94184,-0.63227],[122.94203,-0.63317],[122.94405,-0.63381],[122.94457,-0.63298],[122.94323,-0.63142],[122.94441,-0.62945],[122.94512,-0.62935],[122.94521,-0.63106],[122.94581,-0.63043],[122.94622,-0.6305],[122.94562,-0.63186],[122.94581,-0.63267],[122.94789,-0.63358],[122.94892,-0.63299],[122.94806,-0.63399],[122.94786,-0.63542],[122.94658,-0.63678],[122.9459,-0.63686],[122.9456,-0.63796],[122.94366,-0.63866],[122.94266,-0.63824],[122.94256,-0.63775],[122.94221,-0.638],[122.9421,-0.63879],[122.94329,-0.63943],[122.94246,-0.63998],[122.94253,-0.64052],[122.94326,-0.64014],[122.9435,-0.64057],[122.94366,-0.63968],[122.94444,-0.63888],[122.9481,-0.63849],[122.94962,-0.63788],[122.95014,-0.63838],[122.95103,-0.63809],[122.95186,-0.6421],[122.95009,-0.64312],[122.94746,-0.6432],[122.94686,-0.64288],[122.94637,-0.64377],[122.94735,-0.64402],[122.9468,-0.64428],[122.9468,-0.64476],[122.94773,-0.64448],[122.94819,-0.64372],[122.94928,-0.64379],[122.95069,-0.64463],[122.95155,-0.64395],[122.95323,-0.64384],[122.95408,-0.64485],[122.95396,-0.64579],[122.95515,-0.64516],[122.9559,-0.64652],[122.95758,-0.64641],[122.95767,-0.64615],[122.95593,-0.64545],[122.95521,-0.64461],[122.95628,-0.64318],[122.95836,-0.64332],[122.95875,-0.6429],[122.95868,-0.64258],[122.95784,-0.64273],[122.95755,-0.64052],[122.95853,-0.64051],[122.95929,-0.6399],[122.95782,-0.6401],[122.95819,-0.6385],[122.95799,-0.6377],[122.95723,-0.6373],[122.95745,-0.63368],[122.95832,-0.63396],[122.95883,-0.63303],[122.9595,-0.63361],[122.96186,-0.63339],[122.96196,-0.63179],[122.96152,-0.63016],[122.96249,-0.62939],[122.96232,-0.62696],[122.96383,-0.62562],[122.96389,-0.62327],[122.96488,-0.62315],[122.96521,-0.62396],[122.96557,-0.62393],[122.96639,-0.62254],[122.9681,-0.62145],[122.96844,-0.61931],[122.96918,-0.61923],[122.97023,-0.62065],[122.9706,-0.62007],[122.97148,-0.62053],[122.9723,-0.62035],[122.97351,-0.61913],[122.97653,-0.61939],[122.97844,-0.61884],[122.97918,-0.61818],[122.98122,-0.61877],[122.98178,-0.62033],[122.98267,-0.62062],[122.98352,-0.61969],[122.98451,-0.61935],[122.98555,-0.61696],[122.98634,-0.6168],[122.98654,-0.61744],[122.98568,-0.61903],[122.98704,-0.61984],[122.98694,-0.62259],[122.98785,-0.62325],[122.98959,-0.62315],[122.99105,-0.6202],[122.99339,-0.61913],[122.99312,-0.61788],[122.99346,-0.61725],[122.99402,-0.61718],[122.99425,-0.61865],[122.9957,-0.61899],[123.0024,-0.61483],[123.00315,-0.6147],[123.00903,-0.60877],[123.01009,-0.60823],[123.01132,-0.60618],[123.01199,-0.6062],[123.01206,-0.60571],[123.01292,-0.60513],[123.01329,-0.60366],[123.01231,-0.60261],[123.01229,-0.60116],[123.01411,-0.6018],[123.0169,-0.60139],[123.01955,-0.59977],[123.02009,-0.59906],[123.02311,-0.59811],[123.02335,-0.59736],[123.02587,-0.5963],[123.02632,-0.59653],[123.0269,-0.59809],[123.02938,-0.59925],[123.03306,-0.5974],[123.03498,-0.59549],[123.03539,-0.59563],[123.03543,-0.59655],[123.03642,-0.59711],[123.03976,-0.59653],[123.04761,-0.58898],[123.04866,-0.58923],[123.04899,-0.58973],[123.04963,-0.58904],[123.04918,-0.58723],[123.052,-0.58158],[123.05252,-0.57921],[123.05215,-0.57765],[123.0507,-0.57708],[123.05033,-0.57653],[123.04952,-0.57326],[123.04928,-0.56986],[123.0538,-0.56612],[123.05739,-0.5644],[123.0588,-0.56444]]],[[[123.0969,-0.54795],[123.09755,-0.54817],[123.09655,-0.5491],[123.09479,-0.54943],[123.09512,-0.54804],[123.0969,-0.54795]]],[[[123.10013,-0.51498],[123.10163,-0.51502],[123.10297,-0.51592],[123.10353,-0.51696],[123.10305,-0.51826],[123.10144,-0.51895],[123.10027,-0.51875],[123.09339,-0.51222],[123.09368,-0.51047],[123.09522,-0.51063],[123.09659,-0.51147],[123.09884,-0.51413],[123.10013,-0.51498]]],[[[122.93298,-0.48441],[122.93597,-0.48452],[122.93579,-0.48483],[122.9344,-0.48462],[122.93332,-0.48491],[122.93241,-0.48466],[122.93235,-0.48421],[122.93298,-0.48441]]]]}}]}