{"type":"FeatureCollection","features":[{"type":"Feature","properties":{"NAMOBJ":"Rio Pakava","KODE_KAB":7203},"geometry":{"type":"MultiPolygon","coordinates":[[[[119.477,-1.30813],[119.47653,-1.30763],[119.47706,-1.30682],[119.477,-1.30813]]],[[[119.47735,-1.30673],[119.47708,-1.30681],[119.47709,-1.30681],[119.47727,-1.30675],[119.47735,-1.30673]]],[[[119.61304,-1.13641],[119.61559,-1.13666],[119.6188,-1.13866],[119.62244,-1.13879],[119.62525,-1.14124],[119.62598,-1.14148],[119.62792,-1.14146],[119.62848,-1.14086],[119.62946,-1.1408],[119.63048,-1.14281],[119.63207,-1.14416],[119.63055,-1.1469],[119.63498,-1.15681],[119.63476,-1.15873],[119.63623,-1.16301],[119.6398,-1.164],[119.64191,-1.16269],[119.64537,-1.16569],[119.6481,-1.16701],[119.65267,-1.17069],[119.65471,-1.17022],[119.65679,-1.16856],[119.65915,-1.16742],[119.6619,-1.16861],[119.66458,-1.17107],[119.66592,-1.17134],[119.66658,-1.17082],[119.66662,-1.16891],[119.66752,-1.16688],[119.66896,-1.16683],[119.67162,-1.16722],[119.67459,-1.16939],[119.67669,-1.17025],[119.67783,-1.17017],[119.6807,-1.16885],[119.68369,-1.16614],[119.68643,-1.16448],[119.68664,-1.16192],[119.68751,-1.16027],[119.68844,-1.15945],[119.69067,-1.15922],[119.69295,-1.15807],[119.69428,-1.15844],[119.69585,-1.15704],[119.69631,-1.15594],[119.6974,-1.15538],[119.69987,-1.15462],[119.70273,-1.155],[119.70388,-1.15436],[119.70502,-1.15439],[119.7056,-1.15306],[119.70851,-1.15191],[119.71176,-1.15318],[119.71702,-1.1537],[119.71898,-1.15365],[119.72136,-1.1528],[119.72281,-1.15342],[119.72337,-1.15456],[119.72677,-1.15493],[119.72798,-1.15648],[119.72845,-1.15918],[119.7335,-1.16124],[119.73498,-1.16247],[119.73541,-1.16416],[119.73624,-1.16497],[119.7363,-1.1675],[119.73716,-1.17134],[119.73787,-1.17235],[119.74096,-1.17466],[119.74249,-1.17479],[119.74694,-1.17288],[119.74834,-1.17264],[119.75131,-1.174],[119.75614,-1.17423],[119.75784,-1.17544],[119.75989,-1.17963],[119.75953,-1.18121],[119.76027,-1.18282],[119.78221,-1.18485],[119.78133,-1.18767],[119.76696,-1.19822],[119.77019,-1.20818],[119.7784,-1.21697],[119.78552,-1.22144],[119.79842,-1.23375],[119.80311,-1.244],[119.80746,-1.2478],[119.80894,-1.25],[119.80941,-1.2503],[119.80998,-1.25],[119.81235,-1.25208],[119.81247,-1.25325],[119.81305,-1.25384],[119.81512,-1.26038],[119.81894,-1.26771],[119.81982,-1.27089],[119.82112,-1.27277],[119.82145,-1.2746],[119.8245,-1.27847],[119.82561,-1.27895],[119.82921,-1.28473],[119.82536,-1.29691],[119.82572,-1.2985],[119.82218,-1.30307],[119.82183,-1.30443],[119.82493,-1.31235],[119.82743,-1.31585],[119.82786,-1.31874],[119.82697,-1.32156],[119.82814,-1.32448],[119.82743,-1.32613],[119.82739,-1.33184],[119.82567,-1.33524],[119.82803,-1.33628],[119.82863,-1.33729],[119.82895,-1.33908],[119.83012,-1.34033],[119.83414,-1.35409],[119.83357,-1.35669],[119.83434,-1.35726],[119.83552,-1.35916],[119.83541,-1.36032],[119.836,-1.36091],[119.83704,-1.36474],[119.83598,-1.36474],[119.83576,-1.36627],[119.82975,-1.37251],[119.82847,-1.38732],[119.81117,-1.39553],[119.79416,-1.40051],[119.78442,-1.3986],[119.78317,-1.3977],[119.77844,-1.3968],[119.77748,-1.39705],[119.77319,-1.40074],[119.77084,-1.40115],[119.76738,-1.40243],[119.76286,-1.40228],[119.76137,-1.403],[119.76078,-1.40489],[119.74959,-1.41721],[119.7364,-1.42219],[119.72659,-1.42442],[119.72236,-1.42413],[119.71382,-1.41663],[119.71268,-1.417],[119.7108,-1.4162],[119.70918,-1.41641],[119.70767,-1.41768],[119.70033,-1.42717],[119.69006,-1.4301],[119.68327,-1.4411],[119.68174,-1.43975],[119.68074,-1.43963],[119.68032,-1.44016],[119.68061,-1.44227],[119.68013,-1.44265],[119.67862,-1.44273],[119.67661,-1.44202],[119.6747,-1.44236],[119.67341,-1.44335],[119.67264,-1.44344],[119.67087,-1.44256],[119.66963,-1.44097],[119.66946,-1.43986],[119.66975,-1.43906],[119.67179,-1.43696],[119.67165,-1.43521],[119.67106,-1.4347],[119.66855,-1.43518],[119.66652,-1.43476],[119.66588,-1.43422],[119.66673,-1.43356],[119.67155,-1.43331],[119.67269,-1.43224],[119.67273,-1.43141],[119.6717,-1.43078],[119.66901,-1.43024],[119.6676,-1.42805],[119.6653,-1.42705],[119.66421,-1.42314],[119.66333,-1.4219],[119.66156,-1.42218],[119.65872,-1.42393],[119.65777,-1.42383],[119.65483,-1.42236],[119.65459,-1.42026],[119.65192,-1.41886],[119.65229,-1.4172],[119.65204,-1.41637],[119.64959,-1.41426],[119.646,-1.4127],[119.64575,-1.40994],[119.64382,-1.40931],[119.64389,-1.4061],[119.64174,-1.40377],[119.64074,-1.40341],[119.63913,-1.40364],[119.63335,-1.40015],[119.63147,-1.3999],[119.63127,-1.40162],[119.63246,-1.40306],[119.63217,-1.40478],[119.63119,-1.40626],[119.62957,-1.40602],[119.62857,-1.40549],[119.62734,-1.40382],[119.62421,-1.39756],[119.62316,-1.3967],[119.62154,-1.39633],[119.62051,-1.39679],[119.62002,-1.39853],[119.61851,-1.40091],[119.61614,-1.39904],[119.61485,-1.39889],[119.61411,-1.40124],[119.61466,-1.40208],[119.61483,-1.40362],[119.61301,-1.40513],[119.61054,-1.40559],[119.60747,-1.4026],[119.60658,-1.40239],[119.60481,-1.40367],[119.60229,-1.40302],[119.6019,-1.40196],[119.60227,-1.39897],[119.60137,-1.39748],[119.60049,-1.39731],[119.59713,-1.39919],[119.59638,-1.39908],[119.59338,-1.39642],[119.59161,-1.39592],[119.59106,-1.39626],[119.591,-1.3985],[119.59047,-1.39986],[119.58879,-1.40288],[119.59021,-1.40556],[119.58998,-1.40773],[119.58914,-1.40975],[119.58803,-1.4102],[119.58676,-1.40997],[119.58435,-1.40891],[119.58203,-1.40933],[119.58202,-1.4104],[119.58354,-1.41439],[119.58452,-1.42134],[119.58438,-1.42359],[119.58378,-1.425],[119.58322,-1.42541],[119.58209,-1.42532],[119.57916,-1.42368],[119.57394,-1.41967],[119.57253,-1.41954],[119.5675,-1.42192],[119.5674,-1.42243],[119.56877,-1.42513],[119.56863,-1.42697],[119.56797,-1.42807],[119.56747,-1.42831],[119.56441,-1.4275],[119.56193,-1.42762],[119.5607,-1.42838],[119.5594,-1.42993],[119.55685,-1.42844],[119.55517,-1.42839],[119.55372,-1.42943],[119.55223,-1.43227],[119.5507,-1.43217],[119.54911,-1.4331],[119.5486,-1.43502],[119.54736,-1.43621],[119.54635,-1.43652],[119.5453,-1.43584],[119.5451,-1.43497],[119.54736,-1.42956],[119.54901,-1.42763],[119.54937,-1.42537],[119.54824,-1.42416],[119.54433,-1.42214],[119.54123,-1.42156],[119.53944,-1.42165],[119.5385,-1.42228],[119.53828,-1.42305],[119.53968,-1.42443],[119.54046,-1.42729],[119.54095,-1.42982],[119.54058,-1.43179],[119.53951,-1.43199],[119.53879,-1.43156],[119.5354,-1.42778],[119.53377,-1.4278],[119.53202,-1.42944],[119.53069,-1.434],[119.52919,-1.43668],[119.52592,-1.44022],[119.5233,-1.44226],[119.5195,-1.44605],[119.51562,-1.44559],[119.5144,-1.44644],[119.51273,-1.45022],[119.51174,-1.45112],[119.5099,-1.45129],[119.50847,-1.45027],[119.50777,-1.44886],[119.5081,-1.44577],[119.51409,-1.43896],[119.51627,-1.43922],[119.5172,-1.43893],[119.51936,-1.43522],[119.52091,-1.43363],[119.52291,-1.42864],[119.52335,-1.42551],[119.52331,-1.42434],[119.52069,-1.41893],[119.51966,-1.41542],[119.52002,-1.41363],[119.51988,-1.41097],[119.51723,-1.40719],[119.51706,-1.40217],[119.51638,-1.40054],[119.5151,-1.39885],[119.51343,-1.39775],[119.51124,-1.39887],[119.50905,-1.40126],[119.50759,-1.40176],[119.5059,-1.40162],[119.5041,-1.40027],[119.50316,-1.39786],[119.50443,-1.39598],[119.5047,-1.3949],[119.50424,-1.39379],[119.50217,-1.39295],[119.49347,-1.39196],[119.49053,-1.39089],[119.48737,-1.39272],[119.4813,-1.3985],[119.47932,-1.39896],[119.47845,-1.39833],[119.47337,-1.39205],[119.46636,-1.38471],[119.4614,-1.37816],[119.452,-1.3669],[119.44863,-1.36109],[119.44701,-1.35469],[119.44721,-1.345],[119.44794,-1.34089],[119.44879,-1.33957],[119.45154,-1.33831],[119.45186,-1.33768],[119.45397,-1.33649],[119.45468,-1.33549],[119.45585,-1.335],[119.45636,-1.33342],[119.45581,-1.33111],[119.4566,-1.3279],[119.45902,-1.32436],[119.46244,-1.32105],[119.4643,-1.31863],[119.46654,-1.31831],[119.46741,-1.31859],[119.4713,-1.31694],[119.4733,-1.31704],[119.47447,-1.31828],[119.47618,-1.31887],[119.47798,-1.31894],[119.48197,-1.32201],[119.48631,-1.32234],[119.48904,-1.32062],[119.49195,-1.32181],[119.49434,-1.32085],[119.49778,-1.32011],[119.50101,-1.32003],[119.50445,-1.31812],[119.51057,-1.31297],[119.51154,-1.31332],[119.51283,-1.31455],[119.5163,-1.31498],[119.51841,-1.31575],[119.5195,-1.31536],[119.52105,-1.31268],[119.52245,-1.31235],[119.52342,-1.31311],[119.5245,-1.30616],[119.52659,-1.30075],[119.52663,-1.29983],[119.52522,-1.29888],[119.52571,-1.29648],[119.52529,-1.29551],[119.5231,-1.29395],[119.52149,-1.29483],[119.51993,-1.29695],[119.51648,-1.2972],[119.51633,-1.29815],[119.51805,-1.29983],[119.5186,-1.30103],[119.51832,-1.30162],[119.51701,-1.30245],[119.51595,-1.30257],[119.51272,-1.29986],[119.50837,-1.29804],[119.50742,-1.29829],[119.50681,-1.29921],[119.50648,-1.30073],[119.50757,-1.30144],[119.50657,-1.30196],[119.50536,-1.30077],[119.50542,-1.29975],[119.50476,-1.29954],[119.50541,-1.29734],[119.50466,-1.29673],[119.50384,-1.29669],[119.50288,-1.29709],[119.5025,-1.29772],[119.50294,-1.29987],[119.50206,-1.29993],[119.50132,-1.29926],[119.50092,-1.29961],[119.49942,-1.2987],[119.49797,-1.29876],[119.49686,-1.3004],[119.49713,-1.30106],[119.49845,-1.30208],[119.49811,-1.3029],[119.49744,-1.30322],[119.49636,-1.30249],[119.49365,-1.30298],[119.49131,-1.30463],[119.49036,-1.30641],[119.48948,-1.30646],[119.48831,-1.30588],[119.48715,-1.3064],[119.48706,-1.30703],[119.48793,-1.30777],[119.4877,-1.30824],[119.48657,-1.30794],[119.48482,-1.30605],[119.48386,-1.30629],[119.4843,-1.30833],[119.484,-1.30854],[119.48291,-1.30818],[119.48164,-1.30628],[119.48114,-1.30637],[119.48094,-1.30746],[119.48204,-1.30886],[119.48175,-1.30942],[119.47917,-1.30822],[119.47807,-1.30815],[119.47814,-1.307],[119.47761,-1.30669],[119.47865,-1.30651],[119.47854,-1.30541],[119.47779,-1.30496],[119.47659,-1.30491],[119.47545,-1.30377],[119.47452,-1.30373],[119.4733,-1.29779],[119.47442,-1.29581],[119.47801,-1.29213],[119.48422,-1.28776],[119.48773,-1.28561],[119.49487,-1.28268],[119.49686,-1.28095],[119.5001,-1.2814],[119.50869,-1.2814],[119.51649,-1.279],[119.55585,-1.279],[119.56205,-1.2792],[119.56704,-1.28],[119.56984,-1.2818],[119.57084,-1.283],[119.57244,-1.2838],[119.57384,-1.2834],[119.57424,-1.2818],[119.57684,-1.2788],[119.57684,-1.277],[119.57824,-1.27401],[119.58003,-1.27361],[119.58063,-1.27221],[119.58063,-1.26761],[119.58203,-1.26701],[119.58343,-1.26561],[119.58343,-1.25802],[119.58202,-1.23952],[119.58248,-1.23876],[119.58175,-1.23591],[119.58211,-1.2325],[119.58109,-1.23012],[119.58224,-1.22677],[119.58043,-1.22232],[119.57786,-1.2204],[119.57671,-1.21573],[119.57684,-1.21487],[119.57848,-1.21315],[119.58128,-1.21242],[119.58286,-1.21162],[119.58355,-1.21072],[119.58358,-1.20964],[119.58154,-1.20408],[119.58157,-1.20292],[119.58209,-1.20229],[119.58532,-1.20183],[119.5869,-1.20027],[119.58916,-1.195],[119.59127,-1.18548],[119.59199,-1.18405],[119.59489,-1.1819],[119.59821,-1.17646],[119.59936,-1.17543],[119.60203,-1.17147],[119.60284,-1.16197],[119.60254,-1.16141],[119.60087,-1.16049],[119.60064,-1.1596],[119.60225,-1.15834],[119.60439,-1.15817],[119.60649,-1.15608],[119.60728,-1.1541],[119.60754,-1.15138],[119.60754,-1.14635],[119.60699,-1.14349],[119.6079,-1.13968],[119.60983,-1.13835],[119.61039,-1.13722],[119.61059,-1.13517],[119.61304,-1.13641]]]]}},{"type":"Feature","properties":{"NAMOBJ":"Pinembani","KODE_KAB":7203},"geometry":{"type":"MultiPolygon","coordinates":[[[[119.78729,-1.07513],[119.789,-1.07727],[119.79416,-1.08224],[119.79516,-1.0845],[119.7974,-1.08586],[119.79897,-1.09163],[119.79604,-1.10013],[119.79604,-1.10892],[119.79282,-1.12152],[119.7934,-1.13089],[119.79873,-1.13327],[119.80308,-1.13617],[119.80132,-1.14232],[119.7956,-1.14772],[119.7937,-1.14994],[119.79315,-1.15116],[119.79143,-1.15192],[119.79116,-1.15246],[119.791,-1.1559],[119.78749,-1.16393],[119.78912,-1.17126],[119.78646,-1.1731],[119.78507,-1.17354],[119.78475,-1.17429],[119.78485,-1.17642],[119.78221,-1.18485],[119.76027,-1.18282],[119.75953,-1.18121],[119.75989,-1.17963],[119.75784,-1.17544],[119.75614,-1.17423],[119.75131,-1.174],[119.74834,-1.17264],[119.74694,-1.17288],[119.74249,-1.17479],[119.74096,-1.17466],[119.73787,-1.17235],[119.73716,-1.17134],[119.7363,-1.1675],[119.73624,-1.16497],[119.73541,-1.16416],[119.73498,-1.16247],[119.7335,-1.16124],[119.72845,-1.15918],[119.72798,-1.15648],[119.72677,-1.15493],[119.72337,-1.15456],[119.72281,-1.15342],[119.72136,-1.1528],[119.71898,-1.15365],[119.71702,-1.1537],[119.71176,-1.15318],[119.70851,-1.15191],[119.7056,-1.15306],[119.70502,-1.15439],[119.70388,-1.15436],[119.70273,-1.155],[119.69987,-1.15462],[119.6974,-1.15538],[119.69631,-1.15594],[119.69585,-1.15704],[119.69428,-1.15844],[119.69295,-1.15807],[119.69067,-1.15922],[119.68844,-1.15945],[119.68751,-1.16027],[119.68664,-1.16192],[119.68643,-1.16448],[119.68369,-1.16614],[119.6807,-1.16885],[119.67783,-1.17017],[119.67669,-1.17025],[119.67459,-1.16939],[119.67162,-1.16722],[119.66896,-1.16683],[119.66752,-1.16688],[119.66662,-1.16891],[119.66658,-1.17082],[119.66592,-1.17134],[119.66458,-1.17107],[119.6619,-1.16861],[119.65915,-1.16742],[119.65679,-1.16856],[119.65471,-1.17022],[119.65267,-1.17069],[119.6481,-1.16701],[119.64537,-1.16569],[119.64191,-1.16269],[119.6398,-1.164],[119.63623,-1.16301],[119.63476,-1.15873],[119.63498,-1.15681],[119.63055,-1.1469],[119.63207,-1.14416],[119.63048,-1.14281],[119.62946,-1.1408],[119.62848,-1.14086],[119.62792,-1.14146],[119.62598,-1.14148],[119.62525,-1.14124],[119.62244,-1.13879],[119.6188,-1.13866],[119.61559,-1.13666],[119.61258,-1.13632],[119.61059,-1.13517],[119.61063,-1.12996],[119.609,-1.12763],[119.60969,-1.12577],[119.60939,-1.11994],[119.60637,-1.11817],[119.60406,-1.11755],[119.60411,-1.11644],[119.60335,-1.11565],[119.60039,-1.11525],[119.598,-1.11417],[119.5971,-1.11147],[119.59693,-1.10863],[119.59566,-1.10594],[119.59129,-1.10224],[119.58958,-1.09973],[119.58787,-1.09891],[119.5883,-1.09321],[119.58872,-1.09182],[119.58972,-1.09063],[119.58978,-1.08916],[119.58838,-1.0859],[119.58389,-1.08621],[119.58245,-1.08196],[119.58163,-1.08125],[119.58024,-1.07678],[119.58012,-1.076],[119.58096,-1.07401],[119.58142,-1.07062],[119.57886,-1.06877],[119.57831,-1.06735],[119.57813,-1.06567],[119.57931,-1.06487],[119.57966,-1.0636],[119.57849,-1.06223],[119.57843,-1.06156],[119.57959,-1.05795],[119.58067,-1.05716],[119.58047,-1.05597],[119.5792,-1.05502],[119.57398,-1.05296],[119.57389,-1.05132],[119.57251,-1.04986],[119.57248,-1.04916],[119.57411,-1.04683],[119.57899,-1.04503],[119.57784,-1.04196],[119.5754,-1.04093],[119.57415,-1.0396],[119.57421,-1.03805],[119.57537,-1.03568],[119.57546,-1.03404],[119.57577,-1.03355],[119.57748,-1.03283],[119.57836,-1.03022],[119.57677,-1.02624],[119.57625,-1.02258],[119.57809,-1.02179],[119.58368,-1.0179],[119.58369,-1.01756],[119.58508,-1.01756],[119.58453,-1.01623],[119.58617,-1.01295],[119.5923,-1.01315],[119.59798,-1.01612],[119.60282,-1.01663],[119.60533,-1.0159],[119.60723,-1.01412],[119.60951,-1.01318],[119.61235,-1.01057],[119.61558,-1.01603],[119.61812,-1.01888],[119.62004,-1.02017],[119.62076,-1.01974],[119.625,-1.01966],[119.6273,-1.02031],[119.62954,-1.02008],[119.63323,-1.02071],[119.63859,-1.02078],[119.64563,-1.01968],[119.64641,-1.01872],[119.64711,-1.01592],[119.64718,-1.01281],[119.64829,-1.01097],[119.64813,-1.00897],[119.64898,-1.00789],[119.64918,-1.0063],[119.65044,-1.005],[119.65047,-1.00211],[119.66117,-0.99635],[119.66304,-0.99888],[119.66685,-1.00152],[119.67184,-1.01148],[119.68093,-1.01851],[119.69454,-1.0235],[119.70392,-1.0235],[119.70568,-1.01237],[119.7092,-1.01061],[119.70961,-1.00945],[119.71026,-1.00928],[119.71105,-1.00806],[119.71124,-1.00631],[119.72005,-1.00328],[119.72709,-0.99508],[119.73559,-0.99654],[119.7441,-1.00065],[119.75377,-1.00621],[119.7567,-1.01178],[119.75407,-1.01764],[119.75729,-1.02585],[119.76345,-1.03581],[119.77254,-1.03815],[119.77753,-1.04811],[119.77991,-1.05471],[119.78079,-1.06702],[119.78729,-1.07513]]]]}},{"type":"Feature","properties":{"NAMOBJ":"Banawa Selatan","KODE_KAB":7203},"geometry":{"type":"MultiPolygon","coordinates":[[[[119.75244,-0.82161],[119.75322,-0.82112],[119.7554,-0.82104],[119.75653,-0.82426],[119.75698,-0.83009],[119.75633,-0.83397],[119.75642,-0.83606],[119.75705,-0.83885],[119.75829,-0.84176],[119.76052,-0.84462],[119.76533,-0.8483],[119.76523,-0.8501],[119.76379,-0.85498],[119.76385,-0.85707],[119.76538,-0.86066],[119.76478,-0.86465],[119.76729,-0.86997],[119.76195,-0.87579],[119.76143,-0.87706],[119.76159,-0.88136],[119.75738,-0.88335],[119.75738,-0.88841],[119.75699,-0.88997],[119.75465,-0.89075],[119.75426,-0.89971],[119.75309,-0.90127],[119.74842,-0.90477],[119.74798,-0.91455],[119.74383,-0.92152],[119.7423,-0.92147],[119.73867,-0.91942],[119.73621,-0.91595],[119.73524,-0.91337],[119.73261,-0.91088],[119.73087,-0.90843],[119.72997,-0.90507],[119.72893,-0.9045],[119.72876,-0.90546],[119.72844,-0.90501],[119.72111,-0.91292],[119.71845,-0.9166],[119.71625,-0.91854],[119.71498,-0.91907],[119.71201,-0.91913],[119.70909,-0.91975],[119.70871,-0.92085],[119.71029,-0.92233],[119.71057,-0.92744],[119.70271,-0.93783],[119.69581,-0.94059],[119.6919,-0.9426],[119.68813,-0.9412],[119.68549,-0.94197],[119.67829,-0.94239],[119.66951,-0.94208],[119.66944,-0.94247],[119.66721,-0.94349],[119.66705,-0.94541],[119.66621,-0.94696],[119.66632,-0.94814],[119.65578,-0.95187],[119.65367,-0.95226],[119.6532,-0.95299],[119.65347,-0.95467],[119.65043,-0.9602],[119.65014,-0.96229],[119.64834,-0.96325],[119.64821,-0.96602],[119.64764,-0.96885],[119.64705,-0.96998],[119.64632,-0.97743],[119.64739,-0.97797],[119.64854,-0.97948],[119.64854,-0.98206],[119.64769,-0.98455],[119.64819,-0.98578],[119.64762,-0.9869],[119.64897,-0.98774],[119.64897,-0.99566],[119.65894,-0.99331],[119.66117,-0.99635],[119.65047,-1.00211],[119.65044,-1.005],[119.64918,-1.0063],[119.64898,-1.00789],[119.64813,-1.00897],[119.64829,-1.01097],[119.64718,-1.01281],[119.64711,-1.01592],[119.64595,-1.01949],[119.63859,-1.02078],[119.63323,-1.02071],[119.62954,-1.02008],[119.6273,-1.02031],[119.625,-1.01966],[119.62076,-1.01974],[119.62004,-1.02017],[119.61812,-1.01888],[119.61558,-1.01603],[119.61235,-1.01057],[119.60951,-1.01318],[119.60723,-1.01412],[119.60533,-1.0159],[119.60282,-1.01663],[119.59798,-1.01612],[119.5923,-1.01315],[119.58617,-1.01295],[119.58453,-1.01623],[119.58508,-1.01756],[119.58369,-1.01756],[119.58368,-1.0179],[119.57809,-1.02179],[119.57625,-1.02258],[119.57545,-1.01862],[119.57426,-1.01589],[119.5714,-1.01606],[119.56787,-1.01712],[119.56424,-1.01692],[119.56094,-1.01484],[119.55894,-1.01292],[119.55722,-1.00963],[119.55775,-1.00781],[119.55765,-1.00506],[119.55843,-1.0034],[119.55837,-1.00127],[119.55906,-0.99854],[119.55831,-0.99126],[119.56004,-0.98474],[119.55961,-0.97765],[119.55875,-0.97421],[119.55621,-0.96964],[119.55503,-0.96416],[119.55477,-0.95917],[119.55548,-0.95736],[119.55474,-0.95505],[119.55437,-0.95118],[119.55451,-0.94854],[119.5555,-0.94397],[119.55327,-0.93916],[119.55343,-0.93637],[119.55404,-0.93139],[119.55449,-0.93036],[119.55617,-0.92684],[119.55868,-0.92637],[119.55945,-0.92508],[119.56322,-0.91428],[119.56331,-0.91301],[119.56179,-0.9123],[119.5616,-0.91167],[119.56315,-0.9105],[119.56242,-0.90831],[119.56198,-0.90792],[119.5604,-0.90823],[119.55951,-0.90665],[119.55954,-0.90588],[119.562,-0.90494],[119.56306,-0.9032],[119.56236,-0.90092],[119.56128,-0.90014],[119.56043,-0.90068],[119.56034,-0.89937],[119.56144,-0.89903],[119.56214,-0.89787],[119.5623,-0.89511],[119.56352,-0.89603],[119.56446,-0.89574],[119.56468,-0.89377],[119.56591,-0.89271],[119.56705,-0.88856],[119.56789,-0.88816],[119.56874,-0.88988],[119.56986,-0.88975],[119.57011,-0.88717],[119.57132,-0.88387],[119.57016,-0.88168],[119.57093,-0.88164],[119.57213,-0.88087],[119.57303,-0.87966],[119.57085,-0.87839],[119.57211,-0.87572],[119.5717,-0.8749],[119.57048,-0.87504],[119.57033,-0.87475],[119.57185,-0.86792],[119.57144,-0.86569],[119.57036,-0.865],[119.56811,-0.86578],[119.56894,-0.86409],[119.56846,-0.86314],[119.56608,-0.86306],[119.56389,-0.86414],[119.56232,-0.863],[119.56201,-0.8616],[119.56243,-0.86032],[119.56334,-0.86003],[119.56479,-0.86055],[119.56533,-0.86028],[119.56599,-0.85885],[119.56587,-0.85787],[119.56473,-0.85686],[119.56466,-0.85552],[119.56568,-0.85475],[119.56498,-0.85316],[119.56386,-0.85324],[119.56322,-0.85475],[119.56243,-0.85492],[119.56195,-0.8546],[119.56199,-0.85256],[119.56147,-0.85143],[119.5619,-0.85131],[119.56168,-0.84993],[119.56252,-0.84893],[119.56676,-0.84884],[119.57194,-0.84938],[119.58594,-0.84681],[119.59728,-0.84284],[119.59977,-0.84141],[119.60662,-0.83596],[119.61088,-0.83621],[119.61288,-0.83542],[119.61658,-0.83064],[119.61821,-0.82633],[119.61981,-0.8255],[119.61913,-0.82474],[119.62022,-0.82081],[119.62052,-0.80897],[119.62118,-0.80772],[119.62081,-0.80711],[119.62089,-0.80602],[119.62242,-0.80167],[119.62423,-0.80091],[119.62361,-0.80072],[119.62677,-0.79797],[119.62749,-0.79794],[119.63084,-0.79598],[119.63748,-0.793],[119.64053,-0.79116],[119.64437,-0.7903],[119.65164,-0.78569],[119.65394,-0.78541],[119.65529,-0.78692],[119.65572,-0.78654],[119.65548,-0.78598],[119.65588,-0.78581],[119.65534,-0.78398],[119.65548,-0.78266],[119.65716,-0.78109],[119.66101,-0.77934],[119.6627,-0.77749],[119.66304,-0.77657],[119.66461,-0.77729],[119.66475,-0.77611],[119.66558,-0.77459],[119.66698,-0.7741],[119.6666,-0.77208],[119.66573,-0.77097],[119.66413,-0.77065],[119.66306,-0.77165],[119.6626,-0.77148],[119.6647,-0.76886],[119.6655,-0.76849],[119.66674,-0.76864],[119.6687,-0.76539],[119.67102,-0.76597],[119.67011,-0.76703],[119.67086,-0.76719],[119.67183,-0.76809],[119.67147,-0.76674],[119.67339,-0.76797],[119.67404,-0.76797],[119.67461,-0.76746],[119.67487,-0.76621],[119.67442,-0.76527],[119.67573,-0.76602],[119.67555,-0.76764],[119.67683,-0.768],[119.6777,-0.76939],[119.67875,-0.77012],[119.68046,-0.76906],[119.68074,-0.76982],[119.68131,-0.76988],[119.68125,-0.76892],[119.68077,-0.76868],[119.6818,-0.76772],[119.68217,-0.76595],[119.68306,-0.76466],[119.683,-0.76403],[119.6818,-0.76334],[119.68176,-0.76235],[119.68128,-0.76161],[119.68144,-0.76086],[119.68065,-0.75933],[119.68067,-0.75647],[119.68165,-0.75562],[119.68484,-0.75557],[119.68622,-0.75755],[119.68765,-0.75725],[119.68849,-0.75897],[119.69194,-0.75995],[119.69087,-0.76201],[119.68852,-0.763],[119.68719,-0.76617],[119.68826,-0.76694],[119.68796,-0.76817],[119.6861,-0.76927],[119.68546,-0.7705],[119.68546,-0.77244],[119.68622,-0.77287],[119.68741,-0.77273],[119.68759,-0.77309],[119.68581,-0.7744],[119.68534,-0.77651],[119.68579,-0.77774],[119.68545,-0.77892],[119.68607,-0.78034],[119.68411,-0.78223],[119.6838,-0.78463],[119.68456,-0.78517],[119.68491,-0.78637],[119.6845,-0.78829],[119.68474,-0.78995],[119.6843,-0.79107],[119.68549,-0.79129],[119.6862,-0.79188],[119.68754,-0.79194],[119.68862,-0.79269],[119.69117,-0.7929],[119.69212,-0.79402],[119.69217,-0.79525],[119.69349,-0.79624],[119.69485,-0.79667],[119.69876,-0.79667],[119.70069,-0.79804],[119.70481,-0.79692],[119.70605,-0.79469],[119.70886,-0.7934],[119.71146,-0.79304],[119.71512,-0.79443],[119.71718,-0.79396],[119.72082,-0.79491],[119.72274,-0.79501],[119.72404,-0.79461],[119.72425,-0.79489],[119.72376,-0.79553],[119.72413,-0.79659],[119.72516,-0.79694],[119.72522,-0.79759],[119.72583,-0.79776],[119.72568,-0.79873],[119.72629,-0.79946],[119.72588,-0.7999],[119.72601,-0.80044],[119.72736,-0.8011],[119.72693,-0.80257],[119.72727,-0.80333],[119.72893,-0.80435],[119.7307,-0.80446],[119.73174,-0.80548],[119.73376,-0.80613],[119.73474,-0.80757],[119.73612,-0.80821],[119.7366,-0.80955],[119.73686,-0.81261],[119.73654,-0.81636],[119.73755,-0.81833],[119.73916,-0.81996],[119.7393,-0.82072],[119.74107,-0.82057],[119.74367,-0.82116],[119.74432,-0.82219],[119.74491,-0.82242],[119.74705,-0.82179],[119.75124,-0.82213],[119.75244,-0.82161]]]]}},{"type":"Feature","properties":{"NAMOBJ":"Banawa","KODE_KAB":7203},"geometry":{"type":"MultiPolygon","coordinates":[[[[119.76105,-0.70028],[119.76073,-0.70027],[119.7607,-0.6998],[119.76146,-0.69913],[119.76105,-0.70028]]],[[[119.76333,-0.69813],[119.76323,-0.69814],[119.76317,-0.69811],[119.76314,-0.69806],[119.76317,-0.69799],[119.76321,-0.69794],[119.76325,-0.69791],[119.76333,-0.6979],[119.7634,-0.6979],[119.76348,-0.69793],[119.76352,-0.69795],[119.7635,-0.69799],[119.76347,-0.69803],[119.7634,-0.69807],[119.76333,-0.69813]]],[[[119.74462,-0.66567],[119.74464,-0.6657],[119.74454,-0.66566],[119.74445,-0.66562],[119.74434,-0.66557],[119.74444,-0.66558],[119.74462,-0.66567]]],[[[119.73259,-0.64449],[119.73419,-0.64516],[119.73573,-0.6454],[119.73763,-0.64506],[119.73926,-0.64561],[119.7392,-0.64816],[119.7383,-0.65081],[119.73887,-0.65476],[119.74006,-0.6566],[119.73952,-0.6613],[119.73997,-0.66119],[119.74056,-0.66184],[119.74059,-0.66258],[119.7402,-0.66295],[119.74066,-0.66327],[119.73953,-0.66335],[119.73949,-0.66465],[119.73995,-0.6654],[119.74115,-0.66574],[119.7415,-0.66508],[119.74172,-0.66565],[119.74293,-0.66507],[119.74353,-0.66557],[119.74375,-0.66509],[119.74364,-0.66554],[119.7471,-0.66753],[119.74673,-0.66864],[119.74759,-0.66965],[119.74917,-0.67031],[119.74989,-0.67007],[119.74994,-0.67091],[119.75081,-0.67104],[119.75151,-0.67236],[119.75274,-0.67286],[119.75338,-0.67367],[119.7532,-0.67433],[119.75421,-0.67469],[119.75436,-0.67522],[119.75658,-0.67687],[119.75721,-0.67809],[119.75984,-0.68078],[119.75999,-0.68187],[119.76042,-0.68213],[119.76142,-0.68472],[119.7614,-0.68564],[119.76082,-0.68823],[119.75998,-0.6888],[119.75969,-0.69027],[119.75751,-0.6929],[119.75739,-0.69589],[119.75606,-0.69829],[119.75629,-0.69959],[119.75794,-0.70049],[119.7566,-0.70143],[119.75697,-0.70153],[119.75604,-0.70313],[119.75699,-0.70375],[119.758,-0.70294],[119.75866,-0.70289],[119.75846,-0.70438],[119.75933,-0.70483],[119.75943,-0.70559],[119.75957,-0.70509],[119.76005,-0.70532],[119.76172,-0.70482],[119.76092,-0.70677],[119.76105,-0.70736],[119.76258,-0.70668],[119.76279,-0.70584],[119.76265,-0.70669],[119.76339,-0.7069],[119.76352,-0.70615],[119.76357,-0.70696],[119.76396,-0.7071],[119.7644,-0.70626],[119.76523,-0.70626],[119.7659,-0.70435],[119.76642,-0.7039],[119.76593,-0.70278],[119.76614,-0.70216],[119.76715,-0.70178],[119.76836,-0.70302],[119.76976,-0.70646],[119.76982,-0.7096],[119.77015,-0.71045],[119.76993,-0.71342],[119.77183,-0.71628],[119.77362,-0.71688],[119.77475,-0.71774],[119.77578,-0.72099],[119.77558,-0.72591],[119.77613,-0.72844],[119.7771,-0.72999],[119.77677,-0.73204],[119.77761,-0.73364],[119.77776,-0.73582],[119.77878,-0.73834],[119.77852,-0.73981],[119.77889,-0.74265],[119.77974,-0.74466],[119.77946,-0.74567],[119.78243,-0.75066],[119.78413,-0.75131],[119.78705,-0.75416],[119.78761,-0.75516],[119.78661,-0.75657],[119.78641,-0.75796],[119.78983,-0.7604],[119.7915,-0.76362],[119.79146,-0.76416],[119.78987,-0.76417],[119.78936,-0.76594],[119.79012,-0.76582],[119.78795,-0.76722],[119.78742,-0.76922],[119.78963,-0.77149],[119.79162,-0.77543],[119.79288,-0.77638],[119.79294,-0.7773],[119.79444,-0.78066],[119.79415,-0.78193],[119.79454,-0.7833],[119.79543,-0.78383],[119.79587,-0.78502],[119.79773,-0.78615],[119.79918,-0.78785],[119.80094,-0.78855],[119.80286,-0.79064],[119.80291,-0.79382],[119.80372,-0.79569],[119.80412,-0.79869],[119.80457,-0.79991],[119.8056,-0.80045],[119.80469,-0.8011],[119.80448,-0.80184],[119.80297,-0.80345],[119.80154,-0.80831],[119.80041,-0.81045],[119.79814,-0.81306],[119.79661,-0.81415],[119.79667,-0.81561],[119.79598,-0.81775],[119.79484,-0.81808],[119.79442,-0.81926],[119.7923,-0.82],[119.79206,-0.821],[119.79056,-0.82098],[119.78835,-0.82238],[119.78642,-0.82233],[119.78469,-0.8215],[119.78228,-0.8232],[119.77844,-0.82275],[119.77751,-0.82359],[119.77491,-0.82481],[119.77277,-0.82655],[119.76987,-0.8275],[119.76947,-0.8283],[119.76819,-0.82864],[119.76731,-0.82951],[119.76585,-0.82958],[119.76413,-0.83176],[119.76189,-0.83309],[119.76114,-0.83609],[119.75845,-0.83909],[119.75736,-0.83973],[119.75629,-0.83461],[119.75698,-0.83009],[119.75653,-0.82426],[119.75546,-0.82108],[119.75322,-0.82112],[119.75244,-0.82161],[119.75263,-0.82076],[119.75352,-0.81892],[119.75534,-0.81777],[119.75776,-0.8149],[119.76539,-0.81144],[119.76629,-0.80466],[119.76589,-0.80363],[119.76127,-0.79955],[119.75981,-0.79424],[119.75906,-0.7928],[119.75697,-0.79114],[119.75155,-0.78873],[119.75064,-0.78756],[119.75011,-0.77828],[119.75016,-0.7645],[119.74964,-0.76357],[119.74823,-0.76352],[119.74781,-0.76188],[119.74698,-0.76104],[119.74625,-0.75874],[119.74516,-0.75715],[119.74285,-0.75598],[119.74134,-0.75181],[119.74302,-0.75016],[119.7432,-0.749],[119.73953,-0.74512],[119.73894,-0.74226],[119.73701,-0.74052],[119.73728,-0.73722],[119.73809,-0.73601],[119.73805,-0.73253],[119.74029,-0.72941],[119.74106,-0.72701],[119.74268,-0.72497],[119.74267,-0.72294],[119.74147,-0.72107],[119.7403,-0.72014],[119.74068,-0.71965],[119.73864,-0.71872],[119.73737,-0.71684],[119.73619,-0.71669],[119.73578,-0.71481],[119.73419,-0.71387],[119.73223,-0.71435],[119.73102,-0.71536],[119.72878,-0.71637],[119.72757,-0.71754],[119.72485,-0.71792],[119.72147,-0.71951],[119.71929,-0.72081],[119.71795,-0.72338],[119.71727,-0.72353],[119.71462,-0.72256],[119.71284,-0.72133],[119.71207,-0.71915],[119.71076,-0.71802],[119.70863,-0.71673],[119.70689,-0.71713],[119.70656,-0.71612],[119.70533,-0.71487],[119.70354,-0.7139],[119.70371,-0.70822],[119.70448,-0.70716],[119.70665,-0.70651],[119.70727,-0.70447],[119.7059,-0.69832],[119.70586,-0.69473],[119.70488,-0.69246],[119.70554,-0.69077],[119.70469,-0.68741],[119.70716,-0.68668],[119.70847,-0.68568],[119.71,-0.68398],[119.71358,-0.67806],[119.71662,-0.67558],[119.71873,-0.6707],[119.72307,-0.66311],[119.72379,-0.66111],[119.72658,-0.65135],[119.7267,-0.64707],[119.72787,-0.64554],[119.73,-0.64468],[119.73259,-0.64449]]]]}},{"type":"Feature","properties":{"NAMOBJ":"Banawa Tengah","KODE_KAB":7203},"geometry":{"type":"MultiPolygon","coordinates":[[[[119.70469,-0.68741],[119.70554,-0.69077],[119.70488,-0.69246],[119.70586,-0.69473],[119.7059,-0.69832],[119.70727,-0.70447],[119.70665,-0.70651],[119.70448,-0.70716],[119.70371,-0.70822],[119.70353,-0.7138],[119.70533,-0.71487],[119.70656,-0.71612],[119.70689,-0.71713],[119.70891,-0.71684],[119.71207,-0.71915],[119.71306,-0.7215],[119.7162,-0.7233],[119.71759,-0.72351],[119.71901,-0.72109],[119.72147,-0.71951],[119.72485,-0.71792],[119.72757,-0.71754],[119.72878,-0.71637],[119.73102,-0.71536],[119.73223,-0.71435],[119.73419,-0.71387],[119.73578,-0.71481],[119.73619,-0.71669],[119.73737,-0.71684],[119.73864,-0.71872],[119.74068,-0.71965],[119.7403,-0.72014],[119.74147,-0.72107],[119.74273,-0.7231],[119.74268,-0.72497],[119.74106,-0.72701],[119.74029,-0.72941],[119.73805,-0.73253],[119.73809,-0.73601],[119.73728,-0.73722],[119.73701,-0.74052],[119.73894,-0.74226],[119.73953,-0.74512],[119.7432,-0.749],[119.74302,-0.75016],[119.74134,-0.75181],[119.74285,-0.75598],[119.74516,-0.75715],[119.74625,-0.75874],[119.74698,-0.76104],[119.74781,-0.76188],[119.74823,-0.76352],[119.74964,-0.76357],[119.75016,-0.7645],[119.75011,-0.77828],[119.75064,-0.78756],[119.75155,-0.78873],[119.75697,-0.79114],[119.75906,-0.7928],[119.75981,-0.79424],[119.76127,-0.79955],[119.76589,-0.80363],[119.76629,-0.80466],[119.76539,-0.81144],[119.75776,-0.8149],[119.75534,-0.81777],[119.75352,-0.81892],[119.75244,-0.82161],[119.75173,-0.82206],[119.74705,-0.82179],[119.74491,-0.82242],[119.74432,-0.82219],[119.74367,-0.82116],[119.74107,-0.82057],[119.7393,-0.82072],[119.73916,-0.81996],[119.73755,-0.81833],[119.73654,-0.81636],[119.73686,-0.81261],[119.7366,-0.80955],[119.73612,-0.80821],[119.73474,-0.80757],[119.73376,-0.80613],[119.73174,-0.80548],[119.7307,-0.80446],[119.72893,-0.80435],[119.72727,-0.80333],[119.72693,-0.80257],[119.72736,-0.8011],[119.72601,-0.80044],[119.72588,-0.7999],[119.72629,-0.79946],[119.72568,-0.79873],[119.72583,-0.79776],[119.72522,-0.79759],[119.72516,-0.79694],[119.72413,-0.79659],[119.72376,-0.79553],[119.72425,-0.79489],[119.72404,-0.79461],[119.72274,-0.79501],[119.72082,-0.79491],[119.71718,-0.79396],[119.71512,-0.79443],[119.71146,-0.79304],[119.70886,-0.7934],[119.70605,-0.79469],[119.70481,-0.79692],[119.70069,-0.79804],[119.69876,-0.79667],[119.69485,-0.79667],[119.69349,-0.79624],[119.69217,-0.79525],[119.69212,-0.79402],[119.69117,-0.7929],[119.68862,-0.79269],[119.68754,-0.79194],[119.6862,-0.79188],[119.68549,-0.79129],[119.6843,-0.79107],[119.68474,-0.78995],[119.6845,-0.78829],[119.68491,-0.78637],[119.68456,-0.78517],[119.6838,-0.78463],[119.68411,-0.78223],[119.68607,-0.78034],[119.68545,-0.77892],[119.68579,-0.77774],[119.68534,-0.77651],[119.68581,-0.7744],[119.68759,-0.77309],[119.68741,-0.77273],[119.68622,-0.77287],[119.68546,-0.77244],[119.68546,-0.7705],[119.6861,-0.76927],[119.68796,-0.76817],[119.68826,-0.76694],[119.68719,-0.76617],[119.68852,-0.763],[119.69087,-0.76201],[119.69194,-0.75995],[119.68849,-0.75897],[119.68765,-0.75725],[119.68622,-0.75755],[119.68484,-0.75557],[119.68165,-0.75562],[119.68337,-0.7541],[119.68583,-0.74899],[119.6855,-0.74256],[119.68334,-0.73704],[119.68059,-0.7337],[119.67956,-0.72941],[119.67599,-0.72256],[119.67416,-0.72063],[119.67265,-0.72001],[119.67025,-0.72108],[119.66669,-0.72057],[119.66467,-0.72082],[119.66282,-0.71932],[119.66152,-0.71884],[119.66096,-0.71674],[119.66417,-0.71407],[119.666,-0.71149],[119.6657,-0.71048],[119.66648,-0.71011],[119.66865,-0.70738],[119.66968,-0.7053],[119.66901,-0.7043],[119.66968,-0.70301],[119.67157,-0.70279],[119.67858,-0.70502],[119.67929,-0.70473],[119.68015,-0.70495],[119.68272,-0.70365],[119.6856,-0.70301],[119.68632,-0.70197],[119.68781,-0.70118],[119.69034,-0.70109],[119.69035,-0.70071],[119.6892,-0.69969],[119.68909,-0.69815],[119.68832,-0.69806],[119.68908,-0.69566],[119.68906,-0.69361],[119.68959,-0.69265],[119.69526,-0.68996],[119.69823,-0.68926],[119.70172,-0.68775],[119.70469,-0.68741]]]]}},{"type":"Feature","properties":{"NAMOBJ":"Tanantovea","KODE_KAB":7203},"geometry":{"type":"MultiPolygon","coordinates":[[[[119.88507,-0.73144],[119.87704,-0.73968],[119.87334,-0.74252],[119.87011,-0.74225],[119.86772,-0.74256],[119.86389,-0.74374],[119.86326,-0.73906],[119.86571,-0.73822],[119.86943,-0.73542],[119.87199,-0.73431],[119.87462,-0.73441],[119.877,-0.73525],[119.87765,-0.73421],[119.87982,-0.73366],[119.88115,-0.73243],[119.88283,-0.73161],[119.88405,-0.73188],[119.88507,-0.73144]]],[[[120.00556,-0.68959],[120.01462,-0.69792],[120.02331,-0.70335],[120.02705,-0.70843],[120.01988,-0.70791],[120.02026,-0.7101],[120.016,-0.71166],[120.01343,-0.71337],[120.01342,-0.72073],[120.01637,-0.72398],[120.01845,-0.72712],[120.02306,-0.72995],[120.02424,-0.73139],[120.02435,-0.73276],[120.02342,-0.73513],[120.02292,-0.73892],[120.02391,-0.74178],[120.02658,-0.74667],[120.02636,-0.74744],[120.02472,-0.74777],[120.02166,-0.74711],[120.01942,-0.74716],[120.01763,-0.75153],[120.01775,-0.75454],[120.01663,-0.75558],[120.01857,-0.7568],[120.01935,-0.75899],[120.0226,-0.76387],[120.02305,-0.76555],[120.0232,-0.7692],[120.02406,-0.77186],[120.02116,-0.77476],[120.02016,-0.77933],[120.01864,-0.78161],[120.017,-0.78263],[120.01192,-0.78416],[120.01002,-0.78572],[120.00745,-0.79169],[120.00525,-0.79443],[120.00152,-0.80294],[120,-0.80507],[119.99916,-0.80565],[119.99,-0.80873],[119.98755,-0.8112],[119.98641,-0.81172],[119.98211,-0.81235],[119.97015,-0.81232],[119.96862,-0.81146],[119.96755,-0.80896],[119.9666,-0.80515],[119.96282,-0.8033],[119.95665,-0.80288],[119.95149,-0.80433],[119.94694,-0.80467],[119.94583,-0.80427],[119.9442,-0.80207],[119.94225,-0.80092],[119.93776,-0.80008],[119.93112,-0.80023],[119.92819,-0.79916],[119.92586,-0.79916],[119.9242,-0.79837],[119.92233,-0.79897],[119.92183,-0.79857],[119.92271,-0.798],[119.92318,-0.79562],[119.92511,-0.79466],[119.92704,-0.79176],[119.93025,-0.78887],[119.93572,-0.7863],[119.94182,-0.78566],[119.96818,-0.78566],[119.9714,-0.78308],[119.97236,-0.78115],[119.97879,-0.78051],[119.98008,-0.7789],[119.9804,-0.77344],[119.98683,-0.77344],[119.9894,-0.77151],[119.98972,-0.76701],[119.98779,-0.76572],[119.96851,-0.76605],[119.94568,-0.7638],[119.93764,-0.76251],[119.93572,-0.75833],[119.93668,-0.75351],[119.93861,-0.74933],[119.94375,-0.74579],[119.95082,-0.74194],[119.95918,-0.7384],[119.97429,-0.72651],[119.98104,-0.72008],[119.98477,-0.71291],[119.98133,-0.70958],[119.97382,-0.7101],[119.96786,-0.70915],[119.96079,-0.70979],[119.94403,-0.71341],[119.94636,-0.71031],[119.94776,-0.71014],[119.94787,-0.70817],[119.95063,-0.70814],[119.95121,-0.70514],[119.95499,-0.70195],[119.95872,-0.70001],[119.96042,-0.69571],[119.95751,-0.6958],[119.95558,-0.69474],[119.95457,-0.69366],[119.9491,-0.69391],[119.94802,-0.69344],[119.94628,-0.69354],[119.94286,-0.69533],[119.93825,-0.69639],[119.93709,-0.69782],[119.93703,-0.69937],[119.93741,-0.70011],[119.93557,-0.7],[119.93503,-0.70218],[119.93325,-0.70232],[119.93228,-0.70162],[119.93052,-0.70197],[119.92958,-0.7034],[119.92915,-0.70249],[119.9288,-0.70246],[119.92862,-0.70366],[119.92806,-0.70408],[119.92864,-0.70079],[119.93154,-0.69693],[119.93668,-0.6934],[119.94086,-0.69275],[119.95243,-0.69243],[119.95404,-0.69018],[119.96079,-0.68793],[119.96475,-0.67993],[119.97685,-0.66092],[119.98709,-0.67003],[120.00556,-0.68959]]],[[[119.87925,-0.64925],[119.88337,-0.64948],[119.88783,-0.65435],[119.88915,-0.65491],[119.8884,-0.65723],[119.88663,-0.6583],[119.88565,-0.65999],[119.88435,-0.66074],[119.88383,-0.66152],[119.88463,-0.66275],[119.8843,-0.66365],[119.88463,-0.66563],[119.88371,-0.66661],[119.88366,-0.66749],[119.88297,-0.66831],[119.87991,-0.66863],[119.87868,-0.66997],[119.87364,-0.67332],[119.86521,-0.67629],[119.85996,-0.67913],[119.85678,-0.68457],[119.85556,-0.68823],[119.85249,-0.69485],[119.85074,-0.69625],[119.84861,-0.69706],[119.84409,-0.69792],[119.84336,-0.69622],[119.84176,-0.69498],[119.84079,-0.69509],[119.83819,-0.69441],[119.83562,-0.69242],[119.83521,-0.69168],[119.83404,-0.69187],[119.83703,-0.69038],[119.83842,-0.69018],[119.83869,-0.68597],[119.84233,-0.68011],[119.84424,-0.67459],[119.8474,-0.66888],[119.84886,-0.66634],[119.85012,-0.66537],[119.84959,-0.66514],[119.84979,-0.66466],[119.85099,-0.66389],[119.85217,-0.66381],[119.86021,-0.65821],[119.86344,-0.65758],[119.8662,-0.6565],[119.86937,-0.65126],[119.86964,-0.6494],[119.87555,-0.64936],[119.87802,-0.64819],[119.87925,-0.64925]]],[[[119.93463,-0.62574],[119.93566,-0.62584],[119.94508,-0.63598],[119.95874,-0.64732],[119.94741,-0.65739],[119.9444,-0.66093],[119.93855,-0.66961],[119.927,-0.68524],[119.92073,-0.69037],[119.91275,-0.6955],[119.90477,-0.70177],[119.90192,-0.7079],[119.89927,-0.70882],[119.89591,-0.71132],[119.89528,-0.71058],[119.89454,-0.71082],[119.89379,-0.7104],[119.89186,-0.7083],[119.88949,-0.7078],[119.8888,-0.70671],[119.88579,-0.7062],[119.88451,-0.70663],[119.88129,-0.70656],[119.87949,-0.70755],[119.87914,-0.70623],[119.87773,-0.70524],[119.87582,-0.70575],[119.87516,-0.70523],[119.87566,-0.70284],[119.87359,-0.7017],[119.87248,-0.69772],[119.87244,-0.69248],[119.87266,-0.6918],[119.87398,-0.69098],[119.87564,-0.69076],[119.87631,-0.69026],[119.87541,-0.68805],[119.87589,-0.68738],[119.87638,-0.6874],[119.87623,-0.68663],[119.87715,-0.68636],[119.87716,-0.6847],[119.8784,-0.68438],[119.87885,-0.68324],[119.87931,-0.6833],[119.88034,-0.68213],[119.88038,-0.68141],[119.88266,-0.68077],[119.88301,-0.67996],[119.88461,-0.67928],[119.88448,-0.67637],[119.88606,-0.6756],[119.88707,-0.6735],[119.88917,-0.67203],[119.89015,-0.67146],[119.89164,-0.67156],[119.89222,-0.67108],[119.89267,-0.67025],[119.89255,-0.66909],[119.89378,-0.66889],[119.8949,-0.6681],[119.89533,-0.66719],[119.89515,-0.66592],[119.89748,-0.66497],[119.89876,-0.66558],[119.90123,-0.66505],[119.90231,-0.66565],[119.90459,-0.66467],[119.90894,-0.66367],[119.90987,-0.66316],[119.91126,-0.66122],[119.9123,-0.66098],[119.91246,-0.65892],[119.91429,-0.65771],[119.9151,-0.65833],[119.91628,-0.65823],[119.91695,-0.65737],[119.91851,-0.6568],[119.9208,-0.65368],[119.92259,-0.65255],[119.92295,-0.65179],[119.92205,-0.65093],[119.92024,-0.64725],[119.92083,-0.64551],[119.92097,-0.64096],[119.91987,-0.63665],[119.92099,-0.63651],[119.92206,-0.63708],[119.92432,-0.63617],[119.92541,-0.6336],[119.92514,-0.63261],[119.92553,-0.63072],[119.92707,-0.62948],[119.92915,-0.62932],[119.92933,-0.62878],[119.92881,-0.62833],[119.92895,-0.62792],[119.93135,-0.62806],[119.93213,-0.62726],[119.93334,-0.62678],[119.93384,-0.62578],[119.93463,-0.62574]]]]}},{"type":"Feature","properties":{"NAMOBJ":"Labuan","KODE_KAB":7203},"geometry":{"type":"MultiPolygon","coordinates":[[[[119.83395,-0.69273],[119.8339,-0.69274],[119.83389,-0.69271],[119.83392,-0.69272],[119.83395,-0.69273]]],[[[119.90958,-0.59614],[119.91212,-0.6023],[119.92262,-0.61498],[119.93095,-0.6215],[119.93549,-0.62569],[119.93396,-0.6257],[119.93334,-0.62678],[119.93213,-0.62726],[119.93135,-0.62806],[119.92895,-0.62792],[119.92881,-0.62833],[119.92933,-0.62878],[119.92915,-0.62932],[119.92707,-0.62948],[119.92565,-0.63062],[119.92514,-0.63251],[119.92545,-0.63342],[119.92464,-0.63582],[119.92275,-0.63691],[119.92206,-0.63708],[119.9204,-0.63652],[119.91766,-0.63736],[119.91535,-0.63616],[119.91389,-0.63596],[119.9111,-0.6374],[119.90989,-0.63757],[119.90686,-0.63577],[119.90501,-0.63553],[119.89901,-0.63665],[119.89397,-0.63915],[119.89276,-0.64035],[119.89181,-0.64242],[119.88887,-0.64457],[119.8812,-0.64571],[119.87611,-0.64925],[119.86964,-0.6494],[119.86937,-0.65126],[119.8662,-0.6565],[119.86344,-0.65758],[119.86021,-0.65821],[119.85217,-0.66381],[119.85099,-0.66389],[119.84979,-0.66466],[119.84959,-0.66514],[119.85012,-0.66537],[119.84886,-0.66634],[119.8474,-0.66888],[119.84424,-0.67459],[119.84233,-0.68011],[119.83869,-0.68597],[119.83842,-0.69018],[119.83703,-0.69038],[119.83384,-0.69182],[119.83386,-0.69262],[119.83398,-0.69216],[119.83273,-0.69143],[119.83152,-0.69129],[119.83114,-0.69192],[119.82793,-0.69024],[119.82709,-0.69048],[119.82597,-0.68978],[119.82459,-0.68934],[119.82431,-0.68971],[119.82363,-0.68926],[119.82328,-0.68768],[119.82273,-0.68772],[119.82098,-0.68092],[119.81848,-0.67716],[119.81729,-0.67231],[119.81833,-0.66789],[119.81798,-0.66437],[119.81643,-0.66197],[119.81442,-0.6607],[119.81156,-0.65956],[119.80871,-0.6553],[119.81058,-0.65455],[119.81381,-0.65474],[119.81587,-0.65423],[119.81833,-0.65275],[119.82647,-0.6516],[119.83964,-0.64233],[119.84291,-0.63881],[119.84487,-0.6342],[119.8456,-0.62815],[119.84748,-0.625],[119.84926,-0.62398],[119.85054,-0.62249],[119.85316,-0.62097],[119.85561,-0.62016],[119.85655,-0.61763],[119.8592,-0.61418],[119.86193,-0.61462],[119.86333,-0.61249],[119.86346,-0.61108],[119.86663,-0.60794],[119.86954,-0.60681],[119.86955,-0.60609],[119.87066,-0.60538],[119.87315,-0.60471],[119.87362,-0.60336],[119.875,-0.60226],[119.87601,-0.60185],[119.87721,-0.6023],[119.8781,-0.60201],[119.87945,-0.59952],[119.88117,-0.5987],[119.88163,-0.59692],[119.88311,-0.59508],[119.88484,-0.59469],[119.89134,-0.59],[119.89464,-0.58809],[119.89719,-0.58334],[119.89877,-0.58145],[119.90105,-0.57989],[119.90559,-0.57771],[119.90687,-0.57767],[119.90777,-0.58672],[119.90958,-0.59614]]]]}},{"type":"Feature","properties":{"NAMOBJ":"Sindue","KODE_KAB":7203},"geometry":{"type":"MultiPolygon","coordinates":[[[[119.91009,-0.51014],[119.90668,-0.52008],[119.90415,-0.52479],[119.90342,-0.55739],[119.90487,-0.56151],[119.90452,-0.56312],[119.90668,-0.56753],[119.90687,-0.57767],[119.90455,-0.57804],[119.89937,-0.58092],[119.89719,-0.58334],[119.89464,-0.58809],[119.89134,-0.59],[119.88484,-0.59469],[119.88311,-0.59508],[119.88163,-0.59692],[119.88117,-0.5987],[119.87945,-0.59952],[119.8781,-0.60201],[119.87721,-0.6023],[119.87601,-0.60185],[119.875,-0.60226],[119.87362,-0.60336],[119.87315,-0.60471],[119.87066,-0.60538],[119.86955,-0.60609],[119.86954,-0.60681],[119.86663,-0.60794],[119.86346,-0.61108],[119.86333,-0.61249],[119.86193,-0.61462],[119.8592,-0.61418],[119.85655,-0.61763],[119.85561,-0.62016],[119.85316,-0.62097],[119.85054,-0.62249],[119.84926,-0.62398],[119.84748,-0.625],[119.8456,-0.62815],[119.84487,-0.6342],[119.84291,-0.63881],[119.83964,-0.64233],[119.82647,-0.6516],[119.81833,-0.65275],[119.81587,-0.65423],[119.81381,-0.65474],[119.81058,-0.65455],[119.80871,-0.6553],[119.80613,-0.64932],[119.80549,-0.64434],[119.80658,-0.63983],[119.80726,-0.63855],[119.80778,-0.63857],[119.80756,-0.63831],[119.80845,-0.6367],[119.81058,-0.6338],[119.81154,-0.63031],[119.81215,-0.63018],[119.81215,-0.62978],[119.81123,-0.62827],[119.80714,-0.62604],[119.806,-0.62497],[119.80158,-0.61568],[119.8,-0.61384],[119.7965,-0.61143],[119.7946,-0.6094],[119.7922,-0.60565],[119.79153,-0.60322],[119.78907,-0.59776],[119.78913,-0.59556],[119.79,-0.5936],[119.78982,-0.58797],[119.78938,-0.58583],[119.79029,-0.58332],[119.79049,-0.57981],[119.78981,-0.5725],[119.78677,-0.56409],[119.78405,-0.55163],[119.78211,-0.54632],[119.78015,-0.54259],[119.7787,-0.53643],[119.77719,-0.53273],[119.77663,-0.53169],[119.77564,-0.53107],[119.77328,-0.53086],[119.77138,-0.53002],[119.77088,-0.52882],[119.77145,-0.52727],[119.76977,-0.52572],[119.768,-0.52293],[119.76785,-0.52223],[119.76813,-0.52206],[119.76868,-0.52265],[119.76894,-0.52182],[119.76796,-0.52065],[119.76759,-0.51935],[119.76689,-0.5189],[119.76831,-0.51716],[119.768,-0.51498],[119.76684,-0.51326],[119.76773,-0.5122],[119.76779,-0.51153],[119.76976,-0.51072],[119.77184,-0.51102],[119.77298,-0.51048],[119.7735,-0.50972],[119.77494,-0.50917],[119.77748,-0.50937],[119.77916,-0.51109],[119.77945,-0.51276],[119.78012,-0.51367],[119.78281,-0.51605],[119.7849,-0.51504],[119.78738,-0.51517],[119.78844,-0.51648],[119.79138,-0.51804],[119.79323,-0.52032],[119.79341,-0.52125],[119.79527,-0.52242],[119.79587,-0.52406],[119.79704,-0.52371],[119.79779,-0.52415],[119.80017,-0.52368],[119.80421,-0.52165],[119.80908,-0.52045],[119.8106,-0.51916],[119.81252,-0.5197],[119.81305,-0.51909],[119.81281,-0.51776],[119.81452,-0.51771],[119.81462,-0.51901],[119.81505,-0.51955],[119.81504,-0.52059],[119.81446,-0.52098],[119.81435,-0.52161],[119.81471,-0.52364],[119.81681,-0.52456],[119.81698,-0.52565],[119.81813,-0.52652],[119.81792,-0.52726],[119.8209,-0.52885],[119.82309,-0.53153],[119.8242,-0.53211],[119.82446,-0.53293],[119.82597,-0.53451],[119.82686,-0.53803],[119.82847,-0.53862],[119.82864,-0.5404],[119.82968,-0.541],[119.83024,-0.54227],[119.83249,-0.54303],[119.83468,-0.54304],[119.83532,-0.54432],[119.83688,-0.54411],[119.8411,-0.54603],[119.84502,-0.54711],[119.84769,-0.54562],[119.84984,-0.54632],[119.85175,-0.5445],[119.85232,-0.54246],[119.85125,-0.54102],[119.85109,-0.54014],[119.85298,-0.53778],[119.85214,-0.53671],[119.85352,-0.5325],[119.8533,-0.53126],[119.8549,-0.52984],[119.85668,-0.52922],[119.85725,-0.5283],[119.85833,-0.52792],[119.85874,-0.52696],[119.8601,-0.52642],[119.86123,-0.52494],[119.86304,-0.52372],[119.86403,-0.52436],[119.86517,-0.52426],[119.86536,-0.52259],[119.86594,-0.52216],[119.86787,-0.52196],[119.86864,-0.52242],[119.86939,-0.52209],[119.87029,-0.52274],[119.87159,-0.51999],[119.87838,-0.51853],[119.88069,-0.51673],[119.88345,-0.5153],[119.88669,-0.51671],[119.88845,-0.51843],[119.89014,-0.51779],[119.89335,-0.5185],[119.89417,-0.51731],[119.8994,-0.51615],[119.90173,-0.51479],[119.9071,-0.51406],[119.90884,-0.51225],[119.9094,-0.51058],[119.91009,-0.51014]]]]}},{"type":"Feature","properties":{"NAMOBJ":"Sindue Tombusabora","KODE_KAB":7203},"geometry":{"type":"MultiPolygon","coordinates":[[[[119.91636,-0.41241],[119.91766,-0.41257],[119.91816,-0.413],[119.92,-0.4172],[119.92036,-0.42465],[119.91896,-0.42741],[119.92334,-0.43285],[119.92347,-0.4372],[119.92284,-0.44248],[119.92341,-0.44476],[119.92935,-0.44886],[119.93197,-0.44896],[119.93511,-0.44755],[119.93659,-0.44749],[119.92624,-0.46611],[119.92045,-0.47806],[119.91682,-0.48784],[119.91009,-0.51014],[119.9094,-0.51058],[119.90884,-0.51225],[119.90741,-0.51387],[119.90173,-0.51479],[119.8994,-0.51615],[119.89417,-0.51731],[119.89335,-0.5185],[119.89014,-0.51779],[119.88845,-0.51843],[119.88669,-0.51671],[119.88345,-0.5153],[119.88069,-0.51673],[119.87838,-0.51853],[119.87159,-0.51999],[119.87027,-0.52275],[119.86939,-0.52209],[119.86865,-0.52242],[119.86783,-0.52195],[119.86563,-0.52226],[119.86518,-0.52425],[119.86403,-0.52436],[119.86345,-0.5237],[119.86302,-0.52373],[119.86123,-0.52494],[119.8601,-0.52642],[119.85874,-0.52696],[119.85833,-0.52792],[119.85725,-0.5283],[119.85668,-0.52922],[119.85496,-0.5298],[119.8534,-0.53112],[119.85352,-0.5325],[119.85214,-0.53668],[119.85298,-0.53778],[119.85109,-0.54016],[119.85127,-0.54104],[119.85229,-0.54232],[119.85206,-0.54397],[119.84988,-0.5463],[119.84769,-0.54562],[119.84502,-0.54711],[119.8411,-0.54603],[119.83688,-0.54411],[119.83532,-0.54432],[119.83468,-0.54304],[119.83249,-0.54303],[119.83024,-0.54227],[119.82968,-0.541],[119.82864,-0.5404],[119.82847,-0.53862],[119.82686,-0.53803],[119.82597,-0.53451],[119.82446,-0.53293],[119.8242,-0.53211],[119.82309,-0.53153],[119.8209,-0.52885],[119.81792,-0.52726],[119.81813,-0.52652],[119.81698,-0.52565],[119.81681,-0.52456],[119.81471,-0.52364],[119.81435,-0.52161],[119.81446,-0.52098],[119.81504,-0.52059],[119.81505,-0.51955],[119.81462,-0.51901],[119.81452,-0.51771],[119.81281,-0.51776],[119.81305,-0.51909],[119.81252,-0.5197],[119.8106,-0.51916],[119.80908,-0.52045],[119.80421,-0.52165],[119.80017,-0.52368],[119.79779,-0.52415],[119.79704,-0.52371],[119.79587,-0.52406],[119.79527,-0.52242],[119.79341,-0.52125],[119.79323,-0.52032],[119.79138,-0.51804],[119.78844,-0.51648],[119.78738,-0.51517],[119.7849,-0.51504],[119.78281,-0.51605],[119.78012,-0.51367],[119.77945,-0.51276],[119.77916,-0.51109],[119.77748,-0.50937],[119.77494,-0.50917],[119.7735,-0.50972],[119.77298,-0.51048],[119.77184,-0.51102],[119.76976,-0.51072],[119.76779,-0.51153],[119.76728,-0.50914],[119.76528,-0.50468],[119.76292,-0.50228],[119.76036,-0.49846],[119.75952,-0.49355],[119.75898,-0.49251],[119.76209,-0.49022],[119.76186,-0.48993],[119.76004,-0.4913],[119.75881,-0.49151],[119.75882,-0.49012],[119.75958,-0.48943],[119.75963,-0.48759],[119.76055,-0.48417],[119.7614,-0.48348],[119.7612,-0.48304],[119.7617,-0.48218],[119.76254,-0.48177],[119.76274,-0.48058],[119.7642,-0.47875],[119.76463,-0.47633],[119.76429,-0.47262],[119.76321,-0.4681],[119.76356,-0.46624],[119.76265,-0.46536],[119.76254,-0.46395],[119.76304,-0.46294],[119.76226,-0.46186],[119.76177,-0.45398],[119.76035,-0.44782],[119.75708,-0.44452],[119.75667,-0.44305],[119.75556,-0.44189],[119.75419,-0.43784],[119.75624,-0.43627],[119.75609,-0.43513],[119.75693,-0.43488],[119.75592,-0.43307],[119.757,-0.43221],[119.75657,-0.43192],[119.75628,-0.42861],[119.7556,-0.42762],[119.75558,-0.42679],[119.75651,-0.42572],[119.75783,-0.42212],[119.75787,-0.42109],[119.75715,-0.41996],[119.758,-0.41842],[119.75803,-0.41681],[119.75834,-0.41622],[119.76019,-0.41529],[119.76116,-0.41322],[119.76178,-0.41058],[119.76175,-0.40749],[119.76381,-0.40742],[119.76372,-0.40687],[119.76232,-0.40697],[119.7621,-0.40668],[119.7621,-0.4061],[119.76418,-0.40275],[119.76441,-0.40063],[119.7636,-0.39633],[119.76253,-0.39362],[119.76544,-0.39236],[119.76696,-0.39108],[119.76808,-0.3912],[119.76918,-0.38934],[119.77074,-0.38858],[119.77088,-0.38724],[119.77201,-0.3859],[119.77514,-0.38535],[119.77718,-0.38541],[119.78371,-0.38893],[119.78874,-0.3907],[119.79059,-0.39315],[119.79129,-0.39567],[119.79289,-0.4136],[119.79629,-0.422],[119.79763,-0.42325],[119.80003,-0.42304],[119.80197,-0.42411],[119.80459,-0.42346],[119.80576,-0.42451],[119.80745,-0.42487],[119.8079,-0.42598],[119.80966,-0.42719],[119.8105,-0.42827],[119.81246,-0.42779],[119.81312,-0.42951],[119.81579,-0.43118],[119.81671,-0.433],[119.81851,-0.43398],[119.82046,-0.43441],[119.8213,-0.43565],[119.82432,-0.43509],[119.82703,-0.43551],[119.82847,-0.43435],[119.83076,-0.43348],[119.83429,-0.43337],[119.83529,-0.43216],[119.837,-0.43125],[119.84101,-0.43023],[119.84306,-0.42919],[119.84385,-0.42837],[119.84733,-0.42718],[119.84922,-0.42513],[119.85163,-0.424],[119.85811,-0.41685],[119.86057,-0.41569],[119.86329,-0.4154],[119.86576,-0.41615],[119.87018,-0.41843],[119.87141,-0.41864],[119.87336,-0.41791],[119.875,-0.41643],[119.87984,-0.41471],[119.8846,-0.4165],[119.88826,-0.41666],[119.89172,-0.41415],[119.89264,-0.414],[119.89534,-0.4149],[119.89745,-0.41279],[119.89815,-0.41342],[119.89927,-0.41334],[119.90138,-0.41166],[119.90425,-0.41053],[119.90713,-0.41109],[119.91017,-0.41271],[119.9134,-0.413],[119.91474,-0.41222],[119.91636,-0.41241]]]]}},{"type":"Feature","properties":{"NAMOBJ":"Sindue Tobata","KODE_KAB":7203},"geometry":{"type":"MultiPolygon","coordinates":[[[[119.91269,-0.35071],[119.91188,-0.35378],[119.91227,-0.35722],[119.91132,-0.36009],[119.91205,-0.36148],[119.91393,-0.36182],[119.91449,-0.36244],[119.91408,-0.3643],[119.91072,-0.36939],[119.9102,-0.37139],[119.91222,-0.375],[119.91612,-0.37851],[119.91769,-0.38403],[119.92075,-0.38633],[119.91953,-0.38954],[119.91964,-0.39063],[119.92036,-0.39153],[119.9232,-0.39299],[119.92396,-0.39422],[119.92323,-0.39719],[119.92334,-0.40001],[119.91739,-0.40679],[119.91599,-0.4106],[119.91589,-0.4116],[119.91636,-0.41241],[119.91474,-0.41222],[119.9134,-0.413],[119.91017,-0.41271],[119.90713,-0.41109],[119.90425,-0.41053],[119.90138,-0.41166],[119.89927,-0.41334],[119.89815,-0.41342],[119.89745,-0.41279],[119.89534,-0.4149],[119.89264,-0.414],[119.89172,-0.41415],[119.88826,-0.41666],[119.8846,-0.4165],[119.87984,-0.41471],[119.875,-0.41643],[119.87336,-0.41791],[119.87141,-0.41864],[119.87018,-0.41843],[119.86576,-0.41615],[119.86329,-0.4154],[119.86057,-0.41569],[119.85811,-0.41685],[119.85163,-0.424],[119.84922,-0.42513],[119.84733,-0.42718],[119.84385,-0.42837],[119.84306,-0.42919],[119.84101,-0.43023],[119.837,-0.43125],[119.83529,-0.43216],[119.83429,-0.43337],[119.83076,-0.43348],[119.82847,-0.43435],[119.82687,-0.43554],[119.82432,-0.43509],[119.82123,-0.43563],[119.82046,-0.43441],[119.81851,-0.43398],[119.81671,-0.433],[119.81579,-0.43118],[119.81312,-0.42951],[119.81246,-0.42779],[119.8105,-0.42827],[119.80966,-0.42719],[119.8079,-0.42598],[119.80745,-0.42487],[119.80576,-0.42451],[119.80459,-0.42346],[119.80197,-0.42411],[119.80003,-0.42304],[119.79763,-0.42325],[119.79629,-0.422],[119.79289,-0.4136],[119.79129,-0.39567],[119.79059,-0.39315],[119.78874,-0.3907],[119.78371,-0.38893],[119.77808,-0.38572],[119.77678,-0.3853],[119.77494,-0.38537],[119.7737,-0.38585],[119.77201,-0.3859],[119.77088,-0.38724],[119.77074,-0.38858],[119.76918,-0.38934],[119.76808,-0.3912],[119.76696,-0.39108],[119.76544,-0.39236],[119.76253,-0.39362],[119.76218,-0.39255],[119.76113,-0.39134],[119.76013,-0.38859],[119.76069,-0.3874],[119.76286,-0.38725],[119.76085,-0.3871],[119.75757,-0.38132],[119.75295,-0.376],[119.75215,-0.37457],[119.75188,-0.37166],[119.75113,-0.37003],[119.75114,-0.36747],[119.75243,-0.36358],[119.75505,-0.35952],[119.75762,-0.35876],[119.75727,-0.35834],[119.75603,-0.3587],[119.75595,-0.35758],[119.75643,-0.35667],[119.75727,-0.35589],[119.76022,-0.35445],[119.76295,-0.35355],[119.76369,-0.35191],[119.764,-0.34653],[119.76252,-0.34042],[119.76285,-0.33974],[119.7633,-0.3397],[119.76289,-0.339],[119.76363,-0.3377],[119.76756,-0.33341],[119.76933,-0.32951],[119.77027,-0.3247],[119.77063,-0.32008],[119.7721,-0.31642],[119.77225,-0.31506],[119.77368,-0.31312],[119.77392,-0.30954],[119.77312,-0.30502],[119.77498,-0.3009],[119.77485,-0.29967],[119.77562,-0.29871],[119.77566,-0.29541],[119.77676,-0.29332],[119.7759,-0.28699],[119.77669,-0.28834],[119.77719,-0.28708],[119.77919,-0.28716],[119.77998,-0.28642],[119.78181,-0.28684],[119.7827,-0.28816],[119.78406,-0.28798],[119.78426,-0.28724],[119.78475,-0.28716],[119.78727,-0.28955],[119.78825,-0.28905],[119.78878,-0.28798],[119.79016,-0.28873],[119.79114,-0.28851],[119.79293,-0.29052],[119.79422,-0.29016],[119.7976,-0.29086],[119.79974,-0.29249],[119.80039,-0.29402],[119.80154,-0.29425],[119.80215,-0.29535],[119.80206,-0.29631],[119.8015,-0.29701],[119.80166,-0.29769],[119.8027,-0.29899],[119.80379,-0.29936],[119.80406,-0.30071],[119.80532,-0.30197],[119.80491,-0.30308],[119.80585,-0.30438],[119.8053,-0.30679],[119.80599,-0.30774],[119.80594,-0.30843],[119.80539,-0.3091],[119.80414,-0.30947],[119.80412,-0.31001],[119.80559,-0.31235],[119.80858,-0.31457],[119.80999,-0.31756],[119.81068,-0.31815],[119.81145,-0.31825],[119.81392,-0.31646],[119.81677,-0.31518],[119.81965,-0.31569],[119.82262,-0.31516],[119.82569,-0.31349],[119.82993,-0.31248],[119.83128,-0.31138],[119.83125,-0.31088],[119.83256,-0.30953],[119.83276,-0.30767],[119.83456,-0.30774],[119.83517,-0.30708],[119.83618,-0.30772],[119.8373,-0.30775],[119.83972,-0.30649],[119.84138,-0.30745],[119.8434,-0.3077],[119.84754,-0.30514],[119.85125,-0.30369],[119.8525,-0.3057],[119.85275,-0.31108],[119.85453,-0.31651],[119.85388,-0.31657],[119.85373,-0.31702],[119.85378,-0.32064],[119.85438,-0.32228],[119.85613,-0.32399],[119.8558,-0.32545],[119.85405,-0.32737],[119.85365,-0.32865],[119.8553,-0.33104],[119.86432,-0.33824],[119.86557,-0.33968],[119.86563,-0.34125],[119.86494,-0.34241],[119.86614,-0.34597],[119.86647,-0.35736],[119.86768,-0.36046],[119.86831,-0.36109],[119.87195,-0.36044],[119.87279,-0.35943],[119.87479,-0.35834],[119.87743,-0.35597],[119.87862,-0.35549],[119.87927,-0.35389],[119.88079,-0.35333],[119.88079,-0.35274],[119.88017,-0.35208],[119.88074,-0.35096],[119.88127,-0.35091],[119.88087,-0.34992],[119.88123,-0.34931],[119.88228,-0.34953],[119.88291,-0.34904],[119.8836,-0.34926],[119.88497,-0.34893],[119.88739,-0.3465],[119.88836,-0.34649],[119.88945,-0.34556],[119.89072,-0.34545],[119.89195,-0.34456],[119.89379,-0.34512],[119.89963,-0.34811],[119.90301,-0.34928],[119.90652,-0.35121],[119.90933,-0.35137],[119.91269,-0.35071]]]]}},{"type":"Feature","properties":{"NAMOBJ":"Sirenja","KODE_KAB":7203},"geometry":{"type":"MultiPolygon","coordinates":[[[[119.80126,-0.16218],[119.80117,-0.16218],[119.80111,-0.16212],[119.80104,-0.16204],[119.80101,-0.16194],[119.80102,-0.16182],[119.80108,-0.16177],[119.80112,-0.16176],[119.8012,-0.16176],[119.80132,-0.1618],[119.80136,-0.16187],[119.80139,-0.16192],[119.80137,-0.16208],[119.80136,-0.16214],[119.80133,-0.16217],[119.80126,-0.16218]]],[[[119.80895,-0.14514],[119.81322,-0.14542],[119.81534,-0.14609],[119.81655,-0.14793],[119.81831,-0.14923],[119.81992,-0.15189],[119.8229,-0.15289],[119.82483,-0.15301],[119.82501,-0.15381],[119.82763,-0.15255],[119.82819,-0.15173],[119.82988,-0.15074],[119.83092,-0.15074],[119.83067,-0.15189],[119.83146,-0.1539],[119.83351,-0.1524],[119.83417,-0.15252],[119.83453,-0.15382],[119.834,-0.1545],[119.83433,-0.1573],[119.83584,-0.15826],[119.83807,-0.15843],[119.83933,-0.15791],[119.84106,-0.15924],[119.84195,-0.15945],[119.84281,-0.15904],[119.84307,-0.15818],[119.8443,-0.15771],[119.84467,-0.15657],[119.84616,-0.15583],[119.84703,-0.15583],[119.84754,-0.15758],[119.84836,-0.15723],[119.84865,-0.15789],[119.8495,-0.15752],[119.84957,-0.15842],[119.85019,-0.15893],[119.8507,-0.15864],[119.85082,-0.16131],[119.85135,-0.1613],[119.85143,-0.16058],[119.85198,-0.16059],[119.85268,-0.16212],[119.85242,-0.16306],[119.85292,-0.16402],[119.85474,-0.16455],[119.85832,-0.16799],[119.86127,-0.16857],[119.86249,-0.16813],[119.86299,-0.17159],[119.86237,-0.17292],[119.86333,-0.17293],[119.86377,-0.1741],[119.86557,-0.17315],[119.86628,-0.17081],[119.86742,-0.17096],[119.86953,-0.16987],[119.8705,-0.17089],[119.87078,-0.17017],[119.87268,-0.16938],[119.87364,-0.16816],[119.87473,-0.16809],[119.87654,-0.16661],[119.87791,-0.16708],[119.8794,-0.16512],[119.8814,-0.16513],[119.88247,-0.16402],[119.88359,-0.16452],[119.88832,-0.16443],[119.88965,-0.16486],[119.89889,-0.17165],[119.9,-0.17309],[119.90041,-0.17494],[119.90091,-0.17551],[119.90342,-0.17641],[119.9055,-0.1763],[119.90766,-0.17281],[119.9096,-0.17054],[119.91292,-0.16873],[119.91742,-0.17041],[119.92071,-0.17073],[119.92338,-0.17173],[119.92437,-0.17238],[119.92563,-0.17407],[119.92733,-0.18523],[119.92921,-0.18845],[119.92935,-0.19362],[119.92966,-0.19495],[119.93137,-0.19807],[119.93221,-0.20268],[119.9322,-0.20683],[119.93407,-0.20879],[119.93602,-0.20965],[119.93618,-0.21034],[119.93472,-0.2119],[119.93065,-0.21412],[119.92937,-0.21536],[119.9273,-0.21921],[119.92514,-0.22706],[119.92149,-0.23039],[119.91886,-0.23438],[119.9173,-0.23513],[119.91402,-0.23525],[119.91271,-0.2364],[119.91263,-0.23737],[119.91439,-0.24337],[119.91453,-0.24758],[119.9176,-0.25],[119.92141,-0.25536],[119.9223,-0.25795],[119.92178,-0.26041],[119.92048,-0.26201],[119.91893,-0.26302],[119.90916,-0.26672],[119.90596,-0.26931],[119.90543,-0.27032],[119.90626,-0.27873],[119.90904,-0.28407],[119.91025,-0.28465],[119.91523,-0.28506],[119.92046,-0.28605],[119.923,-0.28683],[119.924,-0.28767],[119.9241,-0.28828],[119.92212,-0.28997],[119.92051,-0.29267],[119.9201,-0.29441],[119.92015,-0.29771],[119.92226,-0.29979],[119.92356,-0.30183],[119.92722,-0.30314],[119.92779,-0.30385],[119.92721,-0.30513],[119.92452,-0.3079],[119.9184,-0.3163],[119.91895,-0.31752],[119.9278,-0.323],[119.9277,-0.32375],[119.92449,-0.32815],[119.92443,-0.32899],[119.92542,-0.33071],[119.92851,-0.33345],[119.92934,-0.3354],[119.92365,-0.3408],[119.9187,-0.34767],[119.91721,-0.34887],[119.91369,-0.34997],[119.91269,-0.35071],[119.90769,-0.35143],[119.90535,-0.35082],[119.90301,-0.34928],[119.89963,-0.34811],[119.89379,-0.34512],[119.89195,-0.34456],[119.89072,-0.34545],[119.88945,-0.34556],[119.88836,-0.34649],[119.88739,-0.3465],[119.88497,-0.34893],[119.8836,-0.34926],[119.88291,-0.34904],[119.88228,-0.34953],[119.88123,-0.34931],[119.88087,-0.34992],[119.88127,-0.35091],[119.88074,-0.35096],[119.88017,-0.35208],[119.88079,-0.35274],[119.88079,-0.35333],[119.87927,-0.35389],[119.87862,-0.35549],[119.87743,-0.35597],[119.87479,-0.35834],[119.87279,-0.35943],[119.87195,-0.36044],[119.86831,-0.36109],[119.86768,-0.36046],[119.86647,-0.35736],[119.86614,-0.34597],[119.86494,-0.34241],[119.86563,-0.34125],[119.86557,-0.33968],[119.86432,-0.33824],[119.8553,-0.33104],[119.85365,-0.32865],[119.85405,-0.32737],[119.8558,-0.32545],[119.85613,-0.32399],[119.85438,-0.32228],[119.85378,-0.32064],[119.85373,-0.31702],[119.85388,-0.31657],[119.85453,-0.31651],[119.85275,-0.31108],[119.8525,-0.3057],[119.85125,-0.30369],[119.84754,-0.30514],[119.8434,-0.3077],[119.84138,-0.30745],[119.83972,-0.30649],[119.8373,-0.30775],[119.83618,-0.30772],[119.83517,-0.30708],[119.83456,-0.30774],[119.83276,-0.30767],[119.83256,-0.30953],[119.83125,-0.31088],[119.83128,-0.31138],[119.82993,-0.31248],[119.82569,-0.31349],[119.82262,-0.31516],[119.81965,-0.31569],[119.81677,-0.31518],[119.81392,-0.31646],[119.81145,-0.31825],[119.81068,-0.31815],[119.80999,-0.31756],[119.80858,-0.31457],[119.80559,-0.31235],[119.80453,-0.31103],[119.80414,-0.30947],[119.80567,-0.3089],[119.80603,-0.30789],[119.8053,-0.30679],[119.80587,-0.3047],[119.80491,-0.30308],[119.80532,-0.30197],[119.80406,-0.30071],[119.80373,-0.29928],[119.8027,-0.29899],[119.80177,-0.29789],[119.8015,-0.29701],[119.80206,-0.29631],[119.80206,-0.29496],[119.80143,-0.29417],[119.80039,-0.29402],[119.79974,-0.29249],[119.79739,-0.29078],[119.79422,-0.29016],[119.79293,-0.29052],[119.79131,-0.28859],[119.79016,-0.28873],[119.78901,-0.28799],[119.78844,-0.28816],[119.78825,-0.28905],[119.78727,-0.28955],[119.78467,-0.28713],[119.78426,-0.28724],[119.78406,-0.28798],[119.7827,-0.28816],[119.78181,-0.28684],[119.77998,-0.28642],[119.77919,-0.28716],[119.77719,-0.28708],[119.77689,-0.28822],[119.77641,-0.28809],[119.7759,-0.28699],[119.7762,-0.28555],[119.7773,-0.28315],[119.7788,-0.27702],[119.78088,-0.27467],[119.78142,-0.27138],[119.78576,-0.26453],[119.78642,-0.26143],[119.79174,-0.25885],[119.79378,-0.2573],[119.79494,-0.25544],[119.79616,-0.25113],[119.79668,-0.25116],[119.79631,-0.25034],[119.7965,-0.24593],[119.79824,-0.24035],[119.79871,-0.2358],[119.79994,-0.23361],[119.80261,-0.23053],[119.80352,-0.22896],[119.80414,-0.22678],[119.80461,-0.22039],[119.80576,-0.21286],[119.80676,-0.21407],[119.80766,-0.21447],[119.80774,-0.21405],[119.80852,-0.21424],[119.80823,-0.21385],[119.80694,-0.21361],[119.80734,-0.21319],[119.80651,-0.21169],[119.80677,-0.21088],[119.81,-0.20835],[119.81129,-0.20643],[119.81206,-0.20434],[119.8131,-0.204],[119.81558,-0.20215],[119.81754,-0.19797],[119.81821,-0.19525],[119.81815,-0.19124],[119.81686,-0.18619],[119.81317,-0.17689],[119.81094,-0.17288],[119.8079,-0.17142],[119.80686,-0.16938],[119.80492,-0.1677],[119.8045,-0.16678],[119.80296,-0.1658],[119.80239,-0.16594],[119.80159,-0.16409],[119.80208,-0.16422],[119.80163,-0.16151],[119.80102,-0.16147],[119.8009,-0.16063],[119.80046,-0.1603],[119.80059,-0.15908],[119.79984,-0.15631],[119.79873,-0.15659],[119.79865,-0.15619],[119.79932,-0.15596],[119.7984,-0.15523],[119.79885,-0.15476],[119.79944,-0.15534],[119.79858,-0.15295],[119.79962,-0.1531],[119.80113,-0.15191],[119.80158,-0.1523],[119.80361,-0.15135],[119.80632,-0.14815],[119.8065,-0.14708],[119.80701,-0.1467],[119.80696,-0.14533],[119.80895,-0.14514]]]]}},{"type":"Feature","properties":{"NAMOBJ":"Balaesang Tanjung","KODE_KAB":7203},"geometry":{"type":"MultiPolygon","coordinates":[[[[119.79821,-0.05877],[119.79884,-0.05879],[119.79953,-0.05947],[119.79837,-0.06113],[119.79803,-0.06032],[119.79723,-0.06016],[119.79787,-0.05948],[119.79772,-0.05852],[119.79821,-0.05877]]],[[[119.79673,-0.05703],[119.79616,-0.05714],[119.79573,-0.05669],[119.79595,-0.05571],[119.79673,-0.05703]]],[[[119.80384,-0.05151],[119.80447,-0.05141],[119.80532,-0.05362],[119.80456,-0.05628],[119.80478,-0.05695],[119.80554,-0.05748],[119.80433,-0.0574],[119.80301,-0.05846],[119.80287,-0.05779],[119.80182,-0.05783],[119.80248,-0.05734],[119.80228,-0.05675],[119.80269,-0.05624],[119.80164,-0.05506],[119.80066,-0.05506],[119.80017,-0.05464],[119.79957,-0.05223],[119.79978,-0.05202],[119.80032,-0.05255],[119.80073,-0.05453],[119.80178,-0.05449],[119.802,-0.05535],[119.80325,-0.0551],[119.80396,-0.05578],[119.80446,-0.0553],[119.80442,-0.05374],[119.80256,-0.05229],[119.8029,-0.05077],[119.80161,-0.0492],[119.80384,-0.05151]]],[[[119.80443,-0.04895],[119.80389,-0.04773],[119.80513,-0.0461],[119.80629,-0.04544],[119.8058,-0.0473],[119.80503,-0.04777],[119.80443,-0.04895]]],[[[119.7959,-0.03714],[119.79932,-0.03781],[119.79909,-0.04009],[119.7999,-0.04236],[119.8015,-0.04401],[119.80323,-0.04419],[119.80198,-0.0462],[119.80076,-0.04583],[119.79873,-0.04021],[119.79424,-0.03835],[119.79463,-0.03744],[119.7959,-0.03714]]],[[[119.78662,-0.01589],[119.78541,-0.01624],[119.78597,-0.01715],[119.78472,-0.01617],[119.78454,-0.01761],[119.78404,-0.01838],[119.78329,-0.01829],[119.78315,-0.01875],[119.78249,-0.01895],[119.78154,-0.01843],[119.78155,-0.01802],[119.78453,-0.01489],[119.78613,-0.0149],[119.78662,-0.01589]]],[[[119.66883,0.01507],[119.6699,0.0151],[119.67038,0.01467],[119.67017,0.01289],[119.6705,0.01109],[119.67271,0.00969],[119.67349,0.01048],[119.67437,0.00923],[119.67633,0.00834],[119.67868,0.00658],[119.68299,0.00537],[119.6853,0.00399],[119.6889,0.00291],[119.69353,0.003],[119.69706,0.00225],[119.69873,0.00148],[119.70275,-0.00177],[119.70892,-0.00329],[119.71074,-0.00483],[119.713,-0.00546],[119.71676,-0.00732],[119.71932,-0.0097],[119.72232,-0.01121],[119.7258,-0.01626],[119.73002,-0.01992],[119.73409,-0.02519],[119.73892,-0.03048],[119.74215,-0.03714],[119.74265,-0.03919],[119.74154,-0.03975],[119.74139,-0.04169],[119.74154,-0.04385],[119.74263,-0.04637],[119.74227,-0.04762],[119.74165,-0.04764],[119.74223,-0.0478],[119.7424,-0.0497],[119.74141,-0.05156],[119.73907,-0.0534],[119.73876,-0.05556],[119.73833,-0.05592],[119.73899,-0.05838],[119.73758,-0.05921],[119.73739,-0.05974],[119.7375,-0.06085],[119.73813,-0.06149],[119.73847,-0.06267],[119.73974,-0.06415],[119.74204,-0.06553],[119.74357,-0.06847],[119.74465,-0.06893],[119.74554,-0.07013],[119.74762,-0.07171],[119.75191,-0.07271],[119.75985,-0.07178],[119.76085,-0.07322],[119.76461,-0.07444],[119.76573,-0.07604],[119.76795,-0.07785],[119.76761,-0.07972],[119.77097,-0.08562],[119.77194,-0.08935],[119.77271,-0.09077],[119.77327,-0.09402],[119.77104,-0.09963],[119.77087,-0.10429],[119.77008,-0.10461],[119.77031,-0.10488],[119.77157,-0.10471],[119.77181,-0.10524],[119.77141,-0.1068],[119.7724,-0.10796],[119.77308,-0.10807],[119.77484,-0.10734],[119.77499,-0.10879],[119.77445,-0.11064],[119.77479,-0.11138],[119.77614,-0.1116],[119.7772,-0.10984],[119.77698,-0.11178],[119.77571,-0.11294],[119.77592,-0.11388],[119.77687,-0.11439],[119.77921,-0.11134],[119.77983,-0.11251],[119.78163,-0.11282],[119.78583,-0.11097],[119.78681,-0.10988],[119.7947,-0.10747],[119.79473,-0.1071],[119.79571,-0.10731],[119.79673,-0.107],[119.80052,-0.10821],[119.80321,-0.10839],[119.80428,-0.10982],[119.80564,-0.11067],[119.80826,-0.11054],[119.80927,-0.11129],[119.81227,-0.11178],[119.81423,-0.11283],[119.81631,-0.11325],[119.81477,-0.1165],[119.81322,-0.11804],[119.81207,-0.1202],[119.81177,-0.12233],[119.81061,-0.1236],[119.81,-0.12525],[119.80858,-0.12726],[119.80804,-0.12773],[119.80749,-0.12759],[119.80628,-0.125],[119.80042,-0.12271],[119.79974,-0.12323],[119.79793,-0.12188],[119.79688,-0.12172],[119.79665,-0.12232],[119.79304,-0.12188],[119.79217,-0.12237],[119.79161,-0.12195],[119.7904,-0.12231],[119.78829,-0.1219],[119.786,-0.12309],[119.7853,-0.123],[119.78331,-0.12472],[119.78325,-0.12555],[119.78197,-0.12573],[119.77876,-0.12488],[119.77813,-0.12519],[119.77798,-0.12444],[119.77722,-0.1243],[119.77769,-0.12521],[119.7768,-0.12528],[119.77295,-0.12723],[119.77239,-0.12819],[119.77114,-0.12866],[119.77021,-0.12979],[119.76391,-0.13003],[119.7608,-0.1321],[119.76031,-0.13291],[119.75721,-0.1345],[119.75671,-0.13581],[119.75414,-0.13782],[119.75261,-0.1386],[119.74972,-0.13883],[119.74855,-0.13974],[119.74735,-0.13915],[119.74773,-0.14012],[119.7464,-0.14019],[119.74535,-0.14108],[119.74354,-0.14118],[119.74333,-0.14164],[119.74259,-0.14185],[119.74134,-0.14183],[119.74022,-0.14311],[119.73797,-0.14304],[119.73726,-0.14427],[119.73646,-0.14395],[119.73561,-0.14438],[119.73139,-0.1437],[119.72542,-0.14393],[119.72292,-0.14521],[119.72044,-0.14556],[119.71892,-0.14506],[119.71723,-0.14338],[119.71487,-0.14218],[119.70849,-0.14062],[119.70417,-0.13878],[119.7019,-0.13724],[119.69902,-0.13359],[119.69591,-0.13225],[119.69493,-0.12984],[119.69239,-0.12731],[119.68981,-0.12628],[119.68922,-0.12553],[119.68711,-0.12431],[119.68613,-0.12206],[119.684,-0.11992],[119.68229,-0.11903],[119.68116,-0.11985],[119.67931,-0.11901],[119.67765,-0.11911],[119.67513,-0.11759],[119.67384,-0.11782],[119.67067,-0.11558],[119.6708,-0.11487],[119.66972,-0.11378],[119.67043,-0.11343],[119.67022,-0.11272],[119.66746,-0.11296],[119.66715,-0.11183],[119.66771,-0.10984],[119.66726,-0.10961],[119.6669,-0.11016],[119.66607,-0.11013],[119.66304,-0.10753],[119.66229,-0.10582],[119.66257,-0.10409],[119.66335,-0.10329],[119.66241,-0.10322],[119.6606,-0.10004],[119.65983,-0.09775],[119.65823,-0.09663],[119.65719,-0.09925],[119.65644,-0.09906],[119.65355,-0.09585],[119.65334,-0.09469],[119.65511,-0.09354],[119.65461,-0.09334],[119.65294,-0.08765],[119.65136,-0.08781],[119.64986,-0.08643],[119.65031,-0.08542],[119.6502,-0.0839],[119.64937,-0.08273],[119.64936,-0.08157],[119.65009,-0.08086],[119.65009,-0.08005],[119.65167,-0.07864],[119.65137,-0.07735],[119.65185,-0.07619],[119.65159,-0.07515],[119.65115,-0.07598],[119.65062,-0.07558],[119.64899,-0.07687],[119.64833,-0.07674],[119.64314,-0.07016],[119.64309,-0.06941],[119.64379,-0.06884],[119.6437,-0.06476],[119.64295,-0.06235],[119.64104,-0.06141],[119.63781,-0.06064],[119.63634,-0.0608],[119.6359,-0.06206],[119.63525,-0.06258],[119.6342,-0.06196],[119.63431,-0.0596],[119.63309,-0.05728],[119.6328,-0.057],[119.63188,-0.05715],[119.63148,-0.05363],[119.62918,-0.04914],[119.62672,-0.04797],[119.62398,-0.0457],[119.6201,-0.03905],[119.61502,-0.03324],[119.6098,-0.02312],[119.60934,-0.02151],[119.60856,-0.02076],[119.60764,-0.01762],[119.60662,-0.01616],[119.60503,-0.00936],[119.60597,-0.0055],[119.60952,-0.00553],[119.61335,-0.00781],[119.61784,-0.00852],[119.61816,-0.00905],[119.61958,-0.0093],[119.62014,-0.00988],[119.62634,-0.01262],[119.63092,-0.0125],[119.63496,-0.01028],[119.63655,-0.00989],[119.63709,-0.0104],[119.63965,-0.01101],[119.6457,-0.01199],[119.65201,-0.01533],[119.65457,-0.01594],[119.65852,-0.01893],[119.6614,-0.01866],[119.66355,-0.01935],[119.6658,-0.01864],[119.66816,-0.01652],[119.66719,-0.01526],[119.66643,-0.01548],[119.66736,-0.01355],[119.6672,-0.01199],[119.6699,-0.00826],[119.67036,-0.00657],[119.66993,-0.00552],[119.67065,-0.00506],[119.67175,-0.00198],[119.67259,-0.00122],[119.67284,0.00062],[119.67175,0.00195],[119.67126,0.00173],[119.67106,0.00088],[119.67044,0.0007],[119.66812,0.00105],[119.66475,0.00485],[119.66388,0.00534],[119.663,0.00466],[119.66181,0.00517],[119.66005,0.01142],[119.66017,0.01249],[119.65944,0.01394],[119.65925,0.0162],[119.66003,0.01721],[119.66266,0.01849],[119.66494,0.01861],[119.66563,0.01815],[119.66554,0.01752],[119.66636,0.0162],[119.66883,0.01507]]],[[[119.61916,0.08731],[119.61877,0.08758],[119.61944,0.08754],[119.61916,0.08731]]],[[[119.61851,0.09614],[119.62145,0.09403],[119.62273,0.08981],[119.62393,0.08863],[119.62341,0.08769],[119.62215,0.08752],[119.62075,0.08579],[119.62003,0.08635],[119.6207,0.08714],[119.62017,0.08795],[119.61919,0.08896],[119.61753,0.08933],[119.61749,0.09031],[119.61686,0.09126],[119.61555,0.09216],[119.61603,0.09222],[119.61614,0.09372],[119.61657,0.09401],[119.61626,0.09524],[119.61763,0.09646],[119.6175,0.09702],[119.61851,0.09614]]]]}},{"type":"Feature","properties":{"NAMOBJ":"Balaesang","KODE_KAB":7203},"geometry":{"type":"MultiPolygon","coordinates":[[[[119.96996,0.09452],[119.96953,0.09217],[119.96767,0.08904],[119.96261,0.08552],[119.96073,0.08304],[119.9583,0.07492],[119.95033,0.05526],[119.94993,0.05228],[119.95127,0.04986],[119.95126,0.0461],[119.95228,0.04449],[119.95366,0.04322],[119.9544,0.04096],[119.95359,0.03155],[119.95149,0.02685],[119.94956,0.02441],[119.94775,0.0208],[119.94715,0.01889],[119.94749,0.01746],[119.94526,0.01597],[119.94249,0.01511],[119.94129,0.0133],[119.93978,0.00499],[119.93988,0.00291],[119.93786,-0.00351],[119.93697,-0.00854],[119.93716,-0.01226],[119.93911,-0.01677],[119.9396,-0.02077],[119.93548,-0.02633],[119.93557,-0.02781],[119.93666,-0.02978],[119.93779,-0.03713],[119.93696,-0.03801],[119.93467,-0.03907],[119.93721,-0.04162],[119.93878,-0.04406],[119.93911,-0.04592],[119.93861,-0.0531],[119.93952,-0.0613],[119.9388,-0.06559],[119.94027,-0.06816],[119.9419,-0.06903],[119.9428,-0.07005],[119.94251,-0.07266],[119.94019,-0.07489],[119.9388,-0.0776],[119.93773,-0.07843],[119.93856,-0.08082],[119.9372,-0.08642],[119.93536,-0.08735],[119.93426,-0.08746],[119.93331,-0.0882],[119.93348,-0.09093],[119.93281,-0.09695],[119.93176,-0.101],[119.93034,-0.10199],[119.92763,-0.10294],[119.92337,-0.10732],[119.9168,-0.11039],[119.91631,-0.11112],[119.91382,-0.1214],[119.9111,-0.12681],[119.90901,-0.12989],[119.90361,-0.13309],[119.9003,-0.13668],[119.90028,-0.13848],[119.90084,-0.14043],[119.90739,-0.15065],[119.90741,-0.15366],[119.90987,-0.15753],[119.91119,-0.16398],[119.91292,-0.16873],[119.9096,-0.17054],[119.90766,-0.17281],[119.90581,-0.17599],[119.9052,-0.17648],[119.90414,-0.17655],[119.90091,-0.17551],[119.90041,-0.17494],[119.9,-0.17309],[119.89889,-0.17165],[119.88965,-0.16486],[119.88832,-0.16443],[119.88359,-0.16452],[119.88247,-0.16402],[119.8814,-0.16513],[119.8794,-0.16512],[119.87791,-0.16708],[119.87654,-0.16661],[119.87473,-0.16809],[119.87364,-0.16816],[119.87268,-0.16938],[119.87078,-0.17017],[119.8705,-0.17089],[119.86953,-0.16987],[119.86742,-0.17096],[119.86628,-0.17081],[119.86557,-0.17315],[119.86377,-0.1741],[119.86333,-0.17293],[119.86237,-0.17292],[119.86299,-0.17159],[119.86249,-0.16813],[119.86127,-0.16857],[119.85832,-0.16799],[119.85474,-0.16455],[119.85292,-0.16402],[119.85242,-0.16306],[119.85268,-0.16212],[119.85198,-0.16059],[119.85143,-0.16058],[119.85135,-0.1613],[119.85082,-0.16131],[119.8507,-0.15864],[119.85019,-0.15893],[119.84957,-0.15842],[119.8495,-0.15752],[119.84865,-0.15789],[119.84836,-0.15723],[119.84754,-0.15758],[119.84703,-0.15583],[119.84616,-0.15583],[119.84467,-0.15657],[119.8443,-0.15771],[119.84307,-0.15818],[119.84281,-0.15904],[119.84195,-0.15945],[119.84106,-0.15924],[119.83933,-0.15791],[119.83807,-0.15843],[119.83584,-0.15826],[119.83433,-0.1573],[119.834,-0.1545],[119.83453,-0.15382],[119.83417,-0.15252],[119.83351,-0.1524],[119.83146,-0.1539],[119.83067,-0.15189],[119.83092,-0.15074],[119.82988,-0.15074],[119.82819,-0.15173],[119.82763,-0.15255],[119.82501,-0.15381],[119.82483,-0.15301],[119.8229,-0.15289],[119.81992,-0.15189],[119.81831,-0.14923],[119.81655,-0.14793],[119.81578,-0.14643],[119.81487,-0.14585],[119.81322,-0.14542],[119.80727,-0.14517],[119.80939,-0.14352],[119.81018,-0.14186],[119.81017,-0.13651],[119.80699,-0.13068],[119.80406,-0.12706],[119.80146,-0.12457],[119.79603,-0.12247],[119.79308,-0.12198],[119.792,-0.12285],[119.79127,-0.12276],[119.78659,-0.12665],[119.78496,-0.12641],[119.78325,-0.12555],[119.78331,-0.12472],[119.7853,-0.123],[119.786,-0.12309],[119.78829,-0.1219],[119.7904,-0.12231],[119.79161,-0.12195],[119.79217,-0.12237],[119.79304,-0.12188],[119.79665,-0.12232],[119.7971,-0.12169],[119.79816,-0.12198],[119.79974,-0.12323],[119.80042,-0.12271],[119.80628,-0.125],[119.80734,-0.12738],[119.80804,-0.12773],[119.81177,-0.12233],[119.81207,-0.1202],[119.81322,-0.11804],[119.81477,-0.1165],[119.81631,-0.11325],[119.81734,-0.11403],[119.81828,-0.11596],[119.81773,-0.11678],[119.81852,-0.11852],[119.81866,-0.11662],[119.82145,-0.11709],[119.82278,-0.11633],[119.82504,-0.11394],[119.82568,-0.1138],[119.82531,-0.11458],[119.82652,-0.11406],[119.82669,-0.1138],[119.82555,-0.113],[119.82756,-0.11099],[119.83666,-0.10476],[119.84155,-0.09828],[119.84191,-0.09547],[119.84337,-0.09031],[119.84572,-0.08722],[119.84643,-0.08547],[119.84721,-0.08495],[119.84976,-0.08091],[119.85033,-0.08066],[119.85012,-0.07979],[119.8512,-0.07794],[119.85561,-0.07213],[119.85723,-0.06759],[119.86427,-0.06096],[119.86677,-0.0576],[119.86745,-0.0556],[119.86862,-0.05478],[119.86857,-0.05416],[119.8678,-0.054],[119.86775,-0.05342],[119.87141,-0.04669],[119.87226,-0.04144],[119.87797,-0.03326],[119.88096,-0.02715],[119.88265,-0.02215],[119.88475,-0.01025],[119.88486,-0.00584],[119.88575,-0.00158],[119.8845,0.00293],[119.88373,0.00951],[119.88176,0.01931],[119.88149,0.02598],[119.88097,0.029],[119.87874,0.03465],[119.87586,0.04011],[119.87502,0.04301],[119.87474,0.04681],[119.87587,0.04879],[119.87723,0.05366],[119.87719,0.05583],[119.87892,0.06097],[119.87802,0.07002],[119.8786,0.07481],[119.87833,0.07804],[119.87684,0.08412],[119.87161,0.08991],[119.87154,0.09619],[119.87011,0.10067],[119.86812,0.10453],[119.86832,0.10558],[119.86798,0.10583],[119.86728,0.10541],[119.86655,0.10653],[119.86411,0.10837],[119.86629,0.10884],[119.86663,0.11043],[119.86761,0.11101],[119.86742,0.11169],[119.86625,0.11272],[119.86519,0.1128],[119.86522,0.11355],[119.86476,0.11396],[119.86422,0.11401],[119.86326,0.11333],[119.86262,0.11421],[119.86347,0.11696],[119.86548,0.1198],[119.86626,0.12216],[119.86679,0.12286],[119.86734,0.12222],[119.86858,0.12218],[119.8686,0.12303],[119.86995,0.1259],[119.87013,0.12817],[119.87189,0.13035],[119.87344,0.13106],[119.87289,0.13268],[119.874,0.13393],[119.87537,0.13717],[119.87483,0.13883],[119.87528,0.13969],[119.87599,0.14019],[119.87705,0.13953],[119.8774,0.14045],[119.87895,0.1397],[119.87967,0.14],[119.88365,0.13135],[119.89093,0.125],[119.89356,0.12161],[119.89616,0.1197],[119.89906,0.11859],[119.90634,0.11717],[119.90871,0.11622],[119.92185,0.11626],[119.92904,0.11764],[119.93288,0.11717],[119.93588,0.1154],[119.93977,0.11393],[119.94629,0.10544],[119.95513,0.09554],[119.95893,0.09225],[119.96093,0.09183],[119.96688,0.09185],[119.96996,0.09452]]]]}},{"type":"Feature","properties":{"NAMOBJ":"Dampelas","KODE_KAB":7203},"geometry":{"type":"MultiPolygon","coordinates":[[[[119.80641,0.16178],[119.80641,0.16177],[119.8063,0.16187],[119.80618,0.16198],[119.80618,0.16198],[119.80619,0.16199],[119.8062,0.162],[119.80623,0.16201],[119.80626,0.16201],[119.8063,0.162],[119.80632,0.16199],[119.80633,0.16198],[119.80633,0.16196],[119.80634,0.16194],[119.80634,0.16191],[119.80635,0.16189],[119.80639,0.16183],[119.8064,0.16181],[119.80641,0.16178]]],[[[119.89593,0.41788],[119.89713,0.41807],[119.8999,0.41724],[119.90129,0.41767],[119.90314,0.4168],[119.90431,0.41696],[119.9059,0.41563],[119.90776,0.41497],[119.91053,0.41631],[119.91361,0.41689],[119.91748,0.41625],[119.91961,0.41518],[119.92113,0.41557],[119.92429,0.41508],[119.92502,0.41454],[119.92638,0.41482],[119.92736,0.41278],[119.92839,0.41222],[119.92958,0.41238],[119.9303,0.41206],[119.93515,0.41355],[119.94194,0.41289],[119.94346,0.41394],[119.94691,0.41155],[119.94884,0.41093],[119.95032,0.40966],[119.95208,0.4103],[119.95341,0.40938],[119.95403,0.41007],[119.95751,0.40885],[119.95837,0.40663],[119.95565,0.40527],[119.95388,0.40634],[119.95394,0.40432],[119.95247,0.40147],[119.95354,0.40052],[119.95382,0.39965],[119.95306,0.3972],[119.95352,0.397],[119.9549,0.39801],[119.95557,0.39709],[119.95549,0.39629],[119.95356,0.39388],[119.95349,0.39329],[119.95444,0.39303],[119.95606,0.39355],[119.95653,0.39397],[119.9565,0.39513],[119.9569,0.39523],[119.95758,0.39402],[119.95652,0.39231],[119.95709,0.39032],[119.95787,0.39041],[119.95801,0.3921],[119.95914,0.39313],[119.96075,0.3928],[119.96124,0.39096],[119.96409,0.39116],[119.96501,0.39081],[119.96543,0.388],[119.96816,0.38838],[119.96861,0.38806],[119.9693,0.38369],[119.9701,0.38313],[119.96968,0.38179],[119.97115,0.3817],[119.97145,0.38077],[119.97492,0.38055],[119.97544,0.37981],[119.97563,0.37796],[119.97694,0.37713],[119.97756,0.37726],[119.97811,0.37903],[119.97864,0.37906],[119.97979,0.37697],[119.97942,0.37611],[119.97865,0.37624],[119.97836,0.37591],[119.97824,0.375],[119.97924,0.37378],[119.97816,0.3727],[119.97844,0.37216],[119.98016,0.37169],[119.98067,0.37042],[119.97861,0.36899],[119.97852,0.36813],[119.97902,0.3673],[119.98047,0.36671],[119.98097,0.36359],[119.98035,0.36259],[119.97836,0.36283],[119.97778,0.36115],[119.97848,0.3609],[119.97968,0.36179],[119.9803,0.36145],[119.98048,0.36059],[119.97978,0.35932],[119.9785,0.35894],[119.97773,0.35776],[119.97618,0.35682],[119.97863,0.35484],[119.979,0.3532],[119.98027,0.35274],[119.98046,0.35222],[119.97888,0.35218],[119.97781,0.35146],[119.97709,0.34979],[119.9752,0.34872],[119.97332,0.34526],[119.97428,0.34258],[119.9759,0.34147],[119.976,0.33946],[119.97664,0.33873],[119.97854,0.33906],[119.9795,0.33736],[119.98065,0.33717],[119.98132,0.33764],[119.98211,0.3398],[119.98276,0.33996],[119.98274,0.33746],[119.98373,0.33724],[119.98557,0.33865],[119.98601,0.33861],[119.98643,0.33779],[119.98625,0.33577],[119.98743,0.33522],[119.98954,0.3358],[119.99007,0.33737],[119.99156,0.33664],[119.99284,0.33657],[119.99383,0.33684],[119.99501,0.33786],[119.99627,0.33676],[119.99815,0.33762],[119.99893,0.3367],[120.00448,0.33613],[120.00565,0.3355],[120.00661,0.33632],[120.00838,0.33688],[120.01195,0.33653],[120.01579,0.33942],[120.01662,0.33946],[120.01907,0.33807],[120.02067,0.3377],[120.02836,0.33812],[120.02972,0.3375],[120.0302,0.33641],[120.0308,0.33613],[120.03207,0.33677],[120.03309,0.3366],[120.03401,0.33749],[120.03804,0.33867],[120.04121,0.33565],[120.05088,0.33623],[120.05279,0.33554],[120.05732,0.33574],[120.05696,0.3307],[120.05931,0.3277],[120.05984,0.32338],[120.05975,0.31958],[120.06129,0.31816],[120.0623,0.31526],[120.06167,0.30958],[120.06188,0.30541],[120.06025,0.30327],[120.05774,0.30219],[120.05534,0.29957],[120.05518,0.29877],[120.05567,0.2976],[120.05919,0.29469],[120.05847,0.29215],[120.05772,0.29117],[120.05632,0.29033],[120.05526,0.288],[120.04939,0.27931],[120.04179,0.27171],[120.03925,0.26519],[120.0349,0.26156],[120.02766,0.25034],[120.02404,0.23911],[120.01752,0.22752],[120.01064,0.2018],[120.00882,0.19202],[120.00448,0.18369],[120.00267,0.17536],[120.00194,0.16413],[120.00086,0.1558],[120.00049,0.13443],[119.99904,0.13081],[119.9979,0.12475],[119.99578,0.11741],[119.99397,0.11415],[119.99416,0.10884],[119.99226,0.10884],[119.99099,0.10724],[119.98776,0.10677],[119.98702,0.10605],[119.98411,0.09827],[119.98397,0.09681],[119.98317,0.09568],[119.98163,0.09541],[119.9784,0.09612],[119.97482,0.09612],[119.96996,0.09452],[119.96688,0.09185],[119.96093,0.09183],[119.95893,0.09225],[119.95513,0.09554],[119.94629,0.10544],[119.93977,0.11393],[119.93588,0.1154],[119.93288,0.11717],[119.93137,0.11752],[119.92782,0.11754],[119.92185,0.11626],[119.90871,0.11622],[119.90634,0.11717],[119.89906,0.11859],[119.89616,0.1197],[119.89356,0.12161],[119.89093,0.125],[119.88365,0.13135],[119.87988,0.13974],[119.87967,0.14],[119.8788,0.13974],[119.8774,0.14045],[119.87705,0.13953],[119.87586,0.1402],[119.87484,0.13895],[119.87537,0.13717],[119.874,0.13393],[119.87291,0.13276],[119.87344,0.13106],[119.87189,0.13035],[119.87013,0.12817],[119.86995,0.1259],[119.8686,0.12303],[119.86858,0.12218],[119.86734,0.12222],[119.86679,0.12286],[119.86548,0.1198],[119.86307,0.11583],[119.86262,0.11421],[119.86301,0.11345],[119.86347,0.11336],[119.86433,0.11404],[119.865,0.11383],[119.86519,0.1128],[119.86617,0.11275],[119.86704,0.11219],[119.86761,0.11101],[119.86663,0.11043],[119.8665,0.10918],[119.86583,0.1085],[119.86293,0.10873],[119.86155,0.10738],[119.85919,0.10714],[119.85716,0.11033],[119.85596,0.11394],[119.85607,0.11535],[119.8549,0.11665],[119.85473,0.11779],[119.85133,0.12186],[119.85014,0.12548],[119.84603,0.12782],[119.84468,0.12772],[119.84268,0.12833],[119.84124,0.12915],[119.8404,0.13025],[119.83869,0.13085],[119.8354,0.13588],[119.8334,0.13723],[119.83281,0.13843],[119.8314,0.13953],[119.83064,0.14499],[119.82915,0.14706],[119.82522,0.151],[119.8234,0.15225],[119.821,0.15296],[119.81779,0.1554],[119.81399,0.15617],[119.81189,0.15726],[119.80928,0.16006],[119.80732,0.16113],[119.80362,0.16483],[119.80329,0.16677],[119.80257,0.16683],[119.80264,0.16607],[119.80191,0.16579],[119.8011,0.16615],[119.80009,0.16736],[119.79855,0.16767],[119.79747,0.16952],[119.79569,0.1708],[119.795,0.17274],[119.79402,0.17293],[119.79386,0.17345],[119.79494,0.17515],[119.79339,0.1751],[119.7923,0.17764],[119.78734,0.18388],[119.78434,0.18624],[119.77763,0.1902],[119.77626,0.19206],[119.7724,0.19996],[119.77064,0.21199],[119.7721,0.21605],[119.77487,0.21817],[119.7813,0.22535],[119.78354,0.22703],[119.78658,0.22836],[119.7904,0.2307],[119.79404,0.23142],[119.8024,0.23483],[119.80769,0.23607],[119.80956,0.23601],[119.81418,0.23367],[119.82219,0.23434],[119.82521,0.2326],[119.82517,0.23108],[119.82936,0.22854],[119.82868,0.22622],[119.82911,0.22393],[119.83062,0.22125],[119.83299,0.21963],[119.83318,0.2178],[119.83373,0.2167],[119.83556,0.21576],[119.84262,0.21649],[119.84393,0.2174],[119.84864,0.2183],[119.84973,0.21802],[119.85054,0.21852],[119.8517,0.21735],[119.85325,0.21677],[119.85405,0.21459],[119.85852,0.21443],[119.8631,0.21534],[119.86565,0.2175],[119.86772,0.21822],[119.86835,0.21784],[119.86855,0.21664],[119.86917,0.21697],[119.87289,0.2166],[119.87623,0.2171],[119.87717,0.2159],[119.88082,0.21503],[119.88409,0.21307],[119.88489,0.21201],[119.88795,0.21079],[119.89263,0.21355],[119.89412,0.21381],[119.89454,0.21499],[119.8991,0.217],[119.90104,0.21897],[119.90295,0.22179],[119.90592,0.22895],[119.90622,0.2317],[119.90495,0.23465],[119.90215,0.23839],[119.89978,0.24387],[119.89863,0.24561],[119.89915,0.2487],[119.899,0.24927],[119.8986,0.24908],[119.89821,0.24976],[119.89802,0.25136],[119.89776,0.26704],[119.89723,0.26823],[119.89452,0.2703],[119.8943,0.28232],[119.89372,0.2834],[119.89317,0.28707],[119.88877,0.29257],[119.8888,0.29403],[119.88758,0.29473],[119.88659,0.29459],[119.88657,0.29504],[119.88561,0.29562],[119.88407,0.29559],[119.88225,0.29364],[119.88027,0.29337],[119.87929,0.29254],[119.87701,0.29259],[119.87503,0.292],[119.87301,0.29345],[119.86958,0.29878],[119.86742,0.30378],[119.8663,0.3054],[119.86556,0.30914],[119.86357,0.31137],[119.8617,0.31573],[119.86048,0.31721],[119.85975,0.32],[119.85759,0.32287],[119.85672,0.32333],[119.85676,0.32377],[119.85518,0.32397],[119.85181,0.32607],[119.84775,0.33057],[119.84698,0.33279],[119.84554,0.33419],[119.84767,0.33777],[119.84763,0.34324],[119.84836,0.34984],[119.8488,0.35164],[119.85023,0.35433],[119.85321,0.35755],[119.85342,0.35842],[119.85588,0.36082],[119.85662,0.36106],[119.85728,0.36069],[119.86157,0.36515],[119.86309,0.36544],[119.86316,0.36733],[119.86487,0.36957],[119.86678,0.37119],[119.86847,0.37182],[119.87265,0.37562],[119.87342,0.37683],[119.87421,0.3795],[119.87538,0.38117],[119.88087,0.3837],[119.88241,0.38556],[119.88315,0.3856],[119.88391,0.38639],[119.88528,0.38994],[119.88702,0.39045],[119.88837,0.39174],[119.88927,0.39547],[119.88879,0.40322],[119.88927,0.40443],[119.88856,0.40683],[119.88848,0.41048],[119.88801,0.41279],[119.88833,0.4169],[119.89424,0.41838],[119.89593,0.41788]]]]}},{"type":"Feature","properties":{"NAMOBJ":"Sojol","KODE_KAB":7203},"geometry":{"type":"MultiPolygon","coordinates":[[[[119.90422,0.4932],[119.90519,0.49273],[119.90584,0.49144],[119.90723,0.49036],[119.90711,0.48852],[119.9087,0.48525],[119.90762,0.48275],[119.90345,0.48109],[119.90228,0.48147],[119.90137,0.48236],[119.90027,0.48206],[119.89921,0.48243],[119.89617,0.48554],[119.89299,0.48968],[119.89239,0.48967],[119.89147,0.49181],[119.89279,0.49317],[119.89968,0.49429],[119.90422,0.4932]]],[[[119.85895,0.53205],[119.86063,0.53223],[119.86192,0.53049],[119.86858,0.52904],[119.87053,0.52805],[119.87276,0.52543],[119.87471,0.52452],[119.87567,0.52323],[119.8776,0.52219],[119.87831,0.52101],[119.87797,0.52018],[119.87661,0.51893],[119.87421,0.51818],[119.87283,0.51727],[119.86983,0.51648],[119.8695,0.51601],[119.86561,0.51537],[119.86184,0.51598],[119.85891,0.51581],[119.85769,0.51486],[119.85518,0.51159],[119.85336,0.50781],[119.85186,0.50608],[119.85094,0.50605],[119.85021,0.50839],[119.8501,0.51205],[119.85101,0.52132],[119.85391,0.52445],[119.85394,0.52706],[119.85544,0.53102],[119.85695,0.53227],[119.85817,0.53241],[119.85895,0.53205]]],[[[119.79275,0.58051],[119.79397,0.58099],[119.79374,0.5817],[119.79513,0.5806],[119.79875,0.57507],[119.79826,0.57396],[119.79727,0.57432],[119.79669,0.574],[119.79461,0.5741],[119.79351,0.57483],[119.79224,0.57468],[119.79157,0.57636],[119.79181,0.57737],[119.79068,0.58167],[119.79148,0.58159],[119.79275,0.58051]]],[[[120.0384,0.69417],[120.04795,0.68614],[120.05603,0.67982],[120.05712,0.67938],[120.05918,0.67943],[120.06455,0.68146],[120.06599,0.68157],[120.07313,0.67967],[120.07481,0.67964],[120.07905,0.68072],[120.08277,0.68076],[120.09256,0.67904],[120.09344,0.67918],[120.09653,0.68245],[120.09931,0.68432],[120.1032,0.67946],[120.10904,0.67716],[120.11065,0.67583],[120.11499,0.66579],[120.1155,0.66209],[120.11609,0.6608],[120.11697,0.65959],[120.12035,0.6571],[120.12262,0.65482],[120.1267,0.64983],[120.13268,0.6477],[120.1415,0.64602],[120.14002,0.64107],[120.13929,0.62367],[120.13929,0.60844],[120.14265,0.60016],[120.14462,0.58987],[120.14414,0.55549],[120.14212,0.52706],[120.14067,0.5238],[120.13958,0.51909],[120.13958,0.46172],[120.13462,0.4584],[120.13357,0.45832],[120.13204,0.45917],[120.13021,0.45847],[120.12995,0.45703],[120.12853,0.45595],[120.12767,0.45396],[120.1258,0.45206],[120.12597,0.44959],[120.12501,0.44649],[120.12376,0.44455],[120.12376,0.44373],[120.12082,0.44143],[120.12048,0.44042],[120.11991,0.44035],[120.11773,0.43831],[120.11618,0.43423],[120.11421,0.43157],[120.11344,0.42931],[120.11457,0.42447],[120.11652,0.42174],[120.12131,0.4182],[120.12329,0.4183],[120.12638,0.41679],[120.12725,0.41685],[120.12841,0.41187],[120.12722,0.40813],[120.12089,0.4078],[120.12174,0.4055],[120.12172,0.40286],[120.12118,0.40044],[120.12059,0.39936],[120.11825,0.39836],[120.11458,0.39543],[120.11266,0.39519],[120.10859,0.39305],[120.10586,0.39342],[120.10198,0.39152],[120.0986,0.39189],[120.09811,0.39281],[120.0974,0.39292],[120.09082,0.39197],[120.08989,0.39086],[120.08018,0.38325],[120.07826,0.37814],[120.07917,0.37594],[120.07898,0.375],[120.07716,0.37289],[120.07885,0.37071],[120.07951,0.3671],[120.07513,0.36324],[120.07395,0.36276],[120.07311,0.35764],[120.07281,0.35351],[120.07459,0.35111],[120.07507,0.34551],[120.06723,0.34081],[120.06261,0.3408],[120.06147,0.33916],[120.05943,0.33773],[120.05702,0.33712],[120.05732,0.33574],[120.05582,0.33557],[120.05279,0.33554],[120.05088,0.33623],[120.04121,0.33565],[120.03804,0.33867],[120.03401,0.33749],[120.03309,0.3366],[120.03207,0.33677],[120.0308,0.33613],[120.0302,0.33641],[120.02972,0.3375],[120.02836,0.33812],[120.02067,0.3377],[120.01907,0.33807],[120.01662,0.33946],[120.01579,0.33942],[120.01195,0.33653],[120.00838,0.33688],[120.00661,0.33632],[120.00565,0.3355],[120.00448,0.33613],[119.99893,0.3367],[119.99815,0.33762],[119.99627,0.33676],[119.99501,0.33786],[119.99383,0.33684],[119.99284,0.33657],[119.99156,0.33664],[119.99007,0.33737],[119.98936,0.33567],[119.98711,0.33525],[119.98625,0.33577],[119.98643,0.33779],[119.98601,0.33861],[119.98557,0.33865],[119.98373,0.33724],[119.98274,0.33746],[119.98276,0.33996],[119.98211,0.3398],[119.98132,0.33764],[119.98065,0.33717],[119.9795,0.33736],[119.97854,0.33906],[119.97664,0.33873],[119.976,0.33946],[119.9759,0.34147],[119.97428,0.34258],[119.97333,0.34489],[119.97367,0.34636],[119.9752,0.34872],[119.97709,0.34979],[119.97781,0.35146],[119.97888,0.35218],[119.98046,0.35222],[119.98027,0.35274],[119.979,0.3532],[119.97863,0.35484],[119.97618,0.35682],[119.97773,0.35776],[119.9785,0.35894],[119.97964,0.35921],[119.98042,0.36036],[119.98042,0.36124],[119.97968,0.36179],[119.97848,0.3609],[119.97781,0.36094],[119.97817,0.36261],[119.97885,0.363],[119.98035,0.36259],[119.98097,0.36359],[119.98047,0.36671],[119.97902,0.3673],[119.97852,0.36813],[119.97861,0.36899],[119.98016,0.36983],[119.98069,0.37059],[119.98001,0.37182],[119.97868,0.37205],[119.97818,0.37253],[119.97924,0.37378],[119.97824,0.375],[119.97845,0.37613],[119.97942,0.37611],[119.97979,0.37668],[119.9788,0.37889],[119.97811,0.37903],[119.97756,0.37726],[119.97688,0.37715],[119.97563,0.37796],[119.97544,0.37981],[119.97492,0.38055],[119.97145,0.38077],[119.97115,0.3817],[119.96968,0.38179],[119.9701,0.38313],[119.9693,0.38369],[119.96861,0.38806],[119.96816,0.38838],[119.96543,0.388],[119.96501,0.39081],[119.96409,0.39116],[119.96124,0.39096],[119.96075,0.3928],[119.95914,0.39313],[119.95801,0.3921],[119.95787,0.39041],[119.95709,0.39032],[119.95652,0.39231],[119.95758,0.39402],[119.9569,0.39523],[119.9565,0.39513],[119.95653,0.39397],[119.95606,0.39355],[119.95437,0.39302],[119.95346,0.39333],[119.95549,0.39629],[119.95557,0.39709],[119.9549,0.39801],[119.95352,0.397],[119.95306,0.3972],[119.95382,0.39965],[119.95354,0.40052],[119.95247,0.40147],[119.95394,0.40432],[119.95388,0.40634],[119.95565,0.40527],[119.95837,0.40663],[119.95751,0.40885],[119.95403,0.41007],[119.95341,0.40938],[119.95208,0.4103],[119.95032,0.40966],[119.94884,0.41093],[119.94691,0.41155],[119.94346,0.41394],[119.94194,0.41289],[119.9366,0.41364],[119.93466,0.4135],[119.93051,0.41204],[119.92958,0.41238],[119.92839,0.41222],[119.92736,0.41278],[119.92638,0.41482],[119.92502,0.41454],[119.92429,0.41508],[119.92113,0.41557],[119.91961,0.41518],[119.91821,0.41604],[119.914,0.41689],[119.91053,0.41631],[119.90776,0.41497],[119.9059,0.41563],[119.90431,0.41696],[119.90314,0.4168],[119.90098,0.4177],[119.89965,0.41725],[119.89457,0.4184],[119.88833,0.4169],[119.88758,0.42002],[119.88524,0.4254],[119.88431,0.42654],[119.88314,0.42687],[119.88122,0.42872],[119.87866,0.43001],[119.87684,0.43316],[119.87687,0.43389],[119.87767,0.43423],[119.87693,0.43453],[119.8765,0.43559],[119.87742,0.44448],[119.87831,0.44804],[119.88006,0.44946],[119.88285,0.45974],[119.88652,0.46068],[119.88816,0.46329],[119.89174,0.46575],[119.89542,0.46694],[119.89689,0.46557],[119.89938,0.46892],[119.90024,0.46922],[119.90128,0.47096],[119.90164,0.47343],[119.90099,0.47898],[119.90249,0.47872],[119.90365,0.47964],[119.90576,0.48019],[119.90682,0.48094],[119.91119,0.47726],[119.91151,0.47627],[119.91137,0.47477],[119.913,0.47516],[119.91427,0.47645],[119.91439,0.47855],[119.91503,0.47919],[119.91614,0.47946],[119.91736,0.47791],[119.92067,0.47715],[119.92327,0.47767],[119.92479,0.47724],[119.92412,0.47704],[119.92426,0.47682],[119.92871,0.47698],[119.9318,0.47642],[119.93593,0.47693],[119.93842,0.47636],[119.93944,0.47552],[119.95,0.47447],[119.9596,0.47645],[119.96474,0.47838],[119.96656,0.47959],[119.96811,0.47964],[119.96945,0.48072],[119.97475,0.48069],[119.97932,0.4819],[119.98112,0.48089],[119.98066,0.48062],[119.98101,0.48056],[119.9828,0.4816],[119.98612,0.4824],[119.98952,0.48255],[119.99131,0.48175],[119.99235,0.48267],[119.99358,0.48297],[119.99979,0.4832],[120.0028,0.48432],[120.00741,0.48695],[120.01141,0.48979],[120.01452,0.49267],[120.01828,0.49205],[120.0187,0.49267],[120.01813,0.49389],[120.01959,0.4957],[120.02234,0.49852],[120.02746,0.50264],[120.0279,0.50274],[120.02521,0.50062],[120.02578,0.50019],[120.02535,0.49948],[120.02628,0.49837],[120.02721,0.49931],[120.0281,0.50242],[120.02974,0.5039],[120.04007,0.50864],[120.04321,0.51082],[120.04523,0.51319],[120.0463,0.51332],[120.04687,0.51482],[120.04642,0.51685],[120.04777,0.52901],[120.04703,0.53343],[120.04436,0.54109],[120.04033,0.54613],[120.03778,0.55651],[120.03733,0.56272],[120.03834,0.57046],[120.03629,0.57815],[120.03682,0.5795],[120.03636,0.57995],[120.03622,0.58377],[120.0347,0.58806],[120.03511,0.58835],[120.03463,0.59021],[120.03521,0.59222],[120.03566,0.5987],[120.03531,0.60288],[120.03409,0.60616],[120.03441,0.60941],[120.03043,0.61726],[120.03026,0.61915],[120.02878,0.62195],[120.02582,0.62492],[120.02361,0.62582],[120.02382,0.62751],[120.0214,0.63629],[120.0204,0.64174],[120.01932,0.64425],[120.01913,0.64674],[120.01841,0.64646],[120.01591,0.65151],[120.01628,0.65447],[120.01597,0.65812],[120.01707,0.65797],[120.01599,0.65908],[120.01588,0.66249],[120.01622,0.66492],[120.01748,0.66899],[120.02035,0.67296],[120.02713,0.67657],[120.03061,0.67946],[120.0318,0.68157],[120.03205,0.6828],[120.0311,0.68609],[120.03209,0.68555],[120.03397,0.68597],[120.03509,0.68669],[120.03663,0.68935],[120.03571,0.69166],[120.0358,0.69283],[120.03672,0.69415],[120.03782,0.69372],[120.0384,0.69417]]]]}},{"type":"Feature","properties":{"NAMOBJ":"Sojol Utara","KODE_KAB":7203},"geometry":{"type":"MultiPolygon","coordinates":[[[[120.05727,0.73607],[120.05569,0.73642],[120.05556,0.73731],[120.05668,0.73749],[120.0574,0.73648],[120.05727,0.73607]]],[[[120.07551,0.7458],[120.07551,0.74579],[120.07549,0.7458],[120.0754,0.74583],[120.07535,0.74588],[120.07535,0.7459],[120.07536,0.74594],[120.07537,0.7459],[120.07542,0.74586],[120.07545,0.74585],[120.0755,0.74583],[120.07551,0.7458]]],[[[120.07539,0.74613],[120.07539,0.74613],[120.07534,0.74615],[120.07531,0.74621],[120.07531,0.74622],[120.07535,0.74628],[120.0754,0.74632],[120.07542,0.74634],[120.07543,0.74631],[120.07543,0.74627],[120.07543,0.74618],[120.0754,0.74615],[120.07539,0.74613]]],[[[120.07969,0.74867],[120.0797,0.74865],[120.07967,0.74866],[120.07964,0.74869],[120.07963,0.74872],[120.07969,0.74867]]],[[[120.07952,0.74876],[120.07942,0.74689],[120.07841,0.74806],[120.07887,0.74868],[120.07952,0.74876]]],[[[120.0788,0.74899],[120.0788,0.74897],[120.0788,0.74897],[120.07874,0.74905],[120.07874,0.74913],[120.07876,0.74918],[120.07878,0.74915],[120.07879,0.74908],[120.0788,0.74899]]],[[[120.10262,0.74853],[120.10248,0.74769],[120.10312,0.74638],[120.10198,0.74409],[120.10247,0.74321],[120.10249,0.74212],[120.10344,0.74131],[120.1057,0.74107],[120.10989,0.74172],[120.11196,0.74311],[120.11592,0.74162],[120.12116,0.74112],[120.125,0.74151],[120.12964,0.74327],[120.13601,0.74712],[120.13698,0.74808],[120.13636,0.74644],[120.13689,0.74607],[120.13699,0.7467],[120.13714,0.74524],[120.1378,0.74406],[120.13856,0.74354],[120.13868,0.74492],[120.13945,0.74519],[120.14017,0.74491],[120.13936,0.74372],[120.13987,0.74264],[120.13889,0.74247],[120.1386,0.74186],[120.13977,0.74129],[120.13954,0.73849],[120.14076,0.73805],[120.14049,0.73706],[120.1416,0.73732],[120.14133,0.73648],[120.14265,0.73446],[120.14426,0.73437],[120.14418,0.73368],[120.14298,0.73191],[120.14412,0.73215],[120.1449,0.7303],[120.14636,0.73003],[120.14678,0.72837],[120.14959,0.72766],[120.15195,0.72411],[120.15616,0.72315],[120.15842,0.72148],[120.16526,0.71936],[120.16617,0.71832],[120.16871,0.71713],[120.1703,0.71561],[120.17219,0.71546],[120.17427,0.71447],[120.17192,0.70777],[120.15597,0.68384],[120.14872,0.67079],[120.14453,0.66122],[120.1415,0.64602],[120.13268,0.6477],[120.1267,0.64983],[120.12262,0.65482],[120.12035,0.6571],[120.11697,0.65959],[120.11609,0.6608],[120.1155,0.66209],[120.11499,0.66579],[120.11065,0.67583],[120.10904,0.67716],[120.1032,0.67946],[120.09931,0.68432],[120.09653,0.68245],[120.09344,0.67918],[120.09256,0.67904],[120.08277,0.68076],[120.07905,0.68072],[120.07481,0.67964],[120.07313,0.67967],[120.06599,0.68157],[120.06455,0.68146],[120.05918,0.67943],[120.05712,0.67938],[120.05603,0.67982],[120.04795,0.68614],[120.0384,0.69417],[120.03878,0.69578],[120.03868,0.6963],[120.03813,0.69643],[120.03866,0.69659],[120.03899,0.6973],[120.03884,0.69851],[120.03769,0.70018],[120.03783,0.70231],[120.03945,0.70582],[120.04048,0.70998],[120.0401,0.71077],[120.0404,0.71219],[120.0398,0.7141],[120.03806,0.71628],[120.03841,0.71766],[120.03889,0.71734],[120.03899,0.71653],[120.04081,0.71649],[120.0412,0.7159],[120.043,0.71511],[120.04356,0.71393],[120.04303,0.71289],[120.04435,0.7118],[120.04772,0.71115],[120.04849,0.71165],[120.05112,0.71119],[120.05385,0.71215],[120.05613,0.71413],[120.05653,0.71531],[120.0571,0.71518],[120.057,0.71671],[120.05832,0.71601],[120.06037,0.71659],[120.0609,0.71851],[120.06057,0.72275],[120.05901,0.7272],[120.06043,0.72808],[120.06369,0.7321],[120.06449,0.73485],[120.06712,0.7363],[120.06786,0.73711],[120.07063,0.73772],[120.07183,0.73903],[120.07205,0.74048],[120.07267,0.74026],[120.07425,0.7415],[120.07492,0.74134],[120.07609,0.74261],[120.07683,0.742],[120.07835,0.74206],[120.07811,0.74133],[120.07897,0.74019],[120.08088,0.73915],[120.08687,0.73869],[120.09065,0.739],[120.094,0.74091],[120.09662,0.74344],[120.09733,0.74502],[120.09718,0.74695],[120.10041,0.74975],[120.1008,0.75034],[120.10052,0.75102],[120.10197,0.74995],[120.10262,0.74853]]]]}},{"type":"Feature","properties":{"NAMOBJ":"Banawa Selatan","KODE_KAB":7271},"geometry":{"type":"MultiPolygon","coordinates":[[[[119.76778,-0.91072],[119.76361,-0.91084],[119.761,-0.91206],[119.75978,-0.91212],[119.75731,-0.91131],[119.75549,-0.9112],[119.75142,-0.91233],[119.74798,-0.91455],[119.74842,-0.90477],[119.75309,-0.90127],[119.75426,-0.89971],[119.75465,-0.89075],[119.75699,-0.88997],[119.75738,-0.88841],[119.75738,-0.88335],[119.76158,-0.88108],[119.76128,-0.8869],[119.76302,-0.89144],[119.76283,-0.89776],[119.76306,-0.89812],[119.76746,-0.8988],[119.76903,-0.89943],[119.77064,-0.90038],[119.77135,-0.90156],[119.7706,-0.90334],[119.77036,-0.91013],[119.77004,-0.91054],[119.76778,-0.91072]]],[[[119.76144,-0.87706],[119.76144,-0.87726],[119.76143,-0.87706],[119.76195,-0.87579],[119.76201,-0.87572],[119.76195,-0.87579],[119.76144,-0.87706]]],[[[119.76453,-0.87308],[119.76729,-0.86997],[119.76478,-0.86465],[119.76538,-0.86066],[119.76812,-0.86344],[119.76881,-0.86486],[119.76878,-0.86608],[119.768,-0.86902],[119.76699,-0.87102],[119.76453,-0.87308]]]]}},{"type":"Feature","properties":{"NAMOBJ":"Tanantovea","KODE_KAB":7271},"geometry":{"type":"MultiPolygon","coordinates":[[[[119.96786,-0.70915],[119.97382,-0.7101],[119.98133,-0.70958],[119.98477,-0.71291],[119.98104,-0.72008],[119.97429,-0.72651],[119.95918,-0.7384],[119.95082,-0.74194],[119.94375,-0.74579],[119.93861,-0.74933],[119.93668,-0.75351],[119.93572,-0.75833],[119.93764,-0.76251],[119.94568,-0.7638],[119.96851,-0.76605],[119.98779,-0.76572],[119.98972,-0.76701],[119.9894,-0.77151],[119.98683,-0.77344],[119.9804,-0.77344],[119.98008,-0.7789],[119.97879,-0.78051],[119.97236,-0.78115],[119.9714,-0.78308],[119.96818,-0.78566],[119.94182,-0.78566],[119.93572,-0.7863],[119.93025,-0.78887],[119.92704,-0.79176],[119.92511,-0.79466],[119.92318,-0.79562],[119.92271,-0.798],[119.92183,-0.79857],[119.92233,-0.79897],[119.92052,-0.79948],[119.9183,-0.79896],[119.9175,-0.79914],[119.91668,-0.79486],[119.91005,-0.78991],[119.9089,-0.78722],[119.90789,-0.78188],[119.90408,-0.77879],[119.89889,-0.77372],[119.89781,-0.77349],[119.89567,-0.77388],[119.89168,-0.77339],[119.88278,-0.77356],[119.87975,-0.77413],[119.87419,-0.77638],[119.87262,-0.75883],[119.875,-0.76022],[119.87661,-0.76058],[119.87891,-0.76064],[119.8796,-0.76117],[119.87979,-0.76063],[119.88143,-0.76023],[119.88229,-0.76087],[119.88476,-0.7611],[119.88598,-0.7616],[119.88854,-0.75992],[119.89377,-0.7589],[119.89584,-0.75878],[119.8988,-0.76],[119.90151,-0.75916],[119.90486,-0.75938],[119.90729,-0.75647],[119.90697,-0.75348],[119.90388,-0.75],[119.89983,-0.74918],[119.89868,-0.74998],[119.89662,-0.74977],[119.89557,-0.74922],[119.89534,-0.7484],[119.89358,-0.74762],[119.89157,-0.7478],[119.89002,-0.74573],[119.88984,-0.74463],[119.88558,-0.74416],[119.88524,-0.74367],[119.8852,-0.74184],[119.88368,-0.74081],[119.88247,-0.74151],[119.8817,-0.74056],[119.8796,-0.74043],[119.87765,-0.74092],[119.87515,-0.74279],[119.87334,-0.74252],[119.87704,-0.73968],[119.88531,-0.7314],[119.88728,-0.73104],[119.88755,-0.7304],[119.88837,-0.7301],[119.88966,-0.73],[119.89055,-0.73038],[119.89107,-0.72974],[119.89432,-0.73058],[119.90071,-0.73041],[119.90301,-0.73232],[119.90238,-0.73314],[119.90357,-0.73517],[119.90331,-0.7372],[119.90366,-0.73821],[119.90683,-0.737],[119.90756,-0.73512],[119.9109,-0.73438],[119.9112,-0.73334],[119.9151,-0.73072],[119.91712,-0.73039],[119.91899,-0.72952],[119.91945,-0.72763],[119.92116,-0.72685],[119.92198,-0.72506],[119.92396,-0.7256],[119.92443,-0.72432],[119.9259,-0.72423],[119.92686,-0.72318],[119.92904,-0.7235],[119.92941,-0.72397],[119.9301,-0.72381],[119.93146,-0.72082],[119.93395,-0.7203],[119.93385,-0.71865],[119.93604,-0.71801],[119.93623,-0.7168],[119.9392,-0.71485],[119.94064,-0.71456],[119.94183,-0.71493],[119.94403,-0.71341],[119.95372,-0.71108],[119.96079,-0.70979],[119.96786,-0.70915]]],[[[119.92864,-0.70079],[119.92806,-0.70408],[119.92362,-0.70366],[119.92144,-0.70543],[119.92092,-0.70457],[119.92032,-0.70457],[119.91988,-0.70503],[119.91993,-0.7064],[119.91733,-0.70808],[119.91662,-0.70822],[119.91555,-0.70561],[119.91683,-0.70381],[119.91682,-0.70251],[119.91294,-0.7016],[119.91199,-0.70192],[119.91126,-0.70273],[119.91009,-0.70294],[119.90897,-0.70404],[119.90763,-0.70463],[119.90696,-0.70582],[119.90592,-0.7066],[119.90539,-0.70778],[119.90266,-0.70749],[119.90202,-0.70783],[119.90477,-0.70177],[119.91275,-0.6955],[119.92073,-0.69037],[119.927,-0.68524],[119.93855,-0.66961],[119.9444,-0.66093],[119.94741,-0.65739],[119.95874,-0.64732],[119.97405,-0.65844],[119.97685,-0.66092],[119.96475,-0.67993],[119.96079,-0.68793],[119.95404,-0.69018],[119.95243,-0.69243],[119.94086,-0.69275],[119.93668,-0.6934],[119.93154,-0.69693],[119.92864,-0.70079]]]]}}]}