{"type":"FeatureCollection","features":[{"type":"Feature","properties":{"NAMOBJ":"Bungku Selatan","KODE_KAB":7206},"geometry":{"type":"MultiPolygon","coordinates":[[[[122.63464,-3.22224],[122.63107,-3.22126],[122.63058,-3.22051],[122.63064,-3.21918],[122.63319,-3.21792],[122.63461,-3.21835],[122.6357,-3.22062],[122.63535,-3.22173],[122.63464,-3.22224]]],[[[122.59305,-3.147],[122.59294,-3.14711],[122.59294,-3.14711],[122.59301,-3.14701],[122.59305,-3.147]]],[[[122.59308,-3.14663],[122.59145,-3.14587],[122.59133,-3.14418],[122.59183,-3.14415],[122.59322,-3.14546],[122.59308,-3.14663]]],[[[122.43993,-3.13893],[122.44063,-3.1391],[122.43949,-3.1399],[122.43921,-3.13945],[122.43993,-3.13893]]],[[[122.62294,-3.13447],[122.6227,-3.1341],[122.62382,-3.13352],[122.62371,-3.13411],[122.62294,-3.13447]]],[[[122.61513,-3.13152],[122.61512,-3.13152],[122.6151,-3.13147],[122.6151,-3.13144],[122.61513,-3.1314],[122.61517,-3.13138],[122.61525,-3.13138],[122.61529,-3.13139],[122.61528,-3.13142],[122.61521,-3.13148],[122.61513,-3.13152]]],[[[122.42717,-3.12695],[122.42852,-3.1293],[122.42893,-3.13086],[122.42831,-3.13243],[122.42605,-3.13301],[122.42549,-3.13432],[122.42939,-3.13735],[122.43102,-3.13813],[122.43129,-3.13884],[122.43146,-3.13837],[122.43199,-3.13872],[122.43219,-3.13987],[122.43308,-3.14025],[122.43391,-3.14153],[122.43545,-3.14111],[122.43672,-3.14162],[122.43791,-3.14153],[122.43902,-3.14288],[122.44329,-3.14168],[122.44378,-3.14188],[122.44416,-3.14282],[122.44385,-3.14504],[122.4458,-3.14867],[122.44651,-3.15219],[122.44619,-3.15316],[122.44552,-3.15353],[122.44344,-3.15231],[122.44258,-3.15284],[122.44105,-3.15288],[122.439,-3.15459],[122.43492,-3.15463],[122.43391,-3.15495],[122.43283,-3.15647],[122.43295,-3.15852],[122.42954,-3.16064],[122.42871,-3.16372],[122.42583,-3.16706],[122.42405,-3.17274],[122.42171,-3.17546],[122.41864,-3.17553],[122.41201,-3.17805],[122.40765,-3.17774],[122.40449,-3.17903],[122.40021,-3.17885],[122.3986,-3.17992],[122.39579,-3.18093],[122.388,-3.18078],[122.38378,-3.17747],[122.38078,-3.17198],[122.37475,-3.16955],[122.36779,-3.17016],[122.35517,-3.16228],[122.34714,-3.16125],[122.34449,-3.16023],[122.34333,-3.15931],[122.34349,-3.15729],[122.34488,-3.1549],[122.34594,-3.15389],[122.35073,-3.15219],[122.35729,-3.14754],[122.35918,-3.14661],[122.36035,-3.1439],[122.36264,-3.14138],[122.36285,-3.13818],[122.36248,-3.1366],[122.36431,-3.13575],[122.36507,-3.13276],[122.3667,-3.13269],[122.36902,-3.13407],[122.3692,-3.13533],[122.36978,-3.13543],[122.372,-3.13882],[122.37246,-3.14195],[122.37447,-3.14171],[122.37676,-3.14304],[122.37801,-3.14265],[122.3787,-3.14375],[122.38003,-3.14462],[122.38296,-3.14554],[122.387,-3.14237],[122.38864,-3.14215],[122.39164,-3.14061],[122.39677,-3.1409],[122.39713,-3.14112],[122.39717,-3.14246],[122.39912,-3.14215],[122.39992,-3.14065],[122.40063,-3.14032],[122.40043,-3.1398],[122.4015,-3.13931],[122.4015,-3.13859],[122.40243,-3.1368],[122.40529,-3.13286],[122.40832,-3.13008],[122.41498,-3.12892],[122.41827,-3.12956],[122.41949,-3.12781],[122.42045,-3.12727],[122.42618,-3.12672],[122.42717,-3.12695]]],[[[122.61332,-3.12417],[122.61363,-3.12526],[122.6136,-3.12987],[122.61407,-3.13063],[122.61494,-3.13082],[122.61505,-3.13134],[122.61414,-3.1316],[122.61357,-3.13096],[122.61126,-3.13045],[122.60811,-3.13085],[122.60826,-3.12996],[122.60769,-3.1296],[122.60865,-3.12811],[122.61012,-3.12689],[122.61009,-3.12556],[122.60966,-3.12501],[122.61296,-3.12367],[122.61332,-3.12417]]],[[[122.59326,-3.11949],[122.59174,-3.11908],[122.59265,-3.11886],[122.59348,-3.1192],[122.59326,-3.11949]]],[[[122.59163,-3.11909],[122.59162,-3.1191],[122.59147,-3.11908],[122.59125,-3.11896],[122.59118,-3.11888],[122.59117,-3.1188],[122.59119,-3.11877],[122.59121,-3.11875],[122.59131,-3.11871],[122.59142,-3.1187],[122.59145,-3.1187],[122.59147,-3.11871],[122.59149,-3.11872],[122.59153,-3.11875],[122.59156,-3.11879],[122.59163,-3.11887],[122.59165,-3.11891],[122.59166,-3.11895],[122.59166,-3.11898],[122.59166,-3.11902],[122.59165,-3.11904],[122.59163,-3.11909]]],[[[122.58959,-3.1181],[122.59022,-3.1184],[122.59014,-3.11879],[122.58841,-3.11849],[122.589,-3.11801],[122.58959,-3.1181]]],[[[122.5811,-3.11399],[122.58063,-3.11434],[122.58111,-3.11518],[122.58041,-3.11589],[122.579,-3.11583],[122.57473,-3.11742],[122.57287,-3.11759],[122.57213,-3.11647],[122.57046,-3.11547],[122.57087,-3.11472],[122.57152,-3.1145],[122.5791,-3.11398],[122.5801,-3.11434],[122.58019,-3.11404],[122.5811,-3.11399]]],[[[122.5427,-3.09289],[122.5435,-3.09327],[122.54354,-3.09376],[122.54276,-3.09369],[122.53697,-3.09596],[122.53329,-3.09671],[122.53167,-3.09639],[122.53146,-3.09602],[122.53177,-3.09473],[122.53294,-3.09372],[122.53464,-3.0938],[122.53713,-3.09289],[122.54089,-3.09289],[122.5416,-3.09259],[122.5427,-3.09289]]],[[[122.52334,-3.09198],[122.52623,-3.09193],[122.52707,-3.09232],[122.52816,-3.09404],[122.52892,-3.09445],[122.52886,-3.09572],[122.52607,-3.09924],[122.52547,-3.0987],[122.52281,-3.09895],[122.52115,-3.09614],[122.52092,-3.09417],[122.52017,-3.09346],[122.52211,-3.09261],[122.52293,-3.09162],[122.52334,-3.09198]]],[[[122.52138,-3.08982],[122.52208,-3.09103],[122.52249,-3.09087],[122.52243,-3.09138],[122.522,-3.09148],[122.51954,-3.09018],[122.52138,-3.08982]]],[[[122.5245,-3.0878],[122.52478,-3.08822],[122.52453,-3.08862],[122.52249,-3.0883],[122.5245,-3.0878]]],[[[122.52389,-3.08711],[122.52432,-3.08763],[122.52221,-3.08814],[122.522,-3.08742],[122.52232,-3.08712],[122.52389,-3.08711]]],[[[122.52796,-3.08701],[122.52757,-3.08744],[122.52712,-3.08659],[122.52801,-3.08584],[122.52796,-3.08701]]],[[[122.53648,-3.0809],[122.53452,-3.08155],[122.53446,-3.08209],[122.53365,-3.08282],[122.5343,-3.08399],[122.53539,-3.08424],[122.53541,-3.08491],[122.536,-3.08512],[122.5361,-3.08578],[122.53713,-3.08623],[122.53692,-3.0877],[122.53591,-3.08821],[122.53494,-3.08813],[122.53042,-3.08662],[122.52992,-3.08567],[122.53003,-3.0845],[122.53081,-3.08393],[122.53123,-3.08285],[122.53066,-3.08188],[122.53089,-3.08097],[122.53025,-3.08083],[122.5302,-3.08047],[122.53328,-3.0794],[122.53684,-3.08066],[122.53648,-3.0809]]],[[[122.37389,-3.06666],[122.37389,-3.06697],[122.37305,-3.06664],[122.37362,-3.06611],[122.37389,-3.06666]]],[[[122.47061,-3.05932],[122.47309,-3.05972],[122.47771,-3.06276],[122.47796,-3.06384],[122.47881,-3.06371],[122.47963,-3.06768],[122.48044,-3.06897],[122.48362,-3.07188],[122.48369,-3.07321],[122.48245,-3.07614],[122.48261,-3.07673],[122.48125,-3.0785],[122.47952,-3.079],[122.47582,-3.07633],[122.47414,-3.07634],[122.47167,-3.07372],[122.47075,-3.07349],[122.46811,-3.0714],[122.46736,-3.0713],[122.46543,-3.06788],[122.46433,-3.06445],[122.46105,-3.06133],[122.46114,-3.06076],[122.4617,-3.0605],[122.46693,-3.06065],[122.46681,-3.06157],[122.46746,-3.06202],[122.46924,-3.06104],[122.46881,-3.06032],[122.46915,-3.05987],[122.47061,-3.05932]]],[[[122.4682,-3.05892],[122.46895,-3.05927],[122.46891,-3.05964],[122.46926,-3.05944],[122.46875,-3.06027],[122.46698,-3.06019],[122.46475,-3.05923],[122.46507,-3.05889],[122.4682,-3.05892]]],[[[122.49539,-3.06581],[122.49642,-3.06532],[122.49701,-3.06566],[122.49885,-3.06561],[122.49983,-3.06628],[122.49993,-3.06591],[122.50192,-3.06506],[122.50223,-3.06303],[122.50165,-3.06249],[122.50171,-3.06202],[122.50326,-3.06062],[122.50476,-3.06118],[122.50658,-3.06048],[122.50947,-3.06087],[122.51427,-3.06457],[122.51585,-3.06781],[122.51442,-3.0696],[122.51388,-3.07121],[122.51399,-3.07291],[122.51448,-3.07351],[122.51453,-3.0747],[122.51608,-3.07639],[122.51622,-3.07816],[122.51663,-3.07832],[122.51631,-3.08026],[122.51699,-3.08252],[122.5169,-3.08303],[122.51638,-3.08325],[122.51646,-3.08392],[122.51753,-3.08482],[122.51822,-3.08675],[122.519,-3.08721],[122.51885,-3.08824],[122.51687,-3.08866],[122.51605,-3.08953],[122.5149,-3.0894],[122.51547,-3.08921],[122.5149,-3.0888],[122.51342,-3.08934],[122.50933,-3.08803],[122.50547,-3.088],[122.50486,-3.08834],[122.50415,-3.08771],[122.50336,-3.08799],[122.503,-3.08756],[122.50123,-3.08729],[122.50031,-3.08673],[122.49396,-3.08624],[122.49307,-3.08589],[122.49216,-3.08445],[122.49112,-3.08395],[122.4902,-3.08446],[122.48981,-3.08538],[122.48827,-3.08252],[122.48741,-3.08251],[122.48561,-3.08112],[122.48407,-3.08144],[122.48211,-3.08042],[122.48179,-3.07935],[122.4822,-3.07857],[122.48351,-3.07804],[122.48509,-3.07865],[122.48728,-3.07736],[122.48855,-3.076],[122.48874,-3.07662],[122.48919,-3.07618],[122.48864,-3.07315],[122.48914,-3.07057],[122.48984,-3.06971],[122.48934,-3.06807],[122.48853,-3.06744],[122.48856,-3.06672],[122.48808,-3.06633],[122.48774,-3.06509],[122.48647,-3.06437],[122.48568,-3.06322],[122.48674,-3.05988],[122.48815,-3.05871],[122.49044,-3.05934],[122.49285,-3.06154],[122.49337,-3.06353],[122.494,-3.0644],[122.49389,-3.06496],[122.49539,-3.06581]]],[[[122.51917,-3.05686],[122.52362,-3.05917],[122.52364,-3.06012],[122.52313,-3.06088],[122.52192,-3.06147],[122.51981,-3.06003],[122.51567,-3.05944],[122.51516,-3.0589],[122.5151,-3.0578],[122.51799,-3.05665],[122.51917,-3.05686]]],[[[122.48067,-3.05669],[122.48232,-3.05694],[122.48237,-3.05757],[122.48332,-3.05834],[122.48305,-3.05919],[122.48355,-3.05958],[122.48297,-3.06095],[122.48176,-3.06091],[122.47888,-3.05938],[122.47847,-3.05841],[122.47936,-3.05688],[122.48018,-3.05644],[122.48067,-3.05669]]],[[[122.40018,-3.05788],[122.3996,-3.05726],[122.3996,-3.05609],[122.40018,-3.05788]]],[[[122.50191,-3.05467],[122.50122,-3.05434],[122.50216,-3.0537],[122.50232,-3.05438],[122.50191,-3.05467]]],[[[122.51793,-3.05467],[122.51595,-3.05517],[122.51498,-3.05482],[122.51426,-3.05576],[122.51371,-3.05582],[122.51381,-3.05486],[122.517,-3.05275],[122.51843,-3.05342],[122.51793,-3.05467]]],[[[122.38887,-3.05138],[122.38898,-3.05299],[122.3896,-3.05353],[122.38883,-3.05361],[122.38825,-3.0542],[122.38687,-3.06019],[122.38471,-3.05997],[122.38367,-3.05871],[122.3806,-3.05662],[122.38026,-3.0553],[122.38107,-3.05435],[122.38332,-3.0533],[122.38446,-3.0535],[122.38454,-3.05298],[122.38559,-3.05276],[122.38594,-3.05174],[122.38887,-3.05138]]],[[[122.36194,-3.03217],[122.36244,-3.03294],[122.36183,-3.0338],[122.36121,-3.03357],[122.36071,-3.03238],[122.3598,-3.03255],[122.36034,-3.03128],[122.36127,-3.03151],[122.36194,-3.03217]]],[[[122.38645,-3.03045],[122.38691,-3.03289],[122.38469,-3.03699],[122.38476,-3.03925],[122.38555,-3.04013],[122.38553,-3.04094],[122.38457,-3.04221],[122.3831,-3.04312],[122.38012,-3.04342],[122.37628,-3.04185],[122.375,-3.04193],[122.37338,-3.04301],[122.37328,-3.04455],[122.37254,-3.04495],[122.37078,-3.04377],[122.36977,-3.04256],[122.3645,-3.04175],[122.36285,-3.0429],[122.36122,-3.04279],[122.35802,-3.04002],[122.35779,-3.0389],[122.35863,-3.03557],[122.36108,-3.03405],[122.362,-3.03425],[122.36353,-3.0329],[122.36489,-3.0328],[122.36757,-3.03098],[122.37091,-3.03182],[122.37236,-3.03173],[122.37347,-3.0309],[122.3744,-3.03082],[122.37574,-3.03136],[122.37665,-3.03239],[122.37744,-3.03211],[122.37732,-3.0307],[122.37789,-3.03022],[122.37853,-3.03089],[122.37897,-3.03091],[122.37915,-3.03026],[122.38244,-3.03052],[122.38334,-3.02967],[122.38467,-3.02941],[122.38618,-3.03],[122.38645,-3.03045]]],[[[122.35704,-3.02697],[122.35817,-3.02971],[122.35694,-3.03118],[122.35271,-3.03109],[122.3523,-3.02859],[122.3532,-3.02738],[122.35651,-3.02676],[122.35704,-3.02697]]],[[[122.3633,-3.02321],[122.36511,-3.02381],[122.36609,-3.02512],[122.36601,-3.02573],[122.36394,-3.02567],[122.36153,-3.0262],[122.36205,-3.02392],[122.3633,-3.02321]]],[[[122.32462,-3.01843],[122.32589,-3.01854],[122.32839,-3.01997],[122.32924,-3.02274],[122.32731,-3.02164],[122.32439,-3.0188],[122.32462,-3.01843]]],[[[122.40961,-3.01683],[122.41253,-3.017],[122.40902,-3.01739],[122.40846,-3.018],[122.40673,-3.01827],[122.40582,-3.01903],[122.40454,-3.01936],[122.40439,-3.02079],[122.40405,-3.02101],[122.40429,-3.02136],[122.40226,-3.0221],[122.40289,-3.02303],[122.40138,-3.02519],[122.40192,-3.02622],[122.40157,-3.02649],[122.40264,-3.02704],[122.40315,-3.02827],[122.40531,-3.02991],[122.40601,-3.02952],[122.40854,-3.02994],[122.41111,-3.0293],[122.41314,-3.02949],[122.41261,-3.03314],[122.41218,-3.03397],[122.41134,-3.03436],[122.41145,-3.03567],[122.41224,-3.0362],[122.41206,-3.03669],[122.41347,-3.03851],[122.41413,-3.03866],[122.41677,-3.0413],[122.41859,-3.0411],[122.42027,-3.04254],[122.42382,-3.04764],[122.42419,-3.04983],[122.42503,-3.04951],[122.42525,-3.04976],[122.42543,-3.05126],[122.42628,-3.05144],[122.42684,-3.05309],[122.42496,-3.0564],[122.42078,-3.05992],[122.41947,-3.06001],[122.41845,-3.05934],[122.41765,-3.05937],[122.41211,-3.06172],[122.40737,-3.05934],[122.40555,-3.05924],[122.4047,-3.05836],[122.40383,-3.0582],[122.40176,-3.05667],[122.40102,-3.05471],[122.39875,-3.05326],[122.39922,-3.05207],[122.39872,-3.05113],[122.39788,-3.05098],[122.39877,-3.05055],[122.39833,-3.04946],[122.39835,-3.04798],[122.40058,-3.04613],[122.40175,-3.04599],[122.40153,-3.04491],[122.40087,-3.04449],[122.40147,-3.04366],[122.40054,-3.0443],[122.40031,-3.04501],[122.39893,-3.04488],[122.39792,-3.04305],[122.39841,-3.04234],[122.39731,-3.04269],[122.39694,-3.04217],[122.39649,-3.04257],[122.39608,-3.04456],[122.39604,-3.04334],[122.39331,-3.04389],[122.3925,-3.04295],[122.3916,-3.03905],[122.38956,-3.0384],[122.38893,-3.03743],[122.39089,-3.03728],[122.39036,-3.03647],[122.39142,-3.03411],[122.39181,-3.03396],[122.39229,-3.03056],[122.39388,-3.02842],[122.39821,-3.02495],[122.39908,-3.0229],[122.40368,-3.01975],[122.40427,-3.01863],[122.40557,-3.01764],[122.40885,-3.01656],[122.40961,-3.01683]]],[[[122.32608,-2.99963],[122.33062,-3.0015],[122.33265,-3.00282],[122.33477,-3.00318],[122.3394,-3.00492],[122.34072,-3.00617],[122.34462,-3.00688],[122.34612,-3.00677],[122.34881,-3.0077],[122.35353,-3.00674],[122.35522,-3.00716],[122.35835,-3.00975],[122.35801,-3.01049],[122.36087,-3.01407],[122.36097,-3.01541],[122.356,-3.01554],[122.35319,-3.01493],[122.3506,-3.01583],[122.34692,-3.0151],[122.34506,-3.01548],[122.34493,-3.01606],[122.34688,-3.01819],[122.35015,-3.02018],[122.35283,-3.02062],[122.35416,-3.02306],[122.35408,-3.02351],[122.35147,-3.02399],[122.34987,-3.02351],[122.34803,-3.02358],[122.3465,-3.02207],[122.34279,-3.02196],[122.33965,-3.0197],[122.33902,-3.01976],[122.33866,-3.0191],[122.33658,-3.01802],[122.33488,-3.01657],[122.33465,-3.01709],[122.33308,-3.01607],[122.33043,-3.01638],[122.33012,-3.0159],[122.33079,-3.01523],[122.32826,-3.01296],[122.32771,-3.01305],[122.32791,-3.01375],[122.32745,-3.014],[122.32703,-3.01288],[122.32443,-3.00994],[122.32445,-3.00763],[122.32348,-3.00698],[122.32325,-3.00589],[122.32263,-3.00518],[122.32253,-3.00383],[122.32119,-3.00379],[122.31943,-3.00203],[122.31693,-3.00132],[122.31588,-3.00016],[122.31697,-2.99907],[122.31863,-2.99966],[122.32078,-2.99962],[122.32105,-2.99869],[122.32081,-2.99556],[122.32608,-2.99963]]]]}},{"type":"Feature","properties":{"NAMOBJ":"Bahodopi","KODE_KAB":7206},"geometry":{"type":"MultiPolygon","coordinates":[[[[122.21526,-2.88661],[122.21423,-2.88698],[122.21285,-2.88685],[122.21245,-2.88603],[122.21283,-2.88551],[122.21526,-2.88661]]],[[[122.20452,-2.88187],[122.20416,-2.88145],[122.20458,-2.88071],[122.20485,-2.88114],[122.20452,-2.88187]]],[[[122.21743,-2.88114],[122.2169,-2.88106],[122.21679,-2.88065],[122.2175,-2.87969],[122.21781,-2.88097],[122.21743,-2.88114]]],[[[122.18354,-2.81447],[122.1836,-2.81512],[122.18169,-2.81511],[122.18021,-2.81558],[122.18083,-2.81465],[122.1825,-2.81457],[122.18322,-2.8141],[122.18354,-2.81447]]],[[[122.16848,-2.81404],[122.16839,-2.81427],[122.16922,-2.81418],[122.16923,-2.81391],[122.16938,-2.81419],[122.1685,-2.81505],[122.16823,-2.81615],[122.16941,-2.8179],[122.16839,-2.81874],[122.1668,-2.81918],[122.16555,-2.81686],[122.16464,-2.81638],[122.16442,-2.81528],[122.16634,-2.81408],[122.16848,-2.81404]]],[[[122.04444,-2.73973],[122.04483,-2.73982],[122.04493,-2.74095],[122.04517,-2.73969],[122.05021,-2.74244],[122.05349,-2.74563],[122.06007,-2.75],[122.06076,-2.75128],[122.06044,-2.7523],[122.06098,-2.75488],[122.06268,-2.75858],[122.06356,-2.7623],[122.06466,-2.76418],[122.06564,-2.76487],[122.06681,-2.76508],[122.06712,-2.76385],[122.06753,-2.76371],[122.06823,-2.76495],[122.06894,-2.76515],[122.07243,-2.77131],[122.07317,-2.77425],[122.07409,-2.7754],[122.07645,-2.77617],[122.07922,-2.78038],[122.08025,-2.78118],[122.08096,-2.78111],[122.08139,-2.78254],[122.08281,-2.783],[122.0837,-2.78697],[122.08607,-2.78919],[122.08796,-2.78993],[122.0891,-2.78915],[122.09087,-2.78974],[122.09154,-2.78926],[122.09599,-2.78858],[122.097,-2.7891],[122.09777,-2.78883],[122.09789,-2.78977],[122.09824,-2.7881],[122.10499,-2.7872],[122.10611,-2.7873],[122.10562,-2.78765],[122.10577,-2.78796],[122.1092,-2.78736],[122.10967,-2.78799],[122.11237,-2.78776],[122.11334,-2.78828],[122.11492,-2.7883],[122.11608,-2.78895],[122.12124,-2.78843],[122.12405,-2.78895],[122.12487,-2.78793],[122.12547,-2.78777],[122.12677,-2.78855],[122.1298,-2.78831],[122.13088,-2.78918],[122.13134,-2.78821],[122.1328,-2.78785],[122.1341,-2.78807],[122.13422,-2.78855],[122.13379,-2.78884],[122.13466,-2.78914],[122.13749,-2.78845],[122.13841,-2.7891],[122.13999,-2.78902],[122.14513,-2.79312],[122.14809,-2.79428],[122.15019,-2.79613],[122.15211,-2.79943],[122.15273,-2.80128],[122.15472,-2.80227],[122.15571,-2.80645],[122.15696,-2.80871],[122.15846,-2.81323],[122.16042,-2.81608],[122.16231,-2.81662],[122.16286,-2.81746],[122.16417,-2.81764],[122.16468,-2.81929],[122.16646,-2.81939],[122.16785,-2.82154],[122.16964,-2.82083],[122.17161,-2.82147],[122.17212,-2.82127],[122.17276,-2.82257],[122.17353,-2.82241],[122.17415,-2.82189],[122.17445,-2.81921],[122.17713,-2.81808],[122.17835,-2.81832],[122.18107,-2.82177],[122.18277,-2.82285],[122.18467,-2.82327],[122.18685,-2.83245],[122.18799,-2.83486],[122.18831,-2.83474],[122.18818,-2.8352],[122.18891,-2.835],[122.18954,-2.83541],[122.18969,-2.83732],[122.19191,-2.84393],[122.19269,-2.84451],[122.19157,-2.84614],[122.19111,-2.84768],[122.18572,-2.85374],[122.18446,-2.85692],[122.18484,-2.85819],[122.18417,-2.86109],[122.18454,-2.86198],[122.18324,-2.86514],[122.18319,-2.86867],[122.18531,-2.87372],[122.19063,-2.87867],[122.1913,-2.87854],[122.19413,-2.88142],[122.19761,-2.88349],[122.19957,-2.88282],[122.20056,-2.88415],[122.20148,-2.88431],[122.20195,-2.88399],[122.20203,-2.8833],[122.2035,-2.88295],[122.20391,-2.88229],[122.20437,-2.88227],[122.20464,-2.88336],[122.20537,-2.88406],[122.2052,-2.88564],[122.20573,-2.88626],[122.20583,-2.88748],[122.20537,-2.88911],[122.20681,-2.89146],[122.20678,-2.89275],[122.20717,-2.89288],[122.20674,-2.89382],[122.20702,-2.89498],[122.20782,-2.8956],[122.20785,-2.89679],[122.2084,-2.89688],[122.20784,-2.89721],[122.20805,-2.89884],[122.20682,-2.89932],[122.20725,-2.90035],[122.209,-2.90093],[122.21117,-2.90079],[122.21356,-2.90031],[122.21512,-2.89925],[122.21629,-2.89925],[122.21981,-2.90065],[122.21836,-2.9034],[122.21586,-2.90469],[122.21559,-2.90755],[122.21456,-2.90877],[122.21354,-2.91141],[122.21421,-2.91326],[122.21393,-2.91646],[122.21497,-2.91784],[122.21758,-2.91944],[122.2198,-2.92199],[122.22005,-2.92412],[122.22136,-2.92641],[122.22,-2.9289],[122.2201,-2.93224],[122.21848,-2.93866],[122.21684,-2.94023],[122.21558,-2.94231],[122.21582,-2.94388],[122.21445,-2.94623],[122.21272,-2.94784],[122.20885,-2.94999],[122.20751,-2.95234],[122.20531,-2.95371],[122.20185,-2.95672],[122.19886,-2.9582],[122.19595,-2.95777],[122.19504,-2.95863],[122.19428,-2.95851],[122.19328,-2.9591],[122.19185,-2.95875],[122.19016,-2.95975],[122.18874,-2.96188],[122.18844,-2.96318],[122.18972,-2.96771],[122.18877,-2.97037],[122.18661,-2.97232],[122.18506,-2.97457],[122.18489,-2.97627],[122.18413,-2.97766],[122.18486,-2.97932],[122.18319,-2.97942],[122.18086,-2.98051],[122.17687,-2.98108],[122.17523,-2.98226],[122.17523,-2.98357],[122.17604,-2.98509],[122.17951,-2.98829],[122.18006,-2.98941],[122.18017,-2.9912],[122.17903,-2.99216],[122.17385,-2.99228],[122.1702,-2.99594],[122.16882,-2.99991],[122.16643,-3.00135],[122.16514,-3.00304],[122.16133,-3.00474],[122.15887,-3.00737],[122.15641,-3.01089],[122.15599,-3.01222],[122.15656,-3.01276],[122.16002,-3.01374],[122.16102,-3.01454],[122.16236,-3.0205],[122.16158,-3.02309],[122.16183,-3.02594],[122.1467,-3.04413],[122.14432,-3.05018],[122.13754,-3.06263],[122.13087,-3.07174],[122.12647,-3.08266],[122.11755,-3.08497],[122.11161,-3.08745],[122.09619,-3.08941],[122.08494,-3.09208],[122.08004,-3.09223],[122.07266,-3.08935],[122.0704,-3.08889],[122.06648,-3.08942],[122.06645,-3.08488],[122.06781,-3.08344],[122.06796,-3.08185],[122.05997,-3.07844],[122.04423,-3.07282],[122.03527,-3.07183],[122.03875,-3.0642],[122.03866,-3.05231],[122.03647,-3.05121],[122.03318,-3.05044],[122.03026,-3.04824],[122.02407,-3.04655],[122.0193,-3.04682],[122.01489,-3.04828],[122.01121,-3.0484],[122.0064,-3.04459],[122.00264,-3.04312],[121.99521,-3.04647],[121.99312,-3.04691],[121.9837,-3.04682],[121.98196,-3.04784],[121.97876,-3.04154],[121.9776,-3.04113],[121.97522,-3.04242],[121.97301,-3.04272],[121.97127,-3.0425],[121.96588,-3.04358],[121.96228,-3.0429],[121.95815,-3.04852],[121.95521,-3.05011],[121.95265,-3.05091],[121.95206,-3.04954],[121.94979,-3.04702],[121.94919,-3.04569],[121.94576,-3.04391],[121.94409,-3.04259],[121.94337,-3.04094],[121.94326,-3.03744],[121.94385,-3.03565],[121.94314,-3.03492],[121.94135,-3.0348],[121.94006,-3.03264],[121.94182,-3.02912],[121.94124,-3.02832],[121.93863,-3.02789],[121.9385,-3.02716],[121.93776,-3.02669],[121.93767,-3.02752],[121.9367,-3.02853],[121.93442,-3.02902],[121.93397,-3.03008],[121.93137,-3.03011],[121.93065,-3.02763],[121.92804,-3.02777],[121.92596,-3.02674],[121.92412,-3.02423],[121.92412,-3.02303],[121.92373,-3.02237],[121.92244,-3.0223],[121.92106,-3.02376],[121.91986,-3.02359],[121.91823,-3.02154],[121.9169,-3.01724],[121.91531,-3.01485],[121.91412,-3.01561],[121.91387,-3.01799],[121.91155,-3.01851],[121.91116,-3.01799],[121.91121,-3.01556],[121.91006,-3.01478],[121.90632,-3.01407],[121.90267,-3.01463],[121.89559,-3.01009],[121.88735,-3.01084],[121.88533,-3.01067],[121.8842,-3.00963],[121.88345,-3.00818],[121.88312,-3.00588],[121.88335,-3.00549],[121.88482,-3.00509],[121.88491,-3.00336],[121.88437,-3.00231],[121.88077,-2.99994],[121.87994,-2.99766],[121.87686,-2.99587],[121.87621,-2.99315],[121.87361,-2.98741],[121.87357,-2.9849],[121.87412,-2.98308],[121.87389,-2.98201],[121.87258,-2.98003],[121.87049,-2.97887],[121.86913,-2.97756],[121.87201,-2.97428],[121.87212,-2.9733],[121.8659,-2.96803],[121.86287,-2.96762],[121.8598,-2.96529],[121.85779,-2.96481],[121.85609,-2.9657],[121.85402,-2.96497],[121.85167,-2.9681],[121.8468,-2.96853],[121.84382,-2.97111],[121.84185,-2.97178],[121.83801,-2.972],[121.83572,-2.9713],[121.83418,-2.97296],[121.83265,-2.97152],[121.82937,-2.971],[121.82818,-2.96963],[121.82745,-2.96949],[121.82669,-2.97003],[121.82606,-2.96981],[121.82542,-2.96865],[121.82506,-2.96673],[121.82308,-2.96476],[121.82285,-2.9632],[121.81982,-2.96177],[121.81958,-2.96106],[121.82015,-2.96021],[121.82001,-2.95984],[121.81821,-2.95955],[121.81599,-2.95807],[121.81002,-2.95637],[121.80626,-2.95442],[121.80427,-2.95318],[121.8022,-2.95119],[121.80019,-2.95033],[121.79578,-2.94692],[121.79313,-2.94617],[121.7923,-2.94539],[121.7909,-2.94493],[121.78895,-2.94512],[121.78743,-2.9448],[121.78527,-2.94606],[121.78316,-2.94418],[121.78198,-2.94457],[121.77981,-2.94632],[121.77888,-2.9464],[121.77554,-2.94364],[121.77177,-2.9435],[121.76985,-2.94034],[121.76906,-2.93683],[121.76642,-2.93265],[121.76103,-2.92817],[121.75695,-2.92558],[121.75153,-2.9234],[121.75057,-2.92401],[121.7415,-2.92634],[121.73826,-2.92593],[121.73705,-2.92505],[121.73517,-2.92173],[121.73596,-2.92054],[121.73529,-2.92041],[121.734,-2.91865],[121.73059,-2.91917],[121.72839,-2.91863],[121.72739,-2.91917],[121.72776,-2.91695],[121.7274,-2.91616],[121.72213,-2.91862],[121.72203,-2.91621],[121.72072,-2.91697],[121.7191,-2.91999],[121.71739,-2.92033],[121.71601,-2.92148],[121.71533,-2.9205],[121.7139,-2.9205],[121.71321,-2.92154],[121.71212,-2.92182],[121.71189,-2.92286],[121.70962,-2.92143],[121.70919,-2.91962],[121.70703,-2.91976],[121.70443,-2.91772],[121.703,-2.91848],[121.70233,-2.91974],[121.69993,-2.91872],[121.69561,-2.91989],[121.69507,-2.92115],[121.69022,-2.91753],[121.68869,-2.91572],[121.68836,-2.91447],[121.68563,-2.91043],[121.68498,-2.90709],[121.6827,-2.90268],[121.67645,-2.9019],[121.67072,-2.90049],[121.68193,-2.89835],[121.6861,-2.89503],[121.68824,-2.88866],[121.68843,-2.88492],[121.68773,-2.88278],[121.68623,-2.88016],[121.68584,-2.87831],[121.68346,-2.875],[121.68183,-2.87367],[121.67656,-2.8714],[121.67135,-2.87047],[121.67084,-2.86831],[121.67073,-2.85932],[121.67013,-2.85528],[121.66873,-2.85192],[121.66773,-2.84627],[121.66863,-2.84334],[121.66988,-2.84115],[121.67574,-2.8397],[121.67621,-2.83904],[121.67651,-2.83716],[121.67669,-2.83398],[121.67638,-2.83159],[121.68321,-2.82467],[121.6897,-2.81899],[121.6959,-2.81606],[121.7008,-2.81664],[121.70559,-2.81847],[121.7094,-2.81938],[121.71209,-2.8189],[121.71978,-2.81415],[121.72398,-2.80803],[121.72466,-2.80531],[121.72435,-2.79795],[121.72656,-2.79809],[121.72957,-2.79988],[121.73098,-2.79935],[121.7324,-2.79937],[121.73443,-2.80115],[121.73881,-2.80049],[121.74124,-2.80279],[121.74583,-2.80247],[121.74855,-2.80308],[121.75,-2.80232],[121.75201,-2.80255],[121.75285,-2.80176],[121.75355,-2.80244],[121.75438,-2.80504],[121.75598,-2.80594],[121.75649,-2.80707],[121.75729,-2.80694],[121.75851,-2.80501],[121.75974,-2.80594],[121.76111,-2.80547],[121.76451,-2.80549],[121.77031,-2.80676],[121.77333,-2.80431],[121.77509,-2.8037],[121.77825,-2.80448],[121.78146,-2.8033],[121.79814,-2.80411],[121.79977,-2.80303],[121.80321,-2.79915],[121.80374,-2.79918],[121.80543,-2.8011],[121.80662,-2.80171],[121.80728,-2.80064],[121.80748,-2.79838],[121.80851,-2.79797],[121.8103,-2.79883],[121.81093,-2.80033],[121.81093,-2.80161],[121.81217,-2.80127],[121.81225,-2.80013],[121.81404,-2.8002],[121.81711,-2.79913],[121.83125,-2.79872],[121.83468,-2.79937],[121.83972,-2.80245],[121.84353,-2.80277],[121.84496,-2.80194],[121.84645,-2.80024],[121.85178,-2.79786],[121.85303,-2.79784],[121.86434,-2.80251],[121.8681,-2.80257],[121.87078,-2.80195],[121.87243,-2.80094],[121.8764,-2.80275],[121.87759,-2.80169],[121.87896,-2.80222],[121.88001,-2.80203],[121.88089,-2.80034],[121.883,-2.79929],[121.88595,-2.79985],[121.89988,-2.79644],[121.90712,-2.79748],[121.90909,-2.79725],[121.91231,-2.7958],[121.91366,-2.79432],[121.91661,-2.79284],[121.91989,-2.79029],[121.92206,-2.78736],[121.92491,-2.7848],[121.93008,-2.77901],[121.93122,-2.77671],[121.93271,-2.77556],[121.93957,-2.77537],[121.94093,-2.77677],[121.95053,-2.78272],[121.95292,-2.78325],[121.95525,-2.7831],[121.95959,-2.78152],[121.96229,-2.77987],[121.96476,-2.77776],[121.96934,-2.77222],[121.97175,-2.77094],[121.97964,-2.76852],[121.9824,-2.76875],[121.98379,-2.76812],[121.98626,-2.76894],[121.98777,-2.76699],[121.98989,-2.76761],[121.99285,-2.77003],[121.99359,-2.77012],[121.99416,-2.76871],[121.99702,-2.76736],[121.99875,-2.76575],[122,-2.7654],[122.00062,-2.76452],[122.00283,-2.76303],[122.00404,-2.76006],[122.00535,-2.75918],[122.00755,-2.75598],[122.00957,-2.75502],[122.01054,-2.75378],[122.01362,-2.75171],[122.01557,-2.75287],[122.01832,-2.75252],[122.02015,-2.75074],[122.02141,-2.75031],[122.02184,-2.74976],[122.0219,-2.74857],[122.02256,-2.74775],[122.02283,-2.74484],[122.02417,-2.74318],[122.02443,-2.74117],[122.0272,-2.7402],[122.02908,-2.73641],[122.03079,-2.73469],[122.03297,-2.73367],[122.03594,-2.73066],[122.04007,-2.73436],[122.04155,-2.73661],[122.04331,-2.73808],[122.04444,-2.73973]]]]}},{"type":"Feature","properties":{"NAMOBJ":"Bungku Pesisir","KODE_KAB":7206},"geometry":{"type":"MultiPolygon","coordinates":[[[[122.29722,-2.96707],[122.29721,-2.96724],[122.29719,-2.96723],[122.29717,-2.96723],[122.29715,-2.96721],[122.29714,-2.96719],[122.29713,-2.96717],[122.29712,-2.96715],[122.2971,-2.96712],[122.29709,-2.96708],[122.29708,-2.96705],[122.29708,-2.96704],[122.29709,-2.96702],[122.2971,-2.967],[122.2971,-2.967],[122.29713,-2.96699],[122.29714,-2.96699],[122.29719,-2.96703],[122.2972,-2.96704],[122.29722,-2.96706],[122.29722,-2.96707]]],[[[122.25224,-2.87812],[122.25385,-2.87903],[122.25467,-2.88094],[122.25411,-2.88248],[122.25271,-2.88447],[122.25322,-2.88654],[122.25243,-2.88705],[122.25213,-2.88786],[122.25295,-2.88872],[122.25347,-2.88877],[122.2557,-2.88751],[122.25754,-2.88771],[122.25888,-2.88733],[122.25933,-2.88785],[122.25938,-2.88733],[122.25979,-2.88731],[122.2611,-2.88821],[122.26299,-2.88838],[122.26402,-2.8889],[122.2656,-2.8888],[122.27256,-2.88717],[122.27698,-2.88706],[122.27833,-2.88661],[122.27923,-2.88694],[122.28092,-2.88881],[122.28465,-2.89042],[122.28819,-2.89147],[122.28968,-2.89079],[122.29171,-2.8921],[122.29292,-2.89191],[122.29355,-2.89401],[122.29506,-2.89601],[122.29764,-2.89654],[122.29992,-2.89865],[122.30084,-2.89865],[122.30019,-2.90166],[122.30042,-2.90198],[122.30133,-2.90231],[122.30253,-2.90193],[122.30244,-2.9008],[122.30347,-2.90013],[122.30328,-2.90068],[122.30386,-2.90228],[122.30561,-2.90415],[122.30701,-2.90674],[122.30766,-2.90624],[122.30889,-2.90671],[122.30971,-2.90871],[122.31024,-2.90862],[122.31163,-2.91002],[122.31242,-2.90947],[122.31317,-2.91021],[122.31455,-2.91031],[122.31639,-2.9147],[122.31832,-2.9164],[122.31902,-2.91871],[122.32099,-2.92051],[122.32082,-2.92192],[122.32022,-2.92266],[122.31974,-2.92604],[122.31883,-2.92828],[122.31947,-2.92921],[122.31826,-2.92929],[122.31536,-2.93339],[122.31466,-2.9338],[122.31326,-2.93714],[122.31074,-2.94014],[122.30925,-2.94448],[122.30794,-2.94631],[122.30782,-2.94787],[122.30844,-2.95102],[122.30679,-2.95675],[122.30594,-2.95739],[122.30497,-2.95905],[122.30199,-2.96059],[122.29891,-2.96404],[122.29837,-2.96495],[122.29877,-2.96514],[122.29867,-2.96643],[122.29783,-2.96682],[122.29705,-2.96643],[122.29658,-2.96703],[122.29652,-2.96752],[122.29709,-2.96778],[122.29722,-2.96731],[122.29739,-2.96769],[122.29696,-2.96969],[122.29616,-2.97025],[122.29482,-2.97047],[122.29481,-2.97163],[122.29409,-2.97152],[122.29249,-2.97292],[122.28969,-2.97868],[122.28356,-2.98411],[122.28236,-2.98676],[122.28234,-2.98642],[122.28197,-2.98645],[122.2812,-2.98691],[122.2799,-2.98832],[122.28018,-2.9912],[122.28,-2.99229],[122.27886,-2.99402],[122.27932,-2.99598],[122.27886,-2.99898],[122.27683,-3.00006],[122.27154,-3.00025],[122.27072,-2.99997],[122.27079,-2.99945],[122.27022,-2.99864],[122.27003,-2.99954],[122.2691,-2.99941],[122.26728,-3.00037],[122.26278,-3.00705],[122.26089,-3.00797],[122.25813,-3.00833],[122.25723,-3.00924],[122.25486,-3.00983],[122.25364,-3.01062],[122.25226,-3.01312],[122.25217,-3.01581],[122.25139,-3.01752],[122.25178,-3.02064],[122.25154,-3.02103],[122.25036,-3.02114],[122.25,-3.02204],[122.25028,-3.02375],[122.25118,-3.02494],[122.25142,-3.02688],[122.25508,-3.02894],[122.25725,-3.03515],[122.26048,-3.0391],[122.26123,-3.03955],[122.26254,-3.03905],[122.2636,-3.03955],[122.26468,-3.03928],[122.26624,-3.03974],[122.26845,-3.04202],[122.26911,-3.04348],[122.27069,-3.04467],[122.27167,-3.0474],[122.27465,-3.04963],[122.2761,-3.04976],[122.27664,-3.04917],[122.27861,-3.04905],[122.2805,-3.05006],[122.28229,-3.05239],[122.28354,-3.05249],[122.28546,-3.05181],[122.28678,-3.052],[122.28747,-3.05316],[122.2901,-3.05343],[122.29302,-3.05429],[122.29372,-3.05491],[122.29376,-3.05551],[122.296,-3.05739],[122.29968,-3.05935],[122.30394,-3.05993],[122.30524,-3.06145],[122.30606,-3.06384],[122.30532,-3.06376],[122.30566,-3.06615],[122.30758,-3.06736],[122.31258,-3.07279],[122.31475,-3.07386],[122.31537,-3.07518],[122.31704,-3.07612],[122.31948,-3.07917],[122.32185,-3.07985],[122.3239,-3.07977],[122.32618,-3.08092],[122.32768,-3.08407],[122.32953,-3.08526],[122.33213,-3.08483],[122.3333,-3.08599],[122.33554,-3.08644],[122.33645,-3.08805],[122.33615,-3.08872],[122.33688,-3.09129],[122.33815,-3.09187],[122.33883,-3.09372],[122.34008,-3.09456],[122.34077,-3.09596],[122.34229,-3.09677],[122.34335,-3.0989],[122.34419,-3.09921],[122.34505,-3.10049],[122.3488,-3.10383],[122.3498,-3.10696],[122.35059,-3.10744],[122.35127,-3.11022],[122.35241,-3.11094],[122.35256,-3.11291],[122.35369,-3.11554],[122.35406,-3.12106],[122.35474,-3.12245],[122.356,-3.12308],[122.3573,-3.12455],[122.35793,-3.12633],[122.35893,-3.12745],[122.35951,-3.12732],[122.36015,-3.12865],[122.36043,-3.12846],[122.36082,-3.12906],[122.36129,-3.12898],[122.36437,-3.13068],[122.36438,-3.13109],[122.36461,-3.13084],[122.36593,-3.13148],[122.36634,-3.13243],[122.36481,-3.13304],[122.36431,-3.13575],[122.36254,-3.13645],[122.36285,-3.13818],[122.36264,-3.14138],[122.36035,-3.1439],[122.35918,-3.14661],[122.35729,-3.14754],[122.35073,-3.15219],[122.34638,-3.15367],[122.34539,-3.15437],[122.34349,-3.15729],[122.34346,-3.15957],[122.34154,-3.16544],[122.33809,-3.16831],[122.3372,-3.16861],[122.33458,-3.16866],[122.33012,-3.16788],[122.32269,-3.16447],[122.32055,-3.16441],[122.31494,-3.16588],[122.31324,-3.16419],[122.30573,-3.16116],[122.30311,-3.15972],[122.30155,-3.15783],[122.29459,-3.15552],[122.29296,-3.15319],[122.29252,-3.15098],[122.28983,-3.14866],[122.28476,-3.14634],[122.28208,-3.14529],[122.27881,-3.14538],[122.27616,-3.14575],[122.27377,-3.1467],[122.27028,-3.14432],[122.26116,-3.1429],[122.25839,-3.14176],[122.25654,-3.14033],[122.2542,-3.13619],[122.25299,-3.13086],[122.25347,-3.12392],[122.25634,-3.11618],[122.25739,-3.11442],[122.258,-3.11176],[122.26052,-3.10787],[122.2627,-3.10535],[122.26478,-3.10099],[122.26087,-3.10043],[122.25755,-3.09807],[122.24876,-3.09346],[122.24395,-3.09261],[122.23553,-3.09756],[122.22929,-3.09875],[122.22811,-3.1003],[122.22513,-3.10194],[122.22356,-3.1018],[122.21735,-3.09908],[122.21584,-3.09918],[122.21352,-3.09862],[122.20974,-3.09576],[122.20844,-3.09555],[122.20531,-3.09643],[122.20347,-3.09488],[122.2025,-3.09576],[122.20137,-3.0939],[122.19763,-3.09027],[122.19295,-3.08422],[122.19317,-3.08164],[122.19529,-3.08076],[122.19451,-3.07538],[122.18998,-3.06665],[122.1862,-3.06208],[122.1825,-3.06004],[122.16803,-3.04862],[122.16124,-3.0444],[122.15059,-3.03935],[122.16183,-3.02594],[122.16158,-3.02309],[122.16236,-3.0205],[122.16102,-3.01454],[122.16002,-3.01374],[122.15656,-3.01276],[122.15599,-3.01222],[122.15641,-3.01089],[122.15887,-3.00737],[122.16133,-3.00474],[122.16514,-3.00304],[122.16643,-3.00135],[122.16882,-2.99991],[122.1702,-2.99594],[122.17385,-2.99228],[122.17903,-2.99216],[122.18017,-2.9912],[122.18006,-2.98941],[122.17951,-2.98829],[122.17604,-2.98509],[122.17523,-2.98357],[122.17523,-2.98226],[122.17687,-2.98108],[122.18086,-2.98051],[122.18319,-2.97942],[122.18486,-2.97932],[122.18413,-2.97766],[122.18489,-2.97627],[122.18506,-2.97457],[122.18661,-2.97232],[122.18877,-2.97037],[122.18972,-2.96771],[122.18844,-2.96345],[122.18874,-2.96188],[122.18948,-2.9606],[122.19048,-2.95943],[122.19185,-2.95875],[122.19328,-2.9591],[122.19428,-2.95851],[122.19504,-2.95863],[122.19595,-2.95777],[122.19831,-2.95828],[122.19959,-2.95794],[122.20373,-2.95536],[122.20531,-2.95371],[122.20751,-2.95234],[122.20885,-2.94999],[122.21272,-2.94784],[122.21445,-2.94623],[122.21582,-2.94388],[122.21558,-2.94231],[122.21684,-2.94023],[122.21848,-2.93866],[122.2201,-2.93224],[122.22,-2.9289],[122.22134,-2.92623],[122.22005,-2.92412],[122.2198,-2.92199],[122.21758,-2.91944],[122.21497,-2.91784],[122.21393,-2.91646],[122.21421,-2.91326],[122.21354,-2.91141],[122.21456,-2.90877],[122.21559,-2.90755],[122.21601,-2.90449],[122.21836,-2.9034],[122.21981,-2.90065],[122.22242,-2.90033],[122.22364,-2.89856],[122.22552,-2.89744],[122.22537,-2.8946],[122.22621,-2.89419],[122.22533,-2.89417],[122.22497,-2.89378],[122.22484,-2.89283],[122.22551,-2.89159],[122.22445,-2.88969],[122.22751,-2.8896],[122.2285,-2.8916],[122.2294,-2.89208],[122.23233,-2.89171],[122.23342,-2.89091],[122.23357,-2.88986],[122.23094,-2.8904],[122.22987,-2.89025],[122.23093,-2.88885],[122.23076,-2.88715],[122.23382,-2.88578],[122.23485,-2.88569],[122.23713,-2.88415],[122.23852,-2.88371],[122.23935,-2.88394],[122.23994,-2.88502],[122.24135,-2.88502],[122.24146,-2.88418],[122.23962,-2.88343],[122.23943,-2.88238],[122.23974,-2.88183],[122.24126,-2.88204],[122.242,-2.88161],[122.24237,-2.88309],[122.24285,-2.88335],[122.24409,-2.88251],[122.24419,-2.88089],[122.2447,-2.88025],[122.24646,-2.87939],[122.24797,-2.87926],[122.24898,-2.87848],[122.25224,-2.87812]]]]}},{"type":"Feature","properties":{"NAMOBJ":"Bungku Timur","KODE_KAB":7206},"geometry":{"type":"MultiPolygon","coordinates":[[[[122.00695,-2.70123],[122.00693,-2.70135],[122.00688,-2.70091],[122.0069,-2.69951],[122.00693,-2.6996],[122.00696,-2.69981],[122.007,-2.70012],[122.00701,-2.7004],[122.00698,-2.70066],[122.00697,-2.70096],[122.00695,-2.70123]]],[[[121.99665,-2.61345],[121.99657,-2.61442],[121.99699,-2.61523],[121.99948,-2.61556],[121.99878,-2.61666],[121.99906,-2.61745],[121.99955,-2.61767],[122.00022,-2.61715],[122.00129,-2.61764],[122.00185,-2.61879],[122.00279,-2.61911],[122.00349,-2.61999],[122.00357,-2.62098],[122.00462,-2.62168],[122.00345,-2.62277],[122.00168,-2.62328],[122.00044,-2.62429],[122.00047,-2.6262],[122.00109,-2.62812],[122.0036,-2.62927],[122.00611,-2.62929],[122.00794,-2.62982],[122.00887,-2.63057],[122.01041,-2.63347],[122.00987,-2.63436],[122.01045,-2.63428],[122.00974,-2.63482],[122.00961,-2.63545],[122.01073,-2.63563],[122.01184,-2.63715],[122.01264,-2.63876],[122.01262,-2.63993],[122.01295,-2.64051],[122.01389,-2.64084],[122.0142,-2.64153],[122.01416,-2.64186],[122.01382,-2.64142],[122.01441,-2.64429],[122.01482,-2.64475],[122.0157,-2.6448],[122.01582,-2.64591],[122.01624,-2.64605],[122.01638,-2.64674],[122.01864,-2.64823],[122.01972,-2.64782],[122.02061,-2.64687],[122.02089,-2.64579],[122.02156,-2.64546],[122.0228,-2.6453],[122.02429,-2.646],[122.02609,-2.6488],[122.02824,-2.65072],[122.02927,-2.65299],[122.03089,-2.65423],[122.03075,-2.65508],[122.03139,-2.65545],[122.03162,-2.65491],[122.03265,-2.65516],[122.03428,-2.65639],[122.03512,-2.6579],[122.03536,-2.65976],[122.03587,-2.66036],[122.03629,-2.66217],[122.03611,-2.66303],[122.03684,-2.66868],[122.03603,-2.67049],[122.03383,-2.67176],[122.03188,-2.67394],[122.0308,-2.67405],[122.0298,-2.67357],[122.02859,-2.67194],[122.02582,-2.6706],[122.02404,-2.67074],[122.0224,-2.66971],[122.02152,-2.66978],[122.01996,-2.66917],[122.0157,-2.6709],[122.01015,-2.67483],[122.00941,-2.67616],[122.00744,-2.68374],[122.00657,-2.69158],[122.00667,-2.69733],[122.00586,-2.69565],[122.00533,-2.69569],[122.00612,-2.69725],[122.00588,-2.69962],[122.00632,-2.70339],[122.00595,-2.70459],[122.00649,-2.70552],[122.00692,-2.71071],[122.00804,-2.71333],[122.00777,-2.71349],[122.00744,-2.71297],[122.00733,-2.71342],[122.01071,-2.7196],[122.01613,-2.72085],[122.01819,-2.72278],[122.01919,-2.7228],[122.02036,-2.72174],[122.02286,-2.72318],[122.02655,-2.72397],[122.0289,-2.7251],[122.03225,-2.72835],[122.03594,-2.73066],[122.03297,-2.73367],[122.03079,-2.73469],[122.02908,-2.73641],[122.0272,-2.7402],[122.02443,-2.74117],[122.02417,-2.74318],[122.02283,-2.74484],[122.02256,-2.74775],[122.0219,-2.74857],[122.02184,-2.74976],[122.02141,-2.75031],[122.02015,-2.75074],[122.01832,-2.75252],[122.01557,-2.75287],[122.01362,-2.75171],[122.01054,-2.75378],[122.00957,-2.75502],[122.00755,-2.75598],[122.00535,-2.75918],[122.00404,-2.76006],[122.00283,-2.76303],[122.00062,-2.76452],[122,-2.7654],[121.99875,-2.76575],[121.99702,-2.76736],[121.99416,-2.76871],[121.99378,-2.76999],[121.99308,-2.77015],[121.98989,-2.76761],[121.98777,-2.76699],[121.98626,-2.76894],[121.98379,-2.76812],[121.9824,-2.76875],[121.97964,-2.76852],[121.97175,-2.77094],[121.96934,-2.77222],[121.96476,-2.77776],[121.96229,-2.77987],[121.95959,-2.78152],[121.95525,-2.7831],[121.95292,-2.78325],[121.95053,-2.78272],[121.94093,-2.77677],[121.93957,-2.77537],[121.93271,-2.77556],[121.93122,-2.77671],[121.93008,-2.77901],[121.92491,-2.7848],[121.92206,-2.78736],[121.91989,-2.79029],[121.91661,-2.79284],[121.91366,-2.79432],[121.91231,-2.7958],[121.90909,-2.79725],[121.90712,-2.79748],[121.89988,-2.79644],[121.88595,-2.79985],[121.883,-2.79929],[121.88089,-2.80034],[121.88001,-2.80203],[121.87896,-2.80222],[121.87759,-2.80169],[121.87649,-2.80274],[121.87243,-2.80094],[121.87078,-2.80195],[121.8681,-2.80257],[121.86434,-2.80251],[121.85303,-2.79784],[121.85178,-2.79786],[121.84645,-2.80024],[121.84496,-2.80194],[121.84353,-2.80277],[121.83972,-2.80245],[121.83468,-2.79937],[121.83125,-2.79872],[121.81711,-2.79913],[121.81404,-2.8002],[121.81225,-2.80013],[121.81217,-2.80127],[121.81093,-2.80161],[121.81093,-2.80033],[121.8103,-2.79883],[121.80851,-2.79797],[121.80748,-2.79838],[121.80728,-2.80064],[121.80662,-2.80171],[121.80543,-2.8011],[121.80374,-2.79918],[121.80321,-2.79915],[121.79977,-2.80303],[121.79814,-2.80411],[121.78146,-2.8033],[121.77825,-2.80448],[121.77509,-2.8037],[121.77333,-2.80431],[121.77031,-2.80676],[121.76451,-2.80549],[121.76111,-2.80547],[121.75974,-2.80594],[121.75851,-2.80501],[121.75729,-2.80694],[121.75649,-2.80707],[121.75598,-2.80594],[121.75438,-2.80504],[121.75355,-2.80244],[121.75285,-2.80176],[121.75201,-2.80255],[121.75,-2.80232],[121.74855,-2.80308],[121.74583,-2.80247],[121.74124,-2.80279],[121.73881,-2.80049],[121.73443,-2.80115],[121.7324,-2.79937],[121.73098,-2.79935],[121.72957,-2.79988],[121.72656,-2.79809],[121.72435,-2.79795],[121.72296,-2.78249],[121.7231,-2.77637],[121.72189,-2.77324],[121.72162,-2.77093],[121.72216,-2.76835],[121.72419,-2.76577],[121.74152,-2.75627],[121.74265,-2.74999],[121.74461,-2.74718],[121.7495,-2.74088],[121.75292,-2.73902],[121.75584,-2.73649],[121.75643,-2.73521],[121.75758,-2.72888],[121.75722,-2.72674],[121.75566,-2.7225],[121.76525,-2.72551],[121.76734,-2.7257],[121.77934,-2.72189],[121.7818,-2.72055],[121.78542,-2.71767],[121.78953,-2.71313],[121.79323,-2.71157],[121.79644,-2.70941],[121.79917,-2.7087],[121.80372,-2.7065],[121.80601,-2.7064],[121.81461,-2.70205],[121.8184,-2.70098],[121.82839,-2.70073],[121.8377,-2.69619],[121.83952,-2.69172],[121.85663,-2.66445],[121.85806,-2.66872],[121.86207,-2.67329],[121.86762,-2.67689],[121.86983,-2.67749],[121.87204,-2.68001],[121.87269,-2.68023],[121.87392,-2.68011],[121.87608,-2.6791],[121.88521,-2.67722],[121.89377,-2.67619],[121.89691,-2.67464],[121.89915,-2.67498],[121.90127,-2.67299],[121.90278,-2.67273],[121.90492,-2.67299],[121.90712,-2.67264],[121.90795,-2.67358],[121.911,-2.67456],[121.91738,-2.6738],[121.92509,-2.67184],[121.93068,-2.67125],[121.94175,-2.66711],[121.94487,-2.66514],[121.94718,-2.66145],[121.95076,-2.6589],[121.95183,-2.65668],[121.95518,-2.65414],[121.95564,-2.65338],[121.9571,-2.65216],[121.96211,-2.64995],[121.96883,-2.64071],[121.97246,-2.63294],[121.97697,-2.625],[121.98113,-2.62072],[121.98697,-2.61583],[121.99181,-2.61473],[121.99351,-2.61341],[121.99665,-2.61345]]]]}},{"type":"Feature","properties":{"NAMOBJ":"Bungku Tengah","KODE_KAB":7206},"geometry":{"type":"MultiPolygon","coordinates":[[[[121.98734,-2.58925],[121.9873,-2.58925],[121.98727,-2.58924],[121.98727,-2.58922],[121.98729,-2.58917],[121.98733,-2.58912],[121.98736,-2.58907],[121.98737,-2.58903],[121.98736,-2.589],[121.98733,-2.58897],[121.98728,-2.58895],[121.98726,-2.58894],[121.98725,-2.58891],[121.98729,-2.58888],[121.98731,-2.58887],[121.98734,-2.58887],[121.98737,-2.58887],[121.98741,-2.58889],[121.98743,-2.58893],[121.98744,-2.58893],[121.98745,-2.58913],[121.98745,-2.58913],[121.98741,-2.58914],[121.98738,-2.58915],[121.98736,-2.58918],[121.98735,-2.58922],[121.98734,-2.58925]]],[[[121.98302,-2.57098],[121.98298,-2.57099],[121.98293,-2.57099],[121.98288,-2.57096],[121.98285,-2.57092],[121.98284,-2.57088],[121.98284,-2.57083],[121.98285,-2.57077],[121.98288,-2.57072],[121.98291,-2.57069],[121.98297,-2.57065],[121.98302,-2.57062],[121.98309,-2.5706],[121.98315,-2.57063],[121.98317,-2.57065],[121.98318,-2.57068],[121.98317,-2.57074],[121.98316,-2.57081],[121.98313,-2.57086],[121.98311,-2.5709],[121.98307,-2.57094],[121.98302,-2.57098]]],[[[121.97702,-2.55263],[121.97695,-2.55265],[121.97689,-2.55264],[121.97685,-2.5526],[121.97683,-2.55256],[121.97683,-2.55246],[121.97684,-2.55237],[121.97684,-2.55227],[121.97682,-2.55218],[121.97679,-2.55212],[121.97674,-2.55207],[121.97669,-2.55203],[121.97664,-2.55201],[121.97665,-2.55197],[121.97667,-2.55192],[121.9767,-2.5519],[121.97677,-2.55188],[121.97678,-2.55188],[121.9768,-2.55194],[121.9769,-2.5522],[121.97704,-2.55261],[121.97702,-2.55263]]],[[[121.97588,-2.55089],[121.97685,-2.55079],[121.97713,-2.55128],[121.9767,-2.55135],[121.97656,-2.55194],[121.97646,-2.55113],[121.97553,-2.55068],[121.97588,-2.55089]]],[[[121.97507,-2.54939],[121.97507,-2.54947],[121.97506,-2.54946],[121.97506,-2.54941],[121.97507,-2.54939]]],[[[121.969,-2.53532],[121.96895,-2.53533],[121.96891,-2.53533],[121.9689,-2.53531],[121.96891,-2.53525],[121.96893,-2.5352],[121.96894,-2.53513],[121.96894,-2.53509],[121.96894,-2.53503],[121.96894,-2.535],[121.96893,-2.53496],[121.96892,-2.53493],[121.96894,-2.53491],[121.96895,-2.5349],[121.96896,-2.5349],[121.96898,-2.53492],[121.969,-2.53495],[121.96902,-2.53498],[121.96904,-2.535],[121.96906,-2.53502],[121.96909,-2.53505],[121.96909,-2.53507],[121.96908,-2.53508],[121.96904,-2.53509],[121.96904,-2.53509],[121.96904,-2.53512],[121.96905,-2.53517],[121.96907,-2.53519],[121.9691,-2.53521],[121.96913,-2.53522],[121.96915,-2.53522],[121.96915,-2.53525],[121.96912,-2.53526],[121.96906,-2.53529],[121.969,-2.53532]]],[[[121.96913,-2.53471],[121.96914,-2.53491],[121.96912,-2.53489],[121.96907,-2.53486],[121.96904,-2.53484],[121.969,-2.53481],[121.96898,-2.5348],[121.96895,-2.53478],[121.96897,-2.53473],[121.96899,-2.5347],[121.96902,-2.53467],[121.96905,-2.53464],[121.96906,-2.5346],[121.96907,-2.53454],[121.96907,-2.53451],[121.96913,-2.53471]]],[[[121.9689,-2.5341],[121.96888,-2.5341],[121.96884,-2.53409],[121.96882,-2.53407],[121.96883,-2.53404],[121.96884,-2.53401],[121.96883,-2.53398],[121.9689,-2.5341]]],[[[121.96879,-2.53389],[121.96881,-2.53393],[121.96881,-2.53393],[121.96878,-2.53393],[121.96872,-2.53393],[121.96867,-2.53393],[121.96863,-2.53391],[121.96863,-2.53386],[121.96864,-2.53383],[121.96879,-2.53389]]],[[[121.88655,-2.41345],[121.8879,-2.41413],[121.88899,-2.41768],[121.89084,-2.41874],[121.89238,-2.4203],[121.89422,-2.42079],[121.89536,-2.42441],[121.89609,-2.42554],[121.89849,-2.42677],[121.902,-2.42787],[121.90507,-2.42989],[121.90589,-2.43126],[121.90525,-2.4312],[121.9066,-2.43209],[121.90821,-2.43528],[121.91094,-2.43829],[121.91159,-2.44098],[121.91157,-2.443],[121.91107,-2.4447],[121.91204,-2.44855],[121.91491,-2.45212],[121.91756,-2.45727],[121.92213,-2.45986],[121.92406,-2.46201],[121.92557,-2.46241],[121.92794,-2.46407],[121.92886,-2.46508],[121.93062,-2.46844],[121.93093,-2.47028],[121.93354,-2.47381],[121.93455,-2.4764],[121.93743,-2.47799],[121.93957,-2.47845],[121.94082,-2.47972],[121.94165,-2.4821],[121.94098,-2.48745],[121.94112,-2.48903],[121.94222,-2.49082],[121.94299,-2.49328],[121.94435,-2.4941],[121.94538,-2.49535],[121.94683,-2.49543],[121.94804,-2.49651],[121.9498,-2.50134],[121.94974,-2.50232],[121.95098,-2.50304],[121.95141,-2.50396],[121.95186,-2.50409],[121.9516,-2.50415],[121.95183,-2.50471],[121.95305,-2.50542],[121.95337,-2.50683],[121.95429,-2.50735],[121.95446,-2.50836],[121.954,-2.50859],[121.95406,-2.50899],[121.95492,-2.50913],[121.95509,-2.50954],[121.95446,-2.5116],[121.95599,-2.51172],[121.95768,-2.51442],[121.95788,-2.51562],[121.95755,-2.51638],[121.95878,-2.51857],[121.95965,-2.51968],[121.96063,-2.51969],[121.96132,-2.52044],[121.96232,-2.52205],[121.96242,-2.52293],[121.96296,-2.52298],[121.9627,-2.52399],[121.96384,-2.52359],[121.96469,-2.52405],[121.96517,-2.52486],[121.96439,-2.52499],[121.96546,-2.52514],[121.96517,-2.52552],[121.96613,-2.52604],[121.96724,-2.52813],[121.96701,-2.52829],[121.96777,-2.52872],[121.96797,-2.52964],[121.96761,-2.52988],[121.96808,-2.52981],[121.96826,-2.53025],[121.96859,-2.53324],[121.96855,-2.53357],[121.96771,-2.5338],[121.96766,-2.53422],[121.9681,-2.53444],[121.96848,-2.53407],[121.96871,-2.53458],[121.96898,-2.53698],[121.97048,-2.5417],[121.97037,-2.54275],[121.97203,-2.5426],[121.97249,-2.54307],[121.9749,-2.55054],[121.97638,-2.5512],[121.97706,-2.55331],[121.97669,-2.554],[121.97736,-2.55441],[121.97809,-2.55966],[121.97837,-2.55939],[121.97854,-2.55963],[121.97816,-2.55998],[121.97828,-2.56145],[121.97853,-2.5611],[121.97913,-2.56176],[121.97886,-2.56208],[121.97967,-2.56219],[121.98009,-2.56343],[121.97975,-2.56359],[121.9809,-2.56473],[121.98051,-2.56502],[121.98145,-2.56692],[121.98113,-2.5677],[121.98214,-2.56833],[121.98269,-2.56961],[121.98272,-2.57079],[121.98222,-2.57087],[121.98152,-2.57031],[121.98165,-2.57109],[121.98309,-2.57118],[121.983,-2.57163],[121.98395,-2.57265],[121.98412,-2.57473],[121.98458,-2.575],[121.98488,-2.5763],[121.98537,-2.5763],[121.98612,-2.57711],[121.98623,-2.57837],[121.98551,-2.57995],[121.98548,-2.58165],[121.98589,-2.58263],[121.98532,-2.5848],[121.98609,-2.58545],[121.98648,-2.58667],[121.98715,-2.58703],[121.98792,-2.58848],[121.98722,-2.58867],[121.98697,-2.58944],[121.98708,-2.5932],[121.98777,-2.59356],[121.98782,-2.59482],[121.9885,-2.59497],[121.98905,-2.59578],[121.98878,-2.59811],[121.98926,-2.6013],[121.99021,-2.60165],[121.99117,-2.60378],[121.99244,-2.60482],[121.99308,-2.60681],[121.99478,-2.60923],[121.99473,-2.61022],[121.99513,-2.61056],[121.99473,-2.61092],[121.99524,-2.61162],[121.99627,-2.61168],[121.99592,-2.61257],[121.99655,-2.61341],[121.99351,-2.61341],[121.99181,-2.61473],[121.98697,-2.61583],[121.98113,-2.62072],[121.97697,-2.625],[121.97246,-2.63294],[121.96883,-2.64071],[121.96211,-2.64995],[121.9571,-2.65216],[121.95564,-2.65338],[121.95518,-2.65414],[121.95183,-2.65668],[121.95076,-2.6589],[121.94718,-2.66145],[121.94487,-2.66514],[121.94175,-2.66711],[121.93068,-2.67125],[121.92509,-2.67184],[121.91738,-2.6738],[121.911,-2.67456],[121.90795,-2.67358],[121.90712,-2.67264],[121.90492,-2.67299],[121.90278,-2.67273],[121.90127,-2.67299],[121.89915,-2.67498],[121.89691,-2.67464],[121.89377,-2.67619],[121.88521,-2.67722],[121.87608,-2.6791],[121.87392,-2.68011],[121.87269,-2.68023],[121.87204,-2.68001],[121.86983,-2.67749],[121.86762,-2.67689],[121.86207,-2.67329],[121.85806,-2.66872],[121.85663,-2.66445],[121.83952,-2.69172],[121.8377,-2.69619],[121.82839,-2.70073],[121.8184,-2.70098],[121.81461,-2.70205],[121.80601,-2.7064],[121.80372,-2.7065],[121.79917,-2.7087],[121.79644,-2.70941],[121.79323,-2.71157],[121.78953,-2.71313],[121.78542,-2.71767],[121.7818,-2.72055],[121.77934,-2.72189],[121.76734,-2.7257],[121.76525,-2.72551],[121.75566,-2.7225],[121.75562,-2.71938],[121.75649,-2.7146],[121.7568,-2.70893],[121.7577,-2.70514],[121.76003,-2.70086],[121.76491,-2.69562],[121.77105,-2.69114],[121.7734,-2.69008],[121.77698,-2.68768],[121.78138,-2.68355],[121.78364,-2.68222],[121.78665,-2.67765],[121.78802,-2.67311],[121.79019,-2.66383],[121.79043,-2.65913],[121.78979,-2.65639],[121.78754,-2.65224],[121.78371,-2.65073],[121.78096,-2.64798],[121.77928,-2.64713],[121.77843,-2.64491],[121.77819,-2.64261],[121.77896,-2.6404],[121.77998,-2.63269],[121.7798,-2.63107],[121.77824,-2.62853],[121.77295,-2.62129],[121.76404,-2.61273],[121.75991,-2.60978],[121.75817,-2.60698],[121.75497,-2.60585],[121.75334,-2.60278],[121.74746,-2.59863],[121.74698,-2.5966],[121.74487,-2.59582],[121.74385,-2.59414],[121.73944,-2.59252],[121.73669,-2.58869],[121.736,-2.58645],[121.73532,-2.58569],[121.73409,-2.58541],[121.73342,-2.58423],[121.73348,-2.58341],[121.73157,-2.58176],[121.73152,-2.58095],[121.73192,-2.5806],[121.73048,-2.57596],[121.73112,-2.5729],[121.73011,-2.57145],[121.72717,-2.57086],[121.7264,-2.56899],[121.72468,-2.56719],[121.72372,-2.56688],[121.72078,-2.56181],[121.73747,-2.55456],[121.73842,-2.55175],[121.73889,-2.54791],[121.74387,-2.5436],[121.76061,-2.53834],[121.77103,-2.5337],[121.77575,-2.53027],[121.77802,-2.52671],[121.78097,-2.52315],[121.78242,-2.52232],[121.78362,-2.52095],[121.78734,-2.5196],[121.78811,-2.52006],[121.7889,-2.51986],[121.79109,-2.51702],[121.79187,-2.50988],[121.79146,-2.5073],[121.79072,-2.50568],[121.79056,-2.50113],[121.79012,-2.5],[121.78968,-2.49468],[121.78917,-2.49359],[121.79367,-2.48967],[121.79927,-2.48554],[121.80182,-2.483],[121.81209,-2.47072],[121.82796,-2.45366],[121.83525,-2.44853],[121.84495,-2.44242],[121.84758,-2.43969],[121.85334,-2.43089],[121.85523,-2.42911],[121.85881,-2.42708],[121.85966,-2.42801],[121.8614,-2.42822],[121.86207,-2.42907],[121.8635,-2.42927],[121.86408,-2.4302],[121.86629,-2.4293],[121.86921,-2.42891],[121.87243,-2.42585],[121.87454,-2.42501],[121.87434,-2.42273],[121.87513,-2.42124],[121.87484,-2.41978],[121.8765,-2.41779],[121.87642,-2.41656],[121.87725,-2.41577],[121.87916,-2.41224],[121.8821,-2.4091],[121.88234,-2.41034],[121.88345,-2.41188],[121.88655,-2.41345]]]]}},{"type":"Feature","properties":{"NAMOBJ":"Bungku Barat","KODE_KAB":7206},"geometry":{"type":"MultiPolygon","coordinates":[[[[121.8821,-2.4091],[121.87916,-2.41224],[121.87725,-2.41577],[121.87642,-2.41656],[121.8765,-2.41779],[121.87484,-2.41978],[121.87513,-2.42124],[121.87434,-2.42273],[121.87454,-2.42501],[121.87243,-2.42585],[121.86921,-2.42891],[121.86629,-2.4293],[121.86465,-2.4302],[121.86408,-2.4302],[121.8635,-2.42927],[121.86207,-2.42907],[121.8614,-2.42822],[121.85966,-2.42801],[121.85881,-2.42708],[121.85523,-2.42911],[121.85334,-2.43089],[121.84758,-2.43969],[121.84495,-2.44242],[121.83525,-2.44853],[121.82796,-2.45366],[121.81209,-2.47072],[121.80182,-2.483],[121.79927,-2.48554],[121.79367,-2.48967],[121.78917,-2.49359],[121.78968,-2.49468],[121.79012,-2.5],[121.79056,-2.50113],[121.79072,-2.50568],[121.79146,-2.5073],[121.79187,-2.50988],[121.79109,-2.51702],[121.7889,-2.51986],[121.78811,-2.52006],[121.78734,-2.5196],[121.78362,-2.52095],[121.78242,-2.52232],[121.78097,-2.52315],[121.77802,-2.52671],[121.77575,-2.53027],[121.77103,-2.5337],[121.76061,-2.53834],[121.74376,-2.54366],[121.73889,-2.54791],[121.73819,-2.55272],[121.73757,-2.55444],[121.73694,-2.55487],[121.72078,-2.56181],[121.71946,-2.56045],[121.71864,-2.56043],[121.71687,-2.55763],[121.71614,-2.55312],[121.71508,-2.55296],[121.71388,-2.55091],[121.71241,-2.54993],[121.71216,-2.54809],[121.71114,-2.54682],[121.71039,-2.54415],[121.7093,-2.54317],[121.70607,-2.5367],[121.70351,-2.5329],[121.71076,-2.53191],[121.71426,-2.53089],[121.72372,-2.52994],[121.72731,-2.52898],[121.7299,-2.52772],[121.73411,-2.52192],[121.73446,-2.52118],[121.73355,-2.51891],[121.73393,-2.5174],[121.73202,-2.51622],[121.7318,-2.51461],[121.72997,-2.51351],[121.72983,-2.51278],[121.72896,-2.51215],[121.72872,-2.5111],[121.72781,-2.5103],[121.72764,-2.50912],[121.72635,-2.50873],[121.72384,-2.50686],[121.72304,-2.50705],[121.7211,-2.50565],[121.7208,-2.50263],[121.72123,-2.50158],[121.72033,-2.50142],[121.72014,-2.50072],[121.72086,-2.4998],[121.72222,-2.49905],[121.72241,-2.49702],[121.72314,-2.4962],[121.72247,-2.49482],[121.72272,-2.49408],[121.72339,-2.49363],[121.72347,-2.49237],[121.72249,-2.4897],[121.72122,-2.48957],[121.72173,-2.48814],[121.71944,-2.48785],[121.71986,-2.48603],[121.71841,-2.48475],[121.71815,-2.48354],[121.71667,-2.48152],[121.71658,-2.48088],[121.71809,-2.47996],[121.71886,-2.47774],[121.72028,-2.47717],[121.72102,-2.47564],[121.72126,-2.47374],[121.72364,-2.47361],[121.72291,-2.47213],[121.72303,-2.47128],[121.7254,-2.47091],[121.72743,-2.46986],[121.72859,-2.47033],[121.72943,-2.46974],[121.73118,-2.47021],[121.7328,-2.46958],[121.73407,-2.46998],[121.73516,-2.46781],[121.73448,-2.46618],[121.73268,-2.46551],[121.73228,-2.46344],[121.73101,-2.46193],[121.73076,-2.46019],[121.72876,-2.45828],[121.72633,-2.45787],[121.72567,-2.45742],[121.72605,-2.45575],[121.72513,-2.45466],[121.72337,-2.45357],[121.72049,-2.45271],[121.72064,-2.45113],[121.7198,-2.45079],[121.71866,-2.4508],[121.71843,-2.45327],[121.71777,-2.45351],[121.71614,-2.45138],[121.71602,-2.44962],[121.71517,-2.44841],[121.71397,-2.4483],[121.71315,-2.44934],[121.71257,-2.4495],[121.71224,-2.44728],[121.70801,-2.44617],[121.70765,-2.44543],[121.7079,-2.44242],[121.70646,-2.44146],[121.70617,-2.43926],[121.7047,-2.4384],[121.70541,-2.43711],[121.70744,-2.43605],[121.70752,-2.43526],[121.70701,-2.43429],[121.70978,-2.43412],[121.71005,-2.4338],[121.7099,-2.43322],[121.7082,-2.43155],[121.70961,-2.43035],[121.70973,-2.42913],[121.70926,-2.42872],[121.70746,-2.42877],[121.7073,-2.42806],[121.70813,-2.4275],[121.7081,-2.42705],[121.70619,-2.42781],[121.706,-2.42674],[121.70652,-2.4262],[121.71149,-2.4245],[121.71267,-2.42307],[121.71263,-2.42218],[121.71167,-2.42203],[121.71128,-2.42291],[121.71045,-2.42347],[121.70912,-2.42359],[121.70877,-2.42316],[121.71056,-2.42147],[121.71112,-2.42006],[121.71118,-2.41947],[121.71052,-2.4189],[121.71054,-2.41837],[121.71273,-2.41801],[121.71186,-2.41685],[121.71066,-2.41669],[121.70997,-2.41253],[121.71126,-2.4111],[121.71261,-2.40865],[121.71352,-2.40349],[121.71427,-2.39489],[121.71292,-2.39055],[121.71172,-2.3897],[121.71077,-2.38749],[121.70963,-2.3867],[121.70918,-2.38466],[121.7084,-2.3839],[121.70773,-2.38199],[121.70673,-2.38179],[121.70692,-2.38051],[121.70641,-2.37906],[121.70608,-2.37873],[121.70497,-2.37876],[121.70468,-2.37777],[121.70726,-2.37345],[121.70884,-2.36554],[121.7114,-2.35676],[121.71114,-2.35418],[121.70982,-2.35069],[121.71071,-2.34778],[121.71191,-2.34569],[121.71111,-2.34461],[121.71096,-2.34351],[121.71043,-2.34312],[121.71009,-2.34098],[121.71003,-2.33876],[121.71175,-2.33827],[121.71199,-2.33767],[121.71186,-2.33619],[121.71122,-2.33551],[121.71045,-2.33206],[121.71523,-2.32356],[121.71593,-2.32301],[121.716,-2.32115],[121.7169,-2.32038],[121.71736,-2.31544],[121.72032,-2.31239],[121.72072,-2.31129],[121.72046,-2.30997],[121.72159,-2.30815],[121.72033,-2.30618],[121.72079,-2.30414],[121.72053,-2.30329],[121.7213,-2.30332],[121.72163,-2.30225],[121.72163,-2.29965],[121.72067,-2.29952],[121.71889,-2.29822],[121.71882,-2.29712],[121.71787,-2.29643],[121.71812,-2.29606],[121.71784,-2.29534],[121.7169,-2.29545],[121.71614,-2.29411],[121.71537,-2.29392],[121.7151,-2.29308],[121.71532,-2.29143],[121.71608,-2.2911],[121.71688,-2.28975],[121.71719,-2.29114],[121.7194,-2.29038],[121.71974,-2.28904],[121.72026,-2.28865],[121.71987,-2.28763],[121.72099,-2.28755],[121.72219,-2.28657],[121.72429,-2.28693],[121.72525,-2.28596],[121.72491,-2.28514],[121.72377,-2.2852],[121.72347,-2.28453],[121.72197,-2.28441],[121.72121,-2.28382],[121.72218,-2.28314],[121.72161,-2.28261],[121.72084,-2.28272],[121.72025,-2.28113],[121.72161,-2.28175],[121.72228,-2.28121],[121.72143,-2.2807],[121.72076,-2.27947],[121.7207,-2.27876],[121.72168,-2.27872],[121.7216,-2.27754],[121.72022,-2.27496],[121.72054,-2.27465],[121.72177,-2.27518],[121.72207,-2.27494],[121.72269,-2.27342],[121.72173,-2.27251],[121.72236,-2.27125],[121.72305,-2.27139],[121.72318,-2.27224],[121.72398,-2.2717],[121.72304,-2.27052],[121.72436,-2.27027],[121.72391,-2.268],[121.72454,-2.2675],[121.72438,-2.26375],[121.72511,-2.26386],[121.72538,-2.26354],[121.72443,-2.26095],[121.72573,-2.26141],[121.72682,-2.26072],[121.72683,-2.25988],[121.72537,-2.25899],[121.72519,-2.25824],[121.72636,-2.25817],[121.72658,-2.25707],[121.7259,-2.25699],[121.72591,-2.25664],[121.72813,-2.25584],[121.72845,-2.2552],[121.72825,-2.25425],[121.73122,-2.2528],[121.73194,-2.25126],[121.73234,-2.25151],[121.73269,-2.25096],[121.73481,-2.25071],[121.73614,-2.25146],[121.74019,-2.25263],[121.7466,-2.25328],[121.7499,-2.25279],[121.7521,-2.25019],[121.75122,-2.24812],[121.75154,-2.24668],[121.75306,-2.24635],[121.75427,-2.24495],[121.75598,-2.24445],[121.7564,-2.24685],[121.75618,-2.24331],[121.75679,-2.24705],[121.75807,-2.24984],[121.75895,-2.25087],[121.76518,-2.25358],[121.76591,-2.25433],[121.7672,-2.25446],[121.76764,-2.25498],[121.77016,-2.25474],[121.77229,-2.25501],[121.77295,-2.25631],[121.77398,-2.25702],[121.77467,-2.25925],[121.77667,-2.26185],[121.77821,-2.27055],[121.78006,-2.27146],[121.78132,-2.27275],[121.7828,-2.27305],[121.7834,-2.27359],[121.78492,-2.27671],[121.78732,-2.27764],[121.79025,-2.28185],[121.79196,-2.28307],[121.79451,-2.28687],[121.79622,-2.28864],[121.79931,-2.29001],[121.80192,-2.28948],[121.80465,-2.29052],[121.80702,-2.29092],[121.80807,-2.29166],[121.80871,-2.29131],[121.81178,-2.29139],[121.81355,-2.2919],[121.81844,-2.29126],[121.82034,-2.29209],[121.82168,-2.29347],[121.82482,-2.29369],[121.82539,-2.29458],[121.82563,-2.29762],[121.82706,-2.29895],[121.82799,-2.30052],[121.82812,-2.30219],[121.82866,-2.30317],[121.82875,-2.30545],[121.82973,-2.3062],[121.83079,-2.30912],[121.8321,-2.31034],[121.83236,-2.31421],[121.83286,-2.31575],[121.8347,-2.31783],[121.8345,-2.32356],[121.83492,-2.32472],[121.83613,-2.32564],[121.83678,-2.32697],[121.83757,-2.3339],[121.83983,-2.33572],[121.84006,-2.34115],[121.84101,-2.34726],[121.84379,-2.34944],[121.84729,-2.35099],[121.84857,-2.35245],[121.85241,-2.35289],[121.85475,-2.35477],[121.85607,-2.35856],[121.85678,-2.36297],[121.86001,-2.36593],[121.86054,-2.3675],[121.86381,-2.36997],[121.86486,-2.37184],[121.8649,-2.37367],[121.86532,-2.37466],[121.8669,-2.3756],[121.8689,-2.37836],[121.87098,-2.38351],[121.87034,-2.38638],[121.87051,-2.39094],[121.87131,-2.39182],[121.87374,-2.39274],[121.87509,-2.3938],[121.87601,-2.39347],[121.87608,-2.39452],[121.87542,-2.39609],[121.87483,-2.40014],[121.87494,-2.40226],[121.8761,-2.40496],[121.87722,-2.40714],[121.87733,-2.40605],[121.87765,-2.40604],[121.88132,-2.40796],[121.8821,-2.4091]]]]}},{"type":"Feature","properties":{"NAMOBJ":"Bumi Raya","KODE_KAB":7206},"geometry":{"type":"MultiPolygon","coordinates":[[[[121.64413,-2.18969],[121.64407,-2.18976],[121.64415,-2.18954],[121.64421,-2.18915],[121.64422,-2.1888],[121.64425,-2.18846],[121.64432,-2.18806],[121.64446,-2.1881],[121.64438,-2.18861],[121.64438,-2.18891],[121.64436,-2.18917],[121.64428,-2.18943],[121.64413,-2.18969]]],[[[121.68108,-2.17683],[121.68373,-2.18024],[121.68529,-2.18411],[121.68688,-2.18548],[121.68898,-2.18876],[121.69116,-2.18899],[121.69368,-2.19089],[121.69603,-2.19177],[121.69853,-2.19121],[121.70164,-2.18951],[121.70429,-2.18862],[121.70501,-2.18872],[121.70732,-2.18995],[121.71123,-2.19479],[121.71757,-2.19528],[121.72267,-2.19774],[121.72512,-2.20027],[121.72662,-2.20277],[121.72797,-2.20696],[121.72933,-2.2143],[121.73033,-2.2163],[121.73163,-2.21702],[121.73427,-2.21976],[121.73668,-2.21999],[121.73986,-2.22191],[121.7416,-2.22418],[121.74231,-2.22613],[121.74278,-2.23004],[121.7442,-2.23318],[121.74455,-2.23314],[121.7496,-2.23883],[121.75124,-2.2392],[121.75139,-2.23874],[121.75369,-2.23892],[121.75491,-2.23975],[121.75582,-2.24233],[121.75598,-2.24445],[121.75427,-2.24495],[121.75306,-2.24635],[121.75154,-2.24668],[121.75122,-2.24812],[121.7521,-2.25019],[121.7499,-2.25279],[121.7466,-2.25328],[121.74181,-2.25282],[121.73614,-2.25146],[121.73481,-2.25071],[121.7327,-2.25096],[121.73234,-2.25151],[121.73201,-2.25124],[121.73167,-2.25155],[121.73122,-2.2528],[121.72825,-2.25425],[121.72845,-2.2552],[121.72813,-2.25584],[121.72608,-2.2564],[121.7259,-2.25699],[121.7266,-2.25716],[121.72636,-2.25817],[121.72521,-2.2582],[121.72537,-2.25899],[121.72683,-2.25988],[121.72687,-2.26063],[121.72583,-2.2614],[121.72443,-2.26095],[121.72538,-2.26354],[121.72511,-2.26386],[121.72438,-2.26375],[121.72454,-2.2675],[121.72391,-2.268],[121.72436,-2.27027],[121.72304,-2.27052],[121.72398,-2.2717],[121.72318,-2.27224],[121.72305,-2.27139],[121.72236,-2.27125],[121.72173,-2.27251],[121.72269,-2.27342],[121.72207,-2.27494],[121.72177,-2.27518],[121.72054,-2.27465],[121.72022,-2.27496],[121.7216,-2.27754],[121.72168,-2.27872],[121.7207,-2.27876],[121.72076,-2.27947],[121.72143,-2.2807],[121.72228,-2.28121],[121.72161,-2.28175],[121.72051,-2.28104],[121.72022,-2.28134],[121.72084,-2.28272],[121.72161,-2.28261],[121.72218,-2.28314],[121.72128,-2.28363],[121.7215,-2.28412],[121.72337,-2.28448],[121.72382,-2.28522],[121.72491,-2.28514],[121.72525,-2.28596],[121.72429,-2.28693],[121.72219,-2.28657],[121.72099,-2.28755],[121.71987,-2.28763],[121.72026,-2.28865],[121.71974,-2.28904],[121.71947,-2.2903],[121.71719,-2.29114],[121.71688,-2.28975],[121.71608,-2.2911],[121.71535,-2.29138],[121.7151,-2.29305],[121.71533,-2.29387],[121.71614,-2.29411],[121.7169,-2.29545],[121.71784,-2.29534],[121.71812,-2.29606],[121.71787,-2.29643],[121.71882,-2.29712],[121.71886,-2.2982],[121.72067,-2.29952],[121.72163,-2.29965],[121.72163,-2.30225],[121.7213,-2.30332],[121.72053,-2.30329],[121.72079,-2.30414],[121.72033,-2.30618],[121.72159,-2.30815],[121.72046,-2.30997],[121.72072,-2.31129],[121.72032,-2.31239],[121.71736,-2.31544],[121.7169,-2.32038],[121.716,-2.32115],[121.71593,-2.32301],[121.71523,-2.32356],[121.71045,-2.33206],[121.71122,-2.33551],[121.71186,-2.33619],[121.71199,-2.33767],[121.71175,-2.33827],[121.71003,-2.33876],[121.71009,-2.34098],[121.71043,-2.34312],[121.71096,-2.34351],[121.71111,-2.34461],[121.71191,-2.34569],[121.71071,-2.34778],[121.70982,-2.35069],[121.71114,-2.35418],[121.7114,-2.35676],[121.70884,-2.36554],[121.70726,-2.37345],[121.70468,-2.37777],[121.70497,-2.37876],[121.70608,-2.37873],[121.70641,-2.37906],[121.70692,-2.38051],[121.70673,-2.38179],[121.70773,-2.38199],[121.7084,-2.3839],[121.70918,-2.38466],[121.70963,-2.3867],[121.71077,-2.38749],[121.71172,-2.3897],[121.71292,-2.39055],[121.71427,-2.39489],[121.71352,-2.40349],[121.71261,-2.40865],[121.71126,-2.4111],[121.70997,-2.41253],[121.71066,-2.41669],[121.71186,-2.41685],[121.71273,-2.41801],[121.71054,-2.41837],[121.71052,-2.4189],[121.71118,-2.41947],[121.71112,-2.42006],[121.71056,-2.42147],[121.70877,-2.42316],[121.70912,-2.42359],[121.71045,-2.42347],[121.71128,-2.42291],[121.71167,-2.42203],[121.71263,-2.42218],[121.71267,-2.42307],[121.71149,-2.4245],[121.70652,-2.4262],[121.706,-2.42674],[121.70619,-2.42781],[121.7081,-2.42705],[121.70813,-2.4275],[121.7073,-2.42806],[121.70746,-2.42877],[121.70926,-2.42872],[121.70973,-2.42913],[121.70961,-2.43035],[121.7082,-2.43155],[121.7099,-2.43322],[121.71005,-2.4338],[121.70978,-2.43412],[121.70701,-2.43429],[121.70752,-2.43526],[121.70744,-2.43605],[121.70556,-2.43698],[121.70466,-2.43822],[121.70635,-2.43952],[121.70646,-2.44146],[121.7079,-2.44242],[121.70765,-2.44543],[121.70801,-2.44617],[121.71224,-2.44728],[121.71257,-2.4495],[121.71315,-2.44934],[121.71397,-2.4483],[121.71517,-2.44841],[121.71602,-2.44962],[121.71614,-2.45138],[121.71777,-2.45351],[121.71843,-2.45327],[121.71866,-2.4508],[121.72054,-2.45102],[121.72049,-2.45271],[121.72372,-2.45373],[121.72588,-2.45542],[121.72602,-2.45612],[121.72557,-2.45702],[121.72588,-2.45767],[121.72876,-2.45828],[121.73076,-2.46019],[121.73101,-2.46193],[121.73228,-2.46344],[121.73268,-2.46551],[121.73431,-2.46606],[121.73488,-2.46685],[121.7351,-2.46833],[121.73407,-2.46998],[121.7328,-2.46958],[121.73118,-2.47021],[121.72943,-2.46974],[121.72859,-2.47033],[121.72743,-2.46986],[121.7254,-2.47091],[121.72303,-2.47128],[121.72291,-2.47213],[121.72364,-2.47361],[121.72126,-2.47374],[121.72102,-2.47564],[121.72028,-2.47717],[121.71886,-2.47774],[121.71809,-2.47996],[121.71658,-2.48088],[121.71667,-2.48152],[121.71815,-2.48354],[121.71841,-2.48475],[121.71986,-2.48603],[121.71944,-2.48785],[121.72173,-2.48814],[121.72122,-2.48957],[121.72249,-2.4897],[121.72347,-2.49237],[121.72339,-2.49363],[121.72272,-2.49408],[121.72247,-2.49482],[121.72314,-2.4962],[121.72241,-2.49702],[121.72222,-2.49905],[121.72086,-2.4998],[121.72014,-2.50072],[121.72033,-2.50142],[121.72123,-2.50158],[121.7208,-2.50263],[121.7211,-2.50565],[121.72304,-2.50705],[121.72384,-2.50686],[121.72635,-2.50873],[121.72764,-2.50912],[121.72781,-2.5103],[121.72872,-2.5111],[121.72896,-2.51215],[121.72983,-2.51278],[121.72997,-2.51351],[121.7318,-2.51461],[121.73202,-2.51622],[121.73393,-2.5174],[121.73355,-2.51891],[121.73446,-2.52118],[121.73232,-2.52471],[121.7299,-2.52772],[121.72731,-2.52898],[121.72372,-2.52994],[121.71426,-2.53089],[121.71076,-2.53191],[121.70351,-2.5329],[121.70146,-2.52954],[121.70119,-2.52767],[121.69977,-2.52564],[121.69733,-2.52701],[121.69256,-2.52764],[121.69112,-2.5286],[121.68928,-2.52879],[121.68727,-2.53056],[121.68585,-2.53314],[121.68334,-2.5329],[121.68163,-2.53116],[121.67981,-2.53132],[121.67838,-2.53068],[121.67632,-2.5313],[121.67199,-2.53092],[121.66986,-2.53255],[121.66941,-2.53419],[121.66676,-2.53427],[121.66466,-2.53387],[121.65812,-2.53513],[121.65713,-2.53445],[121.6563,-2.53299],[121.65494,-2.53269],[121.65159,-2.53044],[121.65143,-2.52955],[121.6491,-2.52932],[121.64906,-2.52679],[121.64799,-2.52615],[121.64739,-2.52466],[121.64859,-2.52394],[121.64905,-2.52319],[121.64882,-2.52025],[121.64769,-2.51741],[121.64616,-2.51644],[121.6456,-2.51475],[121.64491,-2.514],[121.64478,-2.51329],[121.64558,-2.51172],[121.64413,-2.50754],[121.64155,-2.50608],[121.64138,-2.50323],[121.63543,-2.49429],[121.63281,-2.49221],[121.6292,-2.49044],[121.62597,-2.48986],[121.62115,-2.48726],[121.61747,-2.48578],[121.61205,-2.48481],[121.60596,-2.48573],[121.5931,-2.49043],[121.58634,-2.49171],[121.58259,-2.49043],[121.58131,-2.48936],[121.57776,-2.49037],[121.57617,-2.48919],[121.57366,-2.48894],[121.57256,-2.4901],[121.57094,-2.49094],[121.56727,-2.49104],[121.56683,-2.49149],[121.56496,-2.49169],[121.56074,-2.49145],[121.55945,-2.49085],[121.55867,-2.48997],[121.55751,-2.48602],[121.55597,-2.48374],[121.5504,-2.4806],[121.54902,-2.47931],[121.54763,-2.47661],[121.5482,-2.47208],[121.55422,-2.46562],[121.56059,-2.45664],[121.56704,-2.44579],[121.57572,-2.42838],[121.57746,-2.42407],[121.57898,-2.41878],[121.58228,-2.39711],[121.58391,-2.38796],[121.58453,-2.38682],[121.58597,-2.38495],[121.58785,-2.38511],[121.58872,-2.38476],[121.59132,-2.38571],[121.59429,-2.38542],[121.59723,-2.38447],[121.59777,-2.38344],[121.60072,-2.38133],[121.60341,-2.38182],[121.60635,-2.37982],[121.60833,-2.37979],[121.60972,-2.37775],[121.61104,-2.37766],[121.61216,-2.37607],[121.61196,-2.37331],[121.61327,-2.37357],[121.61383,-2.3733],[121.61357,-2.36905],[121.615,-2.36739],[121.6153,-2.36537],[121.61383,-2.36014],[121.61412,-2.35969],[121.61575,-2.35947],[121.61579,-2.35884],[121.61317,-2.35717],[121.61275,-2.35539],[121.59819,-2.34034],[121.59762,-2.33914],[121.59711,-2.33448],[121.59885,-2.3323],[121.59851,-2.33158],[121.5975,-2.33091],[121.59631,-2.3288],[121.59655,-2.32649],[121.5957,-2.32493],[121.59609,-2.32345],[121.59586,-2.32202],[121.59656,-2.32095],[121.59612,-2.31855],[121.59632,-2.31689],[121.59468,-2.31434],[121.59458,-2.31313],[121.59376,-2.31174],[121.59232,-2.31136],[121.59247,-2.30573],[121.59189,-2.30385],[121.59295,-2.30164],[121.59204,-2.30034],[121.59215,-2.29923],[121.59311,-2.29865],[121.59474,-2.29916],[121.59467,-2.29825],[121.59359,-2.29686],[121.59385,-2.29478],[121.59615,-2.29451],[121.59553,-2.29362],[121.59682,-2.29331],[121.59574,-2.29156],[121.59521,-2.2897],[121.59615,-2.29082],[121.59746,-2.28976],[121.59868,-2.28942],[121.59881,-2.28717],[121.59999,-2.28684],[121.6005,-2.28625],[121.60192,-2.28695],[121.60275,-2.28623],[121.60494,-2.28643],[121.60661,-2.28813],[121.60845,-2.28672],[121.60972,-2.28298],[121.60936,-2.28188],[121.61278,-2.27726],[121.61304,-2.27599],[121.6137,-2.27547],[121.6148,-2.27557],[121.6159,-2.27451],[121.61683,-2.27442],[121.61695,-2.27385],[121.61804,-2.27383],[121.61838,-2.27126],[121.61775,-2.27085],[121.6185,-2.26994],[121.61783,-2.26887],[121.61815,-2.26827],[121.61765,-2.26627],[121.61816,-2.26557],[121.61724,-2.26349],[121.61872,-2.25848],[121.61971,-2.25786],[121.61986,-2.25734],[121.64623,-2.26152],[121.64551,-2.26631],[121.66733,-2.26933],[121.66716,-2.26832],[121.66521,-2.26609],[121.66316,-2.26438],[121.66163,-2.2638],[121.66172,-2.26237],[121.6626,-2.26079],[121.66491,-2.26123],[121.66601,-2.26045],[121.6672,-2.2603],[121.66733,-2.25959],[121.66649,-2.25848],[121.66906,-2.25796],[121.67106,-2.25025],[121.67267,-2.2475],[121.67301,-2.24351],[121.67439,-2.24189],[121.67451,-2.24107],[121.67395,-2.24048],[121.67333,-2.24043],[121.67267,-2.24093],[121.67205,-2.24236],[121.67035,-2.24262],[121.67,-2.24161],[121.67118,-2.23975],[121.67092,-2.23797],[121.67154,-2.23718],[121.67118,-2.23666],[121.66949,-2.23616],[121.66837,-2.23733],[121.66738,-2.23749],[121.6667,-2.23619],[121.66396,-2.23384],[121.65094,-2.2298],[121.65175,-2.22566],[121.64937,-2.22169],[121.64655,-2.20854],[121.6427,-2.20444],[121.6413,-2.20185],[121.64148,-2.20096],[121.64292,-2.20085],[121.64459,-2.19943],[121.64503,-2.19858],[121.64441,-2.19821],[121.6425,-2.19876],[121.64132,-2.19843],[121.64126,-2.19761],[121.64226,-2.19684],[121.64262,-2.19523],[121.64193,-2.19419],[121.64171,-2.19223],[121.63978,-2.19232],[121.6392,-2.1905],[121.63968,-2.19027],[121.6419,-2.19074],[121.64425,-2.19005],[121.64479,-2.1882],[121.6466,-2.18777],[121.64846,-2.18585],[121.64922,-2.18632],[121.64922,-2.18548],[121.64979,-2.1848],[121.6504,-2.1855],[121.65274,-2.18552],[121.6539,-2.18608],[121.65543,-2.186],[121.65588,-2.18632],[121.65726,-2.1861],[121.65801,-2.18501],[121.6585,-2.18318],[121.65924,-2.18306],[121.65985,-2.18555],[121.66381,-2.19003],[121.66553,-2.19094],[121.66428,-2.18969],[121.66525,-2.18921],[121.6657,-2.18824],[121.66532,-2.18811],[121.66422,-2.18921],[121.66345,-2.18891],[121.66248,-2.18778],[121.66199,-2.18642],[121.6621,-2.18495],[121.66413,-2.18512],[121.66454,-2.18578],[121.66519,-2.18586],[121.66755,-2.18581],[121.67144,-2.18491],[121.67518,-2.18263],[121.6768,-2.18086],[121.67967,-2.17995],[121.6797,-2.17727],[121.67938,-2.17703],[121.67918,-2.17731],[121.67699,-2.17577],[121.67597,-2.17223],[121.67866,-2.17351],[121.68108,-2.17683]]]]}},{"type":"Feature","properties":{"NAMOBJ":"Wita Ponda","KODE_KAB":7206},"geometry":{"type":"MultiPolygon","coordinates":[[[[121.54225,-2.15159],[121.54237,-2.15173],[121.54231,-2.1517],[121.54213,-2.15159],[121.54195,-2.15148],[121.54183,-2.15139],[121.54167,-2.15125],[121.54157,-2.15113],[121.54146,-2.151],[121.54137,-2.15089],[121.5413,-2.1508],[121.54126,-2.15074],[121.54122,-2.15067],[121.54119,-2.15061],[121.54117,-2.15052],[121.54116,-2.15044],[121.54116,-2.15031],[121.54117,-2.15029],[121.54128,-2.15023],[121.54128,-2.15035],[121.54128,-2.15057],[121.54136,-2.15078],[121.54157,-2.15112],[121.54168,-2.15123],[121.54178,-2.15132],[121.54206,-2.15146],[121.54225,-2.15159]]],[[[121.54465,-2.15055],[121.54793,-2.16007],[121.55011,-2.16459],[121.55146,-2.16613],[121.55102,-2.16726],[121.55051,-2.16755],[121.55112,-2.16765],[121.55628,-2.17223],[121.56151,-2.17525],[121.56251,-2.17523],[121.56334,-2.17427],[121.56567,-2.17328],[121.56566,-2.17408],[121.56482,-2.17553],[121.56494,-2.17639],[121.56519,-2.1755],[121.56543,-2.17595],[121.56714,-2.1756],[121.56825,-2.17435],[121.56997,-2.17367],[121.57002,-2.17583],[121.56769,-2.17844],[121.56863,-2.17925],[121.5689,-2.18296],[121.56925,-2.18326],[121.56929,-2.17925],[121.56865,-2.17819],[121.56917,-2.17804],[121.56996,-2.17665],[121.57036,-2.1768],[121.57055,-2.17754],[121.5712,-2.17778],[121.57323,-2.17607],[121.57529,-2.17539],[121.57662,-2.17592],[121.57747,-2.17552],[121.57993,-2.17664],[121.58162,-2.17779],[121.58214,-2.17884],[121.58381,-2.17911],[121.58363,-2.17969],[121.58398,-2.18004],[121.58496,-2.18014],[121.58807,-2.17931],[121.58936,-2.17986],[121.59183,-2.17966],[121.59645,-2.18243],[121.59821,-2.18283],[121.59911,-2.18269],[121.59945,-2.18223],[121.60002,-2.1824],[121.60561,-2.1862],[121.61114,-2.18736],[121.61554,-2.18744],[121.61507,-2.18688],[121.61572,-2.18727],[121.61691,-2.18541],[121.61794,-2.18536],[121.6192,-2.18459],[121.61961,-2.18488],[121.62135,-2.18477],[121.62207,-2.18539],[121.62442,-2.18515],[121.62477,-2.18551],[121.62563,-2.18525],[121.62709,-2.1855],[121.63074,-2.18419],[121.6318,-2.18522],[121.64176,-2.18536],[121.64308,-2.18573],[121.64299,-2.18429],[121.64371,-2.18417],[121.64425,-2.18576],[121.64407,-2.18976],[121.64281,-2.19056],[121.64134,-2.19074],[121.63968,-2.19027],[121.6392,-2.19083],[121.63978,-2.19232],[121.64131,-2.19213],[121.64187,-2.19249],[121.64193,-2.19419],[121.64264,-2.19582],[121.64226,-2.19684],[121.64126,-2.19761],[121.64132,-2.19843],[121.6425,-2.19876],[121.64441,-2.19821],[121.64503,-2.19858],[121.64459,-2.19943],[121.64292,-2.20085],[121.64148,-2.20096],[121.6413,-2.20185],[121.6427,-2.20444],[121.64655,-2.20854],[121.64937,-2.22169],[121.65175,-2.22566],[121.65094,-2.2298],[121.66396,-2.23384],[121.6667,-2.23619],[121.66738,-2.23749],[121.66837,-2.23733],[121.66949,-2.23616],[121.67118,-2.23666],[121.67154,-2.23718],[121.67092,-2.23797],[121.67118,-2.23975],[121.67,-2.24161],[121.67035,-2.24262],[121.67205,-2.24236],[121.67267,-2.24093],[121.67333,-2.24043],[121.67439,-2.24078],[121.67452,-2.24132],[121.67301,-2.24351],[121.67267,-2.2475],[121.67106,-2.25025],[121.66906,-2.25796],[121.66649,-2.25848],[121.66733,-2.25959],[121.6672,-2.2603],[121.66601,-2.26045],[121.66491,-2.26123],[121.6626,-2.26079],[121.66172,-2.26237],[121.66163,-2.2638],[121.66316,-2.26438],[121.66521,-2.26609],[121.66716,-2.26832],[121.66733,-2.26933],[121.64551,-2.26631],[121.64623,-2.26152],[121.61986,-2.25734],[121.61971,-2.25786],[121.61872,-2.25848],[121.61724,-2.26349],[121.61816,-2.26557],[121.61765,-2.26627],[121.61815,-2.26827],[121.61783,-2.26887],[121.6185,-2.26994],[121.61775,-2.27085],[121.61838,-2.27126],[121.61804,-2.27383],[121.61695,-2.27385],[121.61683,-2.27442],[121.6159,-2.27451],[121.6148,-2.27557],[121.6137,-2.27547],[121.61304,-2.27599],[121.61278,-2.27726],[121.60936,-2.28188],[121.60972,-2.28298],[121.60845,-2.28672],[121.60661,-2.28813],[121.60494,-2.28643],[121.60275,-2.28623],[121.60192,-2.28695],[121.6005,-2.28625],[121.59999,-2.28684],[121.59881,-2.28717],[121.59868,-2.28942],[121.59746,-2.28976],[121.59615,-2.29082],[121.59553,-2.28969],[121.59518,-2.28975],[121.59574,-2.29156],[121.59682,-2.29331],[121.59553,-2.29362],[121.59615,-2.29451],[121.59385,-2.29478],[121.59359,-2.29686],[121.59467,-2.29825],[121.59474,-2.29916],[121.59311,-2.29865],[121.59215,-2.29923],[121.59204,-2.30034],[121.59295,-2.30164],[121.59189,-2.30385],[121.59247,-2.30573],[121.59232,-2.31136],[121.59376,-2.31174],[121.59458,-2.31313],[121.59468,-2.31434],[121.59632,-2.31689],[121.59612,-2.31855],[121.59656,-2.32095],[121.59586,-2.32202],[121.59609,-2.32345],[121.5957,-2.32493],[121.59655,-2.32649],[121.59631,-2.3288],[121.5975,-2.33091],[121.59851,-2.33158],[121.59885,-2.3323],[121.59711,-2.33448],[121.59762,-2.33914],[121.59819,-2.34034],[121.61275,-2.35539],[121.61317,-2.35717],[121.61579,-2.35884],[121.61575,-2.35947],[121.61412,-2.35969],[121.61383,-2.36014],[121.6153,-2.36537],[121.615,-2.36739],[121.61357,-2.36905],[121.61383,-2.3733],[121.61327,-2.37357],[121.61196,-2.37331],[121.61216,-2.37607],[121.61104,-2.37766],[121.60972,-2.37775],[121.60833,-2.37979],[121.60635,-2.37982],[121.60341,-2.38182],[121.60072,-2.38133],[121.59777,-2.38344],[121.59723,-2.38447],[121.59429,-2.38542],[121.59132,-2.38571],[121.58872,-2.38476],[121.58785,-2.38511],[121.58597,-2.38495],[121.58476,-2.38648],[121.58391,-2.38796],[121.57898,-2.41878],[121.57746,-2.42407],[121.57572,-2.42838],[121.56704,-2.44579],[121.56059,-2.45664],[121.55422,-2.46562],[121.5482,-2.47208],[121.54767,-2.47165],[121.54595,-2.47172],[121.54472,-2.47095],[121.54107,-2.47007],[121.53892,-2.46901],[121.53676,-2.46689],[121.53593,-2.4671],[121.53575,-2.46812],[121.53543,-2.46761],[121.53472,-2.46769],[121.5344,-2.4673],[121.53349,-2.46753],[121.53107,-2.46699],[121.53082,-2.4655],[121.53,-2.46407],[121.52926,-2.46378],[121.52896,-2.46215],[121.52804,-2.46157],[121.52627,-2.46137],[121.5247,-2.46013],[121.52276,-2.46112],[121.52145,-2.46072],[121.52141,-2.45972],[121.52108,-2.45952],[121.51809,-2.45929],[121.51596,-2.45991],[121.51519,-2.45767],[121.51284,-2.45425],[121.50842,-2.45213],[121.50701,-2.4505],[121.50628,-2.45035],[121.50569,-2.45073],[121.50499,-2.45218],[121.50128,-2.4525],[121.50042,-2.45158],[121.4989,-2.44758],[121.49763,-2.44639],[121.49728,-2.44386],[121.4957,-2.44149],[121.49465,-2.43745],[121.4929,-2.43355],[121.49314,-2.43243],[121.49272,-2.43131],[121.49205,-2.43048],[121.4892,-2.4291],[121.48724,-2.42759],[121.48672,-2.4269],[121.48619,-2.42384],[121.4847,-2.4211],[121.48389,-2.42044],[121.48014,-2.41942],[121.4785,-2.42003],[121.47787,-2.42099],[121.47494,-2.42294],[121.47244,-2.42272],[121.47098,-2.42146],[121.46878,-2.41539],[121.46788,-2.41494],[121.46302,-2.41671],[121.45993,-2.41736],[121.45732,-2.41736],[121.45159,-2.41343],[121.44725,-2.41106],[121.44375,-2.40751],[121.44215,-2.40505],[121.44304,-2.40401],[121.44209,-2.40004],[121.44306,-2.39715],[121.44222,-2.39553],[121.44073,-2.3951],[121.43885,-2.3962],[121.43802,-2.39606],[121.43822,-2.39537],[121.44025,-2.39371],[121.44707,-2.39102],[121.44827,-2.38976],[121.44745,-2.38518],[121.44815,-2.38256],[121.44877,-2.37557],[121.44987,-2.37096],[121.45027,-2.37042],[121.45322,-2.37116],[121.454,-2.37108],[121.45437,-2.37062],[121.45464,-2.37002],[121.45441,-2.36809],[121.45591,-2.3666],[121.45636,-2.36425],[121.4573,-2.36294],[121.45683,-2.36174],[121.45695,-2.36087],[121.45837,-2.35894],[121.4582,-2.35817],[121.45684,-2.35772],[121.45652,-2.35691],[121.45968,-2.34811],[121.4607,-2.34647],[121.46057,-2.34602],[121.45806,-2.34471],[121.458,-2.34424],[121.46003,-2.33826],[121.45966,-2.33478],[121.46237,-2.33281],[121.46133,-2.32832],[121.46181,-2.32608],[121.4611,-2.32447],[121.46102,-2.32285],[121.46221,-2.32091],[121.46285,-2.31866],[121.46378,-2.31704],[121.46651,-2.31631],[121.46777,-2.31504],[121.46747,-2.31185],[121.46839,-2.31002],[121.46813,-2.30928],[121.46252,-2.30828],[121.46218,-2.30658],[121.46041,-2.30357],[121.46045,-2.30269],[121.4608,-2.30218],[121.46282,-2.30243],[121.46339,-2.30216],[121.46365,-2.29878],[121.46515,-2.2957],[121.46763,-2.2942],[121.46845,-2.29231],[121.46982,-2.29163],[121.47291,-2.29111],[121.47363,-2.29057],[121.47317,-2.28617],[121.47378,-2.2821],[121.47673,-2.27802],[121.47874,-2.27377],[121.47877,-2.26242],[121.49094,-2.25503],[121.492,-2.25363],[121.49263,-2.25172],[121.49217,-2.24973],[121.49265,-2.24707],[121.49345,-2.24573],[121.49131,-2.24355],[121.4913,-2.23969],[121.48953,-2.23753],[121.48879,-2.23453],[121.48792,-2.23332],[121.48797,-2.22567],[121.48654,-2.22361],[121.48667,-2.22116],[121.48578,-2.21477],[121.48795,-2.21302],[121.48857,-2.21149],[121.48949,-2.21097],[121.48902,-2.20959],[121.48925,-2.20878],[121.4902,-2.20822],[121.49339,-2.20782],[121.49449,-2.20717],[121.49483,-2.20272],[121.49396,-2.20068],[121.49389,-2.19908],[121.4952,-2.1959],[121.49545,-2.19389],[121.49625,-2.19277],[121.49667,-2.19119],[121.49693,-2.18906],[121.49655,-2.18597],[121.49712,-2.1837],[121.50047,-2.18187],[121.50139,-2.18172],[121.50207,-2.18103],[121.50326,-2.17749],[121.50586,-2.17405],[121.50571,-2.17298],[121.50646,-2.17244],[121.50656,-2.17147],[121.50885,-2.17154],[121.50978,-2.17053],[121.51017,-2.17075],[121.51046,-2.17035],[121.51224,-2.16983],[121.51378,-2.16864],[121.51429,-2.16692],[121.51948,-2.16211],[121.52177,-2.16167],[121.52336,-2.16022],[121.52458,-2.16029],[121.52625,-2.15904],[121.52823,-2.15889],[121.52959,-2.1598],[121.53217,-2.15979],[121.53355,-2.15942],[121.53498,-2.15805],[121.53595,-2.15789],[121.53797,-2.15906],[121.53948,-2.15913],[121.53969,-2.15802],[121.53711,-2.15577],[121.53737,-2.15541],[121.5384,-2.15543],[121.53801,-2.15453],[121.53728,-2.15447],[121.53786,-2.15356],[121.53748,-2.15299],[121.53967,-2.15188],[121.54059,-2.1536],[121.54129,-2.15181],[121.54252,-2.15259],[121.54288,-2.15238],[121.5416,-2.15031],[121.54308,-2.15083],[121.54424,-2.15],[121.54465,-2.15055]]]]}},{"type":"Feature","properties":{"NAMOBJ":"Menui Kepulauan","KODE_KAB":7206},"geometry":{"type":"MultiPolygon","coordinates":[[[[123.14991,-3.55591],[123.1527,-3.557],[123.15612,-3.55663],[123.15992,-3.55935],[123.16226,-3.56414],[123.16408,-3.57112],[123.16565,-3.57264],[123.1674,-3.57554],[123.16924,-3.57734],[123.17318,-3.58378],[123.1731,-3.58757],[123.17586,-3.59125],[123.17648,-3.59339],[123.17988,-3.60039],[123.18095,-3.60401],[123.18198,-3.61162],[123.18193,-3.61267],[123.18042,-3.61511],[123.17776,-3.61694],[123.17738,-3.61871],[123.17764,-3.61974],[123.17717,-3.62023],[123.17525,-3.62033],[123.17379,-3.62104],[123.1716,-3.62034],[123.17031,-3.62071],[123.16809,-3.62251],[123.16685,-3.62086],[123.16558,-3.62065],[123.16506,-3.62072],[123.16514,-3.62164],[123.16463,-3.62166],[123.16272,-3.62077],[123.16149,-3.62099],[123.16064,-3.62005],[123.15783,-3.62047],[123.15544,-3.62011],[123.15329,-3.62059],[123.1512,-3.62041],[123.14789,-3.61863],[123.1456,-3.61802],[123.13723,-3.61358],[123.12739,-3.61082],[123.12335,-3.61126],[123.12148,-3.6125],[123.11935,-3.61619],[123.11952,-3.62331],[123.12019,-3.62578],[123.12053,-3.63197],[123.11978,-3.63546],[123.11747,-3.63829],[123.11745,-3.63873],[123.11822,-3.63915],[123.1182,-3.63974],[123.11703,-3.6405],[123.11583,-3.6402],[123.11431,-3.63913],[123.11016,-3.63959],[123.10624,-3.63946],[123.09986,-3.63619],[123.09668,-3.63372],[123.09543,-3.63325],[123.09319,-3.63326],[123.08978,-3.63202],[123.08573,-3.62975],[123.08287,-3.62865],[123.07885,-3.62551],[123.07705,-3.62487],[123.07452,-3.6249],[123.07217,-3.62349],[123.07139,-3.62138],[123.06987,-3.619],[123.06051,-3.61203],[123.05752,-3.60929],[123.05573,-3.60692],[123.04848,-3.60126],[123.04583,-3.59813],[123.04527,-3.59622],[123.04321,-3.59411],[123.04306,-3.59272],[123.04428,-3.59166],[123.04715,-3.59152],[123.04983,-3.59055],[123.05058,-3.59077],[123.05303,-3.59032],[123.05355,-3.58979],[123.05475,-3.58978],[123.0567,-3.58882],[123.0578,-3.58694],[123.05868,-3.58627],[123.06196,-3.58672],[123.06652,-3.5845],[123.06883,-3.58405],[123.06815,-3.58263],[123.06994,-3.58094],[123.07195,-3.57976],[123.07225,-3.57889],[123.07209,-3.57727],[123.07351,-3.5757],[123.07522,-3.57579],[123.0795,-3.57457],[123.08789,-3.57305],[123.09426,-3.57109],[123.10442,-3.57044],[123.10719,-3.56945],[123.11314,-3.56934],[123.11788,-3.5686],[123.11954,-3.56797],[123.1257,-3.56762],[123.13162,-3.56552],[123.13388,-3.56362],[123.13705,-3.56249],[123.14066,-3.56003],[123.14292,-3.55932],[123.14438,-3.55784],[123.14991,-3.55591]]],[[[123.03778,-3.54519],[123.03994,-3.54611],[123.04261,-3.5463],[123.04419,-3.54708],[123.04553,-3.54847],[123.04529,-3.54946],[123.04382,-3.54971],[123.04327,-3.55041],[123.04276,-3.54968],[123.04333,-3.54945],[123.0431,-3.5491],[123.03912,-3.54864],[123.03302,-3.54547],[123.03523,-3.54508],[123.03778,-3.54519]]],[[[122.94945,-3.5284],[122.94995,-3.52892],[122.95182,-3.5291],[122.95189,-3.52967],[122.95323,-3.52903],[122.95258,-3.52987],[122.95267,-3.5303],[122.95371,-3.53048],[122.9545,-3.53162],[122.95626,-3.53162],[122.95873,-3.53271],[122.9587,-3.53339],[122.95969,-3.5331],[122.96013,-3.53382],[122.96076,-3.53345],[122.96227,-3.53391],[122.9624,-3.53484],[122.96565,-3.53486],[122.96597,-3.53594],[122.96666,-3.53531],[122.96819,-3.53532],[122.9696,-3.53626],[122.96998,-3.53678],[122.96948,-3.5379],[122.96983,-3.53928],[122.96913,-3.54143],[122.96805,-3.54322],[122.96753,-3.54541],[122.96569,-3.54584],[122.96535,-3.5465],[122.96424,-3.54654],[122.96063,-3.54434],[122.96081,-3.54336],[122.96012,-3.54134],[122.96046,-3.53981],[122.95995,-3.53926],[122.9593,-3.53935],[122.95739,-3.53747],[122.95701,-3.53528],[122.95559,-3.53617],[122.95399,-3.5349],[122.95295,-3.53472],[122.95222,-3.53368],[122.95003,-3.5336],[122.94974,-3.53429],[122.9494,-3.53422],[122.94917,-3.53325],[122.94748,-3.53164],[122.94725,-3.529],[122.94774,-3.52842],[122.94868,-3.52839],[122.94903,-3.52765],[122.94945,-3.5284]]],[[[123.05757,-3.51974],[123.05876,-3.52003],[123.0584,-3.5215],[123.0573,-3.52092],[123.05651,-3.51975],[123.05757,-3.51974]]],[[[122.96334,-3.50997],[122.96385,-3.5095],[122.96421,-3.50975],[122.96406,-3.51037],[122.963,-3.51034],[122.96232,-3.50953],[122.96334,-3.50997]]],[[[123.10104,-3.50366],[123.10152,-3.50372],[123.10146,-3.50419],[123.10063,-3.50534],[123.08999,-3.51287],[123.08124,-3.52165],[123.07615,-3.52517],[123.07402,-3.52567],[123.07303,-3.52636],[123.07231,-3.52608],[123.0701,-3.52699],[123.06924,-3.52662],[123.06751,-3.52746],[123.0642,-3.52786],[123.06091,-3.5274],[123.06171,-3.52601],[123.06088,-3.52553],[123.06062,-3.52471],[123.0604,-3.5259],[123.05965,-3.52628],[123.05749,-3.52468],[123.05823,-3.52432],[123.0588,-3.52459],[123.05917,-3.52416],[123.05925,-3.52272],[123.05963,-3.52228],[123.06035,-3.52236],[123.06042,-3.52082],[123.05896,-3.51642],[123.05819,-3.51493],[123.05685,-3.51401],[123.05677,-3.51356],[123.06079,-3.51389],[123.06694,-3.51577],[123.06945,-3.51572],[123.07771,-3.51248],[123.08016,-3.51256],[123.08117,-3.51198],[123.08239,-3.51044],[123.08444,-3.50948],[123.08844,-3.509],[123.09088,-3.50626],[123.09482,-3.50618],[123.09543,-3.50509],[123.09531,-3.5038],[123.09659,-3.50262],[123.09886,-3.50266],[123.10104,-3.50366]]],[[[122.95904,-3.50005],[122.96045,-3.5006],[122.96111,-3.49994],[122.9621,-3.49971],[122.96228,-3.50044],[122.96186,-3.5007],[122.96248,-3.50106],[122.96325,-3.50306],[122.96308,-3.50345],[122.96267,-3.50329],[122.96216,-3.50279],[122.96191,-3.50162],[122.96128,-3.50154],[122.96136,-3.5029],[122.96073,-3.5042],[122.96201,-3.5042],[122.96242,-3.50551],[122.96196,-3.50587],[122.96119,-3.50539],[122.96074,-3.50594],[122.96212,-3.50663],[122.96226,-3.50698],[122.96179,-3.50737],[122.96249,-3.50791],[122.96161,-3.50867],[122.9618,-3.50987],[122.96139,-3.51204],[122.95952,-3.51189],[122.9603,-3.51298],[122.9597,-3.51352],[122.96047,-3.51428],[122.96032,-3.51474],[122.95949,-3.51465],[122.95935,-3.51548],[122.95867,-3.51497],[122.95649,-3.5149],[122.95633,-3.51534],[122.95695,-3.51652],[122.95589,-3.51687],[122.95525,-3.518],[122.95373,-3.51813],[122.95235,-3.51701],[122.95189,-3.51718],[122.95185,-3.51764],[122.95342,-3.51848],[122.95452,-3.51846],[122.95468,-3.51922],[122.95525,-3.51939],[122.95575,-3.51844],[122.95632,-3.51869],[122.95748,-3.51834],[122.95807,-3.51707],[122.95883,-3.51755],[122.95971,-3.51725],[122.96124,-3.51619],[122.96134,-3.51528],[122.96245,-3.51413],[122.96326,-3.51427],[122.96302,-3.51264],[122.96376,-3.51247],[122.96348,-3.51153],[122.96401,-3.51095],[122.96439,-3.51119],[122.96479,-3.51012],[122.96447,-3.50863],[122.96351,-3.50796],[122.96438,-3.50769],[122.96443,-3.50691],[122.96285,-3.50642],[122.96434,-3.50587],[122.9638,-3.50513],[122.96441,-3.5026],[122.96361,-3.5021],[122.96387,-3.50138],[122.96322,-3.50013],[122.9637,-3.49947],[122.96498,-3.50205],[122.96496,-3.5045],[122.96579,-3.50883],[122.96509,-3.51136],[122.9642,-3.51247],[122.9639,-3.51479],[122.96336,-3.51525],[122.96259,-3.51498],[122.96184,-3.51619],[122.95901,-3.51821],[122.95581,-3.51979],[122.95302,-3.52016],[122.95118,-3.51938],[122.9509,-3.52009],[122.94966,-3.51902],[122.94856,-3.51933],[122.94751,-3.51895],[122.94697,-3.51748],[122.94729,-3.51649],[122.94786,-3.5168],[122.9483,-3.51845],[122.95016,-3.51831],[122.9518,-3.51933],[122.95251,-3.51919],[122.95315,-3.51955],[122.95266,-3.51867],[122.95193,-3.51885],[122.95153,-3.51798],[122.95086,-3.51803],[122.95008,-3.5175],[122.94983,-3.51793],[122.94948,-3.51777],[122.94801,-3.51559],[122.95003,-3.5166],[122.95045,-3.51624],[122.94827,-3.51498],[122.94734,-3.5136],[122.9489,-3.5128],[122.95154,-3.51308],[122.954,-3.51176],[122.95553,-3.50864],[122.95523,-3.50798],[122.95578,-3.50759],[122.95581,-3.50369],[122.9567,-3.50192],[122.95637,-3.49978],[122.95775,-3.4994],[122.95904,-3.50005]]],[[[123.01264,-3.49445],[123.01446,-3.4948],[123.01695,-3.49663],[123.01834,-3.49976],[123.0185,-3.50159],[123.01787,-3.50567],[123.01595,-3.50868],[123.01377,-3.50991],[123.0122,-3.51013],[123.01029,-3.50937],[123.00825,-3.50757],[123.00625,-3.50428],[123.00491,-3.50291],[123.00421,-3.5],[123.00446,-3.49889],[123.00534,-3.49888],[123.00545,-3.49779],[123.00771,-3.49808],[123.00714,-3.49723],[123.00599,-3.49699],[123.00705,-3.49552],[123.01141,-3.49431],[123.01264,-3.49445]]],[[[122.95985,-3.49123],[122.96095,-3.49176],[122.96222,-3.49145],[122.96319,-3.49219],[122.9636,-3.49304],[122.96357,-3.49447],[122.96041,-3.49341],[122.95937,-3.49366],[122.95904,-3.49302],[122.95816,-3.49405],[122.95719,-3.49419],[122.95686,-3.49199],[122.95732,-3.49122],[122.95686,-3.49063],[122.95766,-3.48724],[122.95871,-3.48745],[122.95856,-3.48885],[122.96053,-3.49016],[122.96053,-3.49052],[122.95964,-3.49098],[122.95985,-3.49123]]],[[[122.95599,-3.4953],[122.95539,-3.49523],[122.95526,-3.49428],[122.95613,-3.48833],[122.95721,-3.48583],[122.95784,-3.4855],[122.95826,-3.48567],[122.95732,-3.48658],[122.95685,-3.48819],[122.95625,-3.49228],[122.95639,-3.49464],[122.95599,-3.4953]]],[[[122.99431,-3.49278],[122.99186,-3.49517],[122.98977,-3.49615],[122.98501,-3.49661],[122.98462,-3.49627],[122.98632,-3.49337],[122.98784,-3.49304],[122.98945,-3.49343],[122.99037,-3.49295],[122.9909,-3.49331],[122.99108,-3.49268],[122.99281,-3.49193],[122.99347,-3.49056],[122.9951,-3.48915],[122.99528,-3.48754],[122.99794,-3.48621],[122.9996,-3.4837],[122.99943,-3.4852],[122.99836,-3.48753],[122.99719,-3.48863],[122.99689,-3.48986],[122.99594,-3.49114],[122.99431,-3.49278]]],[[[122.91189,-3.48169],[122.91191,-3.48239],[122.91143,-3.48283],[122.91215,-3.48494],[122.91141,-3.48642],[122.90996,-3.48706],[122.90853,-3.48695],[122.90691,-3.48571],[122.9066,-3.48481],[122.90709,-3.48427],[122.90676,-3.48335],[122.90715,-3.48243],[122.90782,-3.48215],[122.90966,-3.4824],[122.90953,-3.48191],[122.90846,-3.48157],[122.90929,-3.4807],[122.91136,-3.48098],[122.91189,-3.48169]]],[[[122.97972,-3.44731],[122.98129,-3.44676],[122.98248,-3.44831],[122.98489,-3.44814],[122.98487,-3.44739],[122.98516,-3.44732],[122.98618,-3.44789],[122.98759,-3.44788],[122.99242,-3.45141],[122.99606,-3.45578],[122.99604,-3.45655],[122.99876,-3.46079],[123.00092,-3.46855],[123.00062,-3.46896],[123.001,-3.46937],[123.00075,-3.47039],[123.00138,-3.47187],[123.00152,-3.47617],[123.00127,-3.47909],[122.99986,-3.48311],[122.99946,-3.48282],[122.99946,-3.48166],[123.00029,-3.47868],[122.99952,-3.47529],[122.99997,-3.4749],[123.00024,-3.47234],[122.99945,-3.47023],[122.99941,-3.46767],[122.9987,-3.46719],[122.99832,-3.46627],[122.99839,-3.46351],[122.99709,-3.46034],[122.99597,-3.45986],[122.99599,-3.45917],[122.99463,-3.45801],[122.99301,-3.45477],[122.99215,-3.45558],[122.99059,-3.45466],[122.99007,-3.45351],[122.98708,-3.45147],[122.98742,-3.45037],[122.98696,-3.44976],[122.98631,-3.44978],[122.98604,-3.4506],[122.98529,-3.45083],[122.98479,-3.4497],[122.9839,-3.44991],[122.98371,-3.44911],[122.98212,-3.44923],[122.98143,-3.44852],[122.98046,-3.44825],[122.97796,-3.44863],[122.97717,-3.44796],[122.9761,-3.44862],[122.97414,-3.44869],[122.97327,-3.44959],[122.97216,-3.4489],[122.96866,-3.45028],[122.96755,-3.4503],[122.96813,-3.44966],[122.97221,-3.44808],[122.97553,-3.44789],[122.97853,-3.44668],[122.97972,-3.44731]]],[[[122.63041,-3.40641],[122.63159,-3.40691],[122.63179,-3.40847],[122.63095,-3.40766],[122.62964,-3.40721],[122.62971,-3.40658],[122.63041,-3.40641]]],[[[122.94253,-3.40472],[122.94338,-3.40472],[122.94601,-3.40602],[122.94802,-3.40803],[122.94997,-3.40869],[122.9525,-3.41179],[122.95278,-3.41281],[122.95251,-3.41474],[122.95128,-3.41659],[122.94795,-3.41966],[122.94554,-3.42019],[122.94429,-3.42116],[122.94234,-3.42167],[122.93964,-3.42162],[122.93822,-3.42074],[122.93295,-3.41563],[122.9323,-3.4141],[122.93279,-3.4121],[122.93235,-3.41084],[122.93254,-3.40958],[122.93317,-3.4082],[122.93589,-3.40555],[122.93585,-3.40478],[122.93626,-3.40442],[122.9392,-3.404],[122.94253,-3.40472]]],[[[122.63309,-3.40765],[122.63246,-3.40715],[122.63226,-3.40632],[122.63269,-3.40602],[122.633,-3.4033],[122.63341,-3.40313],[122.63438,-3.4053],[122.63309,-3.40765]]],[[[122.64714,-3.40828],[122.64671,-3.40879],[122.6456,-3.40859],[122.6455,-3.4102],[122.64353,-3.41087],[122.643,-3.41187],[122.63977,-3.41283],[122.63886,-3.41217],[122.639,-3.41131],[122.63998,-3.41106],[122.63926,-3.41014],[122.63987,-3.40854],[122.64107,-3.40854],[122.64331,-3.40769],[122.64371,-3.40697],[122.64576,-3.40586],[122.64761,-3.40316],[122.64834,-3.4029],[122.64921,-3.40331],[122.64903,-3.40489],[122.64714,-3.40828]]],[[[122.89373,-3.39641],[122.89583,-3.39672],[122.89717,-3.39812],[122.8983,-3.39839],[122.90044,-3.40097],[122.90107,-3.40316],[122.90122,-3.4064],[122.90055,-3.41403],[122.89842,-3.42359],[122.8978,-3.42429],[122.89761,-3.42587],[122.89583,-3.42948],[122.89438,-3.43198],[122.89365,-3.43225],[122.8935,-3.43322],[122.89243,-3.43477],[122.89167,-3.43491],[122.89185,-3.43557],[122.89031,-3.43827],[122.88481,-3.44354],[122.8834,-3.44436],[122.88191,-3.44476],[122.87857,-3.44425],[122.87678,-3.4435],[122.87513,-3.44032],[122.87503,-3.43785],[122.87561,-3.43739],[122.8743,-3.43331],[122.87482,-3.43168],[122.8743,-3.43109],[122.87397,-3.42967],[122.87447,-3.42698],[122.8743,-3.42318],[122.87364,-3.41997],[122.87313,-3.41899],[122.87206,-3.41841],[122.87047,-3.41493],[122.86999,-3.41329],[122.87006,-3.41162],[122.87134,-3.41097],[122.87034,-3.41047],[122.8708,-3.40927],[122.87172,-3.4087],[122.87218,-3.4092],[122.87224,-3.41299],[122.87183,-3.4145],[122.87295,-3.41714],[122.87328,-3.41701],[122.87339,-3.41403],[122.8744,-3.41262],[122.87549,-3.41312],[122.87735,-3.41801],[122.87911,-3.42091],[122.87932,-3.4229],[122.88143,-3.42566],[122.88244,-3.43349],[122.88306,-3.43396],[122.88366,-3.43357],[122.88401,-3.43387],[122.88547,-3.43269],[122.8858,-3.43159],[122.88765,-3.42991],[122.88734,-3.42823],[122.8895,-3.42463],[122.89139,-3.42268],[122.89281,-3.42027],[122.89304,-3.41829],[122.89276,-3.41677],[122.89346,-3.41509],[122.89419,-3.40814],[122.89369,-3.40548],[122.89271,-3.4043],[122.88857,-3.40419],[122.88531,-3.40571],[122.88477,-3.40525],[122.88508,-3.403],[122.88725,-3.40085],[122.89142,-3.3995],[122.89219,-3.40083],[122.89364,-3.4003],[122.89415,-3.40114],[122.89542,-3.40135],[122.89514,-3.40263],[122.89636,-3.40366],[122.89669,-3.40497],[122.8977,-3.40516],[122.89872,-3.40434],[122.89826,-3.40332],[122.89832,-3.40191],[122.89641,-3.39906],[122.89626,-3.39816],[122.89513,-3.3974],[122.89232,-3.39734],[122.88764,-3.39981],[122.88706,-3.39976],[122.89054,-3.39711],[122.89373,-3.39641]]],[[[122.61074,-3.38754],[122.61228,-3.38804],[122.61241,-3.38757],[122.61412,-3.38738],[122.61723,-3.38909],[122.61746,-3.38959],[122.61716,-3.3902],[122.61791,-3.39134],[122.62141,-3.39247],[122.61974,-3.39145],[122.62006,-3.39122],[122.62171,-3.39198],[122.62256,-3.39286],[122.62279,-3.39428],[122.62162,-3.39482],[122.62126,-3.39628],[122.62036,-3.39733],[122.61931,-3.39743],[122.61947,-3.39853],[122.61739,-3.39806],[122.6151,-3.39418],[122.61358,-3.39319],[122.61306,-3.39223],[122.6122,-3.39257],[122.61172,-3.39172],[122.61078,-3.39193],[122.61042,-3.39116],[122.61068,-3.39063],[122.61018,-3.38993],[122.60953,-3.38982],[122.6094,-3.38891],[122.61027,-3.38728],[122.61074,-3.38754]]],[[[122.95125,-3.38027],[122.95754,-3.38152],[122.96152,-3.38386],[122.9636,-3.38598],[122.96376,-3.38822],[122.9629,-3.38951],[122.94664,-3.39285],[122.94361,-3.3938],[122.94121,-3.39356],[122.93864,-3.39209],[122.93783,-3.38984],[122.93843,-3.38883],[122.9386,-3.38735],[122.94216,-3.38338],[122.94492,-3.38171],[122.94755,-3.38073],[122.95125,-3.38027]]],[[[122.82094,-3.40318],[122.81928,-3.40392],[122.81811,-3.40392],[122.81621,-3.40318],[122.81145,-3.39926],[122.81124,-3.39747],[122.81173,-3.39525],[122.81235,-3.39452],[122.81245,-3.39325],[122.81328,-3.39218],[122.81331,-3.38795],[122.81384,-3.38744],[122.81436,-3.38479],[122.81424,-3.38313],[122.81482,-3.38278],[122.81448,-3.3819],[122.81468,-3.38109],[122.81508,-3.38028],[122.81677,-3.37917],[122.81813,-3.37901],[122.82085,-3.38039],[122.82245,-3.38209],[122.82351,-3.38393],[122.82411,-3.38674],[122.82386,-3.3897],[122.82186,-3.39797],[122.82174,-3.40195],[122.82094,-3.40318]]],[[[122.60657,-3.37421],[122.60813,-3.37476],[122.60973,-3.37459],[122.61033,-3.37527],[122.60853,-3.37543],[122.60844,-3.37608],[122.60967,-3.37626],[122.60884,-3.37716],[122.60502,-3.37907],[122.60334,-3.38046],[122.6029,-3.38037],[122.60311,-3.37919],[122.60217,-3.3779],[122.60333,-3.37511],[122.60435,-3.37434],[122.60479,-3.37492],[122.60519,-3.3743],[122.60461,-3.37417],[122.60528,-3.37368],[122.60607,-3.37368],[122.60657,-3.37421]]],[[[122.5928,-3.36361],[122.59211,-3.36375],[122.59052,-3.36303],[122.59066,-3.36227],[122.59179,-3.36142],[122.59273,-3.36183],[122.59338,-3.36288],[122.59333,-3.36337],[122.5928,-3.36361]]],[[[122.7803,-3.36023],[122.78477,-3.36666],[122.78501,-3.36816],[122.78594,-3.36984],[122.78482,-3.37114],[122.78577,-3.3723],[122.78552,-3.37454],[122.78659,-3.37375],[122.78682,-3.37247],[122.7879,-3.37146],[122.78747,-3.37105],[122.7869,-3.37179],[122.78651,-3.37167],[122.78734,-3.3701],[122.78735,-3.36864],[122.78604,-3.36626],[122.78645,-3.36576],[122.7882,-3.36948],[122.78848,-3.37203],[122.78744,-3.3753],[122.78761,-3.37653],[122.7868,-3.3796],[122.78335,-3.38418],[122.77817,-3.38744],[122.76912,-3.39217],[122.76459,-3.39266],[122.76072,-3.39213],[122.75564,-3.3902],[122.75184,-3.38723],[122.74971,-3.38497],[122.74806,-3.38124],[122.74804,-3.37935],[122.74745,-3.37885],[122.7472,-3.37751],[122.74652,-3.37707],[122.746,-3.37587],[122.74436,-3.36908],[122.74319,-3.36692],[122.74259,-3.3618],[122.74326,-3.36199],[122.74283,-3.36102],[122.74318,-3.35973],[122.74415,-3.35941],[122.7442,-3.36104],[122.74542,-3.36223],[122.74551,-3.36326],[122.74666,-3.36474],[122.74678,-3.36749],[122.74728,-3.36898],[122.75095,-3.37381],[122.75024,-3.3744],[122.75034,-3.37663],[122.75095,-3.37779],[122.75224,-3.37799],[122.75275,-3.37913],[122.75562,-3.38104],[122.75739,-3.38096],[122.75964,-3.38147],[122.76097,-3.3811],[122.76233,-3.38148],[122.76487,-3.38087],[122.76657,-3.38167],[122.76711,-3.3816],[122.76751,-3.3809],[122.76878,-3.3808],[122.77019,-3.37999],[122.77236,-3.37961],[122.7746,-3.37867],[122.77559,-3.37745],[122.77648,-3.37721],[122.77888,-3.37443],[122.77977,-3.3741],[122.78117,-3.37019],[122.77829,-3.36706],[122.77839,-3.36624],[122.77987,-3.36631],[122.78025,-3.3657],[122.78019,-3.36457],[122.77954,-3.36406],[122.77971,-3.36293],[122.778,-3.36223],[122.77736,-3.36098],[122.77829,-3.36086],[122.77839,-3.36031],[122.77791,-3.35986],[122.77833,-3.35891],[122.7789,-3.35892],[122.7803,-3.36023]]],[[[122.72627,-3.3544],[122.72635,-3.35903],[122.72572,-3.36278],[122.72511,-3.36374],[122.72441,-3.36835],[122.72259,-3.37383],[122.72251,-3.37623],[122.72166,-3.37793],[122.7215,-3.37947],[122.71944,-3.38309],[122.71878,-3.38729],[122.71927,-3.38737],[122.72012,-3.38392],[122.72084,-3.38351],[122.72089,-3.38793],[122.72055,-3.38846],[122.71862,-3.38929],[122.71888,-3.39054],[122.71856,-3.39263],[122.71701,-3.39491],[122.71744,-3.39627],[122.71606,-3.39691],[122.71477,-3.39842],[122.71378,-3.39805],[122.71388,-3.399],[122.71434,-3.39924],[122.71392,-3.39991],[122.70994,-3.39944],[122.70761,-3.39868],[122.70734,-3.39751],[122.70475,-3.39672],[122.69926,-3.39277],[122.69987,-3.39197],[122.69974,-3.39069],[122.6994,-3.39039],[122.69841,-3.39086],[122.69829,-3.39052],[122.69981,-3.38909],[122.69949,-3.38869],[122.7013,-3.38835],[122.70176,-3.38858],[122.70129,-3.39028],[122.70184,-3.3904],[122.70283,-3.38881],[122.70275,-3.38676],[122.70817,-3.38282],[122.71076,-3.37953],[122.71231,-3.37622],[122.71366,-3.37109],[122.71541,-3.36787],[122.71721,-3.36215],[122.71604,-3.35984],[122.71669,-3.35977],[122.71768,-3.35851],[122.71828,-3.3587],[122.71794,-3.35691],[122.71912,-3.35499],[122.71959,-3.35485],[122.72015,-3.35604],[122.72093,-3.35407],[122.72233,-3.35362],[122.72254,-3.3545],[122.72304,-3.35484],[122.72447,-3.35335],[122.72553,-3.3534],[122.72627,-3.3544]]],[[[122.84322,-3.35695],[122.8424,-3.35761],[122.84186,-3.35893],[122.84001,-3.3591],[122.84119,-3.36083],[122.84096,-3.36275],[122.83919,-3.36275],[122.83855,-3.36015],[122.83864,-3.35782],[122.83958,-3.35593],[122.84114,-3.35544],[122.84147,-3.35386],[122.84206,-3.35326],[122.84284,-3.3535],[122.84341,-3.3552],[122.84322,-3.35695]]],[[[122.57692,-3.34672],[122.57672,-3.34724],[122.57758,-3.34812],[122.57815,-3.34814],[122.57812,-3.34725],[122.57903,-3.348],[122.57976,-3.34772],[122.58174,-3.34997],[122.58229,-3.34992],[122.58255,-3.35035],[122.58087,-3.35118],[122.57976,-3.35316],[122.57853,-3.35291],[122.57874,-3.35371],[122.57846,-3.354],[122.57742,-3.35312],[122.57556,-3.35015],[122.57412,-3.35025],[122.57406,-3.34921],[122.57541,-3.34702],[122.57655,-3.34618],[122.57692,-3.34672]]],[[[122.39751,-3.34547],[122.39665,-3.34459],[122.3977,-3.34513],[122.39751,-3.34547]]],[[[122.39259,-3.3455],[122.39477,-3.34435],[122.39657,-3.34537],[122.39696,-3.34614],[122.39634,-3.34678],[122.39639,-3.34802],[122.39597,-3.34883],[122.39715,-3.34959],[122.3969,-3.35042],[122.39781,-3.35091],[122.39743,-3.35434],[122.39708,-3.3545],[122.39501,-3.35256],[122.39466,-3.35254],[122.39462,-3.35313],[122.39513,-3.35483],[122.3947,-3.35512],[122.39328,-3.35382],[122.39173,-3.35406],[122.39073,-3.35304],[122.39006,-3.35299],[122.38955,-3.35175],[122.38985,-3.35133],[122.39116,-3.35042],[122.39252,-3.35058],[122.39302,-3.34983],[122.39283,-3.34894],[122.3908,-3.34703],[122.39048,-3.34618],[122.39024,-3.34501],[122.39135,-3.3434],[122.39168,-3.34344],[122.39199,-3.34495],[122.39259,-3.3455]]],[[[122.3928,-3.34248],[122.39324,-3.34265],[122.39283,-3.34356],[122.39189,-3.34299],[122.3928,-3.34248]]],[[[122.3942,-3.34127],[122.39375,-3.34101],[122.39426,-3.34069],[122.3942,-3.34127]]],[[[122.39332,-3.33999],[122.39171,-3.34065],[122.39131,-3.34044],[122.39159,-3.33967],[122.39259,-3.33917],[122.39332,-3.33999]]],[[[122.7051,-3.32684],[122.70458,-3.3274],[122.70411,-3.32705],[122.70508,-3.32618],[122.7051,-3.32684]]],[[[122.40572,-3.31898],[122.40529,-3.31926],[122.40485,-3.31847],[122.40588,-3.31794],[122.40572,-3.31898]]],[[[122.3966,-3.31685],[122.3977,-3.31694],[122.39785,-3.31767],[122.39674,-3.31806],[122.39617,-3.31724],[122.3966,-3.31685]]],[[[122.40155,-3.31187],[122.40215,-3.31215],[122.40371,-3.31199],[122.40133,-3.31551],[122.40168,-3.3161],[122.40471,-3.31661],[122.40465,-3.31747],[122.4033,-3.31849],[122.40337,-3.31929],[122.40438,-3.31976],[122.40477,-3.31947],[122.40556,-3.31988],[122.40664,-3.3197],[122.40693,-3.32022],[122.40554,-3.32065],[122.40526,-3.32124],[122.40447,-3.32035],[122.40381,-3.32067],[122.4038,-3.32124],[122.40341,-3.32114],[122.40363,-3.32222],[122.40325,-3.32344],[122.40244,-3.32345],[122.40165,-3.32405],[122.40175,-3.3251],[122.40213,-3.32534],[122.40163,-3.32625],[122.40202,-3.32695],[122.40147,-3.32751],[122.40243,-3.32788],[122.40197,-3.32798],[122.40233,-3.32833],[122.40352,-3.32834],[122.40425,-3.32437],[122.40529,-3.32394],[122.40585,-3.32442],[122.40642,-3.32435],[122.406,-3.32547],[122.40675,-3.32543],[122.40695,-3.32619],[122.40579,-3.32819],[122.40643,-3.32956],[122.40507,-3.33072],[122.40383,-3.32988],[122.40384,-3.33036],[122.40357,-3.33018],[122.40201,-3.33187],[122.40116,-3.33034],[122.39978,-3.32898],[122.39986,-3.32666],[122.39946,-3.32632],[122.39858,-3.32638],[122.39646,-3.32775],[122.39641,-3.32884],[122.39578,-3.32875],[122.39486,-3.32938],[122.39672,-3.33009],[122.39704,-3.33144],[122.39644,-3.33211],[122.39651,-3.3312],[122.39603,-3.33084],[122.3954,-3.33053],[122.39421,-3.33105],[122.39333,-3.33096],[122.39303,-3.33025],[122.39373,-3.32902],[122.39589,-3.32777],[122.39537,-3.32602],[122.39579,-3.32588],[122.39602,-3.32688],[122.39744,-3.32631],[122.39667,-3.325],[122.39775,-3.32246],[122.39841,-3.32208],[122.3988,-3.32277],[122.399,-3.32242],[122.39854,-3.32157],[122.39932,-3.3221],[122.3996,-3.32179],[122.39911,-3.32095],[122.39937,-3.31973],[122.39875,-3.31945],[122.39922,-3.31907],[122.39876,-3.3188],[122.39905,-3.31813],[122.3984,-3.31765],[122.39824,-3.31636],[122.39717,-3.31627],[122.39772,-3.3157],[122.3971,-3.31552],[122.39709,-3.31474],[122.39906,-3.31438],[122.399,-3.31383],[122.39809,-3.31352],[122.39841,-3.31279],[122.40098,-3.31119],[122.40155,-3.31187]]],[[[122.40456,-3.30983],[122.40498,-3.30995],[122.40411,-3.31041],[122.40397,-3.30998],[122.40456,-3.30983]]],[[[122.39024,-3.30325],[122.39108,-3.30326],[122.39208,-3.30414],[122.39105,-3.30675],[122.38984,-3.30639],[122.38952,-3.30591],[122.39024,-3.30325]]],[[[122.37621,-3.30002],[122.37611,-3.29947],[122.37693,-3.29853],[122.37621,-3.30002]]],[[[122.37729,-3.2986],[122.37728,-3.29912],[122.37716,-3.29911],[122.37714,-3.29908],[122.3771,-3.29903],[122.37709,-3.29898],[122.3771,-3.29893],[122.3771,-3.29886],[122.37711,-3.29882],[122.37712,-3.29875],[122.37712,-3.29869],[122.37711,-3.29865],[122.37709,-3.29857],[122.37708,-3.29852],[122.37708,-3.2985],[122.37717,-3.29849],[122.37729,-3.2986]]],[[[122.3778,-3.29906],[122.37777,-3.29908],[122.37772,-3.29907],[122.37766,-3.29899],[122.37764,-3.29878],[122.37775,-3.29858],[122.37773,-3.29842],[122.37773,-3.29837],[122.37773,-3.29838],[122.37775,-3.29847],[122.37777,-3.29855],[122.37778,-3.29864],[122.37779,-3.29872],[122.37783,-3.29883],[122.37785,-3.29892],[122.37786,-3.299],[122.3778,-3.29906]]],[[[122.37794,-3.29778],[122.37793,-3.29778],[122.37785,-3.29778],[122.37784,-3.29777],[122.37789,-3.29771],[122.37794,-3.29778]]],[[[122.38473,-3.29995],[122.38466,-3.30024],[122.38354,-3.30006],[122.38092,-3.30219],[122.37946,-3.30164],[122.37886,-3.30088],[122.37986,-3.29924],[122.38067,-3.29871],[122.3828,-3.29835],[122.38323,-3.29739],[122.38384,-3.299],[122.38485,-3.29963],[122.38473,-3.29995]]],[[[122.38362,-3.2966],[122.38358,-3.29661],[122.38357,-3.29628],[122.38358,-3.29629],[122.38363,-3.29636],[122.38366,-3.29645],[122.38366,-3.29651],[122.38362,-3.2966]]],[[[122.3816,-3.29694],[122.38104,-3.29747],[122.3809,-3.29706],[122.38007,-3.29695],[122.37847,-3.29771],[122.37819,-3.29699],[122.38082,-3.29532],[122.38203,-3.29636],[122.3816,-3.29694]]],[[[122.38421,-3.29507],[122.38375,-3.29503],[122.38413,-3.29407],[122.38507,-3.29396],[122.38499,-3.2947],[122.38421,-3.29507]]],[[[122.42791,-3.28852],[122.42788,-3.28852],[122.42793,-3.28849],[122.42798,-3.28847],[122.42791,-3.28852]]],[[[122.42812,-3.28825],[122.42803,-3.2884],[122.42803,-3.28839],[122.428,-3.28837],[122.42796,-3.28831],[122.42793,-3.28826],[122.42793,-3.28823],[122.42795,-3.28817],[122.42804,-3.28812],[122.4281,-3.28812],[122.42816,-3.28812],[122.4282,-3.28813],[122.42818,-3.28814],[122.42818,-3.28814],[122.42812,-3.28825]]],[[[122.42816,-3.2879],[122.42727,-3.28844],[122.42662,-3.28785],[122.42734,-3.28755],[122.42777,-3.2879],[122.42808,-3.28747],[122.42816,-3.2879]]],[[[122.42871,-3.28635],[122.42867,-3.28641],[122.42864,-3.28634],[122.42862,-3.28625],[122.42854,-3.2861],[122.42853,-3.28602],[122.42855,-3.28604],[122.42867,-3.28621],[122.42871,-3.28635]]],[[[122.43011,-3.28442],[122.43011,-3.28442],[122.43005,-3.28442],[122.43011,-3.28438],[122.43015,-3.28436],[122.43018,-3.28434],[122.43017,-3.28436],[122.43011,-3.28442]]],[[[122.54826,-3.28452],[122.54879,-3.2853],[122.54934,-3.28481],[122.54981,-3.28533],[122.55108,-3.28499],[122.55179,-3.28672],[122.5534,-3.28716],[122.55349,-3.28824],[122.55097,-3.28875],[122.54881,-3.2906],[122.54736,-3.2901],[122.5456,-3.28843],[122.54499,-3.28741],[122.54501,-3.28655],[122.54598,-3.28462],[122.54777,-3.28426],[122.54826,-3.28452]]],[[[122.42797,-3.28585],[122.42812,-3.28641],[122.42678,-3.286],[122.42559,-3.28396],[122.42559,-3.28209],[122.42629,-3.28112],[122.42676,-3.28117],[122.42827,-3.28319],[122.42797,-3.28376],[122.42834,-3.28444],[122.42767,-3.28525],[122.42797,-3.28585]]],[[[122.42317,-3.27819],[122.42315,-3.27819],[122.42302,-3.27812],[122.42295,-3.27798],[122.42291,-3.27779],[122.42284,-3.27751],[122.42281,-3.27725],[122.42282,-3.27715],[122.42283,-3.27717],[122.42285,-3.27723],[122.42287,-3.27725],[122.42288,-3.27726],[122.4229,-3.27732],[122.42293,-3.27741],[122.42293,-3.27747],[122.42293,-3.27753],[122.42295,-3.27757],[122.42299,-3.27762],[122.42302,-3.27764],[122.42305,-3.27766],[122.42308,-3.27769],[122.42312,-3.27773],[122.42314,-3.27777],[122.42317,-3.27783],[122.42319,-3.27788],[122.4232,-3.27794],[122.4232,-3.27798],[122.42319,-3.2781],[122.42318,-3.27814],[122.42317,-3.27818],[122.42317,-3.27819]]],[[[122.39226,-3.27767],[122.3934,-3.27771],[122.39314,-3.27878],[122.3938,-3.27919],[122.39431,-3.28024],[122.39366,-3.28045],[122.39365,-3.28093],[122.3941,-3.2811],[122.3946,-3.28224],[122.39317,-3.28088],[122.39215,-3.28155],[122.39165,-3.28373],[122.39029,-3.28403],[122.39071,-3.28471],[122.39167,-3.28455],[122.39207,-3.28567],[122.3922,-3.28706],[122.39175,-3.28864],[122.38996,-3.29226],[122.38663,-3.29431],[122.38741,-3.29268],[122.38658,-3.29254],[122.38557,-3.29303],[122.38415,-3.29221],[122.38328,-3.28941],[122.38292,-3.28701],[122.3837,-3.28319],[122.38835,-3.27961],[122.38963,-3.27763],[122.39077,-3.27753],[122.39136,-3.27678],[122.39226,-3.27767]]],[[[122.39686,-3.2774],[122.39649,-3.27667],[122.3971,-3.27678],[122.39686,-3.2774]]],[[[122.42264,-3.27601],[122.42264,-3.27601],[122.42261,-3.27598],[122.42255,-3.2759],[122.42256,-3.2759],[122.42259,-3.27594],[122.42262,-3.27597],[122.42264,-3.27601]]],[[[122.41182,-3.27613],[122.41152,-3.27648],[122.41079,-3.27616],[122.41117,-3.27563],[122.41182,-3.27613]]],[[[122.39725,-3.27594],[122.39667,-3.27601],[122.39739,-3.27536],[122.39725,-3.27594]]],[[[122.4079,-3.27449],[122.40784,-3.27454],[122.40783,-3.27454],[122.40777,-3.27446],[122.40777,-3.27435],[122.40782,-3.27427],[122.40795,-3.27412],[122.40802,-3.27412],[122.40811,-3.27411],[122.40819,-3.27413],[122.4081,-3.27417],[122.40806,-3.27419],[122.408,-3.27426],[122.40797,-3.27434],[122.4079,-3.27449]]],[[[122.39748,-3.27379],[122.39843,-3.2739],[122.39842,-3.27453],[122.39722,-3.27454],[122.39683,-3.27379],[122.39748,-3.27379]]],[[[122.40972,-3.27386],[122.40961,-3.27412],[122.40878,-3.27389],[122.40887,-3.27318],[122.40945,-3.27314],[122.40972,-3.27386]]],[[[122.39649,-3.27389],[122.39611,-3.273],[122.39667,-3.27314],[122.39649,-3.27389]]],[[[122.43307,-3.27254],[122.43277,-3.27245],[122.43275,-3.27166],[122.43341,-3.27151],[122.43396,-3.272],[122.43307,-3.27254]]],[[[122.39899,-3.27166],[122.39933,-3.27199],[122.39865,-3.27275],[122.39818,-3.27192],[122.39854,-3.27153],[122.39899,-3.27166]]],[[[122.42095,-3.27128],[122.42056,-3.27102],[122.42104,-3.27099],[122.42095,-3.27128]]],[[[122.39608,-3.27104],[122.39642,-3.27116],[122.39576,-3.2718],[122.39445,-3.27121],[122.39513,-3.27077],[122.39608,-3.27104]]],[[[122.44023,-3.27929],[122.44148,-3.27929],[122.44122,-3.28035],[122.442,-3.28092],[122.44083,-3.28184],[122.43892,-3.28243],[122.43781,-3.28424],[122.43792,-3.28521],[122.43665,-3.28673],[122.4362,-3.28686],[122.43631,-3.2863],[122.43597,-3.28618],[122.43487,-3.28634],[122.4348,-3.28601],[122.43546,-3.28533],[122.43643,-3.28513],[122.43684,-3.2841],[122.43594,-3.28316],[122.43452,-3.28336],[122.43382,-3.28383],[122.43418,-3.2852],[122.43359,-3.28615],[122.43394,-3.28768],[122.43129,-3.29128],[122.43082,-3.29155],[122.42885,-3.29046],[122.42792,-3.29038],[122.42838,-3.28847],[122.42899,-3.28909],[122.42985,-3.28828],[122.42888,-3.28459],[122.42996,-3.28449],[122.43036,-3.28485],[122.43081,-3.28439],[122.431,-3.28184],[122.43271,-3.27917],[122.43275,-3.27711],[122.434,-3.2756],[122.43449,-3.27346],[122.43707,-3.27059],[122.4374,-3.27128],[122.43679,-3.27268],[122.43659,-3.27502],[122.43887,-3.27574],[122.43996,-3.27803],[122.43982,-3.27894],[122.44023,-3.27929]]],[[[122.39729,-3.2705],[122.39729,-3.27054],[122.39727,-3.27051],[122.39726,-3.27046],[122.39725,-3.27039],[122.39725,-3.27038],[122.39729,-3.2705]]],[[[122.40284,-3.27014],[122.40284,-3.27018],[122.40279,-3.2701],[122.40275,-3.26998],[122.40275,-3.26985],[122.40278,-3.26982],[122.40284,-3.26998],[122.40284,-3.27004],[122.40284,-3.27014]]],[[[122.39666,-3.27072],[122.3962,-3.27043],[122.39643,-3.26981],[122.39666,-3.27072]]],[[[122.51234,-3.26912],[122.51315,-3.26902],[122.51322,-3.26976],[122.51493,-3.27143],[122.51539,-3.27239],[122.51518,-3.27294],[122.51341,-3.27335],[122.51208,-3.27229],[122.51131,-3.27112],[122.51089,-3.26922],[122.51112,-3.26863],[122.51234,-3.26912]]],[[[122.51236,-3.26872],[122.51109,-3.26848],[122.5111,-3.26796],[122.51309,-3.26681],[122.51251,-3.26736],[122.51236,-3.26872]]],[[[122.42052,-3.26565],[122.42118,-3.26591],[122.42134,-3.26703],[122.42191,-3.26742],[122.42185,-3.26789],[122.42112,-3.26822],[122.42002,-3.26816],[122.41942,-3.26499],[122.41965,-3.26427],[122.41991,-3.26525],[122.42052,-3.26565]]],[[[122.38013,-3.25804],[122.38012,-3.25805],[122.38009,-3.25805],[122.38005,-3.25804],[122.38,-3.25802],[122.37996,-3.25801],[122.3799,-3.25797],[122.37985,-3.25796],[122.37984,-3.25796],[122.37986,-3.25793],[122.37989,-3.2579],[122.37997,-3.25789],[122.38,-3.2579],[122.38007,-3.25793],[122.38011,-3.25797],[122.38013,-3.25803],[122.38013,-3.25804]]],[[[122.41151,-3.25791],[122.41151,-3.25792],[122.41139,-3.25788],[122.41134,-3.25782],[122.41134,-3.2577],[122.41136,-3.25754],[122.41136,-3.25738],[122.41136,-3.25738],[122.41152,-3.25748],[122.41156,-3.25754],[122.41157,-3.25759],[122.41155,-3.25763],[122.41152,-3.25765],[122.41148,-3.2577],[122.41146,-3.25772],[122.41146,-3.25778],[122.41148,-3.25784],[122.41151,-3.25791]]],[[[122.3841,-3.25873],[122.38362,-3.2573],[122.38429,-3.25686],[122.38482,-3.25789],[122.3841,-3.25873]]],[[[122.36402,-3.25702],[122.36397,-3.25706],[122.36394,-3.25705],[122.36391,-3.25702],[122.3639,-3.25697],[122.3639,-3.25692],[122.36391,-3.25688],[122.36397,-3.25685],[122.36404,-3.25683],[122.36411,-3.25682],[122.36416,-3.25686],[122.36419,-3.25689],[122.36416,-3.2569],[122.36408,-3.25697],[122.36402,-3.25702]]],[[[122.37686,-3.25681],[122.37688,-3.25682],[122.3769,-3.25682],[122.37694,-3.25684],[122.377,-3.25686],[122.37704,-3.25688],[122.37707,-3.25689],[122.37705,-3.25698],[122.37689,-3.25704],[122.37673,-3.25685],[122.37672,-3.25681],[122.37676,-3.25681],[122.37682,-3.25681],[122.37686,-3.25681]]],[[[122.38015,-3.25776],[122.38015,-3.25776],[122.38012,-3.25774],[122.38008,-3.25768],[122.38007,-3.2576],[122.38006,-3.25752],[122.38002,-3.25744],[122.37998,-3.25739],[122.3799,-3.25734],[122.37983,-3.25729],[122.3798,-3.25718],[122.3798,-3.25711],[122.37982,-3.25703],[122.37982,-3.25697],[122.37977,-3.25691],[122.37974,-3.25685],[122.37974,-3.2568],[122.37975,-3.2568],[122.3798,-3.2568],[122.37985,-3.25682],[122.37995,-3.25695],[122.37999,-3.25706],[122.38,-3.25716],[122.38001,-3.2574],[122.38003,-3.25744],[122.38009,-3.25751],[122.38012,-3.25756],[122.38014,-3.25761],[122.38015,-3.25766],[122.38015,-3.25772],[122.38015,-3.25776]]],[[[122.41058,-3.25837],[122.41059,-3.25926],[122.40998,-3.26044],[122.40817,-3.25961],[122.40854,-3.25856],[122.4093,-3.25835],[122.4095,-3.25681],[122.41058,-3.25837]]],[[[122.36459,-3.2567],[122.36439,-3.25628],[122.36492,-3.25581],[122.3651,-3.25632],[122.36459,-3.2567]]],[[[122.3959,-3.25142],[122.3951,-3.25088],[122.39584,-3.2508],[122.3959,-3.25142]]],[[[122.32439,-3.24927],[122.32436,-3.24932],[122.32432,-3.2493],[122.32432,-3.24922],[122.32435,-3.24912],[122.32437,-3.24906],[122.32439,-3.24902],[122.32439,-3.24907],[122.32439,-3.24927]]],[[[122.37333,-3.24877],[122.37331,-3.24882],[122.37304,-3.24874],[122.37283,-3.24859],[122.3729,-3.2486],[122.37325,-3.24871],[122.37333,-3.24877]]],[[[122.3716,-3.24797],[122.37158,-3.24797],[122.37159,-3.24794],[122.37172,-3.24769],[122.37183,-3.24755],[122.37169,-3.24781],[122.3716,-3.24797]]],[[[122.37196,-3.24653],[122.37149,-3.2459],[122.37176,-3.24582],[122.37196,-3.24653]]],[[[122.33782,-3.23942],[122.33778,-3.23949],[122.33776,-3.23946],[122.33774,-3.23941],[122.33775,-3.23936],[122.33778,-3.23933],[122.33781,-3.23931],[122.33786,-3.23931],[122.33789,-3.23929],[122.33786,-3.23933],[122.33782,-3.23942]]],[[[122.36316,-3.23836],[122.36308,-3.23843],[122.36296,-3.23841],[122.36287,-3.2384],[122.36283,-3.23835],[122.36284,-3.23828],[122.36286,-3.23823],[122.36302,-3.23819],[122.36313,-3.23821],[122.36318,-3.23826],[122.36316,-3.23836]]],[[[122.36495,-3.23738],[122.36494,-3.23739],[122.36489,-3.23738],[122.36495,-3.23738]]],[[[122.34323,-3.23737],[122.34229,-3.23665],[122.34248,-3.23627],[122.34323,-3.23737]]],[[[122.34109,-3.23534],[122.34104,-3.23536],[122.34096,-3.23535],[122.34088,-3.23531],[122.34078,-3.2353],[122.34068,-3.23529],[122.34057,-3.23525],[122.34057,-3.23518],[122.34059,-3.23511],[122.34067,-3.23507],[122.34073,-3.23507],[122.34079,-3.2351],[122.34092,-3.23516],[122.34104,-3.23521],[122.3411,-3.23524],[122.3411,-3.23528],[122.34109,-3.23534]]],[[[122.36091,-3.23236],[122.36093,-3.23243],[122.36086,-3.23236],[122.36091,-3.23232],[122.36091,-3.23236]]],[[[122.46385,-3.14965],[122.46481,-3.14987],[122.46579,-3.1515],[122.4665,-3.15151],[122.46721,-3.15222],[122.46645,-3.15292],[122.46573,-3.15271],[122.46526,-3.15317],[122.46489,-3.15614],[122.46562,-3.16002],[122.46689,-3.16035],[122.47008,-3.16264],[122.4716,-3.16507],[122.47267,-3.16565],[122.47395,-3.1682],[122.47366,-3.16877],[122.47499,-3.16919],[122.47776,-3.17176],[122.47871,-3.17191],[122.47938,-3.17293],[122.4811,-3.17375],[122.48299,-3.17694],[122.48532,-3.17761],[122.48626,-3.17968],[122.48688,-3.1797],[122.48693,-3.18007],[122.48476,-3.18122],[122.48257,-3.18316],[122.47914,-3.18392],[122.47534,-3.18694],[122.47304,-3.18763],[122.46971,-3.18938],[122.46698,-3.18925],[122.46418,-3.18996],[122.46113,-3.19013],[122.45735,-3.18901],[122.44897,-3.18856],[122.44684,-3.18766],[122.44572,-3.18838],[122.44301,-3.18858],[122.44069,-3.18795],[122.43977,-3.18839],[122.43749,-3.18835],[122.43629,-3.18759],[122.43567,-3.18908],[122.43464,-3.18987],[122.42864,-3.19248],[122.42829,-3.19367],[122.42888,-3.19596],[122.42876,-3.20054],[122.42764,-3.20131],[122.42689,-3.20069],[122.42686,-3.20008],[122.42631,-3.20087],[122.42535,-3.20075],[122.4251,-3.20114],[122.42578,-3.20212],[122.42541,-3.20222],[122.42439,-3.20114],[122.42464,-3.20192],[122.42394,-3.20195],[122.42284,-3.20404],[122.42262,-3.20533],[122.42385,-3.20563],[122.42472,-3.209],[122.42583,-3.20953],[122.42506,-3.21341],[122.42529,-3.21401],[122.42449,-3.21442],[122.4244,-3.21613],[122.42503,-3.21694],[122.42686,-3.21785],[122.42649,-3.21921],[122.42788,-3.22071],[122.42747,-3.2225],[122.42891,-3.22466],[122.42792,-3.22571],[122.42799,-3.22662],[122.42984,-3.23006],[122.43005,-3.23124],[122.43163,-3.23253],[122.43256,-3.23502],[122.43202,-3.23525],[122.43094,-3.23468],[122.42973,-3.23483],[122.43041,-3.23865],[122.43172,-3.23966],[122.43288,-3.23942],[122.43344,-3.24092],[122.43258,-3.24163],[122.43293,-3.24252],[122.43256,-3.24318],[122.42946,-3.24489],[122.4296,-3.24538],[122.43094,-3.24505],[122.43039,-3.24744],[122.42833,-3.24598],[122.42618,-3.24687],[122.42649,-3.24613],[122.42607,-3.24528],[122.42656,-3.24397],[122.42573,-3.2433],[122.42401,-3.24331],[122.4241,-3.24267],[122.42513,-3.24205],[122.42422,-3.24217],[122.42342,-3.2444],[122.42276,-3.24472],[122.42263,-3.2453],[122.42333,-3.24728],[122.42538,-3.2483],[122.42616,-3.24946],[122.42799,-3.25068],[122.42851,-3.2556],[122.43013,-3.25623],[122.4309,-3.25745],[122.43166,-3.2579],[122.43223,-3.25709],[122.43285,-3.25703],[122.43331,-3.25797],[122.43272,-3.25897],[122.43283,-3.2604],[122.43013,-3.26285],[122.43005,-3.2636],[122.43115,-3.26517],[122.43078,-3.26783],[122.43133,-3.26835],[122.43086,-3.26913],[122.432,-3.2693],[122.43292,-3.27123],[122.43217,-3.27158],[122.43203,-3.27339],[122.43092,-3.27369],[122.43092,-3.2747],[122.4292,-3.27486],[122.42808,-3.27631],[122.42647,-3.27641],[122.42726,-3.2775],[122.42766,-3.27907],[122.42713,-3.27972],[122.42571,-3.28015],[122.42516,-3.27903],[122.42629,-3.27743],[122.42572,-3.27612],[122.42598,-3.27552],[122.42512,-3.27573],[122.42442,-3.27705],[122.42283,-3.27698],[122.42314,-3.27592],[122.42184,-3.27413],[122.42242,-3.27394],[122.42331,-3.27442],[122.42333,-3.27355],[122.42388,-3.27324],[122.42405,-3.27242],[122.42242,-3.2715],[122.42224,-3.26998],[122.42253,-3.26832],[122.42222,-3.26796],[122.42302,-3.26775],[122.42348,-3.26625],[122.42213,-3.26566],[122.4214,-3.26436],[122.42172,-3.2631],[122.42331,-3.26304],[122.42265,-3.26157],[122.42087,-3.26118],[122.42002,-3.26148],[122.41947,-3.2625],[122.41812,-3.26238],[122.41771,-3.26195],[122.41679,-3.26211],[122.41633,-3.26119],[122.41656,-3.26053],[122.41739,-3.26097],[122.4193,-3.26031],[122.4195,-3.2596],[122.41725,-3.25888],[122.41722,-3.25955],[122.41695,-3.25943],[122.41705,-3.2586],[122.41624,-3.2584],[122.41612,-3.25769],[122.41556,-3.25729],[122.41591,-3.2565],[122.41552,-3.25612],[122.41225,-3.25762],[122.41141,-3.25721],[122.41157,-3.25661],[122.41116,-3.25624],[122.40979,-3.25603],[122.40901,-3.25613],[122.40887,-3.25655],[122.40823,-3.25634],[122.4085,-3.25248],[122.40778,-3.25098],[122.40857,-3.24866],[122.40646,-3.24537],[122.40564,-3.24273],[122.40394,-3.24109],[122.40108,-3.23958],[122.39977,-3.23984],[122.39792,-3.2412],[122.39772,-3.24166],[122.39857,-3.24158],[122.3986,-3.24227],[122.39824,-3.24255],[122.39741,-3.24227],[122.39666,-3.24343],[122.39705,-3.24558],[122.39845,-3.24742],[122.39833,-3.24801],[122.39735,-3.24763],[122.39653,-3.24798],[122.39657,-3.24887],[122.39753,-3.24917],[122.39748,-3.24985],[122.39556,-3.24998],[122.3955,-3.24871],[122.39431,-3.24886],[122.39376,-3.24982],[122.39418,-3.2505],[122.39392,-3.25087],[122.38735,-3.25346],[122.38589,-3.25528],[122.38462,-3.25522],[122.38561,-3.25648],[122.38519,-3.25691],[122.38389,-3.2555],[122.38278,-3.25565],[122.38164,-3.25485],[122.38084,-3.25497],[122.38044,-3.25551],[122.37979,-3.25523],[122.37682,-3.25635],[122.37751,-3.25491],[122.3774,-3.25311],[122.37606,-3.25361],[122.3755,-3.25448],[122.37409,-3.25457],[122.37476,-3.25356],[122.37488,-3.25225],[122.37355,-3.25025],[122.37282,-3.25081],[122.37216,-3.25267],[122.37156,-3.25317],[122.37144,-3.25256],[122.37199,-3.25178],[122.37239,-3.24984],[122.37166,-3.24968],[122.37175,-3.24935],[122.37237,-3.24866],[122.37386,-3.24938],[122.37461,-3.24736],[122.37402,-3.24706],[122.37374,-3.24621],[122.37244,-3.24556],[122.37117,-3.2458],[122.37129,-3.24726],[122.36832,-3.24696],[122.36793,-3.24721],[122.36789,-3.24847],[122.3666,-3.24816],[122.36568,-3.24853],[122.36599,-3.24947],[122.36521,-3.25085],[122.36606,-3.25201],[122.36643,-3.25352],[122.36626,-3.25444],[122.36558,-3.25524],[122.36419,-3.25493],[122.36376,-3.25436],[122.35925,-3.25524],[122.35815,-3.25282],[122.35627,-3.25244],[122.3561,-3.25206],[122.35674,-3.25154],[122.35671,-3.25052],[122.3594,-3.24975],[122.35872,-3.24881],[122.35987,-3.24796],[122.36,-3.24727],[122.36176,-3.24828],[122.36335,-3.24808],[122.36365,-3.24667],[122.36316,-3.24658],[122.36392,-3.24516],[122.36341,-3.24462],[122.36222,-3.24485],[122.362,-3.24627],[122.36168,-3.24642],[122.36143,-3.24578],[122.36208,-3.24454],[122.36413,-3.24387],[122.36461,-3.24335],[122.36518,-3.24351],[122.36624,-3.242],[122.36697,-3.24229],[122.36694,-3.24119],[122.36845,-3.24073],[122.36885,-3.23983],[122.36859,-3.23956],[122.36801,-3.23981],[122.36805,-3.23917],[122.36931,-3.23833],[122.36909,-3.23729],[122.36943,-3.23634],[122.36829,-3.2368],[122.36658,-3.23673],[122.36496,-3.23736],[122.36453,-3.23696],[122.36523,-3.23656],[122.36336,-3.2354],[122.36382,-3.23317],[122.36475,-3.23304],[122.36586,-3.23177],[122.36642,-3.23171],[122.36922,-3.22944],[122.37052,-3.22907],[122.36944,-3.22864],[122.37012,-3.22722],[122.36914,-3.22658],[122.36927,-3.22583],[122.36797,-3.22536],[122.36708,-3.22638],[122.36563,-3.22609],[122.36566,-3.22701],[122.36497,-3.22674],[122.36446,-3.22737],[122.36175,-3.22868],[122.36166,-3.22916],[122.36306,-3.23116],[122.3628,-3.23173],[122.35963,-3.23131],[122.35853,-3.22983],[122.35765,-3.22958],[122.35764,-3.23046],[122.3571,-3.22956],[122.35674,-3.22964],[122.35636,-3.23104],[122.35489,-3.23135],[122.35458,-3.23214],[122.35353,-3.23238],[122.35317,-3.23292],[122.35161,-3.23308],[122.34992,-3.23547],[122.34736,-3.23676],[122.34555,-3.23538],[122.34476,-3.23532],[122.34427,-3.236],[122.34373,-3.23597],[122.34426,-3.23291],[122.34217,-3.23095],[122.34061,-3.23081],[122.33935,-3.23165],[122.33808,-3.23194],[122.33784,-3.23288],[122.33889,-3.23364],[122.33793,-3.23384],[122.33741,-3.23486],[122.33674,-3.235],[122.33583,-3.23444],[122.33442,-3.23507],[122.33338,-3.23466],[122.33175,-3.23554],[122.33158,-3.23621],[122.32751,-3.23418],[122.32731,-3.23338],[122.32799,-3.23291],[122.32772,-3.23251],[122.32691,-3.23247],[122.32643,-3.23312],[122.32603,-3.23253],[122.32459,-3.23395],[122.32531,-3.23487],[122.32546,-3.23916],[122.32318,-3.24136],[122.32283,-3.2488],[122.32168,-3.25115],[122.32117,-3.25381],[122.32063,-3.25451],[122.31928,-3.2549],[122.3168,-3.25904],[122.31618,-3.26704],[122.31491,-3.26888],[122.31359,-3.27229],[122.31193,-3.27209],[122.3107,-3.27287],[122.31249,-3.26419],[122.31187,-3.26052],[122.30908,-3.25781],[122.3021,-3.24855],[122.2985,-3.23821],[122.29749,-3.23722],[122.29651,-3.23076],[122.29561,-3.2288],[122.29567,-3.22616],[122.3046,-3.22741],[122.30856,-3.22476],[122.31019,-3.22227],[122.3133,-3.2211],[122.31268,-3.21755],[122.30555,-3.21777],[122.30157,-3.21154],[122.31204,-3.20661],[122.31639,-3.20323],[122.31448,-3.19578],[122.31254,-3.19286],[122.312,-3.19013],[122.31348,-3.18147],[122.31667,-3.1785],[122.31737,-3.17593],[122.31869,-3.17398],[122.31807,-3.1707],[122.31494,-3.16588],[122.32055,-3.16441],[122.32269,-3.16447],[122.33012,-3.16788],[122.33458,-3.16866],[122.3372,-3.16861],[122.33809,-3.16831],[122.34154,-3.16544],[122.34346,-3.15957],[122.34714,-3.16125],[122.35517,-3.16228],[122.36779,-3.17016],[122.37475,-3.16955],[122.38078,-3.17198],[122.38378,-3.17747],[122.388,-3.18078],[122.39579,-3.18093],[122.3986,-3.17992],[122.40021,-3.17885],[122.40449,-3.17903],[122.40765,-3.17774],[122.41201,-3.17805],[122.41864,-3.17553],[122.42212,-3.17529],[122.42405,-3.17274],[122.42583,-3.16706],[122.42871,-3.16372],[122.42954,-3.16064],[122.43295,-3.15852],[122.43283,-3.15647],[122.43335,-3.15549],[122.43436,-3.15471],[122.439,-3.15459],[122.44105,-3.15288],[122.44258,-3.15284],[122.4436,-3.1523],[122.44434,-3.1531],[122.44552,-3.15353],[122.44511,-3.15591],[122.44366,-3.15775],[122.44332,-3.15977],[122.44658,-3.16338],[122.44753,-3.1625],[122.44936,-3.16363],[122.45309,-3.16452],[122.4559,-3.16365],[122.45768,-3.1636],[122.45875,-3.1642],[122.46047,-3.16353],[122.46132,-3.16277],[122.46156,-3.16143],[122.46076,-3.16021],[122.46114,-3.15957],[122.46038,-3.15941],[122.45988,-3.15882],[122.45948,-3.15705],[122.45984,-3.15588],[122.4591,-3.15326],[122.45724,-3.15339],[122.45664,-3.15241],[122.45499,-3.15199],[122.45462,-3.15123],[122.45502,-3.15054],[122.45584,-3.15019],[122.45748,-3.15063],[122.45929,-3.14976],[122.46385,-3.14965]]]]}}]}