{"type":"FeatureCollection","features":[{"type":"Feature","properties":{"NAMOBJ":"Lembo","KODE_KAB":7212},"geometry":{"type":"MultiPolygon","coordinates":[[[[121.27031,-2.31473],[121.28975,-2.31533],[121.2996,-2.31508],[121.31168,-2.31586],[121.31283,-2.31675],[121.31389,-2.31613],[121.31439,-2.31525],[121.31535,-2.31587],[121.31742,-2.31527],[121.3177,-2.31565],[121.32451,-2.31605],[121.32866,-2.3177],[121.33087,-2.31715],[121.33219,-2.31725],[121.33298,-2.31851],[121.3341,-2.31907],[121.33402,-2.32064],[121.33498,-2.32407],[121.33507,-2.32625],[121.33702,-2.32841],[121.33691,-2.32966],[121.3376,-2.33054],[121.33758,-2.33131],[121.33898,-2.332],[121.34122,-2.33627],[121.34345,-2.33757],[121.34373,-2.33928],[121.34453,-2.33976],[121.34499,-2.3408],[121.34471,-2.34169],[121.34542,-2.34185],[121.34558,-2.34257],[121.34631,-2.34305],[121.34604,-2.34482],[121.34631,-2.34553],[121.34543,-2.346],[121.33867,-2.34663],[121.30185,-2.34745],[121.29658,-2.34696],[121.28964,-2.3474],[121.28815,-2.34693],[121.28743,-2.34603],[121.28605,-2.34541],[121.28377,-2.34494],[121.28264,-2.34508],[121.28096,-2.34669],[121.27767,-2.34714],[121.2753,-2.34687],[121.27385,-2.34599],[121.26937,-2.34676],[121.26575,-2.34586],[121.2599,-2.34536],[121.25872,-2.34279],[121.25547,-2.34149],[121.25499,-2.33932],[121.255,-2.33666],[121.25645,-2.3284],[121.25493,-2.32535],[121.25529,-2.32301],[121.25826,-2.32064],[121.26098,-2.31676],[121.2608,-2.31496],[121.26573,-2.31455],[121.27031,-2.31473]]],[[[121.16268,-2.04297],[121.18327,-2.05531],[121.19719,-2.06457],[121.20543,-2.07043],[121.2172,-2.07962],[121.22346,-2.08292],[121.23632,-2.08826],[121.24386,-2.09106],[121.24827,-2.09207],[121.2691,-2.08644],[121.27454,-2.0843],[121.2821,-2.08073],[121.28372,-2.07927],[121.29418,-2.07401],[121.29705,-2.07142],[121.2992,-2.07011],[121.31797,-2.07471],[121.32482,-2.07514],[121.32884,-2.0742],[121.33243,-2.07426],[121.33472,-2.07566],[121.33584,-2.0761],[121.33654,-2.07596],[121.33714,-2.07699],[121.33819,-2.07704],[121.3383,-2.07853],[121.33891,-2.07926],[121.34021,-2.07877],[121.3421,-2.07981],[121.3439,-2.07828],[121.34582,-2.0791],[121.3472,-2.07836],[121.35209,-2.07751],[121.35474,-2.07485],[121.3558,-2.07535],[121.35733,-2.07501],[121.35777,-2.07318],[121.35852,-2.07243],[121.36211,-2.06998],[121.36375,-2.06974],[121.36696,-2.06826],[121.36827,-2.06699],[121.37142,-2.06683],[121.3739,-2.06744],[121.37768,-2.06526],[121.38102,-2.06473],[121.38094,-2.06574],[121.37952,-2.06846],[121.37955,-2.06948],[121.38011,-2.06988],[121.38607,-2.07069],[121.38521,-2.07314],[121.3822,-2.07198],[121.38297,-2.07304],[121.38217,-2.07332],[121.38198,-2.07402],[121.38229,-2.07439],[121.38189,-2.0746],[121.37916,-2.07301],[121.37912,-2.07395],[121.37859,-2.07433],[121.37897,-2.0752],[121.37827,-2.07519],[121.37786,-2.07595],[121.37456,-2.07624],[121.3723,-2.07583],[121.36902,-2.07726],[121.3681,-2.07807],[121.36723,-2.07975],[121.36725,-2.08128],[121.36826,-2.08495],[121.36906,-2.08678],[121.37187,-2.09038],[121.37352,-2.09133],[121.38012,-2.0925],[121.38485,-2.09173],[121.3889,-2.0923],[121.38992,-2.09281],[121.39137,-2.09435],[121.39287,-2.09675],[121.39336,-2.10034],[121.39165,-2.10573],[121.39172,-2.10655],[121.39257,-2.11044],[121.39625,-2.11306],[121.39692,-2.11414],[121.39788,-2.11479],[121.39801,-2.11615],[121.39941,-2.11764],[121.39935,-2.1186],[121.39848,-2.12003],[121.39935,-2.12146],[121.39804,-2.12281],[121.39801,-2.12364],[121.39858,-2.12445],[121.39824,-2.12569],[121.39855,-2.1275],[121.39998,-2.1286],[121.40063,-2.13171],[121.40313,-2.13069],[121.40497,-2.13176],[121.40357,-2.13779],[121.40453,-2.14052],[121.40533,-2.14066],[121.40685,-2.13969],[121.41039,-2.13881],[121.41194,-2.14001],[121.41267,-2.14186],[121.4127,-2.1437],[121.4119,-2.14592],[121.4095,-2.14826],[121.41009,-2.1493],[121.41187,-2.15076],[121.41182,-2.15162],[121.41069,-2.15316],[121.40947,-2.15335],[121.40909,-2.15434],[121.40766,-2.15531],[121.40729,-2.15641],[121.4076,-2.1578],[121.40931,-2.15902],[121.40898,-2.16141],[121.40735,-2.16411],[121.40746,-2.1669],[121.40835,-2.16941],[121.4145,-2.17612],[121.42063,-2.18021],[121.42637,-2.1852],[121.42787,-2.18813],[121.42944,-2.19267],[121.42989,-2.19445],[121.42942,-2.19867],[121.43018,-2.19981],[121.42916,-2.20056],[121.42909,-2.20224],[121.42831,-2.20417],[121.42786,-2.20691],[121.42624,-2.20937],[121.42559,-2.21433],[121.42328,-2.21646],[121.41855,-2.21738],[121.41825,-2.21817],[121.41856,-2.22106],[121.41804,-2.22153],[121.41293,-2.22241],[121.41079,-2.22085],[121.40893,-2.22259],[121.40567,-2.21875],[121.4033,-2.2188],[121.40266,-2.21842],[121.40181,-2.2166],[121.40088,-2.21613],[121.39996,-2.21393],[121.39969,-2.21221],[121.40074,-2.21223],[121.40279,-2.21077],[121.4038,-2.20719],[121.40363,-2.20617],[121.40245,-2.20553],[121.39711,-2.20434],[121.39584,-2.2034],[121.39329,-2.19786],[121.39214,-2.19663],[121.39189,-2.1943],[121.38989,-2.18994],[121.38764,-2.18818],[121.3865,-2.18862],[121.38605,-2.18748],[121.3854,-2.18726],[121.38162,-2.18165],[121.36919,-2.16674],[121.36036,-2.15814],[121.35494,-2.16768],[121.35587,-2.17126],[121.34652,-2.17246],[121.34242,-2.16802],[121.3423,-2.16654],[121.34366,-2.16514],[121.34343,-2.16074],[121.34263,-2.15865],[121.33901,-2.15468],[121.33683,-2.15401],[121.33424,-2.15408],[121.33136,-2.15281],[121.32423,-2.15288],[121.32344,-2.1525],[121.32087,-2.15373],[121.31619,-2.15826],[121.31192,-2.16094],[121.31199,-2.16203],[121.31079,-2.16332],[121.31274,-2.16557],[121.31239,-2.16692],[121.30761,-2.1669],[121.30463,-2.16476],[121.30038,-2.16586],[121.29654,-2.1632],[121.29359,-2.1626],[121.29113,-2.16409],[121.28851,-2.1645],[121.28411,-2.16739],[121.28132,-2.1685],[121.27813,-2.16919],[121.27504,-2.17074],[121.27297,-2.17294],[121.27217,-2.17635],[121.27079,-2.17816],[121.27262,-2.18617],[121.27289,-2.1897],[121.27124,-2.19177],[121.27111,-2.19325],[121.27131,-2.19377],[121.27338,-2.1948],[121.27468,-2.19731],[121.27476,-2.19905],[121.27614,-2.20474],[121.27589,-2.2077],[121.27651,-2.20998],[121.2765,-2.21216],[121.27386,-2.21365],[121.26839,-2.21517],[121.2558,-2.21448],[121.25088,-2.21364],[121.24416,-2.21083],[121.24329,-2.20956],[121.2414,-2.2093],[121.239,-2.2071],[121.23684,-2.207],[121.23585,-2.20749],[121.23521,-2.20888],[121.23394,-2.20984],[121.23483,-2.21202],[121.23357,-2.21343],[121.23356,-2.2149],[121.23223,-2.21519],[121.23216,-2.2163],[121.23171,-2.21685],[121.2279,-2.21807],[121.22587,-2.21803],[121.22138,-2.22115],[121.21946,-2.2206],[121.21559,-2.22191],[121.21359,-2.22159],[121.21308,-2.22245],[121.21156,-2.22294],[121.21022,-2.22439],[121.20812,-2.22424],[121.20581,-2.22473],[121.20472,-2.22429],[121.20408,-2.22538],[121.20284,-2.22581],[121.20261,-2.22668],[121.20016,-2.22987],[121.19753,-2.23094],[121.19548,-2.23238],[121.18569,-2.23442],[121.17721,-2.23411],[121.17481,-2.23396],[121.16926,-2.23273],[121.16456,-2.23041],[121.16103,-2.22976],[121.1578,-2.22941],[121.14936,-2.23007],[121.13901,-2.23715],[121.12868,-2.24639],[121.11928,-2.25555],[121.1127,-2.26673],[121.10993,-2.2729],[121.10754,-2.28278],[121.10508,-2.27921],[121.10036,-2.27615],[121.09703,-2.27475],[121.08387,-2.27107],[121.06313,-2.26739],[121.05155,-2.26682],[121.03445,-2.27551],[121.0325,-2.27412],[121.03001,-2.27133],[121.0284,-2.27028],[121.0104,-2.26225],[121.00805,-2.25985],[121.00344,-2.25242],[121.00007,-2.24995],[121.00293,-2.24876],[121.01749,-2.24611],[121.04582,-2.23786],[121.05574,-2.22946],[121.05728,-2.22867],[121.06008,-2.22562],[121.06041,-2.22381],[121.0617,-2.22224],[121.06793,-2.21997],[121.06958,-2.21649],[121.07051,-2.21597],[121.0806,-2.20576],[121.09706,-2.17974],[121.11638,-2.15407],[121.12712,-2.14295],[121.13021,-2.14024],[121.13111,-2.13998],[121.13156,-2.13827],[121.1303,-2.13193],[121.13048,-2.13096],[121.13137,-2.1297],[121.13118,-2.12677],[121.13204,-2.1244],[121.13385,-2.12325],[121.13501,-2.12045],[121.13641,-2.11848],[121.13654,-2.11572],[121.13781,-2.11539],[121.13841,-2.11449],[121.13845,-2.11295],[121.13989,-2.11226],[121.14047,-2.11122],[121.14165,-2.11069],[121.14255,-2.10938],[121.14477,-2.10916],[121.14529,-2.10767],[121.14605,-2.1071],[121.14533,-2.10591],[121.14518,-2.1042],[121.14585,-2.10325],[121.1494,-2.10272],[121.15358,-2.10303],[121.15262,-2.10111],[121.15139,-2.10025],[121.15217,-2.09857],[121.15353,-2.09706],[121.15313,-2.09545],[121.1519,-2.09409],[121.14979,-2.09409],[121.14828,-2.09064],[121.14901,-2.08875],[121.14905,-2.08625],[121.14998,-2.08499],[121.1497,-2.08328],[121.15019,-2.08128],[121.1497,-2.07953],[121.15095,-2.0762],[121.149,-2.07485],[121.14865,-2.074],[121.15004,-2.07168],[121.15178,-2.07008],[121.15287,-2.06404],[121.15334,-2.06373],[121.15368,-2.06444],[121.15504,-2.06441],[121.15711,-2.06184],[121.15692,-2.06119],[121.15579,-2.06031],[121.15522,-2.05811],[121.15353,-2.05646],[121.15341,-2.05549],[121.15407,-2.05326],[121.15252,-2.05238],[121.15283,-2.0507],[121.15213,-2.04934],[121.15333,-2.04762],[121.15422,-2.047],[121.15718,-2.04552],[121.15902,-2.0452],[121.1615,-2.04297],[121.16124,-2.04226],[121.16268,-2.04297]]]]}},{"type":"Feature","properties":{"NAMOBJ":"Lembo Raya","KODE_KAB":7212},"geometry":{"type":"MultiPolygon","coordinates":[[[[121.40893,-2.22259],[121.40852,-2.22469],[121.40496,-2.22681],[121.40204,-2.23107],[121.40025,-2.23173],[121.39933,-2.2326],[121.39928,-2.23467],[121.39674,-2.23862],[121.39804,-2.24323],[121.3974,-2.24645],[121.39793,-2.24762],[121.40094,-2.24615],[121.4035,-2.24549],[121.40596,-2.2459],[121.40693,-2.24663],[121.40899,-2.24562],[121.41135,-2.24649],[121.41192,-2.24696],[121.41275,-2.2492],[121.41425,-2.25041],[121.41457,-2.25224],[121.41589,-2.25428],[121.41663,-2.25481],[121.41976,-2.25488],[121.42141,-2.25652],[121.42139,-2.25731],[121.42047,-2.25824],[121.4195,-2.26034],[121.41975,-2.26131],[121.42133,-2.26227],[121.42268,-2.26228],[121.42449,-2.26153],[121.42516,-2.26027],[121.42578,-2.26002],[121.42961,-2.26069],[121.43177,-2.25817],[121.43475,-2.25756],[121.43658,-2.25573],[121.43969,-2.25581],[121.44069,-2.25771],[121.44331,-2.25869],[121.44576,-2.2623],[121.4482,-2.26363],[121.44966,-2.26603],[121.45336,-2.26635],[121.45621,-2.26802],[121.45807,-2.275],[121.46016,-2.27929],[121.4622,-2.28111],[121.46251,-2.28279],[121.46748,-2.28642],[121.46867,-2.28852],[121.46696,-2.29221],[121.4679,-2.29345],[121.46779,-2.29383],[121.46492,-2.29561],[121.46413,-2.29784],[121.46263,-2.29953],[121.46338,-2.30077],[121.46332,-2.3019],[121.46248,-2.30224],[121.46083,-2.30192],[121.45937,-2.30303],[121.45989,-2.30458],[121.46159,-2.30647],[121.46176,-2.30868],[121.46217,-2.30924],[121.46403,-2.30968],[121.46536,-2.31053],[121.46705,-2.31005],[121.46798,-2.31041],[121.46687,-2.31247],[121.46753,-2.31427],[121.46739,-2.31493],[121.4665,-2.31583],[121.4625,-2.31718],[121.46172,-2.32122],[121.45987,-2.32297],[121.46127,-2.32671],[121.46061,-2.32893],[121.4614,-2.33286],[121.46117,-2.33362],[121.45966,-2.33434],[121.45892,-2.33556],[121.4597,-2.33849],[121.45739,-2.34512],[121.46036,-2.34639],[121.46047,-2.34684],[121.45899,-2.34879],[121.45671,-2.35619],[121.45613,-2.3571],[121.45641,-2.3583],[121.45837,-2.35872],[121.45767,-2.35982],[121.45643,-2.36076],[121.45711,-2.36311],[121.45587,-2.36394],[121.45578,-2.36666],[121.45328,-2.36806],[121.45411,-2.36918],[121.45417,-2.37047],[121.44964,-2.3701],[121.44775,-2.38143],[121.44783,-2.3834],[121.4469,-2.38594],[121.44731,-2.38782],[121.4483,-2.38927],[121.44817,-2.38983],[121.44594,-2.3911],[121.44427,-2.39108],[121.43869,-2.3945],[121.43805,-2.39531],[121.43827,-2.39656],[121.44126,-2.39576],[121.4429,-2.39694],[121.44183,-2.40008],[121.44265,-2.40295],[121.4425,-2.40401],[121.44214,-2.40504],[121.44065,-2.40625],[121.43276,-2.40572],[121.43066,-2.40582],[121.42952,-2.40628],[121.42778,-2.40595],[121.42012,-2.40699],[121.41581,-2.40598],[121.41356,-2.40723],[121.41195,-2.4074],[121.40876,-2.40628],[121.40674,-2.40442],[121.40573,-2.40409],[121.40301,-2.40502],[121.40138,-2.40746],[121.39868,-2.40639],[121.3972,-2.40622],[121.39457,-2.40746],[121.38237,-2.4049],[121.35031,-2.39675],[121.34698,-2.39524],[121.34445,-2.3928],[121.33764,-2.38987],[121.32939,-2.38803],[121.32525,-2.38672],[121.32104,-2.3865],[121.31884,-2.38709],[121.31556,-2.38723],[121.30082,-2.37882],[121.29445,-2.37659],[121.27393,-2.37239],[121.2505,-2.36824],[121.23714,-2.36516],[121.2322,-2.36175],[121.23064,-2.36126],[121.22782,-2.36173],[121.22221,-2.36504],[121.21915,-2.36576],[121.20667,-2.37038],[121.19572,-2.37333],[121.18902,-2.37448],[121.1838,-2.37467],[121.17885,-2.37223],[121.17316,-2.3663],[121.16689,-2.35642],[121.16293,-2.35143],[121.15869,-2.34722],[121.15323,-2.34374],[121.1492,-2.33973],[121.14574,-2.33371],[121.14251,-2.32423],[121.14077,-2.32044],[121.13231,-2.31059],[121.11266,-2.29087],[121.10754,-2.28278],[121.10993,-2.2729],[121.1127,-2.26673],[121.11928,-2.25555],[121.12868,-2.24639],[121.13901,-2.23715],[121.14936,-2.23007],[121.1578,-2.22941],[121.16103,-2.22976],[121.16456,-2.23041],[121.16926,-2.23273],[121.17481,-2.23396],[121.17721,-2.23411],[121.18569,-2.23442],[121.19548,-2.23238],[121.19753,-2.23094],[121.20016,-2.22987],[121.20261,-2.22668],[121.20284,-2.22581],[121.20408,-2.22538],[121.20472,-2.22429],[121.20581,-2.22473],[121.20812,-2.22424],[121.21022,-2.22439],[121.21156,-2.22294],[121.21308,-2.22245],[121.21359,-2.22159],[121.21559,-2.22191],[121.21946,-2.2206],[121.22138,-2.22115],[121.22587,-2.21803],[121.2279,-2.21807],[121.23171,-2.21685],[121.23216,-2.2163],[121.23223,-2.21519],[121.23356,-2.2149],[121.23357,-2.21343],[121.23483,-2.21202],[121.23394,-2.20984],[121.23521,-2.20888],[121.23585,-2.20749],[121.23684,-2.207],[121.239,-2.2071],[121.2414,-2.2093],[121.24329,-2.20956],[121.24416,-2.21083],[121.25088,-2.21364],[121.2558,-2.21448],[121.26839,-2.21517],[121.27386,-2.21365],[121.2765,-2.21216],[121.27651,-2.20998],[121.27589,-2.2077],[121.27614,-2.20474],[121.27476,-2.19905],[121.27468,-2.19731],[121.27338,-2.1948],[121.27131,-2.19377],[121.27111,-2.19325],[121.27124,-2.19177],[121.27289,-2.1897],[121.27262,-2.18617],[121.27079,-2.17816],[121.27217,-2.17635],[121.27297,-2.17294],[121.27504,-2.17074],[121.27813,-2.16919],[121.28132,-2.1685],[121.28411,-2.16739],[121.28851,-2.1645],[121.29113,-2.16409],[121.29359,-2.1626],[121.29654,-2.1632],[121.30038,-2.16586],[121.30463,-2.16476],[121.30761,-2.1669],[121.31239,-2.16692],[121.31274,-2.16557],[121.31079,-2.16332],[121.31199,-2.16203],[121.31192,-2.16094],[121.31619,-2.15826],[121.32087,-2.15373],[121.32344,-2.1525],[121.32423,-2.15288],[121.33136,-2.15281],[121.33424,-2.15408],[121.33683,-2.15401],[121.33901,-2.15468],[121.34263,-2.15865],[121.34343,-2.16074],[121.34366,-2.16514],[121.3423,-2.16654],[121.34242,-2.16802],[121.34652,-2.17246],[121.35587,-2.17126],[121.35494,-2.16768],[121.36036,-2.15814],[121.36919,-2.16674],[121.38162,-2.18165],[121.3854,-2.18726],[121.38605,-2.18748],[121.3865,-2.18862],[121.38764,-2.18818],[121.38989,-2.18994],[121.39189,-2.1943],[121.39214,-2.19663],[121.39329,-2.19786],[121.39584,-2.2034],[121.39711,-2.20434],[121.40245,-2.20553],[121.40363,-2.20617],[121.4038,-2.20719],[121.40279,-2.21077],[121.40074,-2.21223],[121.39969,-2.21221],[121.39996,-2.21393],[121.40088,-2.21613],[121.40181,-2.2166],[121.40266,-2.21842],[121.4033,-2.2188],[121.40567,-2.21875],[121.40893,-2.22259]],[[121.27031,-2.31473],[121.26573,-2.31455],[121.2608,-2.31496],[121.26098,-2.31676],[121.25826,-2.32064],[121.25529,-2.32301],[121.25493,-2.32535],[121.25645,-2.3284],[121.255,-2.33666],[121.25499,-2.33932],[121.25547,-2.34149],[121.25872,-2.34279],[121.2599,-2.34536],[121.26575,-2.34586],[121.26937,-2.34676],[121.27385,-2.34599],[121.2753,-2.34687],[121.27767,-2.34714],[121.28096,-2.34669],[121.28264,-2.34508],[121.28377,-2.34494],[121.28605,-2.34541],[121.28743,-2.34603],[121.28815,-2.34693],[121.28964,-2.3474],[121.29658,-2.34696],[121.30185,-2.34745],[121.33867,-2.34663],[121.34543,-2.346],[121.34631,-2.34553],[121.34604,-2.34482],[121.34631,-2.34305],[121.34558,-2.34257],[121.34542,-2.34185],[121.34471,-2.34169],[121.34499,-2.3408],[121.34453,-2.33976],[121.34373,-2.33928],[121.34345,-2.33757],[121.34122,-2.33627],[121.33898,-2.332],[121.33758,-2.33131],[121.3376,-2.33054],[121.33691,-2.32966],[121.33702,-2.32841],[121.33507,-2.32625],[121.33498,-2.32407],[121.33402,-2.32064],[121.3341,-2.31907],[121.33298,-2.31851],[121.33219,-2.31725],[121.33087,-2.31715],[121.32866,-2.3177],[121.32451,-2.31605],[121.3177,-2.31565],[121.31742,-2.31527],[121.31535,-2.31587],[121.31439,-2.31525],[121.31389,-2.31613],[121.31283,-2.31675],[121.31168,-2.31586],[121.2996,-2.31508],[121.28975,-2.31533],[121.27031,-2.31473]]]]}},{"type":"Feature","properties":{"NAMOBJ":"Petasia Timur","KODE_KAB":7212},"geometry":{"type":"MultiPolygon","coordinates":[[[[121.5413,-2.15004],[121.54004,-2.15103],[121.53685,-2.15132],[121.53625,-2.15197],[121.53445,-2.15221],[121.53236,-2.15458],[121.53196,-2.15487],[121.53048,-2.15466],[121.52336,-2.16022],[121.52152,-2.16021],[121.51759,-2.15828],[121.51474,-2.15799],[121.51377,-2.15848],[121.51243,-2.16095],[121.51411,-2.16377],[121.51429,-2.16692],[121.51249,-2.16841],[121.51096,-2.16873],[121.50791,-2.17119],[121.50603,-2.17159],[121.50249,-2.178],[121.50161,-2.18053],[121.50105,-2.18102],[121.49776,-2.18243],[121.49388,-2.18258],[121.49245,-2.18311],[121.49073,-2.1846],[121.48949,-2.18649],[121.48545,-2.19088],[121.48507,-2.19195],[121.48461,-2.19938],[121.48511,-2.20171],[121.48502,-2.20538],[121.48578,-2.21477],[121.48458,-2.21408],[121.48228,-2.21608],[121.48162,-2.21603],[121.48083,-2.21536],[121.47998,-2.21577],[121.47818,-2.21802],[121.47838,-2.22045],[121.47677,-2.22068],[121.47561,-2.2216],[121.4728,-2.22254],[121.47191,-2.22332],[121.46667,-2.22459],[121.46568,-2.2254],[121.46408,-2.2283],[121.46197,-2.22961],[121.45995,-2.22988],[121.4588,-2.23053],[121.45836,-2.23161],[121.45876,-2.23286],[121.46141,-2.23507],[121.46216,-2.23631],[121.46219,-2.23707],[121.46154,-2.23848],[121.46195,-2.23934],[121.45973,-2.24063],[121.45796,-2.24351],[121.45568,-2.24356],[121.45438,-2.24298],[121.45318,-2.24182],[121.45172,-2.2415],[121.44559,-2.24347],[121.4428,-2.24628],[121.44177,-2.24889],[121.43977,-2.24996],[121.43941,-2.25191],[121.44019,-2.25344],[121.43941,-2.25567],[121.43658,-2.25573],[121.43475,-2.25756],[121.43194,-2.25807],[121.42961,-2.26069],[121.42578,-2.26002],[121.42516,-2.26027],[121.42449,-2.26153],[121.42205,-2.26233],[121.42052,-2.26188],[121.41952,-2.2608],[121.42047,-2.25824],[121.42139,-2.25731],[121.42141,-2.25652],[121.41976,-2.25488],[121.41663,-2.25481],[121.41589,-2.25428],[121.41457,-2.25224],[121.41418,-2.2503],[121.41275,-2.2492],[121.41192,-2.24696],[121.41114,-2.24636],[121.40883,-2.24562],[121.40693,-2.24663],[121.40596,-2.2459],[121.4035,-2.24549],[121.40094,-2.24615],[121.39793,-2.24762],[121.3974,-2.24645],[121.39804,-2.24323],[121.39674,-2.23862],[121.39928,-2.23467],[121.39945,-2.23243],[121.40204,-2.23107],[121.40527,-2.22655],[121.40852,-2.22469],[121.40893,-2.22259],[121.41025,-2.22109],[121.41107,-2.22092],[121.41293,-2.22241],[121.41804,-2.22153],[121.41856,-2.22106],[121.41825,-2.21817],[121.41855,-2.21738],[121.42328,-2.21646],[121.42559,-2.21433],[121.42624,-2.20937],[121.42786,-2.20691],[121.42831,-2.20417],[121.42909,-2.20224],[121.42916,-2.20056],[121.43018,-2.19981],[121.42948,-2.19896],[121.42938,-2.19811],[121.42989,-2.19445],[121.42787,-2.18813],[121.42637,-2.1852],[121.42063,-2.18021],[121.4145,-2.17612],[121.40835,-2.16941],[121.40746,-2.1669],[121.40735,-2.16411],[121.40898,-2.16141],[121.40931,-2.15902],[121.4076,-2.1578],[121.40729,-2.15641],[121.40766,-2.15531],[121.40909,-2.15434],[121.40947,-2.15335],[121.41069,-2.15316],[121.41182,-2.15162],[121.41187,-2.15076],[121.41009,-2.1493],[121.4095,-2.14826],[121.4119,-2.14592],[121.4127,-2.1437],[121.41267,-2.14186],[121.41194,-2.14001],[121.41039,-2.13881],[121.40685,-2.13969],[121.40533,-2.14066],[121.40453,-2.14052],[121.40357,-2.13779],[121.40497,-2.13176],[121.40313,-2.13069],[121.40063,-2.13171],[121.39998,-2.1286],[121.39855,-2.1275],[121.39824,-2.12569],[121.39858,-2.12445],[121.39801,-2.12364],[121.39804,-2.12281],[121.39935,-2.12146],[121.39848,-2.12003],[121.39945,-2.11784],[121.39801,-2.11615],[121.39788,-2.11479],[121.39599,-2.11284],[121.39257,-2.11044],[121.39165,-2.10573],[121.39336,-2.10034],[121.39287,-2.09675],[121.39234,-2.09573],[121.38992,-2.09281],[121.3889,-2.0923],[121.38485,-2.09173],[121.38012,-2.0925],[121.37352,-2.09133],[121.37187,-2.09038],[121.36906,-2.08678],[121.36826,-2.08495],[121.36725,-2.08128],[121.36723,-2.07975],[121.3681,-2.07807],[121.36902,-2.07726],[121.3723,-2.07583],[121.37456,-2.07624],[121.37786,-2.07595],[121.37827,-2.07519],[121.37897,-2.0752],[121.37859,-2.07433],[121.37912,-2.07395],[121.37916,-2.07301],[121.38189,-2.0746],[121.38229,-2.07439],[121.38198,-2.07402],[121.38217,-2.07332],[121.38297,-2.07304],[121.3822,-2.07198],[121.38521,-2.07314],[121.38607,-2.07069],[121.37965,-2.06966],[121.3795,-2.06855],[121.381,-2.06556],[121.38086,-2.06466],[121.37768,-2.06526],[121.3739,-2.06744],[121.37265,-2.06735],[121.37035,-2.06616],[121.36991,-2.06535],[121.37247,-2.06359],[121.37288,-2.06309],[121.37304,-2.06169],[121.37202,-2.05993],[121.36959,-2.05809],[121.36843,-2.05838],[121.36727,-2.06096],[121.36617,-2.0619],[121.3631,-2.06294],[121.35551,-2.05819],[121.3507,-2.05759],[121.35063,-2.05667],[121.35259,-2.05587],[121.35253,-2.05485],[121.35307,-2.05408],[121.35203,-2.05122],[121.35345,-2.04879],[121.35209,-2.03792],[121.35241,-2.03285],[121.35585,-2.02263],[121.35965,-2.02182],[121.36757,-2.02173],[121.38728,-2.02273],[121.38814,-2.02195],[121.38913,-2.02187],[121.38982,-2.02117],[121.39057,-2.02104],[121.3909,-2.02117],[121.39123,-2.0227],[121.39173,-2.02202],[121.3916,-2.02087],[121.39206,-2.02068],[121.39239,-2.02143],[121.39238,-2.02422],[121.39363,-2.02373],[121.39473,-2.02535],[121.39615,-2.02577],[121.39661,-2.02655],[121.39681,-2.02339],[121.39773,-2.02389],[121.39773,-2.02534],[121.39881,-2.0235],[121.39928,-2.02363],[121.39966,-2.02469],[121.40015,-2.02494],[121.40057,-2.02458],[121.40063,-2.02333],[121.40391,-2.02151],[121.4046,-2.0224],[121.40573,-2.02111],[121.40826,-2.02084],[121.40888,-2.01961],[121.4092,-2.02024],[121.40905,-2.02145],[121.40953,-2.02178],[121.41128,-2.02119],[121.41324,-2.02173],[121.4145,-2.02109],[121.41619,-2.02145],[121.41632,-2.02174],[121.4152,-2.02195],[121.41494,-2.02244],[121.41546,-2.02292],[121.41682,-2.02254],[121.41627,-2.02381],[121.41779,-2.02286],[121.41909,-2.02362],[121.42007,-2.0234],[121.42077,-2.02433],[121.4224,-2.02419],[121.42238,-2.02561],[121.42284,-2.02621],[121.42543,-2.02521],[121.42498,-2.02631],[121.42584,-2.02712],[121.4263,-2.02696],[121.42658,-2.02598],[121.42771,-2.02641],[121.42668,-2.02458],[121.42704,-2.02404],[121.42821,-2.02521],[121.42935,-2.02531],[121.42891,-2.02676],[121.43046,-2.02699],[121.43082,-2.02661],[121.43019,-2.02504],[121.42988,-2.02226],[121.4313,-2.02236],[121.43279,-2.02108],[121.43281,-2.02056],[121.43215,-2.02029],[121.43235,-2.01977],[121.43615,-2.01657],[121.43611,-2.01615],[121.43447,-2.01527],[121.43439,-2.01454],[121.43653,-2.01434],[121.43544,-2.01326],[121.43321,-2.0139],[121.43221,-2.01374],[121.43193,-2.0132],[121.43222,-2.01121],[121.43337,-2.01122],[121.43647,-2.0126],[121.43679,-2.01238],[121.43687,-2.01061],[121.43767,-2.01051],[121.43839,-2.01162],[121.43912,-2.01503],[121.43949,-2.01533],[121.44029,-2.01468],[121.44038,-2.01192],[121.44135,-2.01209],[121.44254,-2.01349],[121.44242,-2.01648],[121.44292,-2.01701],[121.44375,-2.01692],[121.44609,-2.01523],[121.44946,-2.01623],[121.44973,-2.0131],[121.45026,-2.0123],[121.45242,-2.01079],[121.45253,-2.00951],[121.45763,-2.00777],[121.46117,-2.00595],[121.46505,-2.00376],[121.46598,-2.00129],[121.46664,-2.00171],[121.4689,-2.00504],[121.46938,-2.007],[121.47216,-2.01357],[121.47348,-2.01527],[121.4754,-2.01678],[121.47734,-2.01763],[121.48078,-2.01793],[121.48239,-2.01746],[121.48319,-2.01586],[121.48525,-2.01573],[121.48695,-2.01665],[121.48675,-2.0182],[121.48711,-2.01926],[121.48811,-2.0194],[121.48889,-2.0203],[121.48564,-2.02372],[121.48683,-2.02591],[121.48722,-2.02508],[121.48945,-2.02371],[121.49172,-2.02036],[121.49238,-2.02428],[121.49431,-2.02439],[121.4957,-2.02637],[121.49823,-2.02608],[121.4991,-2.02669],[121.49939,-2.02807],[121.50006,-2.02899],[121.50077,-2.02929],[121.50125,-2.03024],[121.50103,-2.03057],[121.50026,-2.03078],[121.49916,-2.02995],[121.49748,-2.02993],[121.49492,-2.02837],[121.49421,-2.02846],[121.49402,-2.0291],[121.49316,-2.02933],[121.49269,-2.03062],[121.49151,-2.03077],[121.49171,-2.03146],[121.49079,-2.03451],[121.4931,-2.04222],[121.49395,-2.04312],[121.4941,-2.04391],[121.49657,-2.04618],[121.5014,-2.04862],[121.50265,-2.04894],[121.50338,-2.0483],[121.50382,-2.04866],[121.50571,-2.04795],[121.50722,-2.04845],[121.50734,-2.04905],[121.50878,-2.05029],[121.50787,-2.0518],[121.50669,-2.05181],[121.5068,-2.05319],[121.51046,-2.05321],[121.51163,-2.05446],[121.51372,-2.05466],[121.51346,-2.0568],[121.511,-2.05745],[121.51107,-2.05788],[121.51343,-2.05745],[121.51363,-2.05839],[121.51479,-2.0593],[121.51504,-2.05858],[121.51393,-2.05732],[121.51607,-2.05422],[121.51662,-2.0528],[121.51709,-2.05252],[121.51883,-2.05267],[121.52022,-2.05354],[121.52033,-2.05408],[121.52114,-2.05371],[121.52178,-2.05392],[121.52184,-2.05311],[121.52036,-2.05241],[121.52084,-2.05153],[121.52524,-2.05007],[121.5267,-2.04906],[121.52795,-2.04872],[121.52831,-2.0465],[121.52951,-2.04546],[121.52956,-2.04678],[121.53017,-2.04742],[121.53082,-2.04983],[121.53078,-2.05367],[121.5314,-2.05651],[121.53148,-2.06191],[121.53097,-2.06478],[121.52925,-2.06652],[121.52906,-2.0674],[121.52965,-2.06845],[121.53139,-2.06969],[121.53205,-2.0689],[121.53235,-2.06941],[121.53265,-2.06824],[121.53257,-2.06776],[121.5316,-2.06743],[121.53164,-2.06704],[121.53265,-2.06648],[121.53177,-2.06506],[121.53226,-2.06387],[121.53255,-2.05888],[121.53348,-2.05654],[121.53326,-2.05431],[121.53367,-2.05382],[121.53431,-2.04971],[121.53398,-2.04875],[121.53426,-2.04822],[121.53469,-2.0486],[121.53311,-2.06173],[121.53266,-2.07283],[121.53137,-2.0735],[121.52936,-2.07331],[121.5287,-2.07293],[121.52791,-2.0712],[121.52625,-2.07067],[121.52514,-2.07116],[121.52391,-2.07263],[121.52235,-2.07366],[121.52215,-2.07486],[121.52422,-2.07733],[121.52387,-2.07908],[121.52423,-2.07942],[121.52489,-2.07832],[121.52469,-2.07725],[121.52275,-2.07487],[121.52277,-2.07435],[121.52555,-2.07158],[121.52668,-2.07141],[121.52752,-2.07189],[121.52842,-2.07335],[121.52964,-2.07424],[121.53117,-2.07452],[121.53246,-2.0738],[121.53385,-2.07496],[121.53528,-2.07881],[121.53553,-2.0834],[121.53609,-2.08542],[121.53626,-2.09623],[121.53693,-2.10036],[121.53931,-2.10418],[121.53996,-2.10679],[121.54288,-2.10713],[121.54415,-2.1082],[121.54457,-2.10976],[121.54221,-2.11511],[121.54025,-2.12294],[121.53972,-2.12319],[121.5396,-2.12377],[121.54017,-2.1244],[121.5404,-2.12654],[121.54033,-2.1321],[121.53976,-2.13377],[121.53826,-2.13069],[121.53624,-2.12997],[121.53422,-2.13145],[121.5314,-2.13177],[121.52658,-2.13332],[121.52592,-2.1339],[121.52977,-2.13287],[121.53053,-2.13308],[121.5319,-2.13202],[121.5339,-2.13177],[121.53464,-2.13274],[121.53344,-2.13297],[121.53312,-2.13391],[121.53337,-2.1333],[121.53482,-2.13281],[121.53446,-2.13168],[121.5354,-2.13065],[121.5366,-2.1304],[121.53793,-2.13088],[121.53933,-2.13499],[121.53913,-2.13537],[121.54031,-2.13497],[121.54132,-2.13642],[121.54388,-2.14778],[121.5439,-2.14902],[121.54338,-2.14918],[121.54308,-2.15018],[121.5425,-2.15037],[121.5416,-2.14978],[121.5413,-2.15004]]]]}},{"type":"Feature","properties":{"NAMOBJ":"Petasia","KODE_KAB":7212},"geometry":{"type":"MultiPolygon","coordinates":[[[[121.34337,-2.00173],[121.34348,-2.00255],[121.34287,-2.00297],[121.34279,-2.00176],[121.34337,-2.00173]]],[[[121.43306,-1.95681],[121.43214,-1.95722],[121.43175,-1.95696],[121.43236,-1.95617],[121.43306,-1.95681]]],[[[121.43374,-1.95866],[121.43276,-1.95879],[121.43249,-1.95946],[121.43146,-1.96007],[121.42997,-1.96018],[121.43046,-1.95859],[121.4334,-1.95712],[121.43349,-1.9563],[121.43535,-1.95611],[121.43554,-1.95779],[121.43374,-1.95866]]],[[[121.36263,-1.94402],[121.36338,-1.94423],[121.36298,-1.94596],[121.36431,-1.94649],[121.36448,-1.9471],[121.36413,-1.94746],[121.36209,-1.94748],[121.36181,-1.94833],[121.36039,-1.9485],[121.36078,-1.94759],[121.36173,-1.94727],[121.36207,-1.94672],[121.36121,-1.94451],[121.36206,-1.94404],[121.36197,-1.94315],[121.36276,-1.94237],[121.36303,-1.94287],[121.36263,-1.94402]]],[[[121.36565,-1.94844],[121.36535,-1.94847],[121.36515,-1.9478],[121.3655,-1.94622],[121.36479,-1.9453],[121.36503,-1.94456],[121.36647,-1.94358],[121.36656,-1.94235],[121.36708,-1.94232],[121.36801,-1.94399],[121.36797,-1.94459],[121.36641,-1.94633],[121.36565,-1.94844]]],[[[121.35778,-1.94111],[121.35698,-1.94147],[121.358,-1.94095],[121.35778,-1.94111]]],[[[121.36122,-1.94141],[121.36192,-1.9414],[121.36197,-1.94194],[121.36043,-1.9441],[121.36076,-1.94479],[121.36032,-1.94562],[121.35979,-1.94528],[121.3595,-1.94603],[121.35901,-1.94605],[121.35814,-1.94546],[121.35816,-1.94452],[121.3574,-1.94493],[121.35669,-1.94416],[121.35748,-1.94352],[121.35891,-1.94377],[121.35791,-1.942],[121.35836,-1.94172],[121.35951,-1.9421],[121.35984,-1.9411],[121.35939,-1.9408],[121.35979,-1.94027],[121.36071,-1.94008],[121.36122,-1.94141]]],[[[121.35946,-1.93856],[121.35893,-1.93832],[121.35933,-1.9379],[121.35946,-1.93856]]],[[[121.3724,-1.93577],[121.37201,-1.93577],[121.37234,-1.93525],[121.3724,-1.93577]]],[[[121.33167,-1.93315],[121.33123,-1.93404],[121.33127,-1.9333],[121.33167,-1.93315]]],[[[121.3319,-1.93287],[121.3318,-1.93249],[121.33218,-1.93245],[121.3319,-1.93287]]],[[[121.4513,-1.92944],[121.45213,-1.92892],[121.45333,-1.93107],[121.45331,-1.932],[121.454,-1.93368],[121.45404,-1.93616],[121.4522,-1.93706],[121.45024,-1.93555],[121.45026,-1.93438],[121.44915,-1.93304],[121.44887,-1.93164],[121.4503,-1.92877],[121.4513,-1.92944]]],[[[121.46167,-1.92894],[121.46163,-1.92896],[121.46161,-1.92895],[121.46159,-1.92894],[121.46157,-1.92893],[121.46155,-1.92892],[121.46153,-1.92888],[121.46151,-1.92883],[121.46151,-1.92878],[121.46151,-1.92872],[121.4615,-1.92866],[121.46149,-1.9286],[121.4615,-1.92855],[121.46153,-1.92849],[121.46156,-1.92846],[121.46161,-1.92845],[121.46165,-1.92848],[121.46169,-1.92872],[121.46169,-1.92883],[121.46168,-1.9289],[121.46167,-1.92894]]],[[[121.36591,-1.93007],[121.36552,-1.93042],[121.36509,-1.93016],[121.36329,-1.93047],[121.36435,-1.93217],[121.36365,-1.9327],[121.36367,-1.93349],[121.36272,-1.93389],[121.36302,-1.93512],[121.364,-1.93538],[121.36416,-1.93647],[121.36496,-1.93751],[121.36316,-1.9388],[121.36278,-1.93875],[121.36245,-1.93787],[121.36081,-1.93786],[121.36012,-1.93672],[121.36097,-1.93464],[121.36159,-1.93451],[121.36194,-1.93394],[121.36126,-1.93309],[121.3617,-1.93232],[121.36136,-1.93171],[121.36186,-1.9304],[121.36296,-1.93021],[121.36296,-1.92924],[121.36441,-1.92813],[121.36658,-1.92907],[121.36591,-1.93007]]],[[[121.36377,-1.92437],[121.36453,-1.92412],[121.36454,-1.92511],[121.36301,-1.92496],[121.3626,-1.92384],[121.36311,-1.92359],[121.36309,-1.92403],[121.36377,-1.92437]]],[[[121.36455,-1.91938],[121.36426,-1.91908],[121.36463,-1.91882],[121.36455,-1.91938]]],[[[121.34976,-1.91954],[121.34964,-1.91964],[121.34956,-1.91962],[121.34954,-1.9196],[121.34953,-1.91958],[121.34952,-1.91951],[121.34953,-1.91944],[121.34956,-1.9194],[121.34961,-1.91937],[121.34962,-1.91934],[121.34961,-1.9193],[121.34958,-1.91926],[121.34956,-1.91916],[121.34958,-1.91909],[121.34961,-1.91906],[121.34966,-1.91903],[121.3497,-1.919],[121.34972,-1.91897],[121.34972,-1.91892],[121.34971,-1.9188],[121.34975,-1.91873],[121.34981,-1.91866],[121.34983,-1.91862],[121.34987,-1.9186],[121.34987,-1.9186],[121.34996,-1.91883],[121.34999,-1.91895],[121.34993,-1.91913],[121.34991,-1.91929],[121.34986,-1.91944],[121.34976,-1.91954]]],[[[121.41571,-1.91864],[121.41504,-1.9193],[121.41401,-1.91867],[121.41455,-1.91784],[121.41578,-1.91816],[121.41571,-1.91864]]],[[[121.44424,-1.92675],[121.44371,-1.92719],[121.44268,-1.92691],[121.44267,-1.92723],[121.44312,-1.92908],[121.44441,-1.92993],[121.44437,-1.93095],[121.44323,-1.93182],[121.44343,-1.93276],[121.44302,-1.93379],[121.43961,-1.93605],[121.43905,-1.93874],[121.4389,-1.9399],[121.44042,-1.94052],[121.44036,-1.9414],[121.44088,-1.94161],[121.44041,-1.94293],[121.44095,-1.94302],[121.44081,-1.94466],[121.43828,-1.94781],[121.4366,-1.94827],[121.4362,-1.94732],[121.43581,-1.94725],[121.43574,-1.94787],[121.43512,-1.94729],[121.43585,-1.94574],[121.43511,-1.94509],[121.43533,-1.94403],[121.43436,-1.94389],[121.43361,-1.94428],[121.43279,-1.94364],[121.43307,-1.94338],[121.43384,-1.94369],[121.43432,-1.94314],[121.43412,-1.94158],[121.43576,-1.93952],[121.43479,-1.93795],[121.43585,-1.93805],[121.43618,-1.93766],[121.43574,-1.93694],[121.43439,-1.93643],[121.43315,-1.93668],[121.43212,-1.93277],[121.43316,-1.93137],[121.43646,-1.93005],[121.43707,-1.92907],[121.43696,-1.92816],[121.43744,-1.92702],[121.43923,-1.92559],[121.43807,-1.92375],[121.43778,-1.92165],[121.43903,-1.91986],[121.4387,-1.91878],[121.43917,-1.91758],[121.44032,-1.91784],[121.44069,-1.91984],[121.44156,-1.92059],[121.44224,-1.92211],[121.4421,-1.92426],[121.44438,-1.92579],[121.44424,-1.92675]]],[[[121.44043,-1.91429],[121.44142,-1.91421],[121.44146,-1.915],[121.44191,-1.9151],[121.44215,-1.91461],[121.44251,-1.91519],[121.44289,-1.91457],[121.44363,-1.91544],[121.44311,-1.91862],[121.44245,-1.9174],[121.44057,-1.91656],[121.43891,-1.91614],[121.43917,-1.91703],[121.43884,-1.91729],[121.43847,-1.91705],[121.43834,-1.91515],[121.43796,-1.91474],[121.44043,-1.91429]]],[[[121.44258,-1.913],[121.4425,-1.913],[121.44243,-1.91299],[121.44236,-1.91295],[121.44235,-1.91289],[121.44234,-1.91284],[121.44235,-1.91278],[121.44236,-1.91274],[121.44239,-1.91269],[121.44244,-1.91264],[121.4425,-1.9126],[121.44255,-1.91257],[121.44261,-1.91258],[121.44267,-1.91261],[121.4427,-1.91264],[121.44274,-1.91269],[121.44274,-1.91273],[121.44274,-1.91274],[121.4427,-1.91281],[121.44268,-1.91285],[121.44265,-1.9129],[121.44262,-1.91294],[121.4426,-1.913],[121.44258,-1.913]]],[[[121.40044,-1.90919],[121.4004,-1.90919],[121.40035,-1.90919],[121.40032,-1.90918],[121.40026,-1.90916],[121.40022,-1.90912],[121.40017,-1.90906],[121.40015,-1.90901],[121.40013,-1.90894],[121.40013,-1.90889],[121.40016,-1.90885],[121.4002,-1.90883],[121.40027,-1.90885],[121.40035,-1.90888],[121.40039,-1.9089],[121.40043,-1.90894],[121.40049,-1.90903],[121.40052,-1.90911],[121.40052,-1.90914],[121.40051,-1.90916],[121.40048,-1.90918],[121.40044,-1.90919]]],[[[121.44268,-1.91038],[121.44234,-1.91033],[121.44222,-1.90947],[121.44254,-1.90862],[121.44326,-1.90768],[121.44405,-1.90741],[121.44268,-1.91038]]],[[[121.40717,-1.90599],[121.40701,-1.90604],[121.40692,-1.90602],[121.40692,-1.90601],[121.40689,-1.90594],[121.40688,-1.90586],[121.40689,-1.90577],[121.4069,-1.90567],[121.40693,-1.90558],[121.40696,-1.90549],[121.4071,-1.90551],[121.40716,-1.90558],[121.40721,-1.90565],[121.40727,-1.90575],[121.40729,-1.90583],[121.40728,-1.90593],[121.40717,-1.90599]]],[[[121.44434,-1.90684],[121.44429,-1.90596],[121.44523,-1.90529],[121.44524,-1.90589],[121.44434,-1.90684]]],[[[121.44533,-1.9051],[121.44532,-1.90513],[121.44528,-1.90511],[121.44522,-1.90502],[121.44521,-1.90497],[121.44521,-1.90495],[121.44523,-1.9049],[121.44528,-1.90483],[121.44533,-1.90485],[121.44536,-1.90495],[121.44533,-1.9051]]],[[[121.37872,-1.90276],[121.37793,-1.90568],[121.37538,-1.90727],[121.37405,-1.90925],[121.37329,-1.90902],[121.37225,-1.90991],[121.37208,-1.91211],[121.37074,-1.91179],[121.37034,-1.91204],[121.37021,-1.91261],[121.37078,-1.91358],[121.36966,-1.91408],[121.36951,-1.91478],[121.36829,-1.91594],[121.36836,-1.91668],[121.36746,-1.91729],[121.36841,-1.91857],[121.36913,-1.91857],[121.36913,-1.91946],[121.36806,-1.92011],[121.36758,-1.91941],[121.36715,-1.91942],[121.36536,-1.92108],[121.36531,-1.92204],[121.36464,-1.92215],[121.36382,-1.9214],[121.36369,-1.92061],[121.36426,-1.92001],[121.3651,-1.92014],[121.36592,-1.91811],[121.3655,-1.91764],[121.36509,-1.91828],[121.3646,-1.91826],[121.36365,-1.91711],[121.36349,-1.91592],[121.36623,-1.91121],[121.36705,-1.90934],[121.36692,-1.90837],[121.36842,-1.90749],[121.36803,-1.90705],[121.3652,-1.90627],[121.36451,-1.90482],[121.36812,-1.90364],[121.36821,-1.90284],[121.36904,-1.9023],[121.37059,-1.9022],[121.37137,-1.90274],[121.37261,-1.90179],[121.37259,-1.90281],[121.37303,-1.90305],[121.37596,-1.90294],[121.37669,-1.90237],[121.37731,-1.90099],[121.37892,-1.89988],[121.37872,-1.90276]]],[[[121.33444,-1.89039],[121.3348,-1.89059],[121.33439,-1.89147],[121.33444,-1.89039]]],[[[121.34582,-1.84912],[121.3497,-1.84994],[121.35025,-1.85226],[121.34951,-1.85594],[121.3515,-1.85832],[121.35091,-1.85903],[121.34916,-1.85864],[121.34722,-1.85888],[121.34709,-1.86078],[121.34399,-1.86054],[121.34405,-1.86148],[121.34505,-1.86342],[121.34492,-1.86512],[121.34703,-1.86726],[121.35157,-1.86821],[121.35342,-1.86815],[121.35435,-1.8667],[121.35502,-1.86657],[121.3592,-1.86897],[121.35937,-1.87098],[121.36049,-1.87196],[121.36108,-1.87346],[121.362,-1.87449],[121.36079,-1.87474],[121.35964,-1.87432],[121.35845,-1.87575],[121.3566,-1.87411],[121.35595,-1.87174],[121.35474,-1.87125],[121.35431,-1.8706],[121.35181,-1.87165],[121.34994,-1.87062],[121.34844,-1.87272],[121.34553,-1.87226],[121.34325,-1.87373],[121.34222,-1.87389],[121.34161,-1.87351],[121.34009,-1.87404],[121.34083,-1.87566],[121.34331,-1.87674],[121.3433,-1.87722],[121.34077,-1.87761],[121.3392,-1.87828],[121.33791,-1.87669],[121.33658,-1.87579],[121.33554,-1.87542],[121.33481,-1.87573],[121.33412,-1.87537],[121.3332,-1.87551],[121.33264,-1.87667],[121.33395,-1.8777],[121.33387,-1.87895],[121.33275,-1.87792],[121.3321,-1.87919],[121.3306,-1.88048],[121.33061,-1.88107],[121.3316,-1.88227],[121.33086,-1.88282],[121.33078,-1.88367],[121.33161,-1.88469],[121.3311,-1.88592],[121.33169,-1.88911],[121.33147,-1.89006],[121.33423,-1.89162],[121.33423,-1.89194],[121.33489,-1.89221],[121.33595,-1.89174],[121.33638,-1.89265],[121.33838,-1.89339],[121.33878,-1.89299],[121.33897,-1.89005],[121.33996,-1.8897],[121.34074,-1.88995],[121.34104,-1.89034],[121.34088,-1.89225],[121.34188,-1.89412],[121.34141,-1.89501],[121.34162,-1.89596],[121.34265,-1.89665],[121.34459,-1.8963],[121.3464,-1.89737],[121.34746,-1.89642],[121.34913,-1.89611],[121.34979,-1.89729],[121.34949,-1.89769],[121.34826,-1.8977],[121.34808,-1.89834],[121.34721,-1.89808],[121.34615,-1.8985],[121.34601,-1.89894],[121.34652,-1.89983],[121.34624,-1.90054],[121.3455,-1.90075],[121.34463,-1.89994],[121.34276,-1.9002],[121.34174,-1.90177],[121.34002,-1.90111],[121.33938,-1.90153],[121.3381,-1.90121],[121.33414,-1.90178],[121.33426,-1.90014],[121.33497,-1.89921],[121.33205,-1.89873],[121.33165,-1.8997],[121.33195,-1.90061],[121.33104,-1.90073],[121.33091,-1.90266],[121.32984,-1.9036],[121.3295,-1.90528],[121.3286,-1.90589],[121.32874,-1.90762],[121.32817,-1.90774],[121.32768,-1.9086],[121.32899,-1.91048],[121.3305,-1.91165],[121.32989,-1.91309],[121.32854,-1.91354],[121.32971,-1.91536],[121.3284,-1.91682],[121.32858,-1.91742],[121.32794,-1.91791],[121.32792,-1.91897],[121.32621,-1.92006],[121.32368,-1.92028],[121.32288,-1.92083],[121.32163,-1.92058],[121.32047,-1.92103],[121.31833,-1.92086],[121.31626,-1.92261],[121.31634,-1.92304],[121.31478,-1.92321],[121.31455,-1.92409],[121.31371,-1.92497],[121.31419,-1.9252],[121.31434,-1.92596],[121.31359,-1.92644],[121.3141,-1.92669],[121.31433,-1.92834],[121.31325,-1.92959],[121.31247,-1.92918],[121.31225,-1.92944],[121.31358,-1.93022],[121.31383,-1.93142],[121.31593,-1.93453],[121.31578,-1.935],[121.3176,-1.93693],[121.31946,-1.93694],[121.31942,-1.93606],[121.32044,-1.93631],[121.32186,-1.93559],[121.32248,-1.93364],[121.32309,-1.93527],[121.32587,-1.93692],[121.32653,-1.93781],[121.32878,-1.93892],[121.32839,-1.93811],[121.32656,-1.93755],[121.32576,-1.93592],[121.32682,-1.93532],[121.32771,-1.93544],[121.32781,-1.93401],[121.32876,-1.93334],[121.32882,-1.93421],[121.32948,-1.93441],[121.32994,-1.93599],[121.32963,-1.93701],[121.32981,-1.93833],[121.3316,-1.93754],[121.33095,-1.93817],[121.33089,-1.93886],[121.33151,-1.93888],[121.33126,-1.93968],[121.33207,-1.94236],[121.33283,-1.9435],[121.33315,-1.94602],[121.33398,-1.94698],[121.33499,-1.94724],[121.33903,-1.94976],[121.33915,-1.95093],[121.34062,-1.95163],[121.34146,-1.95127],[121.34552,-1.9514],[121.34633,-1.95192],[121.34759,-1.95205],[121.34828,-1.95125],[121.35107,-1.95019],[121.35054,-1.95037],[121.35061,-1.9515],[121.34952,-1.95202],[121.3482,-1.95385],[121.34803,-1.95667],[121.34859,-1.95742],[121.34883,-1.95999],[121.3475,-1.9655],[121.3442,-1.96792],[121.34274,-1.96968],[121.34264,-1.97113],[121.34154,-1.9723],[121.34131,-1.9754],[121.34086,-1.97621],[121.33912,-1.97741],[121.34059,-1.9795],[121.34057,-1.98029],[121.34174,-1.98049],[121.34222,-1.98149],[121.34137,-1.98299],[121.34009,-1.98319],[121.33985,-1.98428],[121.33953,-1.98412],[121.33916,-1.98509],[121.33922,-1.98563],[121.34071,-1.98703],[121.34056,-1.98861],[121.34142,-1.98871],[121.34134,-1.98937],[121.34005,-1.9894],[121.33921,-1.99124],[121.34084,-1.99369],[121.34025,-1.99399],[121.34103,-1.99467],[121.34029,-1.99629],[121.34132,-1.99703],[121.34107,-1.99879],[121.34143,-2.00007],[121.3425,-2.00112],[121.34265,-2.00212],[121.34223,-2.0027],[121.34281,-2.00352],[121.34251,-2.00485],[121.34284,-2.0056],[121.34333,-2.00497],[121.34392,-2.00546],[121.34523,-2.00364],[121.34623,-2.00411],[121.34657,-2.00476],[121.34734,-2.00414],[121.34722,-2.00516],[121.34787,-2.00541],[121.3478,-2.00764],[121.34876,-2.00833],[121.34898,-2.00577],[121.35009,-2.00482],[121.35043,-2.00346],[121.35006,-2.0025],[121.3503,-2.00156],[121.35153,-2.00121],[121.35293,-2.00153],[121.35361,-2.00105],[121.35308,-1.99922],[121.3524,-1.99884],[121.35301,-1.99827],[121.35236,-1.99771],[121.35253,-1.99622],[121.35298,-1.99572],[121.35276,-1.99487],[121.35339,-1.99405],[121.35325,-1.99316],[121.35417,-1.99206],[121.35675,-1.99147],[121.35755,-1.9907],[121.35882,-1.99057],[121.359,-1.98891],[121.35847,-1.98827],[121.35845,-1.9875],[121.35904,-1.98671],[121.35985,-1.9864],[121.36007,-1.98475],[121.36216,-1.98279],[121.36349,-1.98248],[121.36419,-1.98308],[121.36567,-1.9829],[121.36649,-1.98338],[121.36993,-1.98289],[121.37081,-1.98247],[121.37085,-1.98181],[121.37149,-1.98113],[121.37078,-1.97942],[121.37092,-1.97863],[121.37144,-1.97848],[121.37297,-1.97963],[121.37281,-1.98132],[121.37323,-1.98225],[121.37644,-1.98236],[121.37759,-1.98182],[121.37651,-1.98152],[121.37868,-1.97804],[121.37995,-1.97676],[121.38103,-1.97676],[121.38059,-1.97485],[121.37766,-1.97386],[121.37751,-1.97056],[121.37634,-1.96953],[121.37687,-1.9694],[121.3787,-1.97022],[121.37933,-1.96989],[121.37873,-1.96838],[121.37872,-1.96685],[121.37958,-1.96571],[121.37932,-1.96527],[121.37819,-1.96566],[121.37804,-1.96412],[121.37706,-1.9632],[121.37804,-1.96132],[121.3771,-1.95799],[121.37816,-1.95698],[121.37914,-1.95485],[121.37856,-1.95319],[121.37858,-1.95154],[121.37742,-1.95068],[121.37824,-1.9488],[121.37937,-1.94866],[121.37861,-1.94672],[121.37931,-1.94596],[121.37762,-1.943],[121.37711,-1.94076],[121.3764,-1.94003],[121.37668,-1.93807],[121.37859,-1.93703],[121.3762,-1.93236],[121.37679,-1.93174],[121.37675,-1.9293],[121.37865,-1.92966],[121.38015,-1.93048],[121.38187,-1.92768],[121.38164,-1.92545],[121.37983,-1.92339],[121.3797,-1.92264],[121.37872,-1.92191],[121.37817,-1.91927],[121.37943,-1.91691],[121.3824,-1.91551],[121.3845,-1.91285],[121.38476,-1.91179],[121.38608,-1.91129],[121.38648,-1.90998],[121.38818,-1.90969],[121.38925,-1.90748],[121.39027,-1.90871],[121.39113,-1.90846],[121.39159,-1.90661],[121.39148,-1.90527],[121.39304,-1.90386],[121.39354,-1.90395],[121.39257,-1.90502],[121.39316,-1.90544],[121.39303,-1.90632],[121.39364,-1.90663],[121.39438,-1.90793],[121.39493,-1.90778],[121.39649,-1.90898],[121.39759,-1.909],[121.39818,-1.90966],[121.39847,-1.91365],[121.40034,-1.91545],[121.4011,-1.91491],[121.40161,-1.91388],[121.40174,-1.91236],[121.4012,-1.91009],[121.40282,-1.91052],[121.40315,-1.91],[121.40372,-1.91009],[121.40453,-1.90819],[121.40693,-1.9078],[121.40722,-1.90665],[121.40865,-1.90895],[121.4087,-1.90638],[121.40952,-1.90642],[121.40956,-1.90699],[121.40899,-1.90764],[121.40951,-1.90812],[121.41012,-1.9101],[121.41141,-1.91037],[121.41373,-1.91246],[121.41289,-1.91404],[121.4117,-1.91449],[121.41236,-1.9156],[121.41329,-1.91574],[121.41383,-1.918],[121.41246,-1.91929],[121.41236,-1.91981],[121.41298,-1.92083],[121.41218,-1.9218],[121.4147,-1.92336],[121.41569,-1.92301],[121.41652,-1.92337],[121.41716,-1.92574],[121.4166,-1.92701],[121.4173,-1.92763],[121.4173,-1.92888],[121.41823,-1.92972],[121.41885,-1.9311],[121.41774,-1.93333],[121.41528,-1.93468],[121.41362,-1.93487],[121.41372,-1.93526],[121.41478,-1.93535],[121.41541,-1.93592],[121.41607,-1.93572],[121.41682,-1.9364],[121.41639,-1.93745],[121.4144,-1.93881],[121.41416,-1.9401],[121.41346,-1.94066],[121.41453,-1.94117],[121.41749,-1.9395],[121.41974,-1.93928],[121.42115,-1.9403],[121.42142,-1.94104],[121.42045,-1.94184],[121.42106,-1.94239],[121.42246,-1.94208],[121.42282,-1.94133],[121.42343,-1.94106],[121.42299,-1.9428],[121.42362,-1.94286],[121.42615,-1.94476],[121.42667,-1.94662],[121.42519,-1.94947],[121.42251,-1.95091],[121.42085,-1.95246],[121.42055,-1.95399],[121.42094,-1.9552],[121.42071,-1.95696],[121.42324,-1.95967],[121.42487,-1.96316],[121.42621,-1.96375],[121.42664,-1.96496],[121.42728,-1.96419],[121.42831,-1.9645],[121.42833,-1.96388],[121.42872,-1.9637],[121.43016,-1.96439],[121.43082,-1.96531],[121.43106,-1.9665],[121.43186,-1.96757],[121.43275,-1.96805],[121.43323,-1.96917],[121.43255,-1.96956],[121.43282,-1.97236],[121.43514,-1.97361],[121.43482,-1.97543],[121.43715,-1.97737],[121.43759,-1.97683],[121.43758,-1.97793],[121.43827,-1.97779],[121.439,-1.97569],[121.44003,-1.97484],[121.44178,-1.97485],[121.44251,-1.97445],[121.44294,-1.97483],[121.44363,-1.97472],[121.44276,-1.97631],[121.44309,-1.97715],[121.44254,-1.97764],[121.44214,-1.97945],[121.44111,-1.97986],[121.44017,-1.98191],[121.44092,-1.98388],[121.44185,-1.9846],[121.44256,-1.9866],[121.44402,-1.98876],[121.44609,-1.98954],[121.4475,-1.98933],[121.44786,-1.99039],[121.44972,-1.99072],[121.44871,-1.99219],[121.44867,-1.99339],[121.44905,-1.99364],[121.44861,-1.99449],[121.45086,-1.99747],[121.4515,-1.99733],[121.45193,-1.99815],[121.45253,-1.99774],[121.45231,-1.99929],[121.45269,-2.00015],[121.45358,-2.00038],[121.45416,-1.99994],[121.45483,-2.0007],[121.45662,-2.00091],[121.4573,-2.00035],[121.45859,-2.0002],[121.46013,-2.00088],[121.46326,-2.00139],[121.46404,-2.00069],[121.46402,-1.99942],[121.46494,-1.99976],[121.46497,-2.00057],[121.46598,-2.00129],[121.46505,-2.00376],[121.45763,-2.00777],[121.45253,-2.00951],[121.45242,-2.01079],[121.45026,-2.0123],[121.44973,-2.0131],[121.44946,-2.01623],[121.44609,-2.01523],[121.44375,-2.01692],[121.44292,-2.01701],[121.44242,-2.01648],[121.44254,-2.01349],[121.44135,-2.01209],[121.44038,-2.01192],[121.44029,-2.01468],[121.43949,-2.01533],[121.43912,-2.01503],[121.43839,-2.01162],[121.43767,-2.01051],[121.43687,-2.01061],[121.43679,-2.01238],[121.43647,-2.0126],[121.43337,-2.01122],[121.43222,-2.01121],[121.43193,-2.0132],[121.43221,-2.01374],[121.43321,-2.0139],[121.43544,-2.01326],[121.43653,-2.01434],[121.43439,-2.01454],[121.43447,-2.01527],[121.43611,-2.01615],[121.43615,-2.01657],[121.43235,-2.01977],[121.43215,-2.02029],[121.43281,-2.02056],[121.43279,-2.02108],[121.4313,-2.02236],[121.42988,-2.02226],[121.43019,-2.02504],[121.43082,-2.02661],[121.43046,-2.02699],[121.42891,-2.02676],[121.42935,-2.02531],[121.42821,-2.02521],[121.42704,-2.02404],[121.42668,-2.02458],[121.42771,-2.02641],[121.42658,-2.02598],[121.4263,-2.02696],[121.42584,-2.02712],[121.42498,-2.02631],[121.42543,-2.02521],[121.42284,-2.02621],[121.42238,-2.02561],[121.4224,-2.02419],[121.42077,-2.02433],[121.42007,-2.0234],[121.41909,-2.02362],[121.41779,-2.02286],[121.41627,-2.02381],[121.41682,-2.02254],[121.41546,-2.02292],[121.41494,-2.02244],[121.4152,-2.02195],[121.41632,-2.02174],[121.41619,-2.02145],[121.4145,-2.02109],[121.41324,-2.02173],[121.41128,-2.02119],[121.40953,-2.02178],[121.40905,-2.02145],[121.4092,-2.02024],[121.40888,-2.01961],[121.40826,-2.02084],[121.40573,-2.02111],[121.4046,-2.0224],[121.40391,-2.02151],[121.40063,-2.02333],[121.40057,-2.02458],[121.40015,-2.02494],[121.39966,-2.02469],[121.39928,-2.02363],[121.39881,-2.0235],[121.39773,-2.02534],[121.39773,-2.02389],[121.39681,-2.02339],[121.39661,-2.02655],[121.39615,-2.02577],[121.39473,-2.02535],[121.39363,-2.02373],[121.39238,-2.02422],[121.39239,-2.02143],[121.39206,-2.02068],[121.3916,-2.02087],[121.39173,-2.02202],[121.39123,-2.0227],[121.3909,-2.02117],[121.39057,-2.02104],[121.38982,-2.02117],[121.38913,-2.02187],[121.38814,-2.02195],[121.38728,-2.02273],[121.36757,-2.02173],[121.35965,-2.02182],[121.35585,-2.02263],[121.35241,-2.03285],[121.35209,-2.03792],[121.35345,-2.04879],[121.35203,-2.05122],[121.35307,-2.05408],[121.35253,-2.05485],[121.35259,-2.05587],[121.35063,-2.05667],[121.3507,-2.05759],[121.34115,-2.05587],[121.34044,-2.05479],[121.34076,-2.05282],[121.33996,-2.05228],[121.33871,-2.05275],[121.33719,-2.05656],[121.33509,-2.05677],[121.33232,-2.05336],[121.32934,-2.05162],[121.32798,-2.05114],[121.32611,-2.05263],[121.32439,-2.05077],[121.32283,-2.05126],[121.32177,-2.05092],[121.32006,-2.0486],[121.3179,-2.04658],[121.31777,-2.04388],[121.31844,-2.04072],[121.32261,-2.02884],[121.3141,-2.02976],[121.31436,-2.02892],[121.31677,-2.02589],[121.3167,-2.02344],[121.31802,-2.02032],[121.31811,-2.01764],[121.31756,-2.01495],[121.31581,-2.01289],[121.30992,-2.00308],[121.31025,-2.00193],[121.31247,-1.99919],[121.31489,-1.99811],[121.31523,-1.99751],[121.31585,-1.99619],[121.31547,-1.99189],[121.31814,-1.98589],[121.31645,-1.98463],[121.31564,-1.98207],[121.31556,-1.97829],[121.31473,-1.97462],[121.31471,-1.97264],[121.31513,-1.97124],[121.31483,-1.97011],[121.31386,-1.96821],[121.31296,-1.96772],[121.31117,-1.96565],[121.30985,-1.96219],[121.30893,-1.96114],[121.30865,-1.95956],[121.30507,-1.95881],[121.3022,-1.95558],[121.30214,-1.95426],[121.30101,-1.954],[121.29948,-1.95295],[121.29742,-1.95264],[121.29509,-1.95169],[121.29393,-1.94998],[121.29199,-1.94932],[121.29102,-1.94791],[121.28906,-1.94648],[121.28831,-1.9446],[121.28776,-1.93951],[121.287,-1.93785],[121.28796,-1.93304],[121.28799,-1.93085],[121.28641,-1.93028],[121.28601,-1.93113],[121.28282,-1.9331],[121.27704,-1.93338],[121.27426,-1.93247],[121.26791,-1.93217],[121.26685,-1.93323],[121.26387,-1.93311],[121.26281,-1.93255],[121.26124,-1.93043],[121.25981,-1.93014],[121.25916,-1.92948],[121.25903,-1.92864],[121.26,-1.92729],[121.25976,-1.92678],[121.25575,-1.92602],[121.25475,-1.92624],[121.25433,-1.92694],[121.25264,-1.92408],[121.25226,-1.91993],[121.25075,-1.91829],[121.25078,-1.91501],[121.24655,-1.91043],[121.24344,-1.90618],[121.23956,-1.89869],[121.23712,-1.89593],[121.23801,-1.88922],[121.23771,-1.88221],[121.23651,-1.87719],[121.23723,-1.875],[121.23851,-1.87342],[121.24205,-1.87096],[121.24246,-1.8675],[121.24455,-1.86685],[121.24672,-1.86743],[121.25061,-1.87108],[121.25157,-1.87125],[121.25764,-1.86837],[121.26408,-1.8691],[121.26754,-1.87033],[121.26981,-1.8705],[121.27364,-1.87004],[121.27759,-1.86841],[121.28225,-1.8671],[121.28723,-1.86642],[121.29011,-1.86643],[121.29833,-1.86972],[121.30281,-1.87318],[121.30412,-1.87322],[121.30582,-1.87148],[121.31101,-1.86935],[121.31228,-1.8683],[121.31598,-1.86668],[121.31696,-1.86548],[121.32148,-1.86319],[121.32445,-1.86228],[121.325,-1.86337],[121.32611,-1.8634],[121.32623,-1.86385],[121.32781,-1.8638],[121.32878,-1.8622],[121.33,-1.8619],[121.33031,-1.86055],[121.33147,-1.85915],[121.33317,-1.85792],[121.33384,-1.85665],[121.33515,-1.85597],[121.33618,-1.85462],[121.33649,-1.85328],[121.33735,-1.85393],[121.33957,-1.85461],[121.3415,-1.85432],[121.34186,-1.85313],[121.34413,-1.84985],[121.34376,-1.84718],[121.34459,-1.84323],[121.345,-1.84389],[121.34493,-1.84531],[121.3457,-1.84693],[121.34582,-1.84912]]],[[[121.34421,-1.84155],[121.34366,-1.84126],[121.34352,-1.84055],[121.34363,-1.83997],[121.3442,-1.83981],[121.34447,-1.8402],[121.34421,-1.84155]]],[[[121.34395,-1.83981],[121.34282,-1.83925],[121.34277,-1.83817],[121.34316,-1.83763],[121.34402,-1.83914],[121.34395,-1.83981]]],[[[121.3431,-1.83655],[121.34309,-1.83656],[121.34305,-1.83631],[121.34302,-1.83619],[121.343,-1.83605],[121.343,-1.83594],[121.343,-1.83581],[121.34303,-1.83569],[121.34308,-1.83558],[121.34313,-1.83552],[121.34316,-1.83554],[121.34319,-1.83559],[121.34326,-1.83567],[121.3433,-1.8358],[121.34328,-1.83605],[121.34325,-1.83618],[121.3432,-1.8363],[121.34314,-1.83648],[121.3431,-1.83655]]]]}},{"type":"Feature","properties":{"NAMOBJ":"Bungku Utara","KODE_KAB":7212},"geometry":{"type":"MultiPolygon","coordinates":[[[[121.50951,-1.9492],[121.51106,-1.95007],[121.51166,-1.95275],[121.51136,-1.95447],[121.51039,-1.95456],[121.51016,-1.95499],[121.5096,-1.95366],[121.50987,-1.95272],[121.5091,-1.95151],[121.50686,-1.95019],[121.50719,-1.94924],[121.50951,-1.9492]]],[[[121.49569,-1.94203],[121.49554,-1.9444],[121.49462,-1.94479],[121.49341,-1.94469],[121.4933,-1.94405],[121.49276,-1.94382],[121.49343,-1.94253],[121.49527,-1.94186],[121.49569,-1.94203]]],[[[121.5174,-1.93929],[121.51596,-1.93918],[121.5156,-1.93826],[121.51406,-1.93705],[121.51336,-1.93526],[121.51383,-1.93399],[121.51442,-1.93382],[121.51503,-1.9347],[121.5162,-1.9351],[121.51731,-1.93674],[121.51778,-1.93769],[121.5174,-1.93929]]],[[[121.48106,-1.93022],[121.48235,-1.93058],[121.48457,-1.93024],[121.48584,-1.93154],[121.48632,-1.93155],[121.48687,-1.93305],[121.48917,-1.93332],[121.48933,-1.93396],[121.48885,-1.93445],[121.48805,-1.93447],[121.48783,-1.93548],[121.48856,-1.93635],[121.48888,-1.93764],[121.49053,-1.93776],[121.4906,-1.93881],[121.49171,-1.94002],[121.49168,-1.94055],[121.4913,-1.94086],[121.48902,-1.94087],[121.48631,-1.9426],[121.4857,-1.9408],[121.48603,-1.94043],[121.48584,-1.93994],[121.48476,-1.93946],[121.48354,-1.93961],[121.48204,-1.93921],[121.48344,-1.93757],[121.48351,-1.93626],[121.48235,-1.93402],[121.4821,-1.93187],[121.48037,-1.93034],[121.48106,-1.93022]]],[[[121.47983,-1.93021],[121.47957,-1.93004],[121.48006,-1.93001],[121.47983,-1.93021]]],[[[121.47849,-1.92933],[121.47898,-1.92948],[121.47768,-1.92966],[121.47761,-1.92896],[121.47849,-1.92933]]],[[[121.44668,-1.84893],[121.4431,-1.85092],[121.44251,-1.85074],[121.44275,-1.8495],[121.4466,-1.84861],[121.44668,-1.84893]]],[[[121.76227,-1.83739],[121.76187,-1.8368],[121.76215,-1.83554],[121.76227,-1.83739]]],[[[121.46409,-1.8322],[121.46339,-1.83275],[121.4621,-1.83241],[121.46409,-1.8322]]],[[[121.78285,-1.79172],[121.78248,-1.79161],[121.78225,-1.78934],[121.7839,-1.78853],[121.78285,-1.79172]]],[[[121.80176,-1.76004],[121.80077,-1.75905],[121.80062,-1.7579],[121.80151,-1.75884],[121.80176,-1.76004]]],[[[121.79922,-1.75812],[121.79861,-1.75787],[121.79857,-1.7574],[121.7993,-1.75779],[121.79922,-1.75812]]],[[[121.85779,-1.7168],[121.85874,-1.71685],[121.85953,-1.71805],[121.85976,-1.71909],[121.85924,-1.72073],[121.85761,-1.71941],[121.85693,-1.71793],[121.8569,-1.7171],[121.85779,-1.7168]]],[[[121.87178,-1.71337],[121.87124,-1.71364],[121.87091,-1.71327],[121.87164,-1.71277],[121.87178,-1.71337]]],[[[121.89105,-1.70671],[121.89136,-1.70681],[121.89099,-1.70725],[121.88991,-1.70722],[121.88765,-1.70822],[121.88788,-1.70672],[121.88871,-1.70721],[121.89042,-1.70655],[121.89105,-1.70671]]],[[[121.46616,-1.40802],[121.46759,-1.40811],[121.4689,-1.40895],[121.46884,-1.41014],[121.46974,-1.41255],[121.47001,-1.41511],[121.46907,-1.41872],[121.46945,-1.42189],[121.46996,-1.42287],[121.47157,-1.42383],[121.47083,-1.42526],[121.46971,-1.42614],[121.46686,-1.42627],[121.46582,-1.42771],[121.46622,-1.42939],[121.46551,-1.43142],[121.46603,-1.43209],[121.46563,-1.43276],[121.46628,-1.43344],[121.46629,-1.43532],[121.46736,-1.43739],[121.46982,-1.43903],[121.47215,-1.43972],[121.47409,-1.43962],[121.47553,-1.44038],[121.47748,-1.4399],[121.47896,-1.43901],[121.47999,-1.43962],[121.48265,-1.43998],[121.48446,-1.44174],[121.48439,-1.44293],[121.48328,-1.44329],[121.48524,-1.44562],[121.48541,-1.44694],[121.48623,-1.44654],[121.48687,-1.44561],[121.48876,-1.44562],[121.48912,-1.4465],[121.4896,-1.44648],[121.48996,-1.44509],[121.49055,-1.44473],[121.49216,-1.44599],[121.49236,-1.44737],[121.49317,-1.44841],[121.49373,-1.44838],[121.49472,-1.44749],[121.49536,-1.44781],[121.49711,-1.44749],[121.49723,-1.44832],[121.49846,-1.44886],[121.49893,-1.4505],[121.50032,-1.45121],[121.50001,-1.4519],[121.50045,-1.45231],[121.5002,-1.4531],[121.50108,-1.455],[121.50209,-1.45492],[121.50198,-1.45411],[121.5028,-1.45361],[121.50385,-1.45143],[121.50703,-1.45157],[121.50743,-1.45006],[121.50835,-1.44938],[121.50934,-1.44924],[121.50955,-1.45026],[121.51232,-1.45015],[121.51325,-1.4509],[121.51562,-1.45127],[121.51602,-1.45279],[121.51355,-1.45453],[121.51384,-1.45649],[121.51128,-1.45721],[121.51134,-1.4592],[121.51299,-1.46047],[121.51273,-1.46092],[121.51128,-1.46059],[121.51244,-1.46405],[121.51381,-1.46411],[121.51447,-1.46471],[121.51599,-1.4651],[121.51702,-1.46717],[121.51939,-1.4683],[121.52129,-1.47245],[121.52454,-1.47419],[121.5273,-1.47498],[121.52824,-1.47578],[121.52849,-1.47666],[121.53268,-1.4778],[121.53417,-1.47975],[121.53561,-1.47972],[121.53662,-1.48024],[121.53901,-1.47976],[121.53905,-1.48112],[121.53996,-1.48232],[121.54011,-1.48873],[121.54143,-1.48891],[121.54443,-1.49031],[121.54497,-1.49198],[121.54616,-1.49335],[121.55018,-1.49253],[121.5518,-1.49379],[121.5534,-1.49389],[121.55427,-1.49359],[121.55529,-1.4922],[121.55618,-1.49168],[121.55851,-1.49238],[121.56049,-1.49136],[121.56161,-1.49168],[121.56408,-1.4911],[121.565,-1.49143],[121.56612,-1.49253],[121.56837,-1.4914],[121.57013,-1.49284],[121.57147,-1.4933],[121.57933,-1.4936],[121.5795,-1.49412],[121.57856,-1.49445],[121.57857,-1.49488],[121.57915,-1.49525],[121.58075,-1.49454],[121.58098,-1.49723],[121.58247,-1.49602],[121.58189,-1.49474],[121.58225,-1.49432],[121.58298,-1.49467],[121.58443,-1.49736],[121.58532,-1.49793],[121.58818,-1.49626],[121.59275,-1.49591],[121.59381,-1.49746],[121.59644,-1.49779],[121.59836,-1.49734],[121.59955,-1.49773],[121.60152,-1.5],[121.60416,-1.50215],[121.60597,-1.50237],[121.60737,-1.50356],[121.60912,-1.50435],[121.60971,-1.50489],[121.61052,-1.50686],[121.61193,-1.50756],[121.61292,-1.50704],[121.61478,-1.50482],[121.61482,-1.50389],[121.61417,-1.5026],[121.61456,-1.50128],[121.61773,-1.49842],[121.62102,-1.49755],[121.62067,-1.49488],[121.62274,-1.49448],[121.6243,-1.49351],[121.62541,-1.49167],[121.63048,-1.48853],[121.63153,-1.48624],[121.63426,-1.48505],[121.63543,-1.48528],[121.63616,-1.48598],[121.63757,-1.48507],[121.63922,-1.48509],[121.64055,-1.48691],[121.64381,-1.48783],[121.64914,-1.4882],[121.65264,-1.48758],[121.65504,-1.48964],[121.65853,-1.48968],[121.66122,-1.49179],[121.66228,-1.49191],[121.66436,-1.49502],[121.66549,-1.49575],[121.66719,-1.49498],[121.66851,-1.49377],[121.67054,-1.49402],[121.67229,-1.49338],[121.67441,-1.49217],[121.67553,-1.48956],[121.67818,-1.48689],[121.68011,-1.48632],[121.68349,-1.48345],[121.68446,-1.48152],[121.68589,-1.48046],[121.68667,-1.47927],[121.68864,-1.47853],[121.68965,-1.47949],[121.69097,-1.47929],[121.69283,-1.47797],[121.69511,-1.47508],[121.69646,-1.47477],[121.69739,-1.47373],[121.69884,-1.47375],[121.70011,-1.475],[121.70275,-1.47457],[121.70401,-1.47292],[121.70799,-1.47067],[121.71172,-1.47062],[121.71219,-1.46982],[121.71231,-1.46718],[121.71448,-1.46967],[121.71813,-1.46633],[121.72265,-1.46447],[121.72307,-1.46347],[121.72308,-1.46139],[121.72425,-1.45913],[121.72489,-1.45855],[121.72692,-1.45954],[121.7276,-1.4593],[121.73233,-1.4537],[121.73275,-1.45248],[121.73489,-1.45361],[121.73576,-1.45325],[121.737,-1.45101],[121.73843,-1.4505],[121.73997,-1.4491],[121.74089,-1.44546],[121.74247,-1.44506],[121.74358,-1.44396],[121.74629,-1.44305],[121.74918,-1.44],[121.75137,-1.43962],[121.75386,-1.43857],[121.75649,-1.43591],[121.75799,-1.43605],[121.75893,-1.43557],[121.76035,-1.43615],[121.76275,-1.43491],[121.76374,-1.43314],[121.76391,-1.43139],[121.76729,-1.42774],[121.76852,-1.42723],[121.76905,-1.42448],[121.76998,-1.42235],[121.77184,-1.4233],[121.77247,-1.42291],[121.77387,-1.42389],[121.77752,-1.42853],[121.77895,-1.42921],[121.78011,-1.43151],[121.78258,-1.43201],[121.78199,-1.43338],[121.7827,-1.43404],[121.78319,-1.43581],[121.78205,-1.43766],[121.78314,-1.43865],[121.78493,-1.43898],[121.78402,-1.44118],[121.78552,-1.44158],[121.78554,-1.44265],[121.78474,-1.44397],[121.78623,-1.44547],[121.78672,-1.44654],[121.78451,-1.44952],[121.78495,-1.44974],[121.78603,-1.44921],[121.78813,-1.45013],[121.78947,-1.44888],[121.79025,-1.4488],[121.79085,-1.44919],[121.79109,-1.45134],[121.79156,-1.45145],[121.79255,-1.45076],[121.79342,-1.45107],[121.79342,-1.45153],[121.79266,-1.45149],[121.79217,-1.45209],[121.79293,-1.4524],[121.79284,-1.45351],[121.79365,-1.4547],[121.79298,-1.45547],[121.79298,-1.45608],[121.79444,-1.45709],[121.79402,-1.45843],[121.79579,-1.45859],[121.79651,-1.46006],[121.798,-1.46032],[121.79721,-1.46304],[121.7973,-1.46444],[121.79901,-1.46486],[121.79848,-1.46658],[121.79922,-1.46675],[121.80007,-1.46614],[121.8004,-1.46788],[121.8001,-1.47058],[121.7992,-1.47155],[121.79714,-1.47263],[121.79647,-1.47458],[121.79927,-1.47679],[121.80059,-1.48209],[121.80051,-1.48753],[121.79993,-1.48807],[121.79816,-1.48809],[121.79391,-1.48714],[121.79192,-1.48721],[121.78914,-1.4893],[121.78867,-1.49039],[121.7888,-1.49101],[121.79008,-1.49185],[121.79064,-1.49289],[121.79191,-1.49396],[121.79196,-1.49534],[121.79102,-1.4966],[121.79126,-1.49842],[121.79333,-1.50109],[121.79371,-1.50144],[121.7943,-1.50127],[121.79554,-1.50303],[121.79627,-1.50917],[121.79704,-1.51121],[121.79685,-1.51335],[121.798,-1.51478],[121.79732,-1.51741],[121.796,-1.5184],[121.79636,-1.5209],[121.79694,-1.52224],[121.79781,-1.52296],[121.80133,-1.52329],[121.80154,-1.52536],[121.80412,-1.5285],[121.80391,-1.52931],[121.80484,-1.53347],[121.8044,-1.53436],[121.80249,-1.53348],[121.80149,-1.53952],[121.80469,-1.54102],[121.80343,-1.54289],[121.80277,-1.5512],[121.80148,-1.55272],[121.80193,-1.55709],[121.80284,-1.55806],[121.80296,-1.55874],[121.80016,-1.55953],[121.79944,-1.56257],[121.79814,-1.56326],[121.79629,-1.56692],[121.79686,-1.56975],[121.7981,-1.57135],[121.79796,-1.57289],[121.79604,-1.57263],[121.79685,-1.57628],[121.79574,-1.57908],[121.79746,-1.58158],[121.79765,-1.58443],[121.7982,-1.58616],[121.79769,-1.58832],[121.79807,-1.59156],[121.79729,-1.5933],[121.7967,-1.59967],[121.7973,-1.60307],[121.7973,-1.60643],[121.79842,-1.61065],[121.79878,-1.6151],[121.79796,-1.61661],[121.79617,-1.61761],[121.79518,-1.61885],[121.79507,-1.62225],[121.79435,-1.62467],[121.79434,-1.62779],[121.79486,-1.62978],[121.79556,-1.63061],[121.80109,-1.63232],[121.8018,-1.6334],[121.80354,-1.6346],[121.8062,-1.63757],[121.80905,-1.63767],[121.80986,-1.63886],[121.81139,-1.63962],[121.81628,-1.63955],[121.81906,-1.63853],[121.8208,-1.63845],[121.82634,-1.64388],[121.82843,-1.64664],[121.8288,-1.65011],[121.82793,-1.65097],[121.82915,-1.65149],[121.82977,-1.65247],[121.8289,-1.6538],[121.82895,-1.65762],[121.82817,-1.66085],[121.82955,-1.6615],[121.8351,-1.66147],[121.83788,-1.66194],[121.84068,-1.66162],[121.84148,-1.66288],[121.84022,-1.66432],[121.84003,-1.66554],[121.83702,-1.66957],[121.83714,-1.67135],[121.83838,-1.67361],[121.84051,-1.67573],[121.84222,-1.67637],[121.84314,-1.67762],[121.84474,-1.67857],[121.84473,-1.67942],[121.84562,-1.67995],[121.84564,-1.68039],[121.84732,-1.68062],[121.84781,-1.68207],[121.8517,-1.68304],[121.85179,-1.68398],[121.85576,-1.68445],[121.85709,-1.68702],[121.85823,-1.68659],[121.86351,-1.68695],[121.8642,-1.68936],[121.86633,-1.69137],[121.86899,-1.69145],[121.86981,-1.69098],[121.86938,-1.69327],[121.86886,-1.69409],[121.86756,-1.69348],[121.86528,-1.69366],[121.86382,-1.6913],[121.86258,-1.69092],[121.86224,-1.6912],[121.86267,-1.69418],[121.86169,-1.69567],[121.86325,-1.69629],[121.86155,-1.69699],[121.86147,-1.69733],[121.86233,-1.69782],[121.86301,-1.69762],[121.8643,-1.69893],[121.86231,-1.70005],[121.86043,-1.70043],[121.8602,-1.70141],[121.86081,-1.7021],[121.86169,-1.70228],[121.86384,-1.70197],[121.86338,-1.70561],[121.86359,-1.70661],[121.86442,-1.70659],[121.86519,-1.70549],[121.86679,-1.70474],[121.86714,-1.70399],[121.86857,-1.7034],[121.86992,-1.70389],[121.8701,-1.70479],[121.87124,-1.70477],[121.87186,-1.70305],[121.87399,-1.70273],[121.8748,-1.70163],[121.87784,-1.70041],[121.87855,-1.69803],[121.87941,-1.69695],[121.88031,-1.69762],[121.88172,-1.69782],[121.88216,-1.69922],[121.88319,-1.69983],[121.8864,-1.70381],[121.88591,-1.70609],[121.88485,-1.70668],[121.8846,-1.70743],[121.88312,-1.70844],[121.88202,-1.70995],[121.88063,-1.71035],[121.87761,-1.70977],[121.87267,-1.71056],[121.87009,-1.7101],[121.8683,-1.70915],[121.86623,-1.70863],[121.86341,-1.70912],[121.86113,-1.70837],[121.85866,-1.70884],[121.85612,-1.70741],[121.85308,-1.70263],[121.85317,-1.70103],[121.85147,-1.69873],[121.85147,-1.69703],[121.85184,-1.69674],[121.85197,-1.69531],[121.85111,-1.69502],[121.85067,-1.69367],[121.84958,-1.69338],[121.84836,-1.69455],[121.84714,-1.69482],[121.84708,-1.69657],[121.8461,-1.69706],[121.84625,-1.69793],[121.84436,-1.69885],[121.84398,-1.69986],[121.8444,-1.70052],[121.84385,-1.70183],[121.84314,-1.70152],[121.84321,-1.70219],[121.84222,-1.70231],[121.84216,-1.70379],[121.84258,-1.70422],[121.84186,-1.70639],[121.84025,-1.70677],[121.8392,-1.70559],[121.83818,-1.70605],[121.83833,-1.70699],[121.83764,-1.70849],[121.83654,-1.70916],[121.83653,-1.71083],[121.83583,-1.71141],[121.83602,-1.71382],[121.83341,-1.71357],[121.83295,-1.71452],[121.83228,-1.71409],[121.8304,-1.71478],[121.83002,-1.71586],[121.82951,-1.7157],[121.82875,-1.71653],[121.82683,-1.71594],[121.82619,-1.71628],[121.82601,-1.71779],[121.8253,-1.71784],[121.82477,-1.71917],[121.82429,-1.71918],[121.82347,-1.72003],[121.82367,-1.72037],[121.82307,-1.72121],[121.82309,-1.72205],[121.82189,-1.72369],[121.82287,-1.72483],[121.82436,-1.72531],[121.82392,-1.72525],[121.82103,-1.72718],[121.81955,-1.7274],[121.81841,-1.72681],[121.81638,-1.72786],[121.81394,-1.72777],[121.81401,-1.72812],[121.81456,-1.72808],[121.81415,-1.72826],[121.8111,-1.72803],[121.80902,-1.72875],[121.80694,-1.73051],[121.80322,-1.73601],[121.80217,-1.73885],[121.80153,-1.74299],[121.80118,-1.74326],[121.80168,-1.74516],[121.80125,-1.74746],[121.80217,-1.74853],[121.80178,-1.75321],[121.80341,-1.75684],[121.8037,-1.76028],[121.80438,-1.76185],[121.804,-1.7619],[121.80333,-1.76044],[121.80306,-1.76075],[121.80264,-1.76048],[121.8012,-1.75789],[121.79741,-1.75668],[121.79783,-1.75768],[121.7999,-1.75903],[121.80127,-1.76128],[121.80274,-1.7621],[121.8029,-1.76345],[121.80512,-1.763],[121.80618,-1.76217],[121.80639,-1.76286],[121.80548,-1.76397],[121.80421,-1.7645],[121.80283,-1.76418],[121.80184,-1.76447],[121.79985,-1.76636],[121.79529,-1.77322],[121.79482,-1.77332],[121.79528,-1.77368],[121.79535,-1.77443],[121.7933,-1.77832],[121.7906,-1.78506],[121.78639,-1.79117],[121.78372,-1.79383],[121.78502,-1.79029],[121.78728,-1.78619],[121.7865,-1.78567],[121.78483,-1.78754],[121.7836,-1.78819],[121.78271,-1.78817],[121.78188,-1.78999],[121.78211,-1.792],[121.78101,-1.79409],[121.7794,-1.79892],[121.77908,-1.79825],[121.77857,-1.79824],[121.77821,-1.79934],[121.77637,-1.79978],[121.7735,-1.79821],[121.77332,-1.79895],[121.77437,-1.79974],[121.77476,-1.80136],[121.77524,-1.80634],[121.77474,-1.80723],[121.77539,-1.80777],[121.77625,-1.80618],[121.77627,-1.80152],[121.77716,-1.80178],[121.77729,-1.80296],[121.77779,-1.80308],[121.77792,-1.80259],[121.77728,-1.8013],[121.7778,-1.80102],[121.77858,-1.80124],[121.77873,-1.80181],[121.77861,-1.80703],[121.77747,-1.8095],[121.77355,-1.81474],[121.77034,-1.82046],[121.76937,-1.82403],[121.76739,-1.82787],[121.76679,-1.83309],[121.76636,-1.83394],[121.76537,-1.83349],[121.76316,-1.83709],[121.76265,-1.83477],[121.76113,-1.83364],[121.76092,-1.83433],[121.76172,-1.83493],[121.76159,-1.83655],[121.76226,-1.83818],[121.76182,-1.83891],[121.7622,-1.83927],[121.76297,-1.83849],[121.76504,-1.83764],[121.76575,-1.8363],[121.76707,-1.83677],[121.76758,-1.83762],[121.76727,-1.83981],[121.76454,-1.8454],[121.76348,-1.85233],[121.76234,-1.85391],[121.76246,-1.85495],[121.76157,-1.85636],[121.75652,-1.86206],[121.75339,-1.86639],[121.75069,-1.87094],[121.74882,-1.87574],[121.74381,-1.88133],[121.74339,-1.88259],[121.7434,-1.88561],[121.74251,-1.88818],[121.739,-1.89121],[121.73565,-1.89123],[121.73354,-1.89232],[121.73221,-1.89229],[121.73287,-1.89279],[121.73129,-1.8939],[121.7305,-1.89525],[121.73018,-1.89884],[121.7292,-1.90151],[121.72548,-1.90323],[121.72361,-1.90339],[121.71987,-1.90497],[121.71869,-1.90503],[121.71833,-1.90552],[121.71871,-1.90609],[121.71724,-1.90681],[121.71608,-1.90823],[121.71461,-1.91463],[121.71282,-1.91728],[121.71232,-1.91876],[121.71178,-1.9191],[121.71136,-1.91819],[121.71076,-1.91841],[121.71183,-1.91991],[121.71339,-1.92033],[121.71309,-1.92201],[121.71224,-1.92326],[121.71138,-1.92371],[121.71011,-1.9235],[121.70866,-1.92298],[121.70657,-1.92127],[121.70172,-1.92076],[121.69906,-1.92203],[121.69754,-1.92416],[121.69515,-1.92327],[121.69498,-1.92365],[121.69556,-1.9234],[121.69574,-1.92368],[121.69475,-1.92405],[121.69413,-1.92581],[121.69102,-1.92687],[121.68781,-1.92942],[121.68543,-1.93355],[121.68476,-1.93404],[121.68493,-1.93487],[121.68293,-1.93807],[121.67868,-1.94378],[121.67649,-1.9461],[121.67541,-1.94644],[121.67013,-1.94662],[121.66587,-1.94907],[121.663,-1.94994],[121.66026,-1.95167],[121.65729,-1.95482],[121.6544,-1.95613],[121.65347,-1.95607],[121.65335,-1.95575],[121.65476,-1.95577],[121.65577,-1.95512],[121.65234,-1.95499],[121.64962,-1.95583],[121.64647,-1.9576],[121.64501,-1.95787],[121.6441,-1.9573],[121.64315,-1.95468],[121.64279,-1.95462],[121.64283,-1.95574],[121.64034,-1.95711],[121.64124,-1.95718],[121.63881,-1.95905],[121.63742,-1.95826],[121.63361,-1.95776],[121.63347,-1.95722],[121.63248,-1.95696],[121.63299,-1.95759],[121.63086,-1.9573],[121.62687,-1.95973],[121.62511,-1.96018],[121.62364,-1.95969],[121.62216,-1.95786],[121.61795,-1.95593],[121.6157,-1.95398],[121.60939,-1.9534],[121.60404,-1.95238],[121.58736,-1.95299],[121.58275,-1.95414],[121.57992,-1.9544],[121.57367,-1.95868],[121.57002,-1.95806],[121.56857,-1.95721],[121.5605,-1.9569],[121.55573,-1.95627],[121.55212,-1.95501],[121.55038,-1.95393],[121.54831,-1.95194],[121.54419,-1.95052],[121.54172,-1.9486],[121.54168,-1.94817],[121.5443,-1.94811],[121.54478,-1.94895],[121.54303,-1.94837],[121.54271,-1.94837],[121.54267,-1.94889],[121.54488,-1.95021],[121.54665,-1.94999],[121.54826,-1.95137],[121.54908,-1.95129],[121.54959,-1.95194],[121.55,-1.95083],[121.5515,-1.95065],[121.55054,-1.95166],[121.55091,-1.95254],[121.55351,-1.95257],[121.55697,-1.95592],[121.55884,-1.95657],[121.56228,-1.95668],[121.56213,-1.95597],[121.56107,-1.95512],[121.55891,-1.9548],[121.55545,-1.95166],[121.55395,-1.94951],[121.55354,-1.94788],[121.55395,-1.94727],[121.55598,-1.94683],[121.55618,-1.9456],[121.55771,-1.94612],[121.55895,-1.94757],[121.55984,-1.94749],[121.56044,-1.94689],[121.55823,-1.94439],[121.5585,-1.94354],[121.55645,-1.94383],[121.55562,-1.94354],[121.55511,-1.94444],[121.55358,-1.94488],[121.55269,-1.94475],[121.55123,-1.94373],[121.54938,-1.93956],[121.54807,-1.93807],[121.54836,-1.93784],[121.54822,-1.93678],[121.54732,-1.93578],[121.54779,-1.93466],[121.54679,-1.9336],[121.54582,-1.93413],[121.54448,-1.93308],[121.54349,-1.9309],[121.54313,-1.92791],[121.54074,-1.92567],[121.54168,-1.925],[121.54021,-1.92462],[121.54135,-1.92371],[121.54076,-1.92225],[121.53939,-1.92112],[121.53977,-1.92082],[121.54063,-1.92129],[121.54018,-1.92058],[121.54056,-1.91964],[121.54008,-1.91859],[121.53807,-1.91712],[121.53797,-1.91635],[121.53746,-1.91666],[121.5363,-1.91595],[121.53605,-1.91509],[121.53451,-1.91456],[121.53349,-1.91504],[121.53265,-1.91611],[121.53192,-1.91622],[121.53165,-1.91347],[121.53135,-1.91329],[121.53095,-1.91529],[121.53126,-1.91605],[121.53028,-1.91581],[121.52878,-1.91307],[121.52682,-1.91098],[121.52708,-1.90686],[121.52635,-1.90291],[121.52318,-1.89827],[121.52106,-1.89655],[121.52025,-1.89657],[121.51817,-1.89406],[121.51904,-1.89115],[121.51853,-1.8911],[121.51851,-1.89238],[121.51761,-1.89338],[121.51767,-1.89407],[121.51652,-1.89511],[121.51625,-1.89456],[121.51654,-1.893],[121.51589,-1.89341],[121.51555,-1.89471],[121.51613,-1.89549],[121.51593,-1.89586],[121.50688,-1.89568],[121.50358,-1.89637],[121.5024,-1.89387],[121.50267,-1.89263],[121.50397,-1.89053],[121.50347,-1.89011],[121.50184,-1.89264],[121.49991,-1.89286],[121.49955,-1.89243],[121.5003,-1.89168],[121.49962,-1.89144],[121.49867,-1.88788],[121.49668,-1.88767],[121.49672,-1.88697],[121.4964,-1.88683],[121.49563,-1.88746],[121.49495,-1.88679],[121.49458,-1.8875],[121.49426,-1.88676],[121.49158,-1.88582],[121.49003,-1.88417],[121.49009,-1.88271],[121.48961,-1.88293],[121.48988,-1.88349],[121.48944,-1.88464],[121.48832,-1.88335],[121.48719,-1.88315],[121.48697,-1.88216],[121.48629,-1.88184],[121.48628,-1.88061],[121.4857,-1.88012],[121.48627,-1.8794],[121.48687,-1.87944],[121.48793,-1.87808],[121.48797,-1.87673],[121.48714,-1.87423],[121.48797,-1.8735],[121.48895,-1.8735],[121.48844,-1.87308],[121.48654,-1.87358],[121.48641,-1.87289],[121.48727,-1.87262],[121.48762,-1.87208],[121.48553,-1.87285],[121.4854,-1.8717],[121.48598,-1.87073],[121.48534,-1.87006],[121.48467,-1.87079],[121.48317,-1.87013],[121.48146,-1.87072],[121.47983,-1.87037],[121.47873,-1.87121],[121.47647,-1.87153],[121.47592,-1.8722],[121.47405,-1.87314],[121.47319,-1.875],[121.46978,-1.8746],[121.46828,-1.87606],[121.46583,-1.87705],[121.46548,-1.87759],[121.463,-1.87774],[121.4614,-1.87845],[121.45945,-1.87777],[121.45806,-1.87671],[121.45806,-1.87627],[121.46036,-1.87597],[121.46058,-1.87524],[121.46126,-1.87522],[121.46174,-1.8746],[121.46257,-1.87488],[121.46286,-1.87418],[121.46442,-1.87291],[121.46592,-1.87003],[121.46689,-1.86971],[121.4669,-1.86789],[121.46749,-1.8677],[121.46816,-1.86598],[121.46772,-1.86493],[121.46797,-1.86275],[121.46839,-1.86175],[121.46971,-1.86063],[121.47032,-1.85898],[121.46995,-1.8571],[121.46912,-1.85602],[121.46838,-1.85612],[121.46781,-1.85738],[121.46615,-1.85789],[121.46617,-1.85884],[121.46519,-1.85931],[121.46554,-1.85977],[121.46392,-1.86036],[121.46368,-1.86234],[121.46217,-1.86309],[121.46157,-1.86435],[121.46021,-1.86487],[121.45924,-1.8646],[121.45777,-1.86537],[121.45702,-1.86508],[121.45529,-1.8662],[121.45525,-1.86672],[121.45271,-1.8666],[121.45089,-1.86732],[121.44836,-1.86671],[121.449,-1.86451],[121.44906,-1.86266],[121.4479,-1.86148],[121.44904,-1.86071],[121.44941,-1.85873],[121.4509,-1.85622],[121.45077,-1.85512],[121.45258,-1.85496],[121.45338,-1.85387],[121.45528,-1.85315],[121.4556,-1.85269],[121.45529,-1.85098],[121.4522,-1.84901],[121.45462,-1.84879],[121.45524,-1.84833],[121.45568,-1.84628],[121.45687,-1.84507],[121.45788,-1.84269],[121.46137,-1.84141],[121.46183,-1.83988],[121.46448,-1.84074],[121.46668,-1.84059],[121.46715,-1.83907],[121.46566,-1.8369],[121.46809,-1.8365],[121.46862,-1.83601],[121.4681,-1.83414],[121.46753,-1.83368],[121.46724,-1.83199],[121.46671,-1.83131],[121.46517,-1.83088],[121.46469,-1.82949],[121.46318,-1.82753],[121.45841,-1.82475],[121.45707,-1.82515],[121.45555,-1.82635],[121.45452,-1.82616],[121.45455,-1.82461],[121.45564,-1.82433],[121.45685,-1.82295],[121.45811,-1.82329],[121.46015,-1.82272],[121.46216,-1.8211],[121.46172,-1.82008],[121.46219,-1.81883],[121.46202,-1.81753],[121.46147,-1.81676],[121.46167,-1.81611],[121.45791,-1.81394],[121.45766,-1.81296],[121.45678,-1.81305],[121.45605,-1.81263],[121.45571,-1.81157],[121.45625,-1.81102],[121.45697,-1.81117],[121.45682,-1.81075],[121.45577,-1.81046],[121.45545,-1.81099],[121.45412,-1.81153],[121.45324,-1.8109],[121.45258,-1.81095],[121.45241,-1.81133],[121.45181,-1.81068],[121.45055,-1.81083],[121.44965,-1.81011],[121.44836,-1.8102],[121.44657,-1.80865],[121.44583,-1.80858],[121.4453,-1.8062],[121.44621,-1.80429],[121.4454,-1.80252],[121.44633,-1.79957],[121.44508,-1.79411],[121.44527,-1.79166],[121.44386,-1.79047],[121.44081,-1.79028],[121.43995,-1.78892],[121.43829,-1.78756],[121.43498,-1.78565],[121.43434,-1.78449],[121.43433,-1.78279],[121.4338,-1.78111],[121.43041,-1.77743],[121.43139,-1.77411],[121.43403,-1.77302],[121.4345,-1.77084],[121.43553,-1.76882],[121.43565,-1.76781],[121.43507,-1.76522],[121.43548,-1.76354],[121.43524,-1.76254],[121.43342,-1.76039],[121.43105,-1.76054],[121.43003,-1.75976],[121.42859,-1.75989],[121.42514,-1.75825],[121.42126,-1.75699],[121.41888,-1.75381],[121.41639,-1.75181],[121.41535,-1.75219],[121.41388,-1.75079],[121.40852,-1.74873],[121.40444,-1.74536],[121.40351,-1.74555],[121.4008,-1.74493],[121.39771,-1.74582],[121.39577,-1.74427],[121.39401,-1.7451],[121.39249,-1.74656],[121.38847,-1.74634],[121.3852,-1.74848],[121.3838,-1.74876],[121.38345,-1.7463],[121.38237,-1.74469],[121.37931,-1.74253],[121.37754,-1.74305],[121.37626,-1.74271],[121.37669,-1.74174],[121.37624,-1.74073],[121.37657,-1.73862],[121.37636,-1.73689],[121.37586,-1.73613],[121.375,-1.73563],[121.3724,-1.73538],[121.37109,-1.73453],[121.3699,-1.7318],[121.36806,-1.73191],[121.3664,-1.73286],[121.36434,-1.73151],[121.36326,-1.72963],[121.36239,-1.72666],[121.36239,-1.72605],[121.36327,-1.7251],[121.36347,-1.72351],[121.36132,-1.72198],[121.35918,-1.72179],[121.35727,-1.72078],[121.35644,-1.71984],[121.35607,-1.71842],[121.35648,-1.71719],[121.35634,-1.71597],[121.35431,-1.71465],[121.35127,-1.71398],[121.34951,-1.7141],[121.34806,-1.71012],[121.34525,-1.70843],[121.34548,-1.70676],[121.34504,-1.7046],[121.34193,-1.69955],[121.34139,-1.69275],[121.33991,-1.69202],[121.33966,-1.69136],[121.33839,-1.69044],[121.3362,-1.68982],[121.33745,-1.68922],[121.33749,-1.6878],[121.33976,-1.68666],[121.34296,-1.68805],[121.34411,-1.6875],[121.34405,-1.68887],[121.34515,-1.68966],[121.34522,-1.69041],[121.34626,-1.69085],[121.34658,-1.69193],[121.34766,-1.69288],[121.35045,-1.69378],[121.35128,-1.69464],[121.35439,-1.69433],[121.3558,-1.69323],[121.35699,-1.69374],[121.35869,-1.69264],[121.35903,-1.69312],[121.36054,-1.69336],[121.36092,-1.69428],[121.36169,-1.69442],[121.36294,-1.69571],[121.36617,-1.69506],[121.3671,-1.69562],[121.36856,-1.69529],[121.37025,-1.6939],[121.37196,-1.69352],[121.37333,-1.69189],[121.3723,-1.69144],[121.37149,-1.69048],[121.37051,-1.68731],[121.36957,-1.68909],[121.3687,-1.68978],[121.36899,-1.68834],[121.36813,-1.68722],[121.36839,-1.68672],[121.36767,-1.68512],[121.36854,-1.68521],[121.37004,-1.68402],[121.3701,-1.68242],[121.36826,-1.67809],[121.3677,-1.67831],[121.36637,-1.67755],[121.36566,-1.67795],[121.36419,-1.67701],[121.36326,-1.6758],[121.36251,-1.67575],[121.36553,-1.67195],[121.36502,-1.6717],[121.36477,-1.67007],[121.36351,-1.66848],[121.36274,-1.66546],[121.3601,-1.66431],[121.35741,-1.66349],[121.35606,-1.66347],[121.35318,-1.66242],[121.35401,-1.66205],[121.35566,-1.65934],[121.35812,-1.65642],[121.35821,-1.65289],[121.35753,-1.65099],[121.35672,-1.64999],[121.35691,-1.64884],[121.35482,-1.6508],[121.35329,-1.65003],[121.35407,-1.64837],[121.35336,-1.6485],[121.35309,-1.64711],[121.35127,-1.64736],[121.35017,-1.64832],[121.34868,-1.64858],[121.34767,-1.64944],[121.34209,-1.64872],[121.3404,-1.64959],[121.33996,-1.64944],[121.3388,-1.64824],[121.33796,-1.64505],[121.33805,-1.64133],[121.33646,-1.63863],[121.33462,-1.63255],[121.33367,-1.63207],[121.32992,-1.63184],[121.3262,-1.63007],[121.32642,-1.62906],[121.32739,-1.62875],[121.32837,-1.62688],[121.33015,-1.62501],[121.33498,-1.62151],[121.33705,-1.62104],[121.33955,-1.62221],[121.34171,-1.62222],[121.34228,-1.6193],[121.342,-1.6179],[121.33911,-1.60911],[121.33629,-1.60524],[121.33322,-1.60007],[121.32575,-1.59523],[121.32615,-1.59267],[121.32592,-1.59098],[121.32332,-1.58797],[121.32093,-1.5863],[121.32053,-1.58446],[121.31678,-1.58432],[121.31523,-1.58134],[121.31314,-1.58017],[121.31226,-1.57699],[121.30984,-1.57124],[121.30486,-1.56592],[121.30279,-1.56527],[121.29923,-1.56526],[121.29753,-1.56593],[121.29475,-1.56821],[121.29387,-1.56828],[121.29332,-1.56797],[121.29247,-1.56643],[121.29119,-1.56763],[121.28507,-1.57051],[121.28438,-1.56792],[121.28514,-1.56549],[121.28445,-1.56464],[121.28268,-1.56473],[121.28236,-1.56336],[121.283,-1.56199],[121.28105,-1.56054],[121.28117,-1.5599],[121.28227,-1.55956],[121.28148,-1.55821],[121.28176,-1.55605],[121.28014,-1.55445],[121.27991,-1.55148],[121.28082,-1.55025],[121.27966,-1.54917],[121.27973,-1.54758],[121.2775,-1.54638],[121.27537,-1.54322],[121.27424,-1.54339],[121.27227,-1.54262],[121.27186,-1.54122],[121.27114,-1.54067],[121.27047,-1.53921],[121.26936,-1.53947],[121.26798,-1.53891],[121.26671,-1.53905],[121.26482,-1.5371],[121.26428,-1.53582],[121.26391,-1.53329],[121.26436,-1.53211],[121.26525,-1.53118],[121.26607,-1.52776],[121.26531,-1.52348],[121.2654,-1.52114],[121.26652,-1.51878],[121.26523,-1.51576],[121.26529,-1.51365],[121.26831,-1.50898],[121.26852,-1.50793],[121.26835,-1.50661],[121.26641,-1.502],[121.26668,-1.50102],[121.2674,-1.49986],[121.27039,-1.4971],[121.29837,-1.47604],[121.30433,-1.47311],[121.31613,-1.47179],[121.33887,-1.47341],[121.3543,-1.47288],[121.36174,-1.47083],[121.38137,-1.46336],[121.39065,-1.46058],[121.40447,-1.45567],[121.40899,-1.45324],[121.41761,-1.44776],[121.43047,-1.43543],[121.44476,-1.42009],[121.44597,-1.41927],[121.45243,-1.41688],[121.45411,-1.41586],[121.46345,-1.40956],[121.46535,-1.40726],[121.46616,-1.40802]]]]}},{"type":"Feature","properties":{"NAMOBJ":"Mori Atas","KODE_KAB":7212},"geometry":{"type":"MultiPolygon","coordinates":[[[[121.18554,-1.90107],[121.18603,-1.90364],[121.18537,-1.90848],[121.18566,-1.90958],[121.18719,-1.91071],[121.18814,-1.91293],[121.18696,-1.91371],[121.18627,-1.9158],[121.18643,-1.91615],[121.18789,-1.9153],[121.19198,-1.91806],[121.19211,-1.9219],[121.19326,-1.92337],[121.19341,-1.92489],[121.19462,-1.92541],[121.19588,-1.92761],[121.19728,-1.92904],[121.1957,-1.93287],[121.19397,-1.93374],[121.19353,-1.93515],[121.19454,-1.93556],[121.19501,-1.93678],[121.19704,-1.93814],[121.1969,-1.94139],[121.19768,-1.94378],[121.19705,-1.94538],[121.19722,-1.94603],[121.19798,-1.94632],[121.19893,-1.94578],[121.20081,-1.94622],[121.2011,-1.94689],[121.20282,-1.94774],[121.20204,-1.94933],[121.20263,-1.95051],[121.20108,-1.95198],[121.20227,-1.95315],[121.20349,-1.9528],[121.20544,-1.95379],[121.20602,-1.95523],[121.20693,-1.95584],[121.20807,-1.95611],[121.21151,-1.95587],[121.21317,-1.95463],[121.21318,-1.95299],[121.21402,-1.95387],[121.2141,-1.95705],[121.21486,-1.96026],[121.21384,-1.96085],[121.21185,-1.96085],[121.209,-1.96322],[121.20624,-1.96487],[121.20568,-1.96555],[121.20599,-1.96866],[121.20564,-1.96943],[121.20474,-1.9699],[121.20441,-1.97123],[121.20569,-1.97085],[121.20767,-1.97234],[121.2111,-1.9736],[121.21108,-1.97572],[121.21019,-1.97725],[121.21062,-1.97869],[121.21008,-1.9803],[121.21023,-1.98103],[121.21184,-1.98227],[121.21247,-1.98213],[121.2126,-1.98305],[121.21333,-1.98244],[121.21403,-1.98267],[121.21464,-1.98235],[121.21622,-1.9829],[121.21631,-1.98798],[121.21781,-1.98839],[121.2184,-1.98967],[121.22086,-1.99053],[121.22059,-1.99258],[121.21915,-1.99394],[121.21848,-1.99572],[121.21844,-1.9972],[121.20152,-1.99465],[121.19875,-1.99458],[121.19577,-1.99368],[121.1906,-1.99351],[121.18059,-1.99398],[121.17739,-1.9927],[121.17713,-1.99324],[121.17634,-1.9935],[121.17149,-1.99454],[121.17134,-1.99791],[121.16964,-1.99928],[121.16947,-2.00052],[121.1682,-2.00163],[121.16776,-2.00087],[121.1637,-2.00334],[121.16325,-2.00419],[121.16187,-2.00365],[121.16109,-2.00403],[121.16069,-2.00481],[121.16124,-2.00586],[121.15996,-2.00755],[121.15986,-2.00996],[121.15894,-2.01077],[121.15875,-2.012],[121.15693,-2.01264],[121.15387,-2.0182],[121.1542,-2.02128],[121.15498,-2.02262],[121.15439,-2.02348],[121.15446,-2.02444],[121.15529,-2.02521],[121.15546,-2.02707],[121.1579,-2.03082],[121.15764,-2.03179],[121.15792,-2.03269],[121.15843,-2.03333],[121.15966,-2.03366],[121.15996,-2.03422],[121.16115,-2.04008],[121.16065,-2.04102],[121.1615,-2.04297],[121.15878,-2.04536],[121.15718,-2.04552],[121.15388,-2.04721],[121.15213,-2.04934],[121.15283,-2.0507],[121.15252,-2.05238],[121.15407,-2.05326],[121.15341,-2.05549],[121.15353,-2.05646],[121.15522,-2.05811],[121.15579,-2.06031],[121.15692,-2.06119],[121.15711,-2.06184],[121.15504,-2.06441],[121.15368,-2.06444],[121.15334,-2.06373],[121.15287,-2.06404],[121.15178,-2.07008],[121.15004,-2.07168],[121.14865,-2.074],[121.149,-2.07485],[121.15095,-2.0762],[121.1497,-2.07953],[121.15019,-2.08128],[121.1497,-2.08328],[121.14998,-2.08499],[121.14905,-2.08625],[121.14901,-2.08875],[121.14838,-2.08971],[121.14831,-2.09098],[121.14979,-2.09409],[121.1519,-2.09409],[121.15313,-2.09545],[121.15353,-2.09706],[121.15217,-2.09857],[121.15139,-2.10025],[121.15262,-2.10111],[121.15358,-2.10303],[121.1494,-2.10272],[121.14585,-2.10325],[121.14518,-2.1042],[121.14533,-2.10591],[121.14605,-2.1071],[121.14529,-2.10767],[121.14477,-2.10916],[121.14255,-2.10938],[121.14165,-2.11069],[121.14047,-2.11122],[121.13989,-2.11226],[121.13845,-2.11295],[121.13829,-2.11476],[121.13758,-2.11558],[121.13654,-2.11572],[121.13656,-2.11811],[121.13486,-2.12073],[121.13453,-2.12211],[121.13365,-2.12345],[121.13204,-2.1244],[121.13124,-2.12652],[121.13137,-2.1297],[121.13048,-2.13096],[121.1303,-2.13193],[121.13156,-2.13827],[121.13111,-2.13998],[121.13021,-2.14024],[121.12712,-2.14295],[121.11638,-2.15407],[121.09706,-2.17974],[121.0806,-2.20576],[121.07051,-2.21597],[121.06958,-2.21649],[121.06926,-2.21756],[121.06846,-2.2184],[121.06815,-2.21977],[121.0617,-2.22224],[121.06041,-2.22381],[121.06008,-2.22562],[121.05728,-2.22867],[121.05574,-2.22946],[121.04582,-2.23786],[121.01749,-2.24611],[121.00293,-2.24876],[121.00007,-2.24995],[120.99511,-2.24631],[120.99086,-2.24405],[120.97422,-2.2387],[120.96056,-2.23367],[120.93849,-2.22867],[120.93714,-2.22711],[120.93462,-2.22618],[120.93314,-2.22511],[120.93243,-2.22513],[120.93187,-2.22582],[120.93007,-2.22552],[120.92806,-2.22607],[120.91739,-2.22542],[120.88027,-2.21978],[120.87256,-2.21898],[120.85124,-2.21758],[120.84388,-2.21838],[120.84362,-2.17975],[120.84248,-2.16293],[120.84091,-2.15301],[120.83647,-2.1332],[120.83183,-2.11835],[120.83158,-2.11129],[120.82921,-2.09087],[120.83846,-2.04426],[120.84084,-2.03421],[120.84363,-2.02723],[120.84663,-2.02307],[120.8478,-2.02074],[120.85656,-2.00981],[120.86106,-2.00492],[120.87012,-1.99869],[120.87452,-1.99415],[120.87497,-1.98912],[120.87822,-1.98394],[120.88522,-1.97507],[120.888,-1.97706],[120.89203,-1.98163],[120.89538,-1.98449],[120.89824,-1.98924],[120.90159,-1.99616],[120.90193,-2],[120.90476,-2.00095],[120.90543,-2.00179],[120.90603,-2.00346],[120.90508,-2.00505],[120.90502,-2.00748],[120.90594,-2.00982],[120.90773,-2.01168],[120.90946,-2.0125],[120.91202,-2.01507],[120.91507,-2.01535],[120.91742,-2.01488],[120.9229,-2.01591],[120.92574,-2.01514],[120.92757,-2.01626],[120.93487,-2.01547],[120.93804,-2.01597],[120.93878,-2.01563],[120.93995,-2.01418],[120.94173,-2.01107],[120.94309,-2.00753],[120.94486,-2.00584],[120.94533,-2.00484],[120.95133,-2.00297],[120.95711,-1.99711],[120.95808,-1.99511],[120.95761,-1.98848],[120.95833,-1.98333],[120.95933,-1.98199],[120.96753,-1.97644],[120.97309,-1.9739],[120.97879,-1.97487],[120.98526,-1.98001],[120.9892,-1.98177],[120.99167,-1.98333],[120.9978,-1.98423],[121.00198,-1.98164],[121.00584,-1.98057],[121.00852,-1.97914],[121.00879,-1.9783],[121.00834,-1.97584],[121.00722,-1.97498],[121.00592,-1.97504],[121.00585,-1.97394],[121.00828,-1.97373],[121.0094,-1.97469],[121.00985,-1.97464],[121.01024,-1.97424],[121.01028,-1.97298],[121.01185,-1.97351],[121.01309,-1.9722],[121.01466,-1.97236],[121.01483,-1.97176],[121.01394,-1.97112],[121.01427,-1.97061],[121.01676,-1.97169],[121.01669,-1.96957],[121.01715,-1.96925],[121.01822,-1.96953],[121.01811,-1.97141],[121.01882,-1.97188],[121.02091,-1.97028],[121.02093,-1.96943],[121.02032,-1.96853],[121.02212,-1.96933],[121.02278,-1.96788],[121.02453,-1.968],[121.02452,-1.96622],[121.02617,-1.96513],[121.02727,-1.96496],[121.02869,-1.96386],[121.02916,-1.96216],[121.0299,-1.9614],[121.03107,-1.96145],[121.03183,-1.96203],[121.03205,-1.96329],[121.03313,-1.96437],[121.03557,-1.9644],[121.03866,-1.9618],[121.04306,-1.96003],[121.04472,-1.95978],[121.04794,-1.96018],[121.04877,-1.9599],[121.05155,-1.95493],[121.05272,-1.95515],[121.0538,-1.95673],[121.05478,-1.95692],[121.05514,-1.9564],[121.05484,-1.95508],[121.05547,-1.95444],[121.05604,-1.95461],[121.05639,-1.95647],[121.0547,-1.95882],[121.0561,-1.96005],[121.0568,-1.96166],[121.05735,-1.96165],[121.05833,-1.95994],[121.05906,-1.95943],[121.06021,-1.95911],[121.06289,-1.9593],[121.06366,-1.95877],[121.06364,-1.95752],[121.06131,-1.95612],[121.06136,-1.95528],[121.06247,-1.95486],[121.06319,-1.95512],[121.06404,-1.95689],[121.06497,-1.95774],[121.06848,-1.95852],[121.06851,-1.96143],[121.06675,-1.96252],[121.06683,-1.96328],[121.06979,-1.96273],[121.0716,-1.96171],[121.07326,-1.96172],[121.07396,-1.96249],[121.07439,-1.96484],[121.07599,-1.96408],[121.07666,-1.96279],[121.07655,-1.96187],[121.07572,-1.96053],[121.07565,-1.95942],[121.07627,-1.95922],[121.07838,-1.95993],[121.07952,-1.95765],[121.08002,-1.95774],[121.08022,-1.95831],[121.07988,-1.96191],[121.08021,-1.96224],[121.08234,-1.96096],[121.08427,-1.96185],[121.08663,-1.96088],[121.0885,-1.95898],[121.09033,-1.95879],[121.09171,-1.95753],[121.09244,-1.95743],[121.09277,-1.958],[121.09264,-1.95903],[121.09136,-1.96073],[121.0899,-1.96091],[121.08841,-1.96009],[121.08791,-1.9604],[121.08785,-1.96096],[121.08905,-1.96316],[121.08912,-1.96548],[121.08961,-1.96607],[121.09106,-1.96584],[121.09171,-1.96527],[121.09221,-1.96341],[121.0938,-1.96265],[121.09455,-1.96311],[121.0941,-1.96472],[121.09462,-1.96505],[121.09721,-1.96239],[121.09914,-1.96133],[121.10022,-1.95931],[121.101,-1.95934],[121.10191,-1.96022],[121.1025,-1.96007],[121.10183,-1.95844],[121.09961,-1.95778],[121.09902,-1.95714],[121.09972,-1.95618],[121.10171,-1.95626],[121.10254,-1.95576],[121.10237,-1.95383],[121.10293,-1.95179],[121.10112,-1.95086],[121.10136,-1.94967],[121.10341,-1.94919],[121.10512,-1.94971],[121.10542,-1.94814],[121.10699,-1.94759],[121.10784,-1.94827],[121.10895,-1.95119],[121.11003,-1.95153],[121.11136,-1.95051],[121.11287,-1.95012],[121.11288,-1.94974],[121.11191,-1.94898],[121.11202,-1.94799],[121.11393,-1.94766],[121.11565,-1.94616],[121.11619,-1.94697],[121.11568,-1.94906],[121.11884,-1.94838],[121.11946,-1.94872],[121.12028,-1.95015],[121.12103,-1.95025],[121.12129,-1.94945],[121.12013,-1.94777],[121.11944,-1.94503],[121.11969,-1.94437],[121.12319,-1.94405],[121.12737,-1.94235],[121.12836,-1.94248],[121.13057,-1.94375],[121.13192,-1.94371],[121.13233,-1.94306],[121.13215,-1.94213],[121.13171,-1.94146],[121.1304,-1.94079],[121.13016,-1.94022],[121.13054,-1.93946],[121.13197,-1.93842],[121.13324,-1.93865],[121.13474,-1.94051],[121.13726,-1.94137],[121.13799,-1.94129],[121.1383,-1.9408],[121.13825,-1.94017],[121.13745,-1.93922],[121.13773,-1.93842],[121.14036,-1.93895],[121.14114,-1.9377],[121.14185,-1.93745],[121.14228,-1.93773],[121.14215,-1.93917],[121.1427,-1.93924],[121.14361,-1.93573],[121.14235,-1.93475],[121.14194,-1.93214],[121.14311,-1.93128],[121.1441,-1.92963],[121.14613,-1.93022],[121.14671,-1.92921],[121.14609,-1.92844],[121.14406,-1.92834],[121.14334,-1.92713],[121.1419,-1.92632],[121.14222,-1.92507],[121.14306,-1.92476],[121.14526,-1.92504],[121.14812,-1.92449],[121.1509,-1.9226],[121.15136,-1.92529],[121.15264,-1.92544],[121.15392,-1.92679],[121.15456,-1.92683],[121.15548,-1.9258],[121.15702,-1.92575],[121.15754,-1.92425],[121.15836,-1.92332],[121.15833,-1.92106],[121.15914,-1.91841],[121.16068,-1.91733],[121.1621,-1.91553],[121.16247,-1.91364],[121.16331,-1.91233],[121.16305,-1.9105],[121.16505,-1.90988],[121.16555,-1.90929],[121.16691,-1.90423],[121.16776,-1.90414],[121.17097,-1.90577],[121.17192,-1.90735],[121.17312,-1.9073],[121.1741,-1.90804],[121.17628,-1.90865],[121.17764,-1.90782],[121.17957,-1.90791],[121.18094,-1.90692],[121.18356,-1.90158],[121.18554,-1.90107]]]]}},{"type":"Feature","properties":{"NAMOBJ":"Petasia Barat","KODE_KAB":7212},"geometry":{"type":"MultiPolygon","coordinates":[[[[121.23801,-1.88922],[121.23712,-1.89593],[121.23956,-1.89869],[121.24344,-1.90618],[121.24655,-1.91043],[121.25078,-1.91501],[121.25075,-1.91829],[121.25226,-1.91993],[121.25264,-1.92408],[121.25433,-1.92694],[121.25475,-1.92624],[121.25575,-1.92602],[121.25976,-1.92678],[121.26,-1.92729],[121.25903,-1.92864],[121.25916,-1.92948],[121.25981,-1.93014],[121.26124,-1.93043],[121.26281,-1.93255],[121.26387,-1.93311],[121.26685,-1.93323],[121.26791,-1.93217],[121.27426,-1.93247],[121.27704,-1.93338],[121.28282,-1.9331],[121.28601,-1.93113],[121.28641,-1.93028],[121.28799,-1.93085],[121.28796,-1.93304],[121.287,-1.93785],[121.28776,-1.93951],[121.28831,-1.9446],[121.28906,-1.94648],[121.29102,-1.94791],[121.29199,-1.94932],[121.29393,-1.94998],[121.29509,-1.95169],[121.29742,-1.95264],[121.29948,-1.95295],[121.30101,-1.954],[121.30214,-1.95426],[121.3022,-1.95558],[121.30507,-1.95881],[121.30865,-1.95956],[121.30893,-1.96114],[121.30985,-1.96219],[121.31117,-1.96565],[121.31399,-1.96837],[121.31513,-1.97105],[121.3147,-1.97402],[121.31556,-1.97829],[121.31564,-1.98207],[121.31645,-1.98463],[121.31814,-1.98589],[121.31547,-1.99189],[121.31585,-1.99619],[121.31523,-1.99751],[121.31489,-1.99811],[121.31247,-1.99919],[121.31025,-2.00193],[121.30992,-2.00308],[121.31581,-2.01289],[121.31756,-2.01495],[121.31811,-2.01764],[121.31802,-2.02032],[121.3167,-2.02344],[121.31677,-2.02589],[121.31436,-2.02892],[121.3141,-2.02976],[121.32261,-2.02884],[121.31844,-2.04072],[121.31777,-2.04388],[121.3179,-2.04658],[121.32006,-2.0486],[121.32177,-2.05092],[121.32283,-2.05126],[121.32439,-2.05077],[121.32611,-2.05263],[121.32798,-2.05114],[121.32934,-2.05162],[121.33232,-2.05336],[121.33509,-2.05677],[121.33719,-2.05656],[121.33871,-2.05275],[121.33941,-2.05228],[121.34028,-2.05231],[121.34076,-2.05282],[121.3405,-2.05518],[121.34115,-2.05587],[121.35551,-2.05819],[121.3631,-2.06294],[121.36617,-2.0619],[121.36727,-2.06096],[121.36843,-2.05838],[121.36959,-2.05809],[121.37202,-2.05993],[121.37304,-2.06169],[121.37288,-2.06309],[121.37247,-2.06359],[121.36991,-2.06535],[121.37008,-2.06591],[121.37142,-2.06683],[121.36827,-2.06699],[121.36581,-2.06883],[121.36375,-2.06974],[121.36211,-2.06998],[121.35794,-2.0729],[121.35733,-2.07501],[121.3558,-2.07535],[121.35457,-2.07491],[121.35377,-2.07613],[121.35289,-2.07651],[121.35209,-2.07751],[121.3472,-2.07836],[121.34582,-2.0791],[121.3439,-2.07828],[121.3421,-2.07981],[121.34021,-2.07877],[121.33891,-2.07926],[121.3383,-2.07853],[121.33819,-2.07704],[121.33714,-2.07699],[121.33654,-2.07596],[121.33584,-2.0761],[121.33472,-2.07566],[121.33243,-2.07426],[121.32884,-2.0742],[121.32482,-2.07514],[121.31797,-2.07471],[121.2992,-2.07011],[121.29705,-2.07142],[121.29418,-2.07401],[121.28372,-2.07927],[121.2821,-2.08073],[121.27454,-2.0843],[121.2691,-2.08644],[121.24827,-2.09207],[121.24386,-2.09106],[121.23632,-2.08826],[121.22346,-2.08292],[121.2172,-2.07962],[121.20543,-2.07043],[121.18958,-2.05948],[121.18327,-2.05531],[121.16124,-2.04226],[121.16065,-2.04102],[121.16115,-2.04008],[121.15996,-2.03422],[121.15966,-2.03366],[121.15843,-2.03333],[121.15792,-2.03269],[121.15764,-2.03179],[121.1579,-2.03082],[121.15546,-2.02707],[121.15529,-2.02521],[121.15446,-2.02444],[121.15439,-2.02348],[121.15498,-2.02262],[121.1542,-2.02128],[121.15387,-2.018],[121.155,-2.01662],[121.15693,-2.01264],[121.15875,-2.012],[121.15894,-2.01077],[121.15986,-2.00996],[121.15996,-2.00755],[121.16124,-2.00586],[121.16069,-2.00481],[121.16109,-2.00403],[121.16187,-2.00365],[121.16325,-2.00419],[121.1637,-2.00334],[121.16533,-2.00217],[121.16776,-2.00087],[121.1682,-2.00163],[121.16904,-2.00095],[121.16947,-2.00052],[121.16964,-1.99928],[121.17141,-1.99774],[121.17149,-1.99454],[121.17634,-1.9935],[121.17761,-1.99268],[121.18059,-1.99398],[121.1906,-1.99351],[121.19577,-1.99368],[121.19875,-1.99458],[121.20152,-1.99465],[121.21844,-1.9972],[121.21848,-1.99572],[121.21915,-1.99394],[121.22043,-1.99286],[121.22099,-1.9911],[121.22073,-1.99043],[121.21826,-1.98959],[121.21781,-1.98839],[121.21631,-1.98798],[121.21612,-1.9828],[121.21347,-1.98242],[121.2126,-1.98305],[121.21247,-1.98213],[121.21184,-1.98227],[121.21023,-1.98103],[121.21008,-1.9803],[121.21062,-1.97869],[121.21019,-1.97725],[121.21108,-1.97572],[121.2111,-1.9736],[121.20767,-1.97234],[121.20569,-1.97085],[121.20441,-1.97123],[121.20474,-1.9699],[121.20564,-1.96943],[121.20599,-1.96866],[121.20568,-1.96555],[121.20624,-1.96487],[121.209,-1.96322],[121.21185,-1.96085],[121.21384,-1.96085],[121.21486,-1.96026],[121.2141,-1.95705],[121.21402,-1.95387],[121.21318,-1.95299],[121.21317,-1.95463],[121.21151,-1.95587],[121.20807,-1.95611],[121.20693,-1.95584],[121.20602,-1.95523],[121.20544,-1.95379],[121.20349,-1.9528],[121.20227,-1.95315],[121.20108,-1.95198],[121.20263,-1.95051],[121.20204,-1.94933],[121.20282,-1.94774],[121.2011,-1.94689],[121.20081,-1.94622],[121.19893,-1.94578],[121.19776,-1.94632],[121.19712,-1.94583],[121.19768,-1.94378],[121.1969,-1.94139],[121.19704,-1.93814],[121.19501,-1.93678],[121.19454,-1.93556],[121.19353,-1.93515],[121.19397,-1.93374],[121.1957,-1.93287],[121.19614,-1.93139],[121.19724,-1.92971],[121.19721,-1.92883],[121.19588,-1.92761],[121.19462,-1.92541],[121.19341,-1.92489],[121.19326,-1.92337],[121.19211,-1.9219],[121.19198,-1.91806],[121.18789,-1.9153],[121.18643,-1.91615],[121.18627,-1.9158],[121.18696,-1.91371],[121.18814,-1.91293],[121.18719,-1.91071],[121.18566,-1.90958],[121.18532,-1.90817],[121.18603,-1.90364],[121.18554,-1.90107],[121.18628,-1.90086],[121.1867,-1.90022],[121.18711,-1.89742],[121.18861,-1.89701],[121.191,-1.89791],[121.19212,-1.89665],[121.19393,-1.89552],[121.19599,-1.89639],[121.19717,-1.89479],[121.19703,-1.89349],[121.19617,-1.89208],[121.19688,-1.88977],[121.19812,-1.8904],[121.2,-1.88956],[121.20221,-1.88937],[121.20359,-1.88839],[121.20358,-1.89138],[121.20211,-1.89437],[121.20536,-1.89477],[121.207,-1.89437],[121.20831,-1.89503],[121.20928,-1.89391],[121.21299,-1.89514],[121.2128,-1.89465],[121.21573,-1.89118],[121.21652,-1.88947],[121.21763,-1.88981],[121.21762,-1.89205],[121.21638,-1.89257],[121.21692,-1.89379],[121.21891,-1.89369],[121.21972,-1.89274],[121.22108,-1.89319],[121.22275,-1.89265],[121.22528,-1.89352],[121.22531,-1.89392],[121.226,-1.89339],[121.22706,-1.89017],[121.22864,-1.88992],[121.23241,-1.89056],[121.23489,-1.88931],[121.23801,-1.88922]]]]}},{"type":"Feature","properties":{"NAMOBJ":"Soyo Jaya","KODE_KAB":7212},"geometry":{"type":"MultiPolygon","coordinates":[[[[121.37404,-1.84306],[121.37368,-1.84291],[121.37361,-1.8421],[121.3743,-1.84277],[121.37404,-1.84306]]],[[[121.41171,-1.83526],[121.41165,-1.83539],[121.41156,-1.83539],[121.41148,-1.83539],[121.41129,-1.83535],[121.41122,-1.83536],[121.41119,-1.83537],[121.4112,-1.8353],[121.41124,-1.83523],[121.4113,-1.83518],[121.41137,-1.83513],[121.41142,-1.83511],[121.41151,-1.83511],[121.41163,-1.83517],[121.41168,-1.8352],[121.41171,-1.83526]]],[[[121.40503,-1.83667],[121.40816,-1.83727],[121.40767,-1.83835],[121.40776,-1.84162],[121.40878,-1.84256],[121.40659,-1.84291],[121.40494,-1.84423],[121.40328,-1.84632],[121.40228,-1.84834],[121.40267,-1.84961],[121.40586,-1.85162],[121.40773,-1.8534],[121.40794,-1.85734],[121.40747,-1.85658],[121.40623,-1.85639],[121.40485,-1.8546],[121.40345,-1.85358],[121.40094,-1.85305],[121.39988,-1.85335],[121.39744,-1.85716],[121.39749,-1.85896],[121.39689,-1.86],[121.39421,-1.86181],[121.39292,-1.86222],[121.39231,-1.86329],[121.39069,-1.86246],[121.38733,-1.86326],[121.38536,-1.8655],[121.38143,-1.86486],[121.3809,-1.86355],[121.3789,-1.86142],[121.37764,-1.86113],[121.37721,-1.86036],[121.37627,-1.86046],[121.37543,-1.85949],[121.37282,-1.85955],[121.37216,-1.85893],[121.37157,-1.85751],[121.3722,-1.85638],[121.37216,-1.85396],[121.37079,-1.85087],[121.37092,-1.85012],[121.3749,-1.8468],[121.37598,-1.8451],[121.37674,-1.84494],[121.37821,-1.84368],[121.37893,-1.84378],[121.38028,-1.84292],[121.38123,-1.84007],[121.38308,-1.83881],[121.38346,-1.83664],[121.38497,-1.83628],[121.39038,-1.83738],[121.39166,-1.83625],[121.39262,-1.83741],[121.39409,-1.83822],[121.3968,-1.8378],[121.39745,-1.83632],[121.39817,-1.83607],[121.39935,-1.83682],[121.40123,-1.83667],[121.40206,-1.83611],[121.40265,-1.83505],[121.40503,-1.83667]]],[[[121.40469,-1.8128],[121.4049,-1.81338],[121.40424,-1.81473],[121.40313,-1.81505],[121.40265,-1.81347],[121.40469,-1.8128]]],[[[121.33407,-1.77768],[121.33444,-1.7779],[121.33434,-1.77876],[121.33313,-1.77966],[121.33133,-1.78031],[121.33039,-1.7802],[121.32883,-1.78123],[121.32706,-1.78189],[121.32567,-1.78192],[121.32342,-1.78303],[121.3228,-1.78255],[121.32509,-1.77929],[121.32595,-1.77471],[121.32655,-1.7739],[121.33014,-1.77494],[121.33407,-1.77768]]],[[[121.31534,-1.77484],[121.31505,-1.77401],[121.31546,-1.77327],[121.31534,-1.77484]]],[[[121.31761,-1.77241],[121.31756,-1.77245],[121.31771,-1.77227],[121.31781,-1.77204],[121.31792,-1.77181],[121.31807,-1.77146],[121.31806,-1.77149],[121.31806,-1.77157],[121.31805,-1.77163],[121.31805,-1.77168],[121.31802,-1.77176],[121.318,-1.77183],[121.31797,-1.77189],[121.31794,-1.77194],[121.31791,-1.772],[121.31788,-1.77205],[121.31785,-1.77212],[121.31782,-1.77218],[121.31777,-1.77224],[121.31772,-1.77229],[121.31767,-1.77235],[121.31761,-1.77241]]],[[[121.31781,-1.76998],[121.31783,-1.77004],[121.31777,-1.7699],[121.31772,-1.76966],[121.31772,-1.76946],[121.31772,-1.76924],[121.31773,-1.7691],[121.31782,-1.76905],[121.31799,-1.76905],[121.31805,-1.76908],[121.31805,-1.76909],[121.31803,-1.76913],[121.31799,-1.76919],[121.31796,-1.76925],[121.31793,-1.76931],[121.31791,-1.76935],[121.31789,-1.76942],[121.31787,-1.76947],[121.31785,-1.76952],[121.31783,-1.76958],[121.31782,-1.76961],[121.3178,-1.76967],[121.3178,-1.76968],[121.31779,-1.76973],[121.31779,-1.76979],[121.31779,-1.76984],[121.3178,-1.7699],[121.3178,-1.76994],[121.31781,-1.76998]]],[[[121.31974,-1.76986],[121.31949,-1.76984],[121.32043,-1.76856],[121.31974,-1.76986]]],[[[121.3219,-1.77052],[121.3242,-1.77431],[121.3235,-1.77809],[121.32272,-1.77914],[121.32193,-1.77941],[121.32128,-1.7774],[121.32084,-1.77704],[121.32057,-1.77449],[121.3185,-1.77411],[121.31636,-1.77535],[121.31572,-1.77433],[121.31603,-1.77354],[121.31772,-1.77297],[121.31846,-1.77212],[121.3183,-1.7693],[121.31997,-1.77054],[121.32042,-1.77024],[121.32056,-1.76921],[121.32136,-1.76851],[121.3219,-1.77052]]],[[[121.25841,-1.51788],[121.26008,-1.51774],[121.26195,-1.51663],[121.26432,-1.51491],[121.26529,-1.51365],[121.26523,-1.51576],[121.26652,-1.51878],[121.2654,-1.52114],[121.26531,-1.52348],[121.26607,-1.52776],[121.26525,-1.53118],[121.26436,-1.53211],[121.26391,-1.53329],[121.26428,-1.53582],[121.26482,-1.5371],[121.26671,-1.53905],[121.26798,-1.53891],[121.26936,-1.53947],[121.27047,-1.53921],[121.27114,-1.54067],[121.27186,-1.54122],[121.27227,-1.54262],[121.27424,-1.54339],[121.27537,-1.54322],[121.2775,-1.54638],[121.27973,-1.54758],[121.27966,-1.54917],[121.28082,-1.55025],[121.27991,-1.55148],[121.28014,-1.55445],[121.28176,-1.55605],[121.28148,-1.55821],[121.28227,-1.55956],[121.28117,-1.5599],[121.28105,-1.56054],[121.283,-1.56199],[121.28236,-1.56336],[121.28268,-1.56473],[121.28445,-1.56464],[121.28514,-1.56549],[121.28438,-1.56792],[121.28507,-1.57051],[121.29119,-1.56763],[121.29247,-1.56643],[121.29332,-1.56797],[121.29387,-1.56828],[121.29475,-1.56821],[121.29753,-1.56593],[121.29923,-1.56526],[121.30279,-1.56527],[121.30486,-1.56592],[121.30984,-1.57124],[121.31226,-1.57699],[121.31314,-1.58017],[121.31523,-1.58134],[121.31678,-1.58432],[121.32053,-1.58446],[121.32093,-1.5863],[121.32332,-1.58797],[121.32592,-1.59098],[121.32615,-1.59267],[121.32575,-1.59523],[121.33322,-1.60007],[121.33629,-1.60524],[121.33911,-1.60911],[121.342,-1.6179],[121.34228,-1.6193],[121.34171,-1.62222],[121.33955,-1.62221],[121.33705,-1.62104],[121.33498,-1.62151],[121.33015,-1.62501],[121.32837,-1.62688],[121.32739,-1.62875],[121.32642,-1.62906],[121.3262,-1.63007],[121.32992,-1.63184],[121.33367,-1.63207],[121.33462,-1.63255],[121.33646,-1.63863],[121.33805,-1.64133],[121.33796,-1.64505],[121.3388,-1.64824],[121.33996,-1.64944],[121.3404,-1.64959],[121.34209,-1.64872],[121.34767,-1.64944],[121.34868,-1.64858],[121.35017,-1.64832],[121.35127,-1.64736],[121.35309,-1.64711],[121.35336,-1.6485],[121.35407,-1.64837],[121.35329,-1.65003],[121.35482,-1.6508],[121.35691,-1.64884],[121.35672,-1.64999],[121.35753,-1.65099],[121.35821,-1.65289],[121.35812,-1.65642],[121.35566,-1.65934],[121.35401,-1.66205],[121.35318,-1.66242],[121.35606,-1.66347],[121.35741,-1.66349],[121.3601,-1.66431],[121.36274,-1.66546],[121.36351,-1.66848],[121.36477,-1.67007],[121.36502,-1.6717],[121.36553,-1.67195],[121.36251,-1.67575],[121.36326,-1.6758],[121.36419,-1.67701],[121.36566,-1.67795],[121.36637,-1.67755],[121.3677,-1.67831],[121.36826,-1.67809],[121.3701,-1.68242],[121.37004,-1.68402],[121.36854,-1.68521],[121.36767,-1.68512],[121.36839,-1.68672],[121.36813,-1.68722],[121.36899,-1.68834],[121.3687,-1.68978],[121.36957,-1.68909],[121.37051,-1.68731],[121.37149,-1.69048],[121.3723,-1.69144],[121.37333,-1.69189],[121.37196,-1.69352],[121.37025,-1.6939],[121.36856,-1.69529],[121.3671,-1.69562],[121.36617,-1.69506],[121.36294,-1.69571],[121.36169,-1.69442],[121.36092,-1.69428],[121.36054,-1.69336],[121.35903,-1.69312],[121.35869,-1.69264],[121.35699,-1.69374],[121.3558,-1.69323],[121.35439,-1.69433],[121.35128,-1.69464],[121.35045,-1.69378],[121.34766,-1.69288],[121.34658,-1.69193],[121.34626,-1.69085],[121.34522,-1.69041],[121.34515,-1.68966],[121.34405,-1.68887],[121.34422,-1.68756],[121.34296,-1.68805],[121.33987,-1.68665],[121.33865,-1.687],[121.33749,-1.6878],[121.33745,-1.68922],[121.3362,-1.68982],[121.33839,-1.69044],[121.33966,-1.69136],[121.33991,-1.69202],[121.34139,-1.69275],[121.34193,-1.69955],[121.34504,-1.7046],[121.34548,-1.70676],[121.34525,-1.70843],[121.34806,-1.71012],[121.34951,-1.7141],[121.35127,-1.71398],[121.35431,-1.71465],[121.35634,-1.71597],[121.35648,-1.71719],[121.35607,-1.71842],[121.35644,-1.71984],[121.35727,-1.72078],[121.35918,-1.72179],[121.36132,-1.72198],[121.36347,-1.72351],[121.36327,-1.7251],[121.36239,-1.72605],[121.36239,-1.72666],[121.36326,-1.72963],[121.36434,-1.73151],[121.3664,-1.73286],[121.36806,-1.73191],[121.3699,-1.7318],[121.37109,-1.73453],[121.3724,-1.73538],[121.375,-1.73563],[121.37586,-1.73613],[121.37636,-1.73689],[121.37657,-1.73862],[121.37624,-1.74073],[121.37669,-1.74174],[121.37626,-1.74271],[121.37754,-1.74305],[121.37931,-1.74253],[121.38237,-1.74469],[121.38345,-1.7463],[121.3838,-1.74876],[121.3852,-1.74848],[121.38847,-1.74634],[121.39249,-1.74656],[121.39401,-1.7451],[121.39577,-1.74427],[121.39771,-1.74582],[121.4008,-1.74493],[121.40351,-1.74555],[121.40444,-1.74536],[121.40852,-1.74873],[121.41388,-1.75079],[121.41535,-1.75219],[121.41639,-1.75181],[121.41888,-1.75381],[121.42141,-1.75707],[121.42514,-1.75825],[121.42859,-1.75989],[121.43003,-1.75976],[121.43105,-1.76054],[121.43359,-1.76046],[121.43524,-1.76254],[121.43547,-1.76338],[121.43507,-1.76522],[121.43564,-1.76835],[121.4345,-1.77084],[121.43403,-1.77302],[121.43139,-1.77411],[121.43041,-1.77743],[121.4338,-1.78111],[121.43433,-1.78279],[121.43434,-1.78449],[121.43498,-1.78565],[121.43829,-1.78756],[121.43995,-1.78892],[121.44081,-1.79028],[121.44386,-1.79047],[121.4451,-1.79132],[121.44541,-1.7927],[121.44508,-1.79411],[121.44633,-1.79957],[121.44539,-1.80288],[121.44621,-1.80429],[121.44574,-1.80511],[121.44471,-1.80418],[121.44344,-1.80494],[121.44232,-1.8048],[121.44151,-1.80628],[121.4404,-1.80633],[121.44075,-1.80704],[121.43992,-1.80693],[121.4392,-1.80735],[121.43895,-1.80815],[121.43729,-1.80946],[121.43571,-1.80927],[121.4346,-1.80958],[121.43404,-1.80905],[121.43348,-1.80921],[121.43052,-1.81162],[121.43075,-1.81288],[121.43025,-1.81275],[121.43008,-1.81191],[121.42801,-1.81062],[121.42639,-1.8115],[121.42467,-1.81141],[121.42216,-1.81225],[121.42133,-1.81293],[121.42107,-1.81374],[121.4221,-1.81455],[121.42177,-1.81535],[121.42279,-1.8168],[121.42183,-1.8175],[121.42075,-1.82056],[121.42024,-1.82077],[121.4205,-1.82167],[121.41873,-1.82204],[121.4172,-1.82019],[121.41587,-1.81965],[121.41466,-1.81797],[121.41466,-1.81672],[121.41654,-1.81481],[121.41614,-1.81395],[121.41493,-1.81336],[121.41233,-1.81348],[121.41419,-1.81333],[121.41462,-1.81265],[121.4139,-1.8114],[121.41286,-1.81062],[121.4128,-1.80982],[121.41222,-1.80986],[121.41149,-1.80917],[121.40981,-1.80941],[121.40915,-1.80865],[121.40843,-1.80916],[121.40801,-1.80814],[121.40685,-1.80843],[121.40553,-1.8075],[121.4048,-1.80779],[121.4036,-1.80626],[121.40154,-1.80576],[121.40067,-1.80597],[121.40006,-1.80498],[121.3981,-1.80573],[121.39582,-1.80574],[121.39437,-1.80525],[121.39284,-1.80549],[121.39261,-1.80642],[121.3899,-1.80808],[121.38818,-1.81065],[121.38696,-1.81146],[121.38628,-1.81144],[121.38587,-1.81031],[121.38475,-1.80954],[121.38138,-1.80901],[121.38054,-1.80981],[121.37899,-1.8104],[121.37872,-1.80848],[121.37781,-1.80853],[121.3766,-1.8075],[121.37408,-1.80821],[121.37201,-1.80806],[121.37342,-1.80471],[121.37239,-1.80268],[121.37223,-1.80097],[121.371,-1.79914],[121.37114,-1.79842],[121.37071,-1.7974],[121.36805,-1.79616],[121.36788,-1.79334],[121.36698,-1.79171],[121.36417,-1.79061],[121.3624,-1.78917],[121.36107,-1.78862],[121.36099,-1.78897],[121.35951,-1.78937],[121.35805,-1.79088],[121.35359,-1.78709],[121.35233,-1.78648],[121.35163,-1.78687],[121.34992,-1.78655],[121.35059,-1.78443],[121.34978,-1.78422],[121.34912,-1.78341],[121.34805,-1.78099],[121.34806,-1.77976],[121.34741,-1.77921],[121.34771,-1.77871],[121.34749,-1.77822],[121.34275,-1.77488],[121.34104,-1.77239],[121.33885,-1.77237],[121.33835,-1.77203],[121.33625,-1.77262],[121.33572,-1.77415],[121.33672,-1.77507],[121.33672,-1.77664],[121.33541,-1.7775],[121.33322,-1.77642],[121.32946,-1.77342],[121.32728,-1.77287],[121.32498,-1.77284],[121.3239,-1.77093],[121.32324,-1.76466],[121.32267,-1.76391],[121.32144,-1.76449],[121.32229,-1.76636],[121.32196,-1.767],[121.31977,-1.76843],[121.31941,-1.76941],[121.31822,-1.76857],[121.31757,-1.76882],[121.31746,-1.77173],[121.3152,-1.77273],[121.31473,-1.77337],[121.3149,-1.775],[121.31558,-1.77564],[121.31759,-1.776],[121.31962,-1.77534],[121.31946,-1.77578],[121.31748,-1.77627],[121.31784,-1.77705],[121.31885,-1.77655],[121.31948,-1.77672],[121.32064,-1.78355],[121.31824,-1.78454],[121.31618,-1.78622],[121.31546,-1.78573],[121.31525,-1.79205],[121.31391,-1.79227],[121.31354,-1.79438],[121.31238,-1.79413],[121.31244,-1.79484],[121.31123,-1.79428],[121.31054,-1.79448],[121.30878,-1.79692],[121.30824,-1.7965],[121.30793,-1.79506],[121.3073,-1.79497],[121.30783,-1.79652],[121.3074,-1.79658],[121.30342,-1.79311],[121.30216,-1.79297],[121.302,-1.79398],[121.3025,-1.79508],[121.30216,-1.79629],[121.29998,-1.79648],[121.29922,-1.79701],[121.29904,-1.79753],[121.30075,-1.79972],[121.3006,-1.80161],[121.30015,-1.80234],[121.30018,-1.80302],[121.30079,-1.80366],[121.30055,-1.8043],[121.29963,-1.80461],[121.30008,-1.80634],[121.2988,-1.80854],[121.29608,-1.8063],[121.29487,-1.80944],[121.29501,-1.81017],[121.2954,-1.81034],[121.29438,-1.8113],[121.29483,-1.81182],[121.29592,-1.81204],[121.29606,-1.81282],[121.29661,-1.81307],[121.29587,-1.81434],[121.29594,-1.81506],[121.29781,-1.81518],[121.29776,-1.8162],[121.29679,-1.81738],[121.29673,-1.81839],[121.29709,-1.82025],[121.29772,-1.82051],[121.29746,-1.82099],[121.29634,-1.82088],[121.29558,-1.82254],[121.29619,-1.82345],[121.2949,-1.82659],[121.29545,-1.82707],[121.29523,-1.82887],[121.29323,-1.82961],[121.29249,-1.83201],[121.2902,-1.83347],[121.28984,-1.83501],[121.29057,-1.83717],[121.29031,-1.83765],[121.28881,-1.83752],[121.28861,-1.83834],[121.28899,-1.83922],[121.29004,-1.84011],[121.2892,-1.84012],[121.28952,-1.84076],[121.28887,-1.84142],[121.28892,-1.84251],[121.29251,-1.84504],[121.2926,-1.84557],[121.29196,-1.84624],[121.29225,-1.84676],[121.29295,-1.84643],[121.29325,-1.8472],[121.29274,-1.85003],[121.29324,-1.8522],[121.29485,-1.85597],[121.29427,-1.85639],[121.29423,-1.85703],[121.29714,-1.85631],[121.29743,-1.85714],[121.29915,-1.85726],[121.30034,-1.8562],[121.30124,-1.8546],[121.30192,-1.85424],[121.30199,-1.85329],[121.30259,-1.85264],[121.30345,-1.85365],[121.30289,-1.85466],[121.30343,-1.85561],[121.30468,-1.85636],[121.30912,-1.85525],[121.3108,-1.85583],[121.31108,-1.85519],[121.31078,-1.85464],[121.31113,-1.85427],[121.31501,-1.85466],[121.31687,-1.85358],[121.3169,-1.85468],[121.31783,-1.85608],[121.32022,-1.85494],[121.32126,-1.85563],[121.3253,-1.85499],[121.32491,-1.85609],[121.32363,-1.85733],[121.32365,-1.85848],[121.3252,-1.85903],[121.32559,-1.85959],[121.32415,-1.86099],[121.32445,-1.86228],[121.32148,-1.86319],[121.31696,-1.86548],[121.31598,-1.86668],[121.31228,-1.8683],[121.30839,-1.87068],[121.30582,-1.87148],[121.30499,-1.87264],[121.30325,-1.8734],[121.29833,-1.86972],[121.29011,-1.86643],[121.28723,-1.86642],[121.28225,-1.8671],[121.27759,-1.86841],[121.27364,-1.87004],[121.26981,-1.8705],[121.26754,-1.87033],[121.26408,-1.8691],[121.25764,-1.86837],[121.25157,-1.87125],[121.25061,-1.87108],[121.24672,-1.86743],[121.24537,-1.86685],[121.24286,-1.86721],[121.24221,-1.86798],[121.24246,-1.86949],[121.24205,-1.87096],[121.23851,-1.87342],[121.23723,-1.875],[121.23651,-1.87719],[121.23771,-1.88221],[121.23801,-1.88922],[121.23489,-1.88931],[121.23241,-1.89056],[121.22864,-1.88992],[121.22706,-1.89017],[121.226,-1.89339],[121.22531,-1.89392],[121.22528,-1.89352],[121.22275,-1.89265],[121.22108,-1.89319],[121.21972,-1.89274],[121.21891,-1.89369],[121.21692,-1.89379],[121.21638,-1.89257],[121.21762,-1.89205],[121.21763,-1.88981],[121.21652,-1.88947],[121.21573,-1.89118],[121.2128,-1.89465],[121.21299,-1.89514],[121.20928,-1.89391],[121.20831,-1.89503],[121.207,-1.89437],[121.20536,-1.89477],[121.20211,-1.89437],[121.20358,-1.89138],[121.20359,-1.88839],[121.20221,-1.88937],[121.2,-1.88956],[121.19812,-1.8904],[121.19688,-1.88977],[121.19617,-1.89208],[121.19703,-1.89349],[121.19717,-1.89479],[121.19599,-1.89639],[121.19371,-1.89556],[121.191,-1.89791],[121.18895,-1.89707],[121.18741,-1.89713],[121.18645,-1.90069],[121.18356,-1.90158],[121.1827,-1.90374],[121.18166,-1.9049],[121.1812,-1.90666],[121.17939,-1.90795],[121.17912,-1.90708],[121.17771,-1.90632],[121.17654,-1.90422],[121.17528,-1.90357],[121.17502,-1.90251],[121.17511,-1.90143],[121.17649,-1.89999],[121.17749,-1.8953],[121.17598,-1.89338],[121.17485,-1.89352],[121.17282,-1.8947],[121.17101,-1.89473],[121.17099,-1.89574],[121.17034,-1.89553],[121.16994,-1.89414],[121.16855,-1.89388],[121.16829,-1.89221],[121.16973,-1.88941],[121.16975,-1.88826],[121.17046,-1.8874],[121.17108,-1.88457],[121.17007,-1.88361],[121.16746,-1.884],[121.16506,-1.88486],[121.16607,-1.88311],[121.16581,-1.87995],[121.16492,-1.87872],[121.16392,-1.87972],[121.16431,-1.87019],[121.16369,-1.8662],[121.16477,-1.86428],[121.16646,-1.8643],[121.16962,-1.86313],[121.16942,-1.86235],[121.17181,-1.86093],[121.17185,-1.8582],[121.17286,-1.85622],[121.17156,-1.84907],[121.17024,-1.84862],[121.16984,-1.84755],[121.17114,-1.84546],[121.17088,-1.84352],[121.16706,-1.83815],[121.16493,-1.83367],[121.1641,-1.8327],[121.16233,-1.8313],[121.16066,-1.83057],[121.15662,-1.82985],[121.15569,-1.82934],[121.15328,-1.82496],[121.15217,-1.8241],[121.14994,-1.81917],[121.14952,-1.81639],[121.14828,-1.81514],[121.14561,-1.81055],[121.14328,-1.80374],[121.14097,-1.79925],[121.13623,-1.79596],[121.13311,-1.79598],[121.13094,-1.79551],[121.12965,-1.79424],[121.12885,-1.79186],[121.12763,-1.79041],[121.12482,-1.78891],[121.12431,-1.78718],[121.12312,-1.7861],[121.12109,-1.78666],[121.12081,-1.78507],[121.11795,-1.78217],[121.11556,-1.77499],[121.11728,-1.77553],[121.11769,-1.7737],[121.12006,-1.7742],[121.12068,-1.77335],[121.11927,-1.76931],[121.11952,-1.76666],[121.11809,-1.76447],[121.11675,-1.76101],[121.11534,-1.75975],[121.11392,-1.75909],[121.10993,-1.75904],[121.10895,-1.75781],[121.10637,-1.75852],[121.10431,-1.75645],[121.10275,-1.75685],[121.10023,-1.75996],[121.0983,-1.76035],[121.09689,-1.76022],[121.09439,-1.75891],[121.09103,-1.7594],[121.08855,-1.76067],[121.08635,-1.7609],[121.08432,-1.75881],[121.08244,-1.75779],[121.07884,-1.75837],[121.07658,-1.75991],[121.07592,-1.75322],[121.0746,-1.75133],[121.07343,-1.7507],[121.07329,-1.75006],[121.07262,-1.74954],[121.07319,-1.74736],[121.07407,-1.74754],[121.07439,-1.74638],[121.07331,-1.74485],[121.07104,-1.74357],[121.06964,-1.74111],[121.06925,-1.739],[121.06866,-1.73581],[121.07159,-1.73782],[121.07363,-1.7373],[121.06994,-1.72431],[121.06876,-1.71434],[121.06536,-1.70845],[121.06473,-1.70621],[121.06424,-1.70163],[121.06501,-1.6982],[121.06098,-1.6956],[121.06014,-1.6935],[121.05945,-1.69294],[121.05924,-1.69063],[121.05792,-1.68881],[121.05869,-1.68129],[121.05674,-1.67834],[121.05548,-1.67404],[121.05493,-1.67026],[121.05291,-1.66668],[121.0525,-1.66465],[121.05299,-1.66029],[121.05105,-1.64695],[121.05147,-1.6459],[121.05112,-1.64394],[121.05015,-1.64247],[121.04946,-1.63637],[121.04379,-1.62581],[121.08979,-1.59674],[121.09479,-1.59516],[121.10275,-1.59444],[121.10635,-1.59472],[121.12551,-1.5984],[121.13245,-1.59855],[121.1354,-1.59748],[121.13678,-1.59558],[121.13856,-1.58936],[121.14002,-1.57975],[121.14023,-1.57321],[121.14062,-1.57171],[121.14567,-1.57199],[121.15725,-1.57433],[121.16392,-1.57648],[121.16921,-1.57898],[121.17059,-1.58008],[121.1729,-1.57847],[121.17811,-1.57615],[121.18491,-1.57639],[121.19322,-1.57519],[121.1969,-1.57329],[121.20044,-1.56953],[121.20709,-1.56053],[121.21395,-1.5494],[121.22032,-1.53613],[121.22434,-1.53032],[121.23071,-1.52321],[121.23685,-1.51808],[121.24583,-1.51395],[121.25031,-1.51324],[121.25365,-1.51472],[121.25633,-1.51732],[121.25841,-1.51788]]]]}},{"type":"Feature","properties":{"NAMOBJ":"Mamosalato","KODE_KAB":7212},"geometry":{"type":"MultiPolygon","coordinates":[[[[121.92886,-1.68969],[121.92879,-1.6897],[121.92866,-1.6897],[121.92865,-1.6897],[121.92865,-1.6896],[121.92868,-1.68934],[121.92874,-1.68916],[121.92877,-1.68911],[121.92876,-1.68922],[121.92877,-1.68936],[121.92885,-1.68945],[121.92893,-1.68953],[121.92893,-1.68961],[121.92886,-1.68969]]],[[[122.05686,-1.62655],[122.05683,-1.62657],[122.05682,-1.62657],[122.05682,-1.62643],[122.05685,-1.62626],[122.05687,-1.62639],[122.05687,-1.62642],[122.05687,-1.62647],[122.05687,-1.62651],[122.05686,-1.62655]]],[[[121.9185,-1.30262],[121.92048,-1.30259],[121.92282,-1.3015],[121.92795,-1.30341],[121.93213,-1.30588],[121.93467,-1.30911],[121.93806,-1.31422],[121.95213,-1.34096],[121.95599,-1.35248],[121.95859,-1.35681],[121.97043,-1.3682],[121.97419,-1.37284],[121.97874,-1.37994],[121.98318,-1.39029],[121.98482,-1.39189],[121.98752,-1.3932],[121.9967,-1.39594],[122.02382,-1.40173],[122.02951,-1.4046],[122.03346,-1.40951],[122.03738,-1.41561],[122.04126,-1.42342],[122.04742,-1.44075],[122.04578,-1.44111],[122.04452,-1.44036],[122.04251,-1.44091],[122.0419,-1.44119],[122.04124,-1.44314],[122.03872,-1.4436],[122.02643,-1.44376],[122.02141,-1.44464],[122.02022,-1.44425],[122.01861,-1.44471],[122.0165,-1.44388],[122.0154,-1.44518],[122.01607,-1.44692],[122.01435,-1.44898],[122.01305,-1.45222],[122.01223,-1.45292],[122.01277,-1.45334],[122.01249,-1.45708],[122.013,-1.46045],[122.01413,-1.46533],[122.01566,-1.46848],[122.01543,-1.46863],[122.01616,-1.46995],[122.01635,-1.4713],[122.01722,-1.47205],[122.01891,-1.47197],[122.02132,-1.47276],[122.02227,-1.4747],[122.02448,-1.47528],[122.02643,-1.47442],[122.0271,-1.47481],[122.0274,-1.47539],[122.02713,-1.47969],[122.0293,-1.47989],[122.0348,-1.48276],[122.0353,-1.48533],[122.03742,-1.48652],[122.03724,-1.48787],[122.03808,-1.49],[122.03727,-1.4913],[122.03667,-1.49348],[122.03476,-1.49446],[122.03295,-1.49652],[122.03554,-1.5],[122.03574,-1.50624],[122.03428,-1.50739],[122.0312,-1.50856],[122.02924,-1.51082],[122.0302,-1.51185],[122.03016,-1.51383],[122.03082,-1.5139],[122.03118,-1.51465],[122.03081,-1.51681],[122.02953,-1.5176],[122.02738,-1.51782],[122.02443,-1.51951],[122.02137,-1.51948],[122.02106,-1.52051],[122.01824,-1.52011],[122.01657,-1.52047],[122.01553,-1.52267],[122.01692,-1.52431],[122.02062,-1.52573],[122.02552,-1.52949],[122.02557,-1.53127],[122.02786,-1.53343],[122.02783,-1.53491],[122.03005,-1.53657],[122.03,-1.54061],[122.0286,-1.54147],[122.02816,-1.54625],[122.02686,-1.54956],[122.02986,-1.55105],[122.03003,-1.56285],[122.02958,-1.56603],[122.02868,-1.56667],[122.02751,-1.56877],[122.02877,-1.57075],[122.02974,-1.57127],[122.03006,-1.57383],[122.03636,-1.58482],[122.04062,-1.59037],[122.04298,-1.59563],[122.04397,-1.59638],[122.04595,-1.59675],[122.04776,-1.59921],[122.04938,-1.59993],[122.05835,-1.61029],[122.05753,-1.61194],[122.05827,-1.61663],[122.05815,-1.61729],[122.05754,-1.61736],[122.0561,-1.61656],[122.05373,-1.61677],[122.05197,-1.61593],[122.05103,-1.61612],[122.04983,-1.61532],[122.04864,-1.61534],[122.04708,-1.6134],[122.04531,-1.61333],[122.04405,-1.61386],[122.04292,-1.61303],[122.04123,-1.61304],[122.03987,-1.61187],[122.03858,-1.61141],[122.03841,-1.61078],[122.03743,-1.61116],[122.03683,-1.61042],[122.03604,-1.61019],[122.03557,-1.61027],[122.03529,-1.61106],[122.03005,-1.61156],[122.02607,-1.61395],[122.02613,-1.61479],[122.02536,-1.6153],[122.0217,-1.61649],[122.02169,-1.61843],[122.02049,-1.61905],[122.02034,-1.61979],[122.02098,-1.61986],[122.01998,-1.62077],[122.01936,-1.62234],[122.01972,-1.62361],[122.01812,-1.62717],[122.01838,-1.62826],[122.01301,-1.62957],[122.00588,-1.63417],[122.00271,-1.641],[122.00196,-1.64186],[122.00078,-1.64223],[121.99713,-1.64586],[121.99496,-1.65013],[121.99419,-1.65108],[121.99374,-1.65109],[121.99272,-1.65257],[121.98864,-1.65345],[121.98462,-1.65537],[121.98168,-1.65604],[121.97949,-1.65806],[121.97472,-1.66397],[121.96916,-1.66689],[121.96409,-1.67035],[121.96422,-1.6691],[121.96327,-1.66885],[121.96322,-1.66751],[121.96383,-1.66709],[121.96543,-1.66727],[121.96702,-1.66632],[121.96627,-1.66602],[121.96549,-1.66437],[121.96475,-1.66407],[121.96581,-1.66549],[121.96588,-1.66625],[121.96545,-1.66692],[121.96385,-1.66672],[121.96304,-1.6671],[121.96287,-1.66872],[121.96358,-1.67083],[121.96128,-1.67378],[121.96042,-1.67629],[121.95732,-1.6796],[121.955,-1.67874],[121.95454,-1.67815],[121.95287,-1.67823],[121.95123,-1.67718],[121.95074,-1.67634],[121.94914,-1.67651],[121.94687,-1.67487],[121.94457,-1.67444],[121.94484,-1.67376],[121.94547,-1.67351],[121.94534,-1.67312],[121.94338,-1.67416],[121.9426,-1.67635],[121.94235,-1.6759],[121.93984,-1.67603],[121.93834,-1.67642],[121.93726,-1.67719],[121.93334,-1.68162],[121.93238,-1.68371],[121.93226,-1.6846],[121.93282,-1.68504],[121.93378,-1.68781],[121.92943,-1.68911],[121.9289,-1.68888],[121.93008,-1.6877],[121.93023,-1.6866],[121.92922,-1.68581],[121.92792,-1.68561],[121.9268,-1.68641],[121.92624,-1.68635],[121.92679,-1.68155],[121.92519,-1.68105],[121.92443,-1.68013],[121.92342,-1.68011],[121.92314,-1.68047],[121.92331,-1.6818],[121.9229,-1.68247],[121.92216,-1.68269],[121.92168,-1.68149],[121.92118,-1.68154],[121.92081,-1.6826],[121.91826,-1.68407],[121.91545,-1.68708],[121.91511,-1.6881],[121.91105,-1.68735],[121.90821,-1.68928],[121.90634,-1.68912],[121.90537,-1.68987],[121.90431,-1.69204],[121.90635,-1.6929],[121.90438,-1.69681],[121.90465,-1.70017],[121.90432,-1.70111],[121.90205,-1.70041],[121.89974,-1.70056],[121.89905,-1.69906],[121.89592,-1.69869],[121.89255,-1.69423],[121.8924,-1.69287],[121.89362,-1.69003],[121.89462,-1.68889],[121.8955,-1.68892],[121.89578,-1.68798],[121.89546,-1.68869],[121.89464,-1.68856],[121.89341,-1.68926],[121.89144,-1.68902],[121.89073,-1.68812],[121.88981,-1.68466],[121.89045,-1.68287],[121.88969,-1.68153],[121.89024,-1.68092],[121.89004,-1.68035],[121.89121,-1.67957],[121.88963,-1.6794],[121.88942,-1.67586],[121.88871,-1.67495],[121.88828,-1.67311],[121.88781,-1.67327],[121.88802,-1.67494],[121.88637,-1.67596],[121.88459,-1.67848],[121.88373,-1.6805],[121.88393,-1.68087],[121.88473,-1.68026],[121.88497,-1.68056],[121.88505,-1.68395],[121.88542,-1.685],[121.88492,-1.68553],[121.88552,-1.68663],[121.8821,-1.68823],[121.88122,-1.68756],[121.88105,-1.6864],[121.87922,-1.68402],[121.87809,-1.68455],[121.87693,-1.68736],[121.87689,-1.68208],[121.87606,-1.68108],[121.87328,-1.68217],[121.87399,-1.6811],[121.87482,-1.68065],[121.87397,-1.67911],[121.87431,-1.67873],[121.8741,-1.67842],[121.87115,-1.67788],[121.87065,-1.67933],[121.86788,-1.67793],[121.86763,-1.67736],[121.86788,-1.67693],[121.86639,-1.67552],[121.86578,-1.67316],[121.86558,-1.67353],[121.86496,-1.67333],[121.86507,-1.67279],[121.86578,-1.67253],[121.86535,-1.67026],[121.86552,-1.66877],[121.86515,-1.66894],[121.86505,-1.67018],[121.86452,-1.67066],[121.86446,-1.67173],[121.86322,-1.67068],[121.86158,-1.67036],[121.86204,-1.67117],[121.86116,-1.67387],[121.86053,-1.67409],[121.85923,-1.67331],[121.85852,-1.67377],[121.8592,-1.67365],[121.86076,-1.67469],[121.86105,-1.67527],[121.86071,-1.67669],[121.86196,-1.6768],[121.86156,-1.67792],[121.86015,-1.67931],[121.8609,-1.6808],[121.86154,-1.681],[121.86114,-1.68184],[121.86227,-1.68406],[121.86486,-1.68364],[121.86487,-1.68215],[121.86576,-1.68073],[121.86644,-1.68069],[121.86743,-1.68139],[121.8669,-1.68362],[121.86734,-1.68588],[121.86671,-1.68788],[121.86697,-1.68904],[121.86883,-1.6906],[121.86977,-1.6909],[121.8691,-1.69143],[121.86618,-1.69129],[121.86407,-1.68915],[121.86351,-1.68695],[121.85823,-1.68659],[121.85709,-1.68702],[121.85576,-1.68445],[121.85179,-1.68398],[121.8517,-1.68304],[121.84781,-1.68207],[121.84732,-1.68062],[121.84564,-1.68039],[121.84562,-1.67995],[121.84473,-1.67942],[121.84474,-1.67857],[121.84314,-1.67762],[121.84222,-1.67637],[121.84051,-1.67573],[121.83838,-1.67361],[121.83714,-1.67135],[121.83715,-1.66921],[121.83896,-1.66713],[121.84011,-1.66541],[121.84022,-1.66432],[121.84151,-1.66296],[121.84068,-1.66162],[121.83788,-1.66194],[121.8351,-1.66147],[121.82955,-1.6615],[121.8281,-1.66074],[121.82881,-1.65888],[121.8289,-1.6538],[121.82977,-1.65247],[121.82915,-1.65149],[121.82793,-1.65097],[121.8288,-1.65011],[121.82843,-1.64664],[121.82634,-1.64388],[121.82187,-1.63937],[121.8208,-1.63845],[121.81962,-1.63846],[121.81628,-1.63955],[121.81139,-1.63962],[121.80986,-1.63886],[121.80905,-1.63767],[121.8062,-1.63757],[121.80097,-1.63225],[121.79556,-1.63061],[121.79494,-1.62996],[121.79434,-1.62779],[121.79435,-1.62467],[121.79507,-1.62225],[121.79518,-1.61885],[121.79617,-1.61761],[121.79796,-1.61661],[121.79878,-1.6151],[121.79842,-1.61065],[121.7973,-1.60643],[121.7973,-1.60307],[121.7967,-1.59967],[121.79729,-1.5933],[121.79807,-1.59156],[121.79769,-1.58832],[121.7982,-1.58616],[121.79765,-1.58443],[121.79746,-1.58158],[121.79574,-1.57908],[121.79685,-1.57628],[121.79604,-1.57263],[121.79796,-1.57289],[121.7981,-1.57135],[121.79686,-1.56975],[121.79629,-1.56692],[121.79814,-1.56326],[121.79944,-1.56257],[121.80016,-1.55953],[121.80296,-1.55874],[121.80284,-1.55806],[121.80193,-1.55709],[121.80148,-1.55272],[121.80277,-1.5512],[121.80343,-1.54289],[121.80469,-1.54102],[121.80149,-1.53952],[121.80249,-1.53348],[121.8044,-1.53436],[121.80484,-1.53347],[121.80391,-1.52931],[121.80412,-1.5285],[121.80154,-1.52536],[121.80133,-1.52329],[121.79781,-1.52296],[121.79694,-1.52224],[121.79636,-1.5209],[121.796,-1.5184],[121.79732,-1.51741],[121.798,-1.51478],[121.79685,-1.51335],[121.79704,-1.51121],[121.79627,-1.50917],[121.79554,-1.50303],[121.7943,-1.50127],[121.79371,-1.50144],[121.79333,-1.50109],[121.79126,-1.49842],[121.79102,-1.4966],[121.79196,-1.49534],[121.79191,-1.49396],[121.79064,-1.49289],[121.79008,-1.49185],[121.7888,-1.49101],[121.78867,-1.49039],[121.78914,-1.4893],[121.79192,-1.48721],[121.79391,-1.48714],[121.79816,-1.48809],[121.79993,-1.48807],[121.80051,-1.48753],[121.80059,-1.48209],[121.79927,-1.47679],[121.79647,-1.47458],[121.79714,-1.47263],[121.7992,-1.47155],[121.8001,-1.47058],[121.8004,-1.46788],[121.80007,-1.46614],[121.79922,-1.46675],[121.79848,-1.46658],[121.79901,-1.46486],[121.7973,-1.46444],[121.79721,-1.46304],[121.798,-1.46032],[121.79651,-1.46006],[121.79579,-1.45859],[121.79402,-1.45843],[121.79444,-1.45709],[121.79298,-1.45608],[121.79298,-1.45547],[121.79365,-1.4547],[121.79284,-1.45351],[121.79293,-1.4524],[121.79217,-1.45209],[121.79266,-1.45149],[121.79342,-1.45153],[121.79342,-1.45107],[121.79255,-1.45076],[121.79156,-1.45145],[121.79109,-1.45134],[121.79085,-1.44919],[121.79025,-1.4488],[121.78947,-1.44888],[121.78813,-1.45013],[121.78603,-1.44921],[121.78495,-1.44974],[121.78451,-1.44952],[121.78672,-1.44654],[121.78623,-1.44547],[121.78474,-1.44397],[121.78554,-1.44265],[121.78552,-1.44158],[121.78402,-1.44118],[121.78493,-1.43898],[121.78314,-1.43865],[121.78205,-1.43766],[121.78319,-1.43581],[121.7827,-1.43404],[121.78199,-1.43338],[121.78258,-1.43201],[121.78011,-1.43151],[121.77895,-1.42921],[121.77761,-1.42863],[121.775,-1.42568],[121.77415,-1.42408],[121.77247,-1.42291],[121.77184,-1.4233],[121.76998,-1.42235],[121.76905,-1.42448],[121.76852,-1.42723],[121.76729,-1.42774],[121.76391,-1.43139],[121.76374,-1.43314],[121.76275,-1.43491],[121.76035,-1.43615],[121.75893,-1.43557],[121.75777,-1.43608],[121.75668,-1.43582],[121.75386,-1.43857],[121.75137,-1.43962],[121.74918,-1.44],[121.74629,-1.44305],[121.74358,-1.44396],[121.74247,-1.44506],[121.74089,-1.44546],[121.73997,-1.4491],[121.73843,-1.4505],[121.737,-1.45101],[121.73576,-1.45325],[121.73489,-1.45361],[121.73275,-1.45248],[121.73233,-1.4537],[121.7276,-1.4593],[121.72706,-1.45957],[121.72478,-1.45859],[121.72317,-1.46115],[121.72307,-1.46347],[121.72265,-1.46447],[121.71813,-1.46633],[121.71448,-1.46967],[121.71231,-1.46718],[121.71219,-1.46982],[121.71172,-1.47062],[121.70799,-1.47067],[121.70401,-1.47292],[121.70275,-1.47457],[121.70011,-1.475],[121.69884,-1.47375],[121.69739,-1.47373],[121.69646,-1.47477],[121.69511,-1.47508],[121.69283,-1.47797],[121.69097,-1.47929],[121.68965,-1.47949],[121.68864,-1.47853],[121.68667,-1.47927],[121.68589,-1.48046],[121.68446,-1.48152],[121.68349,-1.48345],[121.68011,-1.48632],[121.67818,-1.48689],[121.67553,-1.48956],[121.67441,-1.49217],[121.67229,-1.49338],[121.67054,-1.49402],[121.66851,-1.49377],[121.66719,-1.49498],[121.66549,-1.49575],[121.66436,-1.49502],[121.66228,-1.49191],[121.66122,-1.49179],[121.65853,-1.48968],[121.65504,-1.48964],[121.65264,-1.48758],[121.64914,-1.4882],[121.64381,-1.48783],[121.64055,-1.48691],[121.63922,-1.48509],[121.63757,-1.48507],[121.63616,-1.48598],[121.63543,-1.48528],[121.63426,-1.48505],[121.63153,-1.48624],[121.63048,-1.48853],[121.62541,-1.49167],[121.6243,-1.49351],[121.62274,-1.49448],[121.62067,-1.49488],[121.62102,-1.49755],[121.61773,-1.49842],[121.61456,-1.50128],[121.61417,-1.5026],[121.61485,-1.50464],[121.61292,-1.50704],[121.61199,-1.50756],[121.61052,-1.50686],[121.60971,-1.50489],[121.60912,-1.50435],[121.60737,-1.50356],[121.60597,-1.50237],[121.60416,-1.50215],[121.60152,-1.5],[121.59955,-1.49773],[121.59836,-1.49734],[121.59644,-1.49779],[121.59381,-1.49746],[121.59275,-1.49591],[121.58818,-1.49626],[121.58532,-1.49793],[121.58443,-1.49736],[121.58298,-1.49467],[121.58225,-1.49432],[121.58189,-1.49474],[121.58247,-1.49602],[121.58098,-1.49723],[121.58075,-1.49454],[121.57915,-1.49525],[121.57857,-1.49488],[121.57856,-1.49445],[121.5795,-1.49412],[121.57933,-1.4936],[121.57147,-1.4933],[121.57013,-1.49284],[121.56837,-1.4914],[121.56612,-1.49253],[121.565,-1.49143],[121.56408,-1.4911],[121.56161,-1.49168],[121.56049,-1.49136],[121.55851,-1.49238],[121.55618,-1.49168],[121.55529,-1.4922],[121.55427,-1.49359],[121.5534,-1.49389],[121.5518,-1.49379],[121.55018,-1.49253],[121.54616,-1.49335],[121.54497,-1.49198],[121.54443,-1.49031],[121.54143,-1.48891],[121.54011,-1.48873],[121.53996,-1.48232],[121.53905,-1.48112],[121.53901,-1.47976],[121.53662,-1.48024],[121.53561,-1.47972],[121.53417,-1.47975],[121.53268,-1.4778],[121.52849,-1.47666],[121.52824,-1.47578],[121.5273,-1.47498],[121.52454,-1.47419],[121.52129,-1.47245],[121.51939,-1.4683],[121.51702,-1.46717],[121.51599,-1.4651],[121.51447,-1.46471],[121.51381,-1.46411],[121.51244,-1.46405],[121.51128,-1.46059],[121.51273,-1.46092],[121.51299,-1.46047],[121.51134,-1.4592],[121.51128,-1.45721],[121.51384,-1.45649],[121.51355,-1.45453],[121.51602,-1.45279],[121.51562,-1.45127],[121.51325,-1.4509],[121.51232,-1.45015],[121.50955,-1.45026],[121.50934,-1.44924],[121.50835,-1.44938],[121.50743,-1.45006],[121.50703,-1.45157],[121.50385,-1.45143],[121.5028,-1.45361],[121.50198,-1.45411],[121.50209,-1.45492],[121.50108,-1.455],[121.5002,-1.4531],[121.50045,-1.45231],[121.50001,-1.4519],[121.50032,-1.45121],[121.49893,-1.4505],[121.49846,-1.44886],[121.49723,-1.44832],[121.49711,-1.44749],[121.49536,-1.44781],[121.49472,-1.44749],[121.49373,-1.44838],[121.49317,-1.44841],[121.49236,-1.44737],[121.49216,-1.44599],[121.49055,-1.44473],[121.48996,-1.44509],[121.4896,-1.44648],[121.48912,-1.4465],[121.48876,-1.44562],[121.48687,-1.44561],[121.48623,-1.44654],[121.48541,-1.44694],[121.48524,-1.44562],[121.48328,-1.44329],[121.48439,-1.44293],[121.48446,-1.44174],[121.48265,-1.43998],[121.47999,-1.43962],[121.47917,-1.439],[121.47562,-1.44039],[121.47409,-1.43962],[121.47194,-1.43969],[121.46982,-1.43903],[121.46736,-1.43739],[121.46629,-1.43532],[121.46628,-1.43344],[121.46563,-1.43276],[121.46603,-1.43209],[121.46551,-1.43142],[121.46621,-1.42954],[121.46582,-1.42771],[121.46686,-1.42627],[121.46971,-1.42614],[121.47083,-1.42526],[121.47157,-1.42383],[121.46996,-1.42287],[121.46945,-1.42189],[121.46907,-1.41872],[121.47001,-1.41511],[121.46974,-1.41255],[121.46884,-1.41014],[121.4689,-1.40895],[121.46759,-1.40811],[121.46618,-1.40811],[121.46535,-1.40726],[121.46595,-1.406],[121.46599,-1.39965],[121.46892,-1.39123],[121.47419,-1.37917],[121.47469,-1.37764],[121.47489,-1.37421],[121.47856,-1.37506],[121.4858,-1.37545],[121.49652,-1.37523],[121.50181,-1.37458],[121.50589,-1.37569],[121.51146,-1.37994],[121.51469,-1.38337],[121.51604,-1.38768],[121.51735,-1.3966],[121.51884,-1.3981],[121.52353,-1.40064],[121.52761,-1.40157],[121.54077,-1.4031],[121.54847,-1.40614],[121.5545,-1.41086],[121.56977,-1.42467],[121.57144,-1.42453],[121.57396,-1.42346],[121.57936,-1.42057],[121.5822,-1.42021],[121.58659,-1.4186],[121.58887,-1.41489],[121.58968,-1.41432],[121.60481,-1.40965],[121.61375,-1.40639],[121.62333,-1.39997],[121.62788,-1.39613],[121.63209,-1.39959],[121.64275,-1.40601],[121.65006,-1.40891],[121.6558,-1.41067],[121.66925,-1.41355],[121.68268,-1.41575],[121.69522,-1.41602],[121.70135,-1.41427],[121.71209,-1.40724],[121.72609,-1.39538],[121.75871,-1.36934],[121.78487,-1.34266],[121.79585,-1.3281],[121.79727,-1.32762],[121.80358,-1.32373],[121.81014,-1.32055],[121.81071,-1.32005],[121.80984,-1.31852],[121.81008,-1.31717],[121.81388,-1.31466],[121.81351,-1.31402],[121.81882,-1.31034],[121.82128,-1.30784],[121.82259,-1.30709],[121.82449,-1.30717],[121.82652,-1.3093],[121.82713,-1.31053],[121.82743,-1.31314],[121.82935,-1.31606],[121.83168,-1.31637],[121.83543,-1.31417],[121.83873,-1.3136],[121.84064,-1.31372],[121.84241,-1.3146],[121.84454,-1.31724],[121.8455,-1.31911],[121.84605,-1.31918],[121.85043,-1.31726],[121.85333,-1.31758],[121.85664,-1.31655],[121.85846,-1.31652],[121.86288,-1.31765],[121.86569,-1.31774],[121.86624,-1.31729],[121.86634,-1.31651],[121.86621,-1.3118],[121.86748,-1.30901],[121.86854,-1.30808],[121.87478,-1.30583],[121.88172,-1.30549],[121.88265,-1.30597],[121.88405,-1.3096],[121.88572,-1.31037],[121.88724,-1.31022],[121.89022,-1.30823],[121.89088,-1.30667],[121.89364,-1.30549],[121.89896,-1.30441],[121.90211,-1.30482],[121.9075,-1.30336],[121.90906,-1.30112],[121.91018,-1.29848],[121.9117,-1.297],[121.91305,-1.29752],[121.91458,-1.30006],[121.9185,-1.30262]]]]}},{"type":"Feature","properties":{"NAMOBJ":"Mori Utara","KODE_KAB":7212},"geometry":{"type":"MultiPolygon","coordinates":[[[[121.17939,-1.90795],[121.17764,-1.90782],[121.17593,-1.90862],[121.17399,-1.90799],[121.17312,-1.9073],[121.17192,-1.90735],[121.17097,-1.90577],[121.16776,-1.90414],[121.16691,-1.90423],[121.16555,-1.90929],[121.16505,-1.90988],[121.16305,-1.9105],[121.16331,-1.91233],[121.16247,-1.91364],[121.1621,-1.91553],[121.16068,-1.91733],[121.15914,-1.91841],[121.15833,-1.92106],[121.1584,-1.92316],[121.15754,-1.92425],[121.15706,-1.92572],[121.15548,-1.9258],[121.15456,-1.92683],[121.15392,-1.92679],[121.15264,-1.92544],[121.15136,-1.92529],[121.1509,-1.9226],[121.14812,-1.92449],[121.14505,-1.92505],[121.14279,-1.92478],[121.1421,-1.92519],[121.1419,-1.92632],[121.14334,-1.92713],[121.14418,-1.92845],[121.14584,-1.92836],[121.14671,-1.92921],[121.14613,-1.93022],[121.1441,-1.92963],[121.14311,-1.93128],[121.14194,-1.93214],[121.14235,-1.93475],[121.14361,-1.93573],[121.1427,-1.93924],[121.14215,-1.93917],[121.14228,-1.93773],[121.14185,-1.93745],[121.14114,-1.9377],[121.14036,-1.93895],[121.13773,-1.93842],[121.13745,-1.93922],[121.13825,-1.94017],[121.1383,-1.9408],[121.13799,-1.94129],[121.13726,-1.94137],[121.13474,-1.94051],[121.13324,-1.93865],[121.13197,-1.93842],[121.13054,-1.93946],[121.13016,-1.94022],[121.1304,-1.94079],[121.13171,-1.94146],[121.13215,-1.94213],[121.13233,-1.94306],[121.13192,-1.94371],[121.13057,-1.94375],[121.12836,-1.94248],[121.12737,-1.94235],[121.12319,-1.94405],[121.11969,-1.94437],[121.11944,-1.94503],[121.12013,-1.94777],[121.12129,-1.94945],[121.12103,-1.95025],[121.12028,-1.95015],[121.11946,-1.94872],[121.11884,-1.94838],[121.11568,-1.94906],[121.11619,-1.94697],[121.11565,-1.94616],[121.11393,-1.94766],[121.11202,-1.94799],[121.11191,-1.94898],[121.11288,-1.94974],[121.11287,-1.95012],[121.11136,-1.95051],[121.11003,-1.95153],[121.10895,-1.95119],[121.10784,-1.94827],[121.10699,-1.94759],[121.10542,-1.94814],[121.10512,-1.94971],[121.10341,-1.94919],[121.10136,-1.94967],[121.10112,-1.95086],[121.10293,-1.95179],[121.10237,-1.95383],[121.10254,-1.95576],[121.10171,-1.95626],[121.09972,-1.95618],[121.09902,-1.95714],[121.09961,-1.95778],[121.10183,-1.95844],[121.1025,-1.96007],[121.10191,-1.96022],[121.101,-1.95934],[121.10022,-1.95931],[121.09914,-1.96133],[121.09721,-1.96239],[121.09462,-1.96505],[121.0941,-1.96472],[121.09455,-1.96311],[121.0938,-1.96265],[121.09221,-1.96341],[121.09171,-1.96527],[121.09106,-1.96584],[121.08961,-1.96607],[121.08912,-1.96548],[121.08905,-1.96316],[121.08785,-1.96096],[121.08791,-1.9604],[121.08841,-1.96009],[121.0899,-1.96091],[121.09136,-1.96073],[121.09264,-1.95903],[121.09277,-1.958],[121.09244,-1.95743],[121.09171,-1.95753],[121.09033,-1.95879],[121.0885,-1.95898],[121.08663,-1.96088],[121.08427,-1.96185],[121.08234,-1.96096],[121.08021,-1.96224],[121.07988,-1.96191],[121.08022,-1.95831],[121.08002,-1.95774],[121.07952,-1.95765],[121.07838,-1.95993],[121.07627,-1.95922],[121.07565,-1.95942],[121.07572,-1.96053],[121.07655,-1.96187],[121.07666,-1.96279],[121.07599,-1.96408],[121.07439,-1.96484],[121.07396,-1.96249],[121.07326,-1.96172],[121.0716,-1.96171],[121.06979,-1.96273],[121.06683,-1.96328],[121.06675,-1.96252],[121.06851,-1.96143],[121.06848,-1.95852],[121.06497,-1.95774],[121.06404,-1.95689],[121.06319,-1.95512],[121.06247,-1.95486],[121.06136,-1.95528],[121.06131,-1.95612],[121.06364,-1.95752],[121.06366,-1.95877],[121.06289,-1.9593],[121.06021,-1.95911],[121.05906,-1.95943],[121.05833,-1.95994],[121.05735,-1.96165],[121.0568,-1.96166],[121.0561,-1.96005],[121.0547,-1.95882],[121.05639,-1.95647],[121.05604,-1.95461],[121.05547,-1.95444],[121.05484,-1.95508],[121.05514,-1.9564],[121.05478,-1.95692],[121.0538,-1.95673],[121.05272,-1.95515],[121.05155,-1.95493],[121.04877,-1.9599],[121.04794,-1.96018],[121.04472,-1.95978],[121.04306,-1.96003],[121.03866,-1.9618],[121.03557,-1.9644],[121.03313,-1.96437],[121.03205,-1.96329],[121.03183,-1.96203],[121.03107,-1.96145],[121.0299,-1.9614],[121.02916,-1.96216],[121.02869,-1.96386],[121.02727,-1.96496],[121.02617,-1.96513],[121.02452,-1.96622],[121.02453,-1.968],[121.02278,-1.96788],[121.02212,-1.96933],[121.02032,-1.96853],[121.02093,-1.96943],[121.02091,-1.97028],[121.01882,-1.97188],[121.01811,-1.97141],[121.01822,-1.96953],[121.01715,-1.96925],[121.01669,-1.96957],[121.01676,-1.97169],[121.01427,-1.97061],[121.01394,-1.97112],[121.01483,-1.97176],[121.01466,-1.97236],[121.01309,-1.9722],[121.01185,-1.97351],[121.01028,-1.97298],[121.01024,-1.97424],[121.00985,-1.97464],[121.0094,-1.97469],[121.00828,-1.97373],[121.00585,-1.97394],[121.00592,-1.97504],[121.00722,-1.97498],[121.00834,-1.97584],[121.00879,-1.9783],[121.00852,-1.97914],[121.00584,-1.98057],[121.00198,-1.98164],[120.9978,-1.98423],[120.99167,-1.98333],[120.9892,-1.98177],[120.98526,-1.98001],[120.97879,-1.97487],[120.97309,-1.9739],[120.96753,-1.97644],[120.95933,-1.98199],[120.95833,-1.98333],[120.95761,-1.98848],[120.95808,-1.99511],[120.95711,-1.99711],[120.95133,-2.00297],[120.94533,-2.00484],[120.94486,-2.00584],[120.94322,-2.00733],[120.9407,-2.01299],[120.93863,-2.01574],[120.93783,-2.01598],[120.93487,-2.01547],[120.92757,-2.01626],[120.92574,-2.01514],[120.9229,-2.01591],[120.91742,-2.01488],[120.91507,-2.01535],[120.91224,-2.01518],[120.90929,-2.01237],[120.90756,-2.01154],[120.90609,-2.01007],[120.90505,-2.00776],[120.90508,-2.00505],[120.90603,-2.00346],[120.90543,-2.00179],[120.90476,-2.00095],[120.90193,-2],[120.90159,-1.99616],[120.89824,-1.98924],[120.89538,-1.98449],[120.89203,-1.98163],[120.888,-1.97706],[120.88522,-1.97507],[120.89746,-1.95948],[120.89923,-1.95958],[120.90009,-1.95881],[120.90051,-1.95737],[120.90218,-1.95681],[120.9045,-1.95746],[120.90569,-1.95683],[120.90714,-1.95714],[120.90757,-1.95502],[120.90873,-1.95359],[120.90922,-1.95027],[120.91035,-1.9492],[120.91038,-1.94696],[120.91113,-1.94634],[120.91171,-1.94418],[120.91309,-1.94415],[120.91455,-1.94249],[120.91542,-1.94253],[120.91653,-1.94177],[120.91744,-1.93978],[120.91909,-1.93865],[120.91916,-1.93793],[120.91858,-1.93709],[120.92219,-1.93251],[120.92227,-1.9311],[120.92128,-1.92698],[120.92193,-1.92547],[120.92319,-1.92458],[120.92298,-1.92389],[120.92371,-1.92291],[120.92336,-1.92063],[120.92242,-1.91893],[120.92403,-1.91798],[120.92433,-1.91822],[120.92469,-1.91754],[120.92603,-1.91689],[120.9268,-1.91713],[120.927,-1.91642],[120.92753,-1.91632],[120.9274,-1.9154],[120.92868,-1.9162],[120.92991,-1.9158],[120.9296,-1.91511],[120.93022,-1.91464],[120.93033,-1.915],[120.93283,-1.91454],[120.93263,-1.91276],[120.93333,-1.91093],[120.93175,-1.90791],[120.93208,-1.90661],[120.93302,-1.90572],[120.93203,-1.9042],[120.93168,-1.90453],[120.93107,-1.90435],[120.9313,-1.90329],[120.93057,-1.90224],[120.92967,-1.90195],[120.92895,-1.90289],[120.92702,-1.90324],[120.92683,-1.90139],[120.92574,-1.90068],[120.92621,-1.89962],[120.92509,-1.89872],[120.92491,-1.89811],[120.92399,-1.89786],[120.92406,-1.89697],[120.92314,-1.89586],[120.92269,-1.89603],[120.92098,-1.89504],[120.91944,-1.89517],[120.91933,-1.8938],[120.9188,-1.8929],[120.91822,-1.89274],[120.91695,-1.89343],[120.91674,-1.89293],[120.91525,-1.8934],[120.91441,-1.89437],[120.91466,-1.89556],[120.91433,-1.89589],[120.91323,-1.89209],[120.91375,-1.89145],[120.91345,-1.89133],[120.91307,-1.89192],[120.91271,-1.89148],[120.91311,-1.88984],[120.91286,-1.88949],[120.91072,-1.88913],[120.90925,-1.88809],[120.9085,-1.88823],[120.90825,-1.88875],[120.90765,-1.88834],[120.90712,-1.88871],[120.90626,-1.88836],[120.90502,-1.88862],[120.90429,-1.88816],[120.90289,-1.88622],[120.90357,-1.88387],[120.90335,-1.88191],[120.90247,-1.88077],[120.9003,-1.88014],[120.89925,-1.87785],[120.89768,-1.87614],[120.89721,-1.87463],[120.89768,-1.87193],[120.89874,-1.87289],[120.90031,-1.87295],[120.90128,-1.87241],[120.90279,-1.87007],[120.90339,-1.87033],[120.90613,-1.87008],[120.9072,-1.86948],[120.90859,-1.86969],[120.90964,-1.8693],[120.91076,-1.86998],[120.91166,-1.86875],[120.91276,-1.86848],[120.91431,-1.8691],[120.9158,-1.86824],[120.91721,-1.86602],[120.91819,-1.8655],[120.91934,-1.86591],[120.92016,-1.85923],[120.92081,-1.8576],[120.92043,-1.8525],[120.92076,-1.85115],[120.9204,-1.84931],[120.92212,-1.84277],[120.922,-1.83358],[120.92156,-1.83051],[120.92307,-1.82656],[120.92214,-1.82016],[120.92145,-1.81935],[120.92284,-1.81679],[120.92089,-1.81719],[120.91893,-1.81912],[120.9159,-1.81909],[120.91443,-1.82049],[120.913,-1.82066],[120.90644,-1.82419],[120.90589,-1.82534],[120.90431,-1.82619],[120.90366,-1.82709],[120.903,-1.82892],[120.90109,-1.82977],[120.90059,-1.83106],[120.89156,-1.83929],[120.88996,-1.84269],[120.88668,-1.84427],[120.88579,-1.84773],[120.88379,-1.85061],[120.8844,-1.85268],[120.88404,-1.85409],[120.88345,-1.8552],[120.88132,-1.85613],[120.88088,-1.856],[120.87928,-1.85308],[120.87609,-1.85197],[120.87308,-1.84978],[120.87218,-1.84698],[120.87225,-1.84614],[120.86639,-1.84179],[120.86495,-1.83936],[120.86487,-1.83821],[120.86805,-1.83375],[120.86751,-1.82684],[120.86708,-1.82537],[120.86625,-1.82347],[120.8638,-1.82073],[120.86384,-1.81727],[120.86325,-1.81524],[120.85891,-1.80759],[120.85858,-1.80321],[120.85644,-1.80054],[120.85585,-1.79451],[120.85296,-1.78641],[120.85099,-1.78278],[120.84114,-1.77045],[120.83912,-1.76529],[120.83553,-1.75211],[120.83594,-1.74979],[120.86063,-1.67985],[120.86229,-1.67828],[120.86297,-1.6758],[120.86488,-1.6731],[120.86666,-1.67166],[120.86842,-1.66859],[120.87255,-1.66527],[120.87314,-1.66233],[120.87251,-1.65342],[120.87807,-1.64111],[120.88059,-1.64331],[120.88296,-1.64695],[120.88333,-1.64833],[120.88267,-1.64968],[120.8841,-1.65034],[120.88424,-1.65237],[120.88531,-1.65345],[120.88814,-1.65368],[120.88844,-1.65437],[120.8882,-1.65554],[120.88976,-1.65725],[120.8912,-1.65687],[120.89129,-1.65628],[120.89199,-1.65591],[120.89262,-1.65429],[120.89287,-1.65211],[120.89634,-1.64755],[120.89916,-1.64492],[120.90256,-1.64308],[120.90478,-1.6398],[120.90606,-1.63984],[120.9087,-1.63622],[120.93589,-1.65055],[120.97442,-1.64988],[120.9834,-1.64933],[121.00214,-1.64665],[121.0093,-1.64459],[121.0205,-1.639],[121.04379,-1.62581],[121.04946,-1.63637],[121.05015,-1.64247],[121.05112,-1.64394],[121.05147,-1.6459],[121.05105,-1.64695],[121.05299,-1.66029],[121.0525,-1.66465],[121.05291,-1.66668],[121.05493,-1.67026],[121.05548,-1.67404],[121.05674,-1.67834],[121.05869,-1.68129],[121.05792,-1.68881],[121.05924,-1.69063],[121.05945,-1.69294],[121.06014,-1.6935],[121.06098,-1.6956],[121.06501,-1.6982],[121.06424,-1.70163],[121.06473,-1.70621],[121.06536,-1.70845],[121.06876,-1.71434],[121.06994,-1.72431],[121.07363,-1.7373],[121.07159,-1.73782],[121.06866,-1.73581],[121.06925,-1.739],[121.06964,-1.74111],[121.07104,-1.74357],[121.07331,-1.74485],[121.07439,-1.74638],[121.07407,-1.74754],[121.07319,-1.74736],[121.07262,-1.74954],[121.07329,-1.75006],[121.07343,-1.7507],[121.0746,-1.75133],[121.07592,-1.75322],[121.07658,-1.75991],[121.07884,-1.75837],[121.08244,-1.75779],[121.08432,-1.75881],[121.08635,-1.7609],[121.08855,-1.76067],[121.09103,-1.7594],[121.09439,-1.75891],[121.09689,-1.76022],[121.0983,-1.76035],[121.10023,-1.75996],[121.10275,-1.75685],[121.10431,-1.75645],[121.10637,-1.75852],[121.10895,-1.75781],[121.10993,-1.75904],[121.11392,-1.75909],[121.11534,-1.75975],[121.11675,-1.76101],[121.11809,-1.76447],[121.11952,-1.76666],[121.11927,-1.76931],[121.12068,-1.77335],[121.12006,-1.7742],[121.11769,-1.7737],[121.11728,-1.77553],[121.11556,-1.77499],[121.11795,-1.78217],[121.12081,-1.78507],[121.12109,-1.78666],[121.12312,-1.7861],[121.12431,-1.78718],[121.12482,-1.78891],[121.12763,-1.79041],[121.12885,-1.79186],[121.12965,-1.79424],[121.13094,-1.79551],[121.13311,-1.79598],[121.13623,-1.79596],[121.14097,-1.79925],[121.14328,-1.80374],[121.14561,-1.81055],[121.14828,-1.81514],[121.14952,-1.81639],[121.14994,-1.81917],[121.15217,-1.8241],[121.15328,-1.82496],[121.15569,-1.82934],[121.15662,-1.82985],[121.16066,-1.83057],[121.16233,-1.8313],[121.1641,-1.8327],[121.16493,-1.83367],[121.16706,-1.83815],[121.17088,-1.84352],[121.17114,-1.84546],[121.16984,-1.84755],[121.17024,-1.84862],[121.17156,-1.84907],[121.17286,-1.85622],[121.17185,-1.8582],[121.17181,-1.86093],[121.16942,-1.86235],[121.16962,-1.86313],[121.16646,-1.8643],[121.16477,-1.86428],[121.16369,-1.8662],[121.16431,-1.87019],[121.16392,-1.87972],[121.16492,-1.87872],[121.16581,-1.87995],[121.16607,-1.88311],[121.16506,-1.88486],[121.16746,-1.884],[121.17007,-1.88361],[121.17108,-1.88457],[121.17046,-1.8874],[121.16975,-1.88826],[121.16973,-1.88941],[121.16829,-1.89221],[121.16855,-1.89388],[121.16994,-1.89414],[121.17034,-1.89553],[121.17099,-1.89574],[121.17101,-1.89473],[121.17282,-1.8947],[121.17485,-1.89352],[121.17598,-1.89338],[121.17749,-1.8953],[121.17649,-1.89999],[121.17511,-1.90143],[121.17502,-1.90251],[121.17528,-1.90357],[121.17654,-1.90422],[121.17771,-1.90632],[121.17912,-1.90708],[121.17939,-1.90795]]]]}}]}