{"type":"FeatureCollection","features":[{"type":"Feature","properties":{"NAMOBJ":"Sausu","KODE_KAB":7208},"geometry":{"type":"MultiPolygon","coordinates":[[[[120.54412,-1.064],[120.54383,-1.06388],[120.54425,-1.06354],[120.54412,-1.064]]],[[[120.54451,-1.0634],[120.54447,-1.0634],[120.5444,-1.0634],[120.5444,-1.0634],[120.5444,-1.0634],[120.5444,-1.06316],[120.5444,-1.06302],[120.5444,-1.06302],[120.54442,-1.06305],[120.54446,-1.06308],[120.54458,-1.06315],[120.5446,-1.06317],[120.54461,-1.06319],[120.54462,-1.06321],[120.54462,-1.06324],[120.54462,-1.06324],[120.54457,-1.06334],[120.54455,-1.06336],[120.54453,-1.06338],[120.54451,-1.0634]]],[[[120.54265,-1.06235],[120.54266,-1.06241],[120.54266,-1.06246],[120.54266,-1.0625],[120.54265,-1.06252],[120.54263,-1.06256],[120.54258,-1.06259],[120.54252,-1.06258],[120.54246,-1.06257],[120.54236,-1.0625],[120.54229,-1.06245],[120.54227,-1.06242],[120.54226,-1.06239],[120.54226,-1.06236],[120.54227,-1.06234],[120.54231,-1.06235],[120.54246,-1.06235],[120.54252,-1.06235],[120.54259,-1.06231],[120.5426,-1.0623],[120.54262,-1.0623],[120.54265,-1.06235]]],[[[120.4598,-0.98384],[120.46112,-0.9845],[120.46153,-0.98512],[120.46135,-0.98586],[120.46205,-0.98603],[120.46192,-0.98726],[120.46268,-0.98858],[120.46275,-0.99042],[120.4615,-0.98998],[120.45917,-0.98735],[120.45925,-0.98599],[120.45792,-0.98543],[120.45861,-0.98313],[120.4598,-0.98384]]],[[[120.44908,-0.9769],[120.44967,-0.97721],[120.45085,-0.9792],[120.4531,-0.98111],[120.45295,-0.98177],[120.4535,-0.98184],[120.45357,-0.98137],[120.45429,-0.98198],[120.45528,-0.98365],[120.45518,-0.98441],[120.45607,-0.98509],[120.45665,-0.98685],[120.45904,-0.98827],[120.46009,-0.98944],[120.46044,-0.99056],[120.46021,-0.99197],[120.46098,-0.9937],[120.46171,-0.99367],[120.46214,-0.99267],[120.46295,-0.99343],[120.46364,-0.99348],[120.4643,-0.99283],[120.46438,-0.99333],[120.46518,-0.9935],[120.46642,-0.99243],[120.46705,-0.99118],[120.4681,-0.99229],[120.46808,-0.99282],[120.46961,-0.99286],[120.46993,-0.99331],[120.47249,-0.99415],[120.47286,-0.99553],[120.4729,-0.99428],[120.4742,-0.99232],[120.47207,-0.99239],[120.47237,-0.99089],[120.47394,-0.9909],[120.47555,-0.99178],[120.47829,-0.9924],[120.48048,-0.99242],[120.48306,-0.99164],[120.48487,-0.98967],[120.48602,-0.99],[120.48599,-0.99156],[120.48635,-0.99153],[120.48698,-0.9899],[120.48843,-0.99154],[120.48934,-0.99182],[120.49103,-0.99526],[120.49317,-0.99586],[120.50496,-0.99672],[120.50714,-0.99715],[120.50813,-0.99786],[120.50954,-0.9993],[120.51023,-1.00265],[120.51137,-1.00571],[120.51514,-1.01194],[120.51531,-1.01297],[120.5148,-1.01301],[120.51488,-1.01365],[120.51654,-1.01485],[120.51712,-1.01607],[120.52037,-1.01827],[120.52412,-1.02187],[120.53157,-1.03408],[120.53395,-1.0431],[120.53313,-1.04447],[120.53141,-1.04332],[120.53185,-1.0429],[120.53188,-1.04163],[120.53269,-1.04185],[120.533,-1.04157],[120.53229,-1.04059],[120.53225,-1.03985],[120.53177,-1.04053],[120.53061,-1.04096],[120.52881,-1.04494],[120.52984,-1.04749],[120.5308,-1.04776],[120.53054,-1.04862],[120.53175,-1.04841],[120.53171,-1.04943],[120.53285,-1.05099],[120.53371,-1.05098],[120.53421,-1.0519],[120.53412,-1.05261],[120.53625,-1.05276],[120.5399,-1.05486],[120.53973,-1.05639],[120.53897,-1.05661],[120.53941,-1.05708],[120.53936,-1.05832],[120.54004,-1.05886],[120.54013,-1.06183],[120.54359,-1.0633],[120.54347,-1.06381],[120.54442,-1.06507],[120.54621,-1.06486],[120.54697,-1.06514],[120.54806,-1.06638],[120.54804,-1.06719],[120.54959,-1.06859],[120.54973,-1.06962],[120.55054,-1.06996],[120.5502,-1.07096],[120.55062,-1.07149],[120.54997,-1.07307],[120.5506,-1.07334],[120.55109,-1.07289],[120.55237,-1.07339],[120.5561,-1.07702],[120.55651,-1.07881],[120.55833,-1.08229],[120.55815,-1.08378],[120.55711,-1.08515],[120.56061,-1.08843],[120.56102,-1.08941],[120.5603,-1.0903],[120.56031,-1.09238],[120.56134,-1.0928],[120.56304,-1.09279],[120.56333,-1.09326],[120.56403,-1.09308],[120.56582,-1.09382],[120.56587,-1.09422],[120.56649,-1.09429],[120.56669,-1.09521],[120.56609,-1.09596],[120.56666,-1.09669],[120.5682,-1.09717],[120.56949,-1.09683],[120.57018,-1.09731],[120.57135,-1.09736],[120.57181,-1.09798],[120.57444,-1.0988],[120.57514,-1.09943],[120.57503,-1.09986],[120.57608,-1.09991],[120.57712,-1.10092],[120.57774,-1.10085],[120.57841,-1.10159],[120.5791,-1.10165],[120.58015,-1.10254],[120.58074,-1.10583],[120.58016,-1.10512],[120.57984,-1.10368],[120.57857,-1.10416],[120.57846,-1.10452],[120.5807,-1.10642],[120.58121,-1.10798],[120.57564,-1.10901],[120.56989,-1.10937],[120.56989,-1.10984],[120.56891,-1.11069],[120.56861,-1.11209],[120.56385,-1.11384],[120.54861,-1.11807],[120.53059,-1.12144],[120.49907,-1.12603],[120.49508,-1.12719],[120.48095,-1.12852],[120.47543,-1.13131],[120.45267,-1.13367],[120.4509,-1.13692],[120.43494,-1.13781],[120.43169,-1.14047],[120.41662,-1.14136],[120.41277,-1.14342],[120.40835,-1.14328],[120.41048,-1.13969],[120.41208,-1.13796],[120.41177,-1.13685],[120.4121,-1.1349],[120.41074,-1.13309],[120.41038,-1.13066],[120.40966,-1.12979],[120.40905,-1.12744],[120.41009,-1.12468],[120.40982,-1.12182],[120.41009,-1.12116],[120.41123,-1.1203],[120.41154,-1.11682],[120.41023,-1.1153],[120.41055,-1.11277],[120.4098,-1.1121],[120.40862,-1.11177],[120.40886,-1.1112],[120.40957,-1.11093],[120.40954,-1.10967],[120.41054,-1.10873],[120.4106,-1.10693],[120.40991,-1.10561],[120.41012,-1.10226],[120.41211,-1.10215],[120.41248,-1.10119],[120.41248,-1.09849],[120.41186,-1.09684],[120.41204,-1.0952],[120.41125,-1.09201],[120.41264,-1.09007],[120.41301,-1.08876],[120.41477,-1.08691],[120.41493,-1.08594],[120.41671,-1.08259],[120.41686,-1.0813],[120.41587,-1.08068],[120.41564,-1.08009],[120.41637,-1.0774],[120.41609,-1.07356],[120.4168,-1.0712],[120.4192,-1.06828],[120.41731,-1.06689],[120.41837,-1.06455],[120.4188,-1.05989],[120.4186,-1.05814],[120.41768,-1.05623],[120.41849,-1.05534],[120.42098,-1.05432],[120.42255,-1.05147],[120.42301,-1.04848],[120.42495,-1.0458],[120.4286,-1.04422],[120.43079,-1.041],[120.43289,-1.03982],[120.43438,-1.03576],[120.43537,-1.0345],[120.43872,-1.03342],[120.43821,-1.02937],[120.43609,-1.02295],[120.43662,-1.02108],[120.4352,-1.0176],[120.43201,-1.01359],[120.43183,-1.01083],[120.43263,-1.00886],[120.43449,-1.00753],[120.4379,-1.00377],[120.43784,-0.9988],[120.43849,-0.99669],[120.44377,-0.99134],[120.4425,-0.98818],[120.44292,-0.98517],[120.44288,-0.98059],[120.44448,-0.97834],[120.44625,-0.97821],[120.44862,-0.97646],[120.44908,-0.9769]]]]}},{"type":"Feature","properties":{"NAMOBJ":"Torue","KODE_KAB":7208},"geometry":{"type":"MultiPolygon","coordinates":[[[[120.28479,-0.9378],[120.28546,-0.93822],[120.28537,-0.93917],[120.28674,-0.94144],[120.29091,-0.94349],[120.29499,-0.94617],[120.29515,-0.94669],[120.29595,-0.94667],[120.2992,-0.94905],[120.30014,-0.95284],[120.30504,-0.95676],[120.30704,-0.95986],[120.30762,-0.96018],[120.30803,-0.96292],[120.31049,-0.96612],[120.31215,-0.96692],[120.31215,-0.96796],[120.31263,-0.96798],[120.31263,-0.96682],[120.31445,-0.96655],[120.31759,-0.96525],[120.32123,-0.96067],[120.32307,-0.96057],[120.32383,-0.95994],[120.32503,-0.96046],[120.3257,-0.95964],[120.32742,-0.95998],[120.32757,-0.95931],[120.32881,-0.9597],[120.32979,-0.95874],[120.33089,-0.95871],[120.33128,-0.95737],[120.33325,-0.95669],[120.33526,-0.95458],[120.33887,-0.95587],[120.3397,-0.95665],[120.34674,-0.95662],[120.34727,-0.95791],[120.35332,-0.96204],[120.3534,-0.96302],[120.35409,-0.96326],[120.35553,-0.96479],[120.35752,-0.9654],[120.35507,-0.9812],[120.35451,-0.98262],[120.35434,-0.98752],[120.3533,-0.98992],[120.35229,-0.9911],[120.35197,-0.99274],[120.35315,-0.99388],[120.35271,-0.99596],[120.35194,-0.99665],[120.35305,-0.99754],[120.35381,-0.99886],[120.35275,-1.00247],[120.35302,-1.00417],[120.35275,-1.00487],[120.35368,-1.00651],[120.35528,-1.00776],[120.35564,-1.00764],[120.35627,-1.00921],[120.35691,-1.00935],[120.35658,-1.01278],[120.35701,-1.01365],[120.35687,-1.01453],[120.35732,-1.01499],[120.35699,-1.01645],[120.35639,-1.01719],[120.3561,-1.01894],[120.35639,-1.01963],[120.3559,-1.02108],[120.35509,-1.02132],[120.3525,-1.02083],[120.35213,-1.02205],[120.35133,-1.02226],[120.34886,-1.02487],[120.34874,-1.02586],[120.34808,-1.02604],[120.34783,-1.02661],[120.34706,-1.02614],[120.34787,-1.03157],[120.3474,-1.03215],[120.34552,-1.03257],[120.34473,-1.03331],[120.34373,-1.03572],[120.34318,-1.03897],[120.3418,-1.0412],[120.34131,-1.04368],[120.3417,-1.04765],[120.33994,-1.0527],[120.3403,-1.05481],[120.33996,-1.05763],[120.33809,-1.05963],[120.3363,-1.06082],[120.33549,-1.06237],[120.33551,-1.06405],[120.33711,-1.06689],[120.33704,-1.06804],[120.33569,-1.06891],[120.33536,-1.07051],[120.33289,-1.07334],[120.33008,-1.0749],[120.32844,-1.07706],[120.3285,-1.07945],[120.3292,-1.08163],[120.32881,-1.08395],[120.33027,-1.08595],[120.32993,-1.08725],[120.33087,-1.08982],[120.33033,-1.09065],[120.32856,-1.09171],[120.32737,-1.09687],[120.32312,-1.09997],[120.32248,-1.10119],[120.32259,-1.10368],[120.32357,-1.10486],[120.32399,-1.10621],[120.32547,-1.10695],[120.32629,-1.10911],[120.32607,-1.11153],[120.32486,-1.11312],[120.32541,-1.11349],[120.32548,-1.11418],[120.32365,-1.11475],[120.32227,-1.11596],[120.32177,-1.11956],[120.31956,-1.12213],[120.32054,-1.12402],[120.32059,-1.12526],[120.31931,-1.1263],[120.3188,-1.12812],[120.31744,-1.12923],[120.31688,-1.13065],[120.31586,-1.13165],[120.31488,-1.13406],[120.31451,-1.13677],[120.31285,-1.13878],[120.29929,-1.13714],[120.28856,-1.138],[120.28706,-1.14186],[120.27891,-1.14721],[120.27247,-1.15536],[120.26668,-1.1515],[120.25397,-1.133],[120.25043,-1.13332],[120.25,-1.13295],[120.24908,-1.133],[120.24196,-1.13408],[120.23424,-1.13065],[120.22609,-1.11886],[120.22737,-1.112],[120.22652,-1.10129],[120.23177,-1.09429],[120.22936,-1.08545],[120.22024,-1.0738],[120.21837,-1.0671],[120.21664,-1.06658],[120.21624,-1.06566],[120.21522,-1.06523],[120.21003,-1.06442],[120.20418,-1.05906],[120.20308,-1.05746],[120.20218,-1.05714],[120.20105,-1.05755],[120.20053,-1.05913],[120.19932,-1.06063],[120.19887,-1.065],[120.19177,-1.06535],[120.18494,-1.06669],[120.17435,-1.05771],[120.16931,-1.05405],[120.16756,-1.05211],[120.16462,-1.05037],[120.1648,-1.04993],[120.16673,-1.04933],[120.17059,-1.05056],[120.17286,-1.05065],[120.17407,-1.04972],[120.17499,-1.05005],[120.17668,-1.04805],[120.17725,-1.04821],[120.17817,-1.0464],[120.18394,-1.04445],[120.18662,-1.04466],[120.18789,-1.04274],[120.18954,-1.04178],[120.19358,-1.04142],[120.19551,-1.04069],[120.19714,-1.03815],[120.19934,-1.03152],[120.20168,-1.02813],[120.2098,-1.02012],[120.21168,-1.01872],[120.21379,-1.01778],[120.21574,-1.01768],[120.21771,-1.01678],[120.22079,-1.01471],[120.22225,-1.01476],[120.22377,-1.01394],[120.22421,-1.01301],[120.22553,-1.01359],[120.22698,-1.01293],[120.22788,-1.01338],[120.22866,-1.01327],[120.22945,-1.01081],[120.23057,-1.00939],[120.2303,-1.00785],[120.2311,-1.00715],[120.23101,-1.00576],[120.2292,-1.00414],[120.23061,-1.00168],[120.23017,-0.99675],[120.23103,-0.99589],[120.23182,-0.99586],[120.23269,-0.99509],[120.23356,-0.99507],[120.23402,-0.99538],[120.23386,-0.99648],[120.23498,-0.9967],[120.23637,-0.99787],[120.23709,-0.99667],[120.23727,-0.99515],[120.23857,-0.99322],[120.24102,-0.99239],[120.24166,-0.99084],[120.24318,-0.99015],[120.24413,-0.98846],[120.24579,-0.98762],[120.24646,-0.98643],[120.24657,-0.98401],[120.24853,-0.9842],[120.24957,-0.98364],[120.25208,-0.98375],[120.25528,-0.98057],[120.25653,-0.98142],[120.25772,-0.98113],[120.25884,-0.9795],[120.2587,-0.97824],[120.25917,-0.97758],[120.26149,-0.97746],[120.26233,-0.97699],[120.2632,-0.97462],[120.26173,-0.97205],[120.26202,-0.97027],[120.26176,-0.96924],[120.26241,-0.96692],[120.26328,-0.96592],[120.26244,-0.96462],[120.26359,-0.96372],[120.2636,-0.96231],[120.26447,-0.96167],[120.26261,-0.96016],[120.26265,-0.9584],[120.26371,-0.95803],[120.26443,-0.95619],[120.26482,-0.95616],[120.2649,-0.95691],[120.26546,-0.95709],[120.2663,-0.95652],[120.26636,-0.95561],[120.26741,-0.956],[120.26709,-0.9575],[120.26733,-0.95796],[120.26833,-0.95744],[120.26846,-0.95588],[120.27001,-0.95637],[120.27017,-0.95541],[120.26897,-0.95491],[120.26909,-0.95337],[120.26835,-0.95315],[120.2683,-0.95266],[120.26883,-0.95232],[120.26958,-0.95281],[120.27023,-0.95222],[120.27135,-0.95267],[120.27216,-0.95222],[120.27249,-0.95295],[120.27286,-0.95281],[120.27277,-0.95157],[120.27352,-0.9509],[120.2728,-0.94937],[120.27308,-0.94848],[120.27277,-0.94771],[120.27331,-0.94745],[120.27429,-0.94768],[120.27485,-0.94708],[120.2734,-0.94504],[120.27344,-0.94377],[120.27463,-0.94355],[120.27692,-0.94448],[120.27764,-0.94258],[120.27823,-0.94231],[120.27942,-0.94354],[120.27999,-0.94357],[120.28247,-0.94016],[120.28285,-0.93786],[120.28365,-0.93747],[120.28479,-0.9378]]]]}},{"type":"Feature","properties":{"NAMOBJ":"Balinggi","KODE_KAB":7208},"geometry":{"type":"MultiPolygon","coordinates":[[[[120.44862,-0.97646],[120.44625,-0.97821],[120.44448,-0.97834],[120.44288,-0.98059],[120.44292,-0.98517],[120.4425,-0.98818],[120.44377,-0.99134],[120.43849,-0.99669],[120.43784,-0.9988],[120.4379,-1.00377],[120.43449,-1.00753],[120.43263,-1.00886],[120.43183,-1.01083],[120.43201,-1.01359],[120.4352,-1.0176],[120.43662,-1.02108],[120.43609,-1.02295],[120.43821,-1.02937],[120.43872,-1.03342],[120.43537,-1.0345],[120.43438,-1.03576],[120.43289,-1.03982],[120.43079,-1.041],[120.4286,-1.04422],[120.42495,-1.0458],[120.42301,-1.04848],[120.42255,-1.05147],[120.42098,-1.05432],[120.41849,-1.05534],[120.41768,-1.05623],[120.4186,-1.05814],[120.4188,-1.05989],[120.41837,-1.06455],[120.41731,-1.06689],[120.4192,-1.06828],[120.4168,-1.0712],[120.41609,-1.07356],[120.41637,-1.0774],[120.41564,-1.08009],[120.41587,-1.08068],[120.41686,-1.0813],[120.41671,-1.08259],[120.41493,-1.08594],[120.41477,-1.08691],[120.41301,-1.08876],[120.41264,-1.09007],[120.41125,-1.09201],[120.41204,-1.0952],[120.41186,-1.09684],[120.41248,-1.09849],[120.41248,-1.10119],[120.41211,-1.10215],[120.41012,-1.10226],[120.40991,-1.10561],[120.4106,-1.10693],[120.41054,-1.10873],[120.40954,-1.10967],[120.40957,-1.11093],[120.40886,-1.1112],[120.40862,-1.11177],[120.4098,-1.1121],[120.41055,-1.11277],[120.41023,-1.1153],[120.41154,-1.11682],[120.41123,-1.1203],[120.41009,-1.12116],[120.40982,-1.12182],[120.41009,-1.12468],[120.40905,-1.12744],[120.40966,-1.12979],[120.41038,-1.13066],[120.41074,-1.13309],[120.4121,-1.1349],[120.41177,-1.13685],[120.41196,-1.13833],[120.41083,-1.1392],[120.40835,-1.14328],[120.3781,-1.14451],[120.37534,-1.14687],[120.36155,-1.14845],[120.3584,-1.15081],[120.35209,-1.15199],[120.34382,-1.15554],[120.33535,-1.15554],[120.33497,-1.14856],[120.32395,-1.13886],[120.31285,-1.13878],[120.31451,-1.13677],[120.31488,-1.13406],[120.31586,-1.13165],[120.31688,-1.13065],[120.31744,-1.12923],[120.3188,-1.12812],[120.31931,-1.1263],[120.32054,-1.1254],[120.32054,-1.12402],[120.31956,-1.12213],[120.32177,-1.11956],[120.32227,-1.11596],[120.32365,-1.11475],[120.32548,-1.11418],[120.32541,-1.11349],[120.32486,-1.11312],[120.32607,-1.11153],[120.32629,-1.10911],[120.32547,-1.10695],[120.32399,-1.10621],[120.32357,-1.10486],[120.32259,-1.10368],[120.32248,-1.10119],[120.32312,-1.09997],[120.32737,-1.09687],[120.32856,-1.09171],[120.33033,-1.09065],[120.33087,-1.08982],[120.32993,-1.08725],[120.33027,-1.08595],[120.32881,-1.08395],[120.3292,-1.08163],[120.3285,-1.07945],[120.32844,-1.07706],[120.33008,-1.0749],[120.33289,-1.07334],[120.33536,-1.07051],[120.33569,-1.06891],[120.33704,-1.06804],[120.33711,-1.06689],[120.33551,-1.06405],[120.33549,-1.06237],[120.3363,-1.06082],[120.33809,-1.05963],[120.33996,-1.05763],[120.3403,-1.05481],[120.33994,-1.0527],[120.3417,-1.04765],[120.34131,-1.04368],[120.3418,-1.0412],[120.34318,-1.03897],[120.34373,-1.03572],[120.34473,-1.03331],[120.34552,-1.03257],[120.3474,-1.03215],[120.34787,-1.03157],[120.34706,-1.02614],[120.34783,-1.02661],[120.34808,-1.02604],[120.34874,-1.02586],[120.34886,-1.02487],[120.35133,-1.02226],[120.35213,-1.02205],[120.3525,-1.02083],[120.35509,-1.02132],[120.3559,-1.02108],[120.35639,-1.01963],[120.3561,-1.01894],[120.35639,-1.01719],[120.35699,-1.01645],[120.35732,-1.01499],[120.35687,-1.01453],[120.35701,-1.01365],[120.35658,-1.01278],[120.35691,-1.00935],[120.35627,-1.00921],[120.35564,-1.00764],[120.35528,-1.00776],[120.35368,-1.00651],[120.35275,-1.00487],[120.35302,-1.00417],[120.35275,-1.00247],[120.35381,-0.99886],[120.35305,-0.99754],[120.35194,-0.99665],[120.35271,-0.99596],[120.35315,-0.99388],[120.35197,-0.99274],[120.35229,-0.9911],[120.3533,-0.98992],[120.35434,-0.98752],[120.35451,-0.98262],[120.35507,-0.9812],[120.35752,-0.9654],[120.35553,-0.96479],[120.35409,-0.96326],[120.3534,-0.96302],[120.35332,-0.96204],[120.34711,-0.95765],[120.34686,-0.95669],[120.3473,-0.95607],[120.34863,-0.95526],[120.34881,-0.9546],[120.35059,-0.95279],[120.35118,-0.95254],[120.35153,-0.9531],[120.35216,-0.95293],[120.35022,-0.95019],[120.34954,-0.94521],[120.3499,-0.94501],[120.35089,-0.9462],[120.35184,-0.94613],[120.35176,-0.94565],[120.35096,-0.94584],[120.35092,-0.94547],[120.352,-0.94261],[120.35313,-0.94189],[120.35413,-0.94217],[120.35544,-0.94167],[120.35697,-0.94216],[120.35768,-0.9431],[120.35842,-0.94323],[120.35807,-0.9418],[120.36104,-0.94115],[120.36184,-0.94021],[120.36267,-0.93776],[120.36467,-0.93567],[120.36736,-0.93566],[120.36795,-0.93632],[120.36695,-0.93664],[120.36779,-0.93667],[120.36846,-0.93719],[120.36947,-0.93663],[120.36997,-0.93689],[120.37012,-0.93658],[120.36947,-0.93605],[120.36872,-0.93619],[120.36885,-0.93367],[120.37074,-0.9324],[120.37065,-0.93183],[120.36992,-0.93205],[120.36994,-0.93046],[120.37197,-0.92777],[120.37533,-0.9287],[120.38087,-0.92857],[120.38148,-0.92894],[120.38183,-0.92833],[120.38945,-0.92688],[120.39058,-0.92573],[120.39114,-0.92589],[120.39142,-0.92509],[120.39296,-0.92614],[120.39466,-0.92492],[120.39518,-0.92511],[120.39589,-0.92564],[120.39486,-0.9264],[120.39517,-0.92697],[120.39575,-0.92694],[120.39655,-0.92493],[120.39732,-0.92419],[120.39788,-0.92518],[120.40054,-0.9259],[120.40425,-0.92526],[120.40482,-0.9242],[120.40629,-0.92331],[120.40937,-0.92433],[120.41163,-0.92444],[120.4169,-0.92865],[120.4204,-0.93066],[120.42185,-0.93203],[120.42419,-0.93585],[120.42724,-0.93908],[120.42804,-0.93904],[120.42959,-0.93975],[120.43001,-0.94124],[120.43072,-0.94153],[120.43101,-0.94236],[120.43072,-0.94265],[120.43118,-0.94411],[120.43086,-0.94515],[120.43165,-0.95196],[120.43264,-0.95607],[120.43259,-0.95964],[120.43441,-0.96458],[120.43594,-0.96629],[120.43525,-0.96656],[120.43467,-0.9659],[120.43502,-0.96716],[120.43586,-0.96755],[120.43649,-0.96729],[120.43701,-0.96849],[120.43819,-0.96806],[120.43797,-0.96762],[120.439,-0.96856],[120.43974,-0.96845],[120.43993,-0.96901],[120.43963,-0.96926],[120.44001,-0.9695],[120.44057,-0.96919],[120.44235,-0.96952],[120.44248,-0.97015],[120.44319,-0.97048],[120.44311,-0.97182],[120.44367,-0.97266],[120.44449,-0.97336],[120.44507,-0.97327],[120.44553,-0.97455],[120.44617,-0.9744],[120.44691,-0.9748],[120.44678,-0.97537],[120.44824,-0.97571],[120.44862,-0.97646]]]]}},{"type":"Feature","properties":{"NAMOBJ":"Parigi Selatan","KODE_KAB":7208},"geometry":{"type":"MultiPolygon","coordinates":[[[[120.28479,-0.9378],[120.28365,-0.93747],[120.28285,-0.93786],[120.28247,-0.94016],[120.27999,-0.94357],[120.27942,-0.94354],[120.27823,-0.94231],[120.27764,-0.94258],[120.27692,-0.94448],[120.27463,-0.94355],[120.27344,-0.94377],[120.2734,-0.94504],[120.27485,-0.94708],[120.27429,-0.94768],[120.27331,-0.94745],[120.27277,-0.94771],[120.27308,-0.94848],[120.2728,-0.94937],[120.27352,-0.9509],[120.27277,-0.95157],[120.27286,-0.95281],[120.27249,-0.95295],[120.27216,-0.95222],[120.27135,-0.95267],[120.27023,-0.95222],[120.26958,-0.95281],[120.26883,-0.95232],[120.2683,-0.95266],[120.26835,-0.95315],[120.26909,-0.95337],[120.26897,-0.95491],[120.27017,-0.95541],[120.27001,-0.95637],[120.26846,-0.95588],[120.26833,-0.95744],[120.26733,-0.95796],[120.26709,-0.9575],[120.26741,-0.956],[120.26636,-0.95561],[120.2663,-0.95652],[120.26546,-0.95709],[120.2649,-0.95691],[120.26482,-0.95616],[120.26443,-0.95619],[120.26371,-0.95803],[120.26265,-0.9584],[120.26261,-0.96016],[120.26447,-0.96167],[120.2636,-0.96231],[120.26359,-0.96372],[120.26244,-0.96462],[120.26328,-0.96592],[120.26241,-0.96692],[120.26176,-0.96924],[120.26202,-0.97027],[120.26173,-0.97205],[120.2632,-0.97462],[120.26233,-0.97699],[120.26149,-0.97746],[120.25917,-0.97758],[120.2587,-0.97824],[120.25884,-0.9795],[120.25772,-0.98113],[120.25653,-0.98142],[120.25528,-0.98057],[120.25208,-0.98375],[120.24957,-0.98364],[120.24853,-0.9842],[120.24657,-0.98401],[120.24646,-0.98643],[120.24579,-0.98762],[120.24413,-0.98846],[120.24318,-0.99015],[120.24166,-0.99084],[120.24102,-0.99239],[120.23857,-0.99322],[120.23727,-0.99515],[120.23709,-0.99667],[120.23637,-0.99787],[120.23498,-0.9967],[120.23386,-0.99648],[120.23402,-0.99538],[120.23356,-0.99507],[120.23269,-0.99509],[120.23182,-0.99586],[120.23103,-0.99589],[120.23017,-0.99675],[120.23061,-1.00168],[120.2292,-1.00414],[120.23101,-1.00576],[120.2311,-1.00715],[120.2303,-1.00785],[120.23057,-1.00939],[120.22945,-1.01081],[120.22877,-1.01317],[120.228,-1.0134],[120.22698,-1.01293],[120.22553,-1.01359],[120.22436,-1.01295],[120.22377,-1.01394],[120.22225,-1.01476],[120.22079,-1.01471],[120.21594,-1.01762],[120.21379,-1.01778],[120.21168,-1.01872],[120.2098,-1.02012],[120.20168,-1.02813],[120.19934,-1.03152],[120.19714,-1.03815],[120.19571,-1.04054],[120.19358,-1.04142],[120.18954,-1.04178],[120.18789,-1.04274],[120.18662,-1.04466],[120.18394,-1.04445],[120.17817,-1.0464],[120.17725,-1.04821],[120.17668,-1.04805],[120.17536,-1.04984],[120.17481,-1.05005],[120.17398,-1.04974],[120.17286,-1.05065],[120.16984,-1.05043],[120.16673,-1.04933],[120.16426,-1.05038],[120.15477,-1.04941],[120.14472,-1.03963],[120.1397,-1.03877],[120.1283,-1.04038],[120.12146,-1.03662],[120.11455,-1.02703],[120.11446,-1.02334],[120.1129,-1.021],[120.11182,-1.01645],[120.09898,-1.02189],[120.09211,-1.02045],[120.09128,-1.01892],[120.09004,-1.01334],[120.07905,-1.01236],[120.08037,-1.01008],[120.07697,-1.00941],[120.07529,-1.00825],[120.07546,-1.00721],[120.07682,-1.00535],[120.07628,-1.00366],[120.07681,-1.00207],[120.07331,-0.99041],[120.07411,-0.9857],[120.07331,-0.98397],[120.07331,-0.9807],[120.06436,-0.97176],[120.05231,-0.9702],[120.05269,-0.96282],[120.05853,-0.95543],[120.06281,-0.94649],[120.06436,-0.93639],[120.06553,-0.92434],[120.06479,-0.91915],[120.06623,-0.91267],[120.06733,-0.91138],[120.0672,-0.90972],[120.06615,-0.90839],[120.0682,-0.90684],[120.06875,-0.90571],[120.06955,-0.90534],[120.07071,-0.90299],[120.07461,-0.90187],[120.07776,-0.89855],[120.08052,-0.89669],[120.08099,-0.89481],[120.08452,-0.89212],[120.08575,-0.89081],[120.08606,-0.88979],[120.0888,-0.88678],[120.09554,-0.88437],[120.09932,-0.88239],[120.10516,-0.87797],[120.10599,-0.8742],[120.10421,-0.87048],[120.10672,-0.87069],[120.1116,-0.86837],[120.11297,-0.86613],[120.11319,-0.86476],[120.11441,-0.86217],[120.11467,-0.86012],[120.11538,-0.85941],[120.11586,-0.85802],[120.11708,-0.8586],[120.11777,-0.85834],[120.11883,-0.85893],[120.1194,-0.85839],[120.12177,-0.8584],[120.12413,-0.85662],[120.1255,-0.8566],[120.12668,-0.85725],[120.12722,-0.85577],[120.12864,-0.85591],[120.12948,-0.8554],[120.13053,-0.85576],[120.13116,-0.85536],[120.13275,-0.85568],[120.13411,-0.85515],[120.14032,-0.86084],[120.14249,-0.86028],[120.14568,-0.86031],[120.15093,-0.85784],[120.15638,-0.85702],[120.157,-0.85757],[120.15728,-0.85899],[120.1571,-0.86021],[120.15607,-0.86113],[120.15634,-0.86252],[120.15787,-0.86206],[120.16349,-0.8623],[120.16483,-0.86131],[120.16578,-0.86189],[120.1689,-0.86145],[120.17045,-0.8601],[120.17054,-0.85823],[120.1716,-0.85807],[120.17286,-0.85701],[120.17658,-0.85614],[120.17667,-0.85836],[120.1812,-0.85745],[120.18776,-0.85744],[120.18822,-0.85759],[120.18854,-0.85855],[120.18755,-0.85918],[120.19011,-0.85896],[120.19104,-0.85854],[120.19245,-0.85626],[120.19221,-0.85545],[120.19262,-0.85491],[120.19204,-0.854],[120.19266,-0.8535],[120.19263,-0.85291],[120.1937,-0.85182],[120.19542,-0.85138],[120.19633,-0.85038],[120.19696,-0.84675],[120.19955,-0.8476],[120.20182,-0.8493],[120.20473,-0.85072],[120.20739,-0.84958],[120.20785,-0.8486],[120.20767,-0.84787],[120.20918,-0.84774],[120.20988,-0.8463],[120.21123,-0.84585],[120.21205,-0.84616],[120.2135,-0.84557],[120.21533,-0.84637],[120.21615,-0.84633],[120.21576,-0.84511],[120.21495,-0.84417],[120.21339,-0.84397],[120.21247,-0.84465],[120.21181,-0.84327],[120.21205,-0.84247],[120.21267,-0.84221],[120.21501,-0.84336],[120.21803,-0.84302],[120.21889,-0.84327],[120.22114,-0.84539],[120.22282,-0.84937],[120.22491,-0.85091],[120.22801,-0.85442],[120.23163,-0.8621],[120.23155,-0.86367],[120.23226,-0.86383],[120.23525,-0.8696],[120.23662,-0.87112],[120.23928,-0.87222],[120.24125,-0.87396],[120.24162,-0.87569],[120.24064,-0.87748],[120.24079,-0.87858],[120.23976,-0.87888],[120.23961,-0.87956],[120.24064,-0.87989],[120.2414,-0.87954],[120.24226,-0.88031],[120.24087,-0.88211],[120.24159,-0.88458],[120.24254,-0.88614],[120.2438,-0.88754],[120.24558,-0.88867],[120.24668,-0.89057],[120.24837,-0.89216],[120.2559,-0.8968],[120.25636,-0.89749],[120.25704,-0.89747],[120.25943,-0.89871],[120.26122,-0.90054],[120.26214,-0.9009],[120.26996,-0.90728],[120.27225,-0.90871],[120.27555,-0.91188],[120.27739,-0.91425],[120.27841,-0.91571],[120.28043,-0.92113],[120.28351,-0.9249],[120.2835,-0.92667],[120.28305,-0.92711],[120.28335,-0.92729],[120.28352,-0.92923],[120.28293,-0.93277],[120.28341,-0.93446],[120.28466,-0.93644],[120.28479,-0.9378]]]]}},{"type":"Feature","properties":{"NAMOBJ":"Parigi","KODE_KAB":7208},"geometry":{"type":"MultiPolygon","coordinates":[[[[120.2163,-0.81464],[120.21923,-0.8159],[120.21843,-0.8166],[120.21715,-0.81577],[120.21648,-0.81584],[120.2159,-0.81704],[120.21629,-0.81931],[120.21687,-0.82036],[120.21769,-0.82049],[120.21735,-0.8208],[120.21621,-0.82065],[120.21548,-0.81825],[120.21552,-0.81509],[120.2163,-0.81464]]],[[[120.14476,-0.77562],[120.14569,-0.77587],[120.14642,-0.77706],[120.14851,-0.7788],[120.15083,-0.7798],[120.15742,-0.78434],[120.16025,-0.78546],[120.16233,-0.7872],[120.16613,-0.78936],[120.17096,-0.79549],[120.17282,-0.79668],[120.17511,-0.79912],[120.17842,-0.80674],[120.17832,-0.80793],[120.1793,-0.81009],[120.17934,-0.81348],[120.18153,-0.81647],[120.18217,-0.81929],[120.18294,-0.8206],[120.18307,-0.82274],[120.1842,-0.82711],[120.18534,-0.82934],[120.18534,-0.83148],[120.18616,-0.83324],[120.18618,-0.83463],[120.18787,-0.83742],[120.18775,-0.83805],[120.18856,-0.83945],[120.19215,-0.84034],[120.19322,-0.84099],[120.19329,-0.84141],[120.19374,-0.8413],[120.19375,-0.84274],[120.19524,-0.84363],[120.19638,-0.84515],[120.19696,-0.84675],[120.19633,-0.85038],[120.19542,-0.85138],[120.1937,-0.85182],[120.19263,-0.85291],[120.19266,-0.8535],[120.19204,-0.854],[120.19262,-0.85491],[120.19221,-0.85545],[120.19245,-0.85626],[120.19081,-0.85871],[120.18755,-0.85918],[120.18852,-0.85862],[120.18822,-0.85759],[120.18428,-0.85734],[120.18,-0.85757],[120.17667,-0.85836],[120.17643,-0.85573],[120.17373,-0.85215],[120.174,-0.8508],[120.17272,-0.84964],[120.17218,-0.84782],[120.17376,-0.84639],[120.17577,-0.84647],[120.17683,-0.84473],[120.17482,-0.84203],[120.1704,-0.83274],[120.16732,-0.81917],[120.16666,-0.81791],[120.16587,-0.81848],[120.16559,-0.81827],[120.16595,-0.81794],[120.16521,-0.81807],[120.16523,-0.81858],[120.16483,-0.81866],[120.16454,-0.81755],[120.16267,-0.81791],[120.16188,-0.81726],[120.1608,-0.81708],[120.15944,-0.81606],[120.15909,-0.81525],[120.1592,-0.814],[120.16204,-0.8128],[120.16325,-0.81186],[120.16273,-0.81201],[120.16242,-0.81108],[120.15996,-0.80952],[120.15447,-0.80323],[120.15069,-0.80219],[120.14923,-0.80322],[120.14719,-0.80244],[120.14842,-0.79742],[120.14605,-0.79489],[120.14425,-0.79144],[120.14358,-0.79081],[120.14294,-0.79094],[120.14265,-0.79206],[120.14106,-0.79328],[120.1408,-0.79415],[120.13996,-0.79447],[120.13927,-0.79417],[120.13894,-0.79301],[120.136,-0.79282],[120.13549,-0.79195],[120.13556,-0.79113],[120.13369,-0.78959],[120.13184,-0.78946],[120.12913,-0.79012],[120.12793,-0.78944],[120.1276,-0.78821],[120.12713,-0.78785],[120.12947,-0.78243],[120.13145,-0.78012],[120.13552,-0.77805],[120.13658,-0.77841],[120.13733,-0.77631],[120.13823,-0.77607],[120.13979,-0.77472],[120.14064,-0.77262],[120.14149,-0.77266],[120.14255,-0.77424],[120.14476,-0.77562]]]]}},{"type":"Feature","properties":{"NAMOBJ":"Parigi Barat","KODE_KAB":7208},"geometry":{"type":"MultiPolygon","coordinates":[[[[120.17658,-0.85614],[120.17286,-0.85701],[120.1716,-0.85807],[120.17054,-0.85823],[120.17045,-0.8601],[120.1689,-0.86145],[120.16578,-0.86189],[120.16483,-0.86131],[120.16349,-0.8623],[120.15787,-0.86206],[120.15645,-0.86253],[120.15607,-0.86113],[120.1571,-0.86021],[120.15728,-0.85899],[120.157,-0.85757],[120.15638,-0.85702],[120.15093,-0.85784],[120.14568,-0.86031],[120.14249,-0.86028],[120.14032,-0.86084],[120.13411,-0.85515],[120.13275,-0.85568],[120.13116,-0.85536],[120.13053,-0.85576],[120.12948,-0.8554],[120.12864,-0.85591],[120.12722,-0.85577],[120.12668,-0.85725],[120.1255,-0.8566],[120.12413,-0.85662],[120.12177,-0.8584],[120.1194,-0.85839],[120.11883,-0.85893],[120.11592,-0.85798],[120.11467,-0.86012],[120.11441,-0.86217],[120.11319,-0.86476],[120.11297,-0.86613],[120.1116,-0.86837],[120.10672,-0.87069],[120.10421,-0.87048],[120.10599,-0.8742],[120.10516,-0.87797],[120.09932,-0.88239],[120.09554,-0.88437],[120.0888,-0.88678],[120.08606,-0.88979],[120.08575,-0.89081],[120.08452,-0.89212],[120.08099,-0.89481],[120.08052,-0.89669],[120.07776,-0.89855],[120.07461,-0.90187],[120.07071,-0.90299],[120.06955,-0.90534],[120.06875,-0.90571],[120.0682,-0.90684],[120.06615,-0.90839],[120.0649,-0.90745],[120.06419,-0.90569],[120.06062,-0.90003],[120.05084,-0.87323],[120.04686,-0.86345],[120.04658,-0.85123],[120.0455,-0.84715],[120.04387,-0.84443],[120.04382,-0.8307],[120.04235,-0.82873],[120.03907,-0.82823],[120.03835,-0.82737],[120.03789,-0.82352],[120.03789,-0.81347],[120.03623,-0.80844],[120.0381,-0.80583],[120.04012,-0.80405],[120.04548,-0.80656],[120.04612,-0.80724],[120.04642,-0.80841],[120.04886,-0.81003],[120.05354,-0.81018],[120.05798,-0.80941],[120.06058,-0.80825],[120.06435,-0.80471],[120.06739,-0.80468],[120.07099,-0.80304],[120.07329,-0.80301],[120.07562,-0.80237],[120.07699,-0.79882],[120.07832,-0.79785],[120.08959,-0.79548],[120.09155,-0.79407],[120.10352,-0.79814],[120.10626,-0.79848],[120.11273,-0.79808],[120.11773,-0.79525],[120.12094,-0.79478],[120.12512,-0.79479],[120.12519,-0.79348],[120.12609,-0.79209],[120.12618,-0.78919],[120.12713,-0.78785],[120.1276,-0.78821],[120.12793,-0.78944],[120.1288,-0.79008],[120.13184,-0.78946],[120.13369,-0.78959],[120.13556,-0.79113],[120.13549,-0.79195],[120.136,-0.79282],[120.13894,-0.79301],[120.13927,-0.79417],[120.13996,-0.79447],[120.1408,-0.79415],[120.14106,-0.79328],[120.14265,-0.79206],[120.14328,-0.79063],[120.14425,-0.79144],[120.14605,-0.79489],[120.14839,-0.79734],[120.14719,-0.80244],[120.14923,-0.80322],[120.15069,-0.80219],[120.15481,-0.80346],[120.15996,-0.80952],[120.16242,-0.81108],[120.16273,-0.81201],[120.16329,-0.81192],[120.1592,-0.814],[120.15898,-0.81487],[120.15944,-0.81606],[120.16255,-0.81789],[120.16454,-0.81755],[120.16483,-0.81866],[120.16581,-0.81793],[120.16576,-0.81846],[120.16651,-0.81788],[120.16693,-0.81827],[120.1704,-0.83274],[120.17482,-0.84203],[120.17683,-0.84473],[120.17577,-0.84647],[120.17376,-0.84639],[120.17218,-0.84782],[120.17272,-0.84964],[120.174,-0.8508],[120.17373,-0.85215],[120.17658,-0.85614]]]]}},{"type":"Feature","properties":{"NAMOBJ":"Parigi Tengah","KODE_KAB":7208},"geometry":{"type":"MultiPolygon","coordinates":[[[[120.11235,-0.74017],[120.11353,-0.7421],[120.11749,-0.74416],[120.11878,-0.74616],[120.12246,-0.74948],[120.12617,-0.75366],[120.12659,-0.75503],[120.12777,-0.7564],[120.12983,-0.75819],[120.13105,-0.75872],[120.13104,-0.75976],[120.13013,-0.76198],[120.13,-0.76443],[120.1313,-0.76587],[120.13179,-0.76723],[120.13234,-0.76948],[120.13198,-0.77125],[120.13255,-0.77328],[120.13363,-0.77476],[120.13608,-0.77522],[120.13733,-0.77631],[120.13658,-0.77841],[120.1356,-0.77803],[120.1342,-0.77866],[120.13158,-0.78003],[120.12979,-0.78191],[120.12736,-0.78756],[120.12625,-0.78899],[120.12609,-0.79209],[120.12519,-0.79348],[120.12512,-0.79479],[120.11805,-0.79516],[120.11682,-0.79556],[120.11308,-0.798],[120.10626,-0.79848],[120.10266,-0.79791],[120.09155,-0.79407],[120.08959,-0.79548],[120.07832,-0.79785],[120.07699,-0.79882],[120.07562,-0.80237],[120.07329,-0.80301],[120.07099,-0.80304],[120.06739,-0.80468],[120.06435,-0.80471],[120.06058,-0.80825],[120.05798,-0.80941],[120.05354,-0.81018],[120.04886,-0.81003],[120.04642,-0.80841],[120.04612,-0.80724],[120.04548,-0.80656],[120.04012,-0.80405],[120.0381,-0.80583],[120.03623,-0.80844],[120.03425,-0.8048],[120.034,-0.7595],[120.03523,-0.75982],[120.03609,-0.759],[120.03698,-0.75977],[120.04043,-0.75759],[120.04404,-0.75877],[120.04667,-0.75847],[120.04901,-0.75747],[120.05061,-0.75516],[120.05353,-0.75625],[120.05592,-0.75431],[120.05601,-0.75362],[120.06019,-0.7541],[120.06474,-0.75216],[120.06626,-0.75229],[120.06776,-0.75416],[120.07056,-0.75496],[120.07215,-0.7552],[120.07317,-0.75443],[120.07415,-0.75432],[120.07697,-0.75516],[120.07865,-0.75376],[120.08237,-0.75343],[120.08582,-0.75227],[120.09312,-0.75248],[120.09788,-0.75039],[120.10294,-0.75036],[120.10292,-0.75],[120.10153,-0.7492],[120.1012,-0.74842],[120.10297,-0.74851],[120.10468,-0.74923],[120.10641,-0.74881],[120.10682,-0.7442],[120.10926,-0.74312],[120.10945,-0.74136],[120.10999,-0.74075],[120.11097,-0.74071],[120.11104,-0.74009],[120.11189,-0.74048],[120.11235,-0.74017]]]]}},{"type":"Feature","properties":{"NAMOBJ":"Parigi Utara","KODE_KAB":7208},"geometry":{"type":"MultiPolygon","coordinates":[[[[120.06433,-0.6462],[120.06616,-0.6468],[120.06734,-0.64786],[120.06762,-0.64956],[120.06899,-0.65131],[120.06952,-0.65317],[120.07187,-0.65437],[120.07131,-0.65639],[120.07238,-0.65704],[120.07299,-0.65842],[120.07297,-0.66112],[120.0738,-0.66186],[120.07377,-0.66408],[120.07595,-0.6667],[120.07493,-0.66874],[120.07501,-0.66931],[120.07584,-0.67053],[120.07766,-0.67062],[120.07746,-0.67271],[120.07811,-0.67445],[120.07871,-0.67491],[120.08013,-0.67503],[120.08188,-0.67706],[120.08241,-0.67827],[120.08237,-0.68206],[120.0839,-0.68803],[120.08457,-0.68916],[120.08627,-0.69018],[120.08623,-0.69204],[120.0867,-0.69311],[120.08868,-0.69557],[120.0907,-0.69527],[120.09129,-0.69556],[120.09164,-0.6971],[120.09382,-0.70075],[120.09585,-0.70221],[120.09662,-0.7034],[120.09999,-0.70506],[120.10165,-0.70544],[120.10245,-0.70632],[120.10424,-0.71169],[120.10519,-0.71324],[120.10502,-0.71437],[120.10583,-0.71573],[120.106,-0.71751],[120.1066,-0.7188],[120.1065,-0.72003],[120.10728,-0.72223],[120.10686,-0.72549],[120.10754,-0.7284],[120.10769,-0.7318],[120.10853,-0.73373],[120.10975,-0.7351],[120.10953,-0.7363],[120.10985,-0.73721],[120.11118,-0.73874],[120.11234,-0.73924],[120.11235,-0.74017],[120.11189,-0.74048],[120.11104,-0.74009],[120.11097,-0.74071],[120.10999,-0.74075],[120.10945,-0.74136],[120.10926,-0.74312],[120.10682,-0.7442],[120.10641,-0.74881],[120.10468,-0.74923],[120.10297,-0.74851],[120.1012,-0.74842],[120.10153,-0.7492],[120.10292,-0.75],[120.10294,-0.75036],[120.09788,-0.75039],[120.09312,-0.75248],[120.08582,-0.75227],[120.08237,-0.75343],[120.07865,-0.75376],[120.07697,-0.75516],[120.07415,-0.75432],[120.07317,-0.75443],[120.07215,-0.7552],[120.07056,-0.75496],[120.06776,-0.75416],[120.06626,-0.75229],[120.06474,-0.75216],[120.06019,-0.7541],[120.05601,-0.75362],[120.05592,-0.75431],[120.05353,-0.75625],[120.05061,-0.75516],[120.04901,-0.75747],[120.04667,-0.75847],[120.04404,-0.75877],[120.04043,-0.75759],[120.03698,-0.75977],[120.03609,-0.759],[120.03512,-0.75982],[120.034,-0.7595],[120.03382,-0.72545],[120.03273,-0.71784],[120.03164,-0.71241],[120.02705,-0.70843],[120.03,-0.70621],[120.03098,-0.70445],[120.03093,-0.70197],[120.03022,-0.69878],[120.03164,-0.69577],[120.03186,-0.69412],[120.03001,-0.6911],[120.02995,-0.68972],[120.03045,-0.68813],[120.03247,-0.6867],[120.03302,-0.68401],[120.02688,-0.67495],[120.02653,-0.67285],[120.0251,-0.67221],[120.0233,-0.67277],[120.02289,-0.67098],[120.02106,-0.66966],[120.02109,-0.66845],[120.01995,-0.66824],[120.01836,-0.66871],[120.01804,-0.66736],[120.01699,-0.66566],[120.01586,-0.66553],[120.01567,-0.66443],[120.014,-0.66396],[120.01406,-0.66357],[120.01522,-0.66336],[120.01723,-0.66131],[120.01703,-0.66054],[120.0157,-0.6602],[120.01515,-0.65898],[120.01397,-0.65793],[120.01578,-0.65596],[120.01866,-0.65417],[120.01622,-0.65041],[120.01515,-0.64937],[120.01528,-0.64857],[120.01451,-0.64734],[120.01568,-0.6475],[120.01613,-0.64711],[120.01875,-0.64808],[120.01981,-0.64809],[120.02092,-0.64546],[120.023,-0.64545],[120.02348,-0.64604],[120.02557,-0.64516],[120.02805,-0.64501],[120.03307,-0.64544],[120.03548,-0.6461],[120.03739,-0.64569],[120.03878,-0.64674],[120.04048,-0.64684],[120.04237,-0.64799],[120.04364,-0.64815],[120.04659,-0.64946],[120.04862,-0.64868],[120.04911,-0.65052],[120.04878,-0.65212],[120.0483,-0.65236],[120.0467,-0.65204],[120.0462,-0.65275],[120.047,-0.65309],[120.04746,-0.65426],[120.04844,-0.65491],[120.04928,-0.65652],[120.0501,-0.65706],[120.05909,-0.65127],[120.06111,-0.64929],[120.06317,-0.649],[120.063,-0.64783],[120.06433,-0.6462]]]]}},{"type":"Feature","properties":{"NAMOBJ":"Siniu","KODE_KAB":7208},"geometry":{"type":"MultiPolygon","coordinates":[[[[120.0531,-0.51182],[120.05347,-0.51276],[120.05217,-0.51647],[120.05194,-0.52126],[120.05015,-0.5247],[120.04985,-0.52742],[120.04834,-0.52923],[120.0472,-0.53174],[120.04825,-0.53571],[120.049,-0.53627],[120.05124,-0.53987],[120.05135,-0.54062],[120.05074,-0.54168],[120.05081,-0.54662],[120.05299,-0.55074],[120.05244,-0.55243],[120.05244,-0.55525],[120.05135,-0.56071],[120.05138,-0.56236],[120.05302,-0.56625],[120.05542,-0.56916],[120.05578,-0.57174],[120.05646,-0.57206],[120.05657,-0.57397],[120.05533,-0.57575],[120.05501,-0.57759],[120.05665,-0.58376],[120.05672,-0.5874],[120.05766,-0.58982],[120.05713,-0.59177],[120.0576,-0.59276],[120.05864,-0.59357],[120.0573,-0.59533],[120.05714,-0.59662],[120.05754,-0.59772],[120.05889,-0.5988],[120.05977,-0.60037],[120.06137,-0.60624],[120.06054,-0.61083],[120.06268,-0.61879],[120.06245,-0.62145],[120.06144,-0.62538],[120.05965,-0.62712],[120.05863,-0.62882],[120.05867,-0.63056],[120.06037,-0.63524],[120.06181,-0.63676],[120.06226,-0.63976],[120.06475,-0.64444],[120.06402,-0.6454],[120.06433,-0.6462],[120.063,-0.64783],[120.06317,-0.649],[120.06111,-0.64929],[120.05909,-0.65127],[120.0501,-0.65706],[120.04928,-0.65652],[120.04844,-0.65491],[120.04746,-0.65426],[120.047,-0.65309],[120.0462,-0.65275],[120.0467,-0.65204],[120.0483,-0.65236],[120.04878,-0.65212],[120.04911,-0.65052],[120.04862,-0.64868],[120.04659,-0.64946],[120.04364,-0.64815],[120.04237,-0.64799],[120.04048,-0.64684],[120.03878,-0.64674],[120.03739,-0.64569],[120.03548,-0.6461],[120.03307,-0.64544],[120.02805,-0.64501],[120.02557,-0.64516],[120.02348,-0.64604],[120.023,-0.64545],[120.02092,-0.64546],[120.01981,-0.64809],[120.01875,-0.64808],[120.01613,-0.64711],[120.0176,-0.64639],[120.01733,-0.64514],[120.01871,-0.64156],[120.01814,-0.64015],[120.01408,-0.63909],[120.01184,-0.64014],[120.01124,-0.64003],[120.00705,-0.63758],[120.00224,-0.63379],[120.00214,-0.63263],[120.00257,-0.63214],[120.00531,-0.63076],[120.00564,-0.63016],[120.00574,-0.6295],[120.00487,-0.62708],[120.00476,-0.62477],[120.00548,-0.62307],[120.00679,-0.62175],[120.00821,-0.61528],[120.00768,-0.61215],[120.0069,-0.61022],[120.00526,-0.60879],[120.00352,-0.60813],[120.00335,-0.60764],[120.00319,-0.59997],[120.00096,-0.59238],[120,-0.59087],[119.99824,-0.59037],[119.99583,-0.59049],[119.98874,-0.58784],[119.98774,-0.5855],[119.98707,-0.57752],[119.98638,-0.5766],[119.98159,-0.57372],[119.97709,-0.56782],[119.97604,-0.56622],[119.97553,-0.56219],[119.9745,-0.55923],[119.96958,-0.55342],[119.96754,-0.55192],[119.96137,-0.54944],[119.9626,-0.54869],[119.96458,-0.54646],[119.96677,-0.54214],[119.96776,-0.54125],[119.97027,-0.5401],[119.97297,-0.53958],[119.97481,-0.54022],[119.97652,-0.53948],[119.97843,-0.53981],[119.97947,-0.53791],[119.98058,-0.53734],[119.98156,-0.53759],[119.9834,-0.53918],[119.98522,-0.53911],[119.98681,-0.53692],[119.9877,-0.53747],[119.98842,-0.53722],[119.98923,-0.53643],[119.98989,-0.53483],[119.99182,-0.53418],[119.99228,-0.53261],[119.99358,-0.53161],[119.99628,-0.53221],[119.99958,-0.53436],[120.00322,-0.53321],[120.00459,-0.53143],[120.00628,-0.53092],[120.00767,-0.5289],[120.00912,-0.52767],[120.01014,-0.52524],[120.01171,-0.52348],[120.01206,-0.52241],[120.01359,-0.522],[120.01362,-0.52139],[120.01284,-0.52062],[120.01294,-0.52001],[120.01363,-0.51984],[120.01537,-0.52082],[120.01604,-0.5206],[120.01495,-0.51868],[120.01624,-0.5157],[120.01899,-0.51678],[120.01931,-0.51836],[120.02213,-0.52037],[120.02311,-0.52025],[120.02357,-0.51978],[120.02419,-0.51845],[120.02406,-0.51656],[120.02492,-0.51626],[120.02629,-0.51694],[120.02716,-0.51592],[120.02718,-0.51483],[120.02909,-0.51422],[120.03346,-0.51421],[120.03564,-0.51475],[120.03618,-0.51677],[120.03791,-0.51724],[120.03937,-0.51716],[120.04233,-0.51881],[120.04368,-0.51796],[120.04429,-0.517],[120.04428,-0.51456],[120.04698,-0.51233],[120.04662,-0.51088],[120.04729,-0.50981],[120.04725,-0.50883],[120.04834,-0.50895],[120.04966,-0.50966],[120.05075,-0.51085],[120.0531,-0.51182]]]]}},{"type":"Feature","properties":{"NAMOBJ":"Ampibabo","KODE_KAB":7208},"geometry":{"type":"MultiPolygon","coordinates":[[[[120.08713,-0.45794],[120.08625,-0.45825],[120.08586,-0.45729],[120.08685,-0.45719],[120.08713,-0.45794]]],[[[120.0744,-0.44912],[120.07405,-0.44887],[120.07437,-0.44829],[120.07474,-0.44888],[120.0744,-0.44912]]],[[[120.06976,-0.43662],[120.06978,-0.43664],[120.06978,-0.43664],[120.06973,-0.43661],[120.06969,-0.4366],[120.06964,-0.43658],[120.06959,-0.43657],[120.06953,-0.43656],[120.06947,-0.43655],[120.06941,-0.43654],[120.06938,-0.43651],[120.06935,-0.43648],[120.06935,-0.43648],[120.06944,-0.43651],[120.06976,-0.43662]]],[[[120.04554,-0.39785],[120.04702,-0.3985],[120.05025,-0.39715],[120.05188,-0.39761],[120.05293,-0.39887],[120.05281,-0.40055],[120.05357,-0.40119],[120.05299,-0.40188],[120.05322,-0.40393],[120.0534,-0.40425],[120.05435,-0.40418],[120.05459,-0.40472],[120.05353,-0.40539],[120.05331,-0.40659],[120.05528,-0.40984],[120.05535,-0.41175],[120.05641,-0.41182],[120.05717,-0.41331],[120.05669,-0.41555],[120.05718,-0.41758],[120.0579,-0.41847],[120.05993,-0.41853],[120.06042,-0.41758],[120.06137,-0.41731],[120.06246,-0.41635],[120.06314,-0.41635],[120.06353,-0.41576],[120.06482,-0.41595],[120.06522,-0.4172],[120.06488,-0.41748],[120.0639,-0.41698],[120.06299,-0.41786],[120.06281,-0.41893],[120.06372,-0.42099],[120.06515,-0.42104],[120.06607,-0.42184],[120.06496,-0.42312],[120.06475,-0.424],[120.06488,-0.42675],[120.06538,-0.42778],[120.06531,-0.42948],[120.06574,-0.43098],[120.06776,-0.43193],[120.06881,-0.43091],[120.07071,-0.43255],[120.07053,-0.4331],[120.06911,-0.43348],[120.06854,-0.43608],[120.06993,-0.43677],[120.07158,-0.43887],[120.07192,-0.441],[120.07234,-0.44158],[120.07111,-0.44422],[120.072,-0.4493],[120.0705,-0.45416],[120.07069,-0.45492],[120.07016,-0.45716],[120.07046,-0.45854],[120.06961,-0.46148],[120.06773,-0.46306],[120.06687,-0.46434],[120.06427,-0.47121],[120.0614,-0.4743],[120.05761,-0.4794],[120.0561,-0.48055],[120.05581,-0.48145],[120.05496,-0.48189],[120.05267,-0.48458],[120.05131,-0.48544],[120.04964,-0.4883],[120.04897,-0.49819],[120.0496,-0.50061],[120.05031,-0.50166],[120.04968,-0.50419],[120.05161,-0.50672],[120.05317,-0.51172],[120.05075,-0.51085],[120.04966,-0.50966],[120.04834,-0.50895],[120.04725,-0.50883],[120.04729,-0.50981],[120.04662,-0.51088],[120.04698,-0.51233],[120.04428,-0.51456],[120.04429,-0.517],[120.04368,-0.51796],[120.04233,-0.51881],[120.03937,-0.51716],[120.03791,-0.51724],[120.03618,-0.51677],[120.03564,-0.51475],[120.03346,-0.51421],[120.02909,-0.51422],[120.02718,-0.51483],[120.02716,-0.51592],[120.02629,-0.51694],[120.02492,-0.51626],[120.02406,-0.51656],[120.02419,-0.51845],[120.02357,-0.51978],[120.02311,-0.52025],[120.02213,-0.52037],[120.01931,-0.51836],[120.01899,-0.51678],[120.01624,-0.5157],[120.01495,-0.51868],[120.01604,-0.5206],[120.01537,-0.52082],[120.01363,-0.51984],[120.01294,-0.52001],[120.01284,-0.52062],[120.01362,-0.52139],[120.01359,-0.522],[120.01206,-0.52241],[120.01171,-0.52348],[120.01014,-0.52524],[120.00912,-0.52767],[120.00767,-0.5289],[120.00628,-0.53092],[120.00459,-0.53143],[120.00322,-0.53321],[119.99958,-0.53436],[119.99628,-0.53221],[119.99449,-0.53156],[119.99338,-0.53167],[119.99228,-0.53261],[119.99182,-0.53418],[119.98989,-0.53483],[119.98923,-0.53643],[119.98824,-0.53735],[119.98666,-0.53704],[119.98603,-0.53842],[119.98522,-0.53911],[119.9834,-0.53918],[119.98156,-0.53759],[119.98024,-0.53736],[119.97947,-0.53791],[119.97843,-0.53981],[119.97652,-0.53948],[119.97481,-0.54022],[119.97243,-0.53963],[119.97027,-0.5401],[119.96776,-0.54125],[119.96677,-0.54214],[119.96524,-0.54546],[119.96385,-0.54741],[119.96137,-0.54944],[119.95715,-0.54711],[119.95537,-0.54592],[119.95498,-0.54406],[119.95345,-0.54053],[119.95335,-0.5376],[119.95065,-0.52668],[119.94679,-0.52191],[119.94337,-0.51642],[119.94124,-0.51531],[119.94006,-0.51576],[119.93892,-0.51557],[119.93647,-0.51344],[119.9315,-0.50516],[119.93151,-0.50236],[119.93298,-0.50058],[119.93244,-0.49809],[119.93521,-0.4957],[119.93593,-0.49239],[119.93568,-0.49021],[119.93464,-0.48792],[119.93251,-0.4863],[119.93472,-0.48386],[119.93493,-0.48085],[119.9359,-0.47797],[119.93542,-0.47444],[119.93586,-0.47199],[119.93569,-0.4709],[119.9373,-0.46825],[119.93929,-0.46615],[119.94079,-0.46239],[119.94215,-0.46093],[119.94204,-0.46027],[119.94018,-0.4586],[119.93949,-0.45721],[119.93949,-0.4522],[119.93915,-0.45054],[119.93724,-0.44761],[119.94001,-0.44505],[119.94248,-0.44371],[119.94696,-0.44232],[119.95072,-0.43994],[119.95258,-0.43953],[119.95573,-0.43958],[119.95739,-0.43752],[119.9628,-0.43466],[119.96758,-0.43473],[119.97046,-0.43404],[119.9739,-0.43224],[119.97535,-0.43064],[119.97613,-0.4309],[119.97764,-0.43341],[119.98149,-0.43539],[119.98365,-0.43524],[119.98689,-0.4341],[119.98893,-0.43464],[119.99059,-0.43443],[119.99202,-0.432],[119.99586,-0.43036],[119.99778,-0.43048],[120.0003,-0.42761],[120.00284,-0.42688],[120.00431,-0.42395],[120.0058,-0.42272],[120.00719,-0.4223],[120.00803,-0.42249],[120.00845,-0.42301],[120.00843,-0.42489],[120.00878,-0.4251],[120.01187,-0.42388],[120.01188,-0.4226],[120.01311,-0.42186],[120.01333,-0.41894],[120.01483,-0.41798],[120.01535,-0.41678],[120.01668,-0.41601],[120.01695,-0.41495],[120.01796,-0.41434],[120.01957,-0.41235],[120.01965,-0.41119],[120.02051,-0.41023],[120.02073,-0.40924],[120.02262,-0.40748],[120.02257,-0.40614],[120.02316,-0.40566],[120.0234,-0.40324],[120.02575,-0.40062],[120.02591,-0.39841],[120.0269,-0.39714],[120.02821,-0.39676],[120.0293,-0.39699],[120.02942,-0.39953],[120.02997,-0.39992],[120.03218,-0.39939],[120.0344,-0.40055],[120.03658,-0.40106],[120.03743,-0.40029],[120.03968,-0.39978],[120.04081,-0.39811],[120.04315,-0.3978],[120.04505,-0.39672],[120.04554,-0.39785]]]]}},{"type":"Feature","properties":{"NAMOBJ":"Toribulu","KODE_KAB":7208},"geometry":{"type":"MultiPolygon","coordinates":[[[[120.04084,-0.37231],[120.04233,-0.37291],[120.04261,-0.3754],[120.04108,-0.37543],[120.03987,-0.37419],[120.03964,-0.37246],[120.04084,-0.37231]]],[[[120.00325,-0.26574],[120.00833,-0.26566],[120.00713,-0.27045],[120.00683,-0.27473],[120.00727,-0.2758],[120.00699,-0.27625],[120.00768,-0.2796],[120.00889,-0.2813],[120.00867,-0.28319],[120.00815,-0.28413],[120.0084,-0.28573],[120.00901,-0.28704],[120.00995,-0.28792],[120.01152,-0.29146],[120.01232,-0.29216],[120.01408,-0.29274],[120.01483,-0.29371],[120.01698,-0.29453],[120.02008,-0.29495],[120.0236,-0.29874],[120.02507,-0.29901],[120.0282,-0.30106],[120.03039,-0.30413],[120.03166,-0.31087],[120.0328,-0.31268],[120.03331,-0.31599],[120.0327,-0.319],[120.03262,-0.32136],[120.03309,-0.32303],[120.03255,-0.32613],[120.03355,-0.33299],[120.03337,-0.33533],[120.03254,-0.33802],[120.03264,-0.3399],[120.03348,-0.34175],[120.03318,-0.34316],[120.03231,-0.34153],[120.03155,-0.34135],[120.03089,-0.34191],[120.03084,-0.3433],[120.0319,-0.34509],[120.03115,-0.34678],[120.03117,-0.34786],[120.03255,-0.35034],[120.03304,-0.35617],[120.03359,-0.3571],[120.03399,-0.35711],[120.03401,-0.35783],[120.03439,-0.35754],[120.03535,-0.3586],[120.0348,-0.35863],[120.03559,-0.359],[120.03506,-0.35909],[120.0342,-0.36049],[120.03399,-0.36184],[120.03436,-0.36326],[120.03549,-0.36421],[120.0362,-0.36554],[120.03683,-0.36723],[120.03657,-0.36797],[120.03741,-0.36809],[120.03766,-0.36735],[120.03821,-0.36753],[120.03831,-0.36816],[120.03802,-0.36919],[120.03722,-0.36989],[120.03603,-0.36905],[120.0351,-0.36917],[120.03469,-0.37139],[120.03584,-0.37255],[120.0379,-0.37606],[120.03988,-0.37582],[120.04041,-0.37617],[120.0406,-0.37759],[120.03899,-0.37993],[120.0389,-0.38146],[120.03923,-0.38361],[120.04054,-0.38614],[120.04039,-0.38733],[120.04166,-0.38866],[120.04072,-0.391],[120.04106,-0.3916],[120.04232,-0.3912],[120.04308,-0.39181],[120.04318,-0.39453],[120.04505,-0.39672],[120.04315,-0.3978],[120.04081,-0.39811],[120.03968,-0.39978],[120.03743,-0.40029],[120.03658,-0.40106],[120.0344,-0.40055],[120.03218,-0.39939],[120.02997,-0.39992],[120.02942,-0.39953],[120.0293,-0.39699],[120.02821,-0.39676],[120.0269,-0.39714],[120.02591,-0.39841],[120.02575,-0.40062],[120.0234,-0.40324],[120.02316,-0.40566],[120.02257,-0.40614],[120.02262,-0.40748],[120.02073,-0.40924],[120.02051,-0.41023],[120.01965,-0.41119],[120.01957,-0.41235],[120.01796,-0.41434],[120.01695,-0.41495],[120.01668,-0.41601],[120.01535,-0.41678],[120.01483,-0.41798],[120.01333,-0.41894],[120.01311,-0.42186],[120.01188,-0.4226],[120.01187,-0.42388],[120.00878,-0.4251],[120.00843,-0.42489],[120.00845,-0.42301],[120.00803,-0.42249],[120.00719,-0.4223],[120.0058,-0.42272],[120.00431,-0.42395],[120.00284,-0.42688],[120.0003,-0.42761],[119.99778,-0.43048],[119.99586,-0.43036],[119.99202,-0.432],[119.99059,-0.43443],[119.98893,-0.43464],[119.98689,-0.4341],[119.98365,-0.43524],[119.98149,-0.43539],[119.97764,-0.43341],[119.97613,-0.4309],[119.97535,-0.43064],[119.97308,-0.43279],[119.96933,-0.43443],[119.9665,-0.43478],[119.96355,-0.4345],[119.96211,-0.4349],[119.95739,-0.43752],[119.95573,-0.43958],[119.95258,-0.43953],[119.95072,-0.43994],[119.94696,-0.44232],[119.94093,-0.44453],[119.93724,-0.44761],[119.93659,-0.44749],[119.93747,-0.4422],[119.94544,-0.42409],[119.94689,-0.41757],[119.94652,-0.37701],[119.94544,-0.36179],[119.94508,-0.34658],[119.94145,-0.33137],[119.93819,-0.31434],[119.93421,-0.29986],[119.93312,-0.29044],[119.93131,-0.28283],[119.93107,-0.27925],[119.93144,-0.27867],[119.93273,-0.27873],[119.93402,-0.278],[119.93596,-0.27826],[119.93669,-0.27798],[119.93848,-0.27996],[119.9397,-0.27965],[119.94026,-0.27996],[119.94134,-0.27952],[119.94155,-0.28045],[119.94308,-0.28161],[119.94376,-0.28317],[119.94697,-0.28085],[119.94808,-0.28057],[119.95204,-0.27801],[119.953,-0.2778],[119.95508,-0.27563],[119.957,-0.27558],[119.95768,-0.27371],[119.9587,-0.27342],[119.9593,-0.27244],[119.96011,-0.27201],[119.96251,-0.2721],[119.96615,-0.27437],[119.97147,-0.27453],[119.97265,-0.27537],[119.97362,-0.2753],[119.97823,-0.27343],[119.97896,-0.27257],[119.98062,-0.27172],[119.98312,-0.27238],[119.98476,-0.27203],[119.98939,-0.26994],[119.99386,-0.27071],[119.9966,-0.26994],[119.99659,-0.26805],[120.00003,-0.26519],[120.00113,-0.26512],[120.00325,-0.26574]]]]}},{"type":"Feature","properties":{"NAMOBJ":"Kasimbar","KODE_KAB":7208},"geometry":{"type":"MultiPolygon","coordinates":[[[[120.04292,-0.0567],[120.0411,-0.05732],[120.03865,-0.05901],[120.03774,-0.06003],[120.03684,-0.06307],[120.03469,-0.0652],[120.03443,-0.06688],[120.03494,-0.06763],[120.03488,-0.07093],[120.03304,-0.07342],[120.03248,-0.07626],[120.03356,-0.08005],[120.035,-0.08184],[120.03355,-0.08454],[120.0332,-0.08717],[120.0345,-0.10004],[120.03594,-0.10463],[120.03775,-0.10661],[120.03929,-0.10947],[120.04099,-0.11142],[120.04001,-0.11471],[120.03995,-0.11679],[120.04169,-0.12432],[120.04214,-0.12819],[120.03973,-0.14127],[120.03707,-0.14781],[120.03521,-0.14957],[120.0345,-0.15351],[120.03048,-0.15768],[120.02869,-0.1607],[120.02599,-0.16372],[120.02401,-0.16472],[120.02309,-0.16591],[120.02099,-0.16681],[120.01927,-0.17255],[120.01679,-0.17372],[120.01487,-0.17294],[120.01307,-0.17283],[120.01015,-0.1751],[120.00907,-0.17664],[120.00857,-0.17833],[120.00859,-0.18006],[120.0095,-0.18194],[120.0101,-0.18558],[120.0084,-0.18739],[120.00751,-0.18909],[120.00846,-0.19115],[120.00715,-0.19123],[120.00793,-0.19242],[120.00855,-0.19249],[120.00891,-0.19176],[120.0105,-0.1957],[120.00984,-0.19787],[120.00999,-0.20059],[120.00848,-0.20148],[120.00851,-0.2035],[120.00809,-0.20476],[120.00927,-0.20718],[120.0085,-0.2096],[120.0087,-0.2105],[120.00802,-0.21168],[120.00829,-0.21498],[120.00913,-0.21658],[120.00789,-0.21846],[120.00771,-0.21947],[120.009,-0.22241],[120.0082,-0.22258],[120.0074,-0.222],[120.00616,-0.22207],[120.00511,-0.22317],[120.00567,-0.22676],[120.00541,-0.22878],[120.00449,-0.23113],[120.00541,-0.23567],[120.00743,-0.23947],[120.00822,-0.24005],[120.00985,-0.24609],[120.01082,-0.24816],[120.01153,-0.24878],[120.01102,-0.2498],[120.01125,-0.25098],[120.01049,-0.25424],[120.01043,-0.25876],[120.00968,-0.25947],[120.00833,-0.26566],[120.00325,-0.26574],[120.00113,-0.26512],[120.00003,-0.26519],[119.99659,-0.26805],[119.9966,-0.26994],[119.99386,-0.27071],[119.98939,-0.26994],[119.98476,-0.27203],[119.98312,-0.27238],[119.98062,-0.27172],[119.97896,-0.27257],[119.97823,-0.27343],[119.97309,-0.27537],[119.97147,-0.27453],[119.96615,-0.27437],[119.96251,-0.2721],[119.96011,-0.27201],[119.9593,-0.27244],[119.9587,-0.27342],[119.95768,-0.27371],[119.957,-0.27558],[119.95508,-0.27563],[119.953,-0.2778],[119.95204,-0.27801],[119.94808,-0.28057],[119.94697,-0.28085],[119.94376,-0.28317],[119.94308,-0.28161],[119.94155,-0.28045],[119.94134,-0.27952],[119.94026,-0.27996],[119.9397,-0.27965],[119.93848,-0.27996],[119.93669,-0.27798],[119.93596,-0.27826],[119.93402,-0.278],[119.93273,-0.27873],[119.93144,-0.27867],[119.93107,-0.27925],[119.93059,-0.27197],[119.93059,-0.26255],[119.9324,-0.23864],[119.9353,-0.23538],[119.93675,-0.23176],[119.93783,-0.21908],[119.94145,-0.21256],[119.94182,-0.20134],[119.94326,-0.19337],[119.94834,-0.17924],[119.9516,-0.16367],[119.9516,-0.15606],[119.95449,-0.14773],[119.95594,-0.13795],[119.95848,-0.12853],[119.96174,-0.11803],[119.96464,-0.11296],[119.96645,-0.1068],[119.96717,-0.10101],[119.96862,-0.09593],[119.96971,-0.08289],[119.97079,-0.07674],[119.97188,-0.0713],[119.97514,-0.06261],[119.97514,-0.05102],[119.97731,-0.04812],[119.97792,-0.03978],[119.98162,-0.0415],[119.98383,-0.04405],[119.98491,-0.0447],[119.98747,-0.045],[119.98826,-0.04451],[119.99052,-0.04419],[119.99181,-0.04466],[119.99241,-0.04548],[119.99474,-0.04564],[119.99835,-0.04521],[119.99953,-0.04463],[120.00208,-0.04465],[120.00269,-0.045],[120.00404,-0.04449],[120.00532,-0.04568],[120.00766,-0.04589],[120.00847,-0.04724],[120.0091,-0.04748],[120.01317,-0.04219],[120.01598,-0.03972],[120.01806,-0.03853],[120.02019,-0.0406],[120.02207,-0.04156],[120.0293,-0.04177],[120.03409,-0.0443],[120.03718,-0.04736],[120.0391,-0.0498],[120.04034,-0.05221],[120.04219,-0.05402],[120.04292,-0.0567]]]]}},{"type":"Feature","properties":{"NAMOBJ":"Tinombo Selatan","KODE_KAB":7208},"geometry":{"type":"MultiPolygon","coordinates":[[[[120.1256,0.16799],[120.12405,0.1654],[120.12371,0.16202],[120.12548,0.15873],[120.12627,0.15918],[120.12747,0.15815],[120.12799,0.15687],[120.12851,0.15659],[120.12827,0.15587],[120.12989,0.15594],[120.12977,0.15515],[120.1311,0.15443],[120.13076,0.15426],[120.13369,0.1534],[120.13395,0.15153],[120.13311,0.1502],[120.13328,0.14827],[120.13578,0.1425],[120.13613,0.13857],[120.13468,0.13449],[120.13473,0.13175],[120.13315,0.12983],[120.133,0.12817],[120.13215,0.12659],[120.12904,0.12486],[120.12624,0.12132],[120.1254,0.12089],[120.12279,0.1179],[120.12022,0.11681],[120.11918,0.1159],[120.1185,0.11607],[120.11582,0.11468],[120.11368,0.11285],[120.11229,0.10901],[120.11204,0.10687],[120.11235,0.10446],[120.11178,0.10374],[120.11196,0.10318],[120.11119,0.1017],[120.11133,0.10111],[120.10822,0.09839],[120.10791,0.09728],[120.10732,0.09714],[120.10703,0.09583],[120.10576,0.09492],[120.10593,0.08761],[120.10749,0.08345],[120.10903,0.08127],[120.10772,0.07748],[120.10811,0.07023],[120.10777,0.06799],[120.10835,0.06579],[120.11091,0.06224],[120.11154,0.05574],[120.11071,0.05327],[120.11043,0.05056],[120.10852,0.04605],[120.10555,0.04488],[120.10371,0.04187],[120.10195,0.03996],[120.10071,0.03605],[120.10056,0.03479],[120.10099,0.03425],[120.10101,0.03301],[120.09908,0.02917],[120.09969,0.02469],[120.10063,0.02321],[120.10087,0.02202],[120.10227,0.02086],[120.1017,0.01973],[120.10279,0.01962],[120.10344,0.01774],[120.1026,0.01702],[120.10113,0.01266],[120.10169,0.01124],[120.10177,0.00828],[120.10227,0.00818],[120.10226,0.00653],[120.10266,0.00626],[120.10176,0.00464],[120.10149,0.0025],[120.10181,0.00178],[120.10234,0.00208],[120.10307,0.00112],[120.10171,-0.00144],[120.10204,-0.00294],[120.1016,-0.0043],[120.10178,-0.00705],[120.09858,-0.01068],[120.09854,-0.01346],[120.09909,-0.01462],[120.10004,-0.01507],[120.10022,-0.01603],[120.09911,-0.01717],[120.09784,-0.01772],[120.09659,-0.02002],[120.09621,-0.02245],[120.09652,-0.02615],[120.09505,-0.02897],[120.09503,-0.03144],[120.09218,-0.03329],[120.09144,-0.03461],[120.09112,-0.0365],[120.08953,-0.03796],[120.0885,-0.04013],[120.08652,-0.04186],[120.08149,-0.04511],[120.0806,-0.04617],[120.07648,-0.0474],[120.07415,-0.04945],[120.07251,-0.04999],[120.07091,-0.05112],[120.06725,-0.05669],[120.06693,-0.05866],[120.06541,-0.05963],[120.06494,-0.06054],[120.06326,-0.06033],[120.06113,-0.05927],[120.05813,-0.05978],[120.05581,-0.05944],[120.05365,-0.05823],[120.05088,-0.05917],[120.04943,-0.05732],[120.04996,-0.05743],[120.05042,-0.05656],[120.04948,-0.05603],[120.04785,-0.05612],[120.04504,-0.05716],[120.04345,-0.05701],[120.04292,-0.0567],[120.04219,-0.05402],[120.04034,-0.05221],[120.0391,-0.0498],[120.03409,-0.0443],[120.0293,-0.04177],[120.02207,-0.04156],[120.02019,-0.0406],[120.01806,-0.03853],[120.01598,-0.03972],[120.01317,-0.04219],[120.0091,-0.04748],[120.00847,-0.04724],[120.00766,-0.04589],[120.00532,-0.04568],[120.00404,-0.04449],[120.00269,-0.045],[120.00208,-0.04465],[119.99953,-0.04463],[119.99835,-0.04521],[119.99474,-0.04564],[119.99241,-0.04548],[119.99181,-0.04466],[119.99052,-0.04419],[119.98826,-0.04451],[119.98747,-0.045],[119.98424,-0.0444],[119.98162,-0.0415],[119.97792,-0.03978],[119.97876,-0.01697],[119.98202,-0.01226],[119.98275,-0.01009],[119.98419,0.00766],[119.98492,0.00947],[119.98673,0.01055],[119.98782,0.01309],[119.98709,0.06163],[119.9889,0.06344],[119.98999,0.06597],[119.99035,0.09205],[119.99144,0.09567],[119.99361,0.0993],[119.99434,0.10364],[119.99416,0.10884],[119.99664,0.10887],[119.99862,0.10946],[119.99934,0.11042],[119.99968,0.11348],[119.99888,0.11712],[119.99888,0.12168],[119.99848,0.12304],[120.00194,0.12346],[120.00593,0.12315],[120.00921,0.12434],[120.01372,0.1247],[120.03296,0.12562],[120.03763,0.12698],[120.03843,0.12779],[120.03825,0.12977],[120.03763,0.13068],[120.03431,0.13293],[120.03377,0.13374],[120.03431,0.13618],[120.03816,0.13997],[120.04689,0.14653],[120.04729,0.14795],[120.04194,0.15505],[120.04103,0.15729],[120.04121,0.15968],[120.04188,0.16039],[120.04205,0.16146],[120.04126,0.16422],[120.0398,0.16594],[120.03949,0.1671],[120.0402,0.17125],[120.04093,0.17303],[120.04793,0.17871],[120.04983,0.18164],[120.05853,0.18231],[120.06265,0.18145],[120.06616,0.18148],[120.06678,0.18556],[120.0662,0.19124],[120.06757,0.19245],[120.06975,0.19325],[120.07117,0.19506],[120.07266,0.19503],[120.07475,0.19716],[120.07533,0.19603],[120.07489,0.19316],[120.07829,0.18863],[120.07926,0.1843],[120.08105,0.18026],[120.08546,0.17347],[120.09107,0.17152],[120.0955,0.173],[120.09982,0.17159],[120.10252,0.17169],[120.1047,0.17092],[120.1065,0.17082],[120.11072,0.17127],[120.11202,0.17178],[120.11691,0.17204],[120.11782,0.17139],[120.12186,0.1701],[120.1256,0.16799]]]]}},{"type":"Feature","properties":{"NAMOBJ":"Ongka Malino","KODE_KAB":7208},"geometry":{"type":"MultiPolygon","coordinates":[[[[120.75599,0.35836],[120.75584,0.35867],[120.75632,0.35895],[120.75767,0.35913],[120.75599,0.35836]]],[[[120.87892,0.70361],[120.8811,0.70306],[120.88303,0.70412],[120.88555,0.70256],[120.88646,0.70104],[120.88707,0.69749],[120.89003,0.6933],[120.89098,0.69122],[120.89486,0.68996],[120.89539,0.68661],[120.89705,0.68346],[120.89624,0.67981],[120.89505,0.67743],[120.895,0.67495],[120.89419,0.67403],[120.89435,0.67187],[120.89054,0.6696],[120.8889,0.66805],[120.8876,0.66555],[120.88736,0.66371],[120.88576,0.66063],[120.88586,0.65838],[120.88499,0.65721],[120.88398,0.65379],[120.88129,0.65099],[120.88015,0.64908],[120.87965,0.64558],[120.8802,0.64401],[120.88231,0.64238],[120.88224,0.64065],[120.8829,0.63936],[120.88252,0.63555],[120.88432,0.62902],[120.88796,0.62399],[120.89027,0.62232],[120.8936,0.62109],[120.89545,0.61894],[120.89601,0.61641],[120.89498,0.61503],[120.89603,0.61291],[120.89526,0.60857],[120.89571,0.606],[120.89784,0.60467],[120.89781,0.60193],[120.89835,0.6008],[120.90103,0.59972],[120.90275,0.59788],[120.89979,0.59623],[120.89841,0.59654],[120.89772,0.59753],[120.89617,0.59714],[120.89439,0.59813],[120.89336,0.59805],[120.89147,0.59709],[120.89041,0.59559],[120.88823,0.59383],[120.88786,0.59134],[120.88921,0.58889],[120.88901,0.58701],[120.88938,0.58546],[120.88858,0.58414],[120.8873,0.58462],[120.88675,0.58427],[120.88595,0.58049],[120.88612,0.58],[120.88716,0.57983],[120.88684,0.57803],[120.88807,0.5769],[120.8876,0.57538],[120.88835,0.57257],[120.88808,0.57148],[120.88743,0.57088],[120.88752,0.56908],[120.88957,0.56363],[120.88752,0.56206],[120.88655,0.56035],[120.88531,0.55984],[120.8849,0.55808],[120.88517,0.55662],[120.88437,0.5556],[120.88392,0.55372],[120.88086,0.54897],[120.87513,0.54339],[120.87284,0.54005],[120.87126,0.53844],[120.8708,0.53751],[120.87098,0.53512],[120.87052,0.53239],[120.87132,0.53147],[120.87131,0.53049],[120.86814,0.52797],[120.86252,0.52197],[120.84892,0.51803],[120.84239,0.51781],[120.83199,0.51501],[120.82694,0.51304],[120.82317,0.50859],[120.82291,0.50682],[120.82366,0.50432],[120.82469,0.50291],[120.82748,0.50086],[120.82755,0.49987],[120.82859,0.498],[120.82739,0.49436],[120.82685,0.48935],[120.8275,0.4821],[120.82662,0.48134],[120.82742,0.48043],[120.82684,0.47877],[120.82506,0.47755],[120.82275,0.47462],[120.82258,0.4738],[120.82313,0.47206],[120.82113,0.46879],[120.81957,0.46516],[120.81926,0.46379],[120.81943,0.46072],[120.8176,0.45565],[120.81716,0.45326],[120.81779,0.44718],[120.81392,0.44941],[120.81123,0.45301],[120.80998,0.45297],[120.80926,0.45341],[120.8097,0.45532],[120.81085,0.45607],[120.81077,0.45804],[120.81029,0.45937],[120.80876,0.4615],[120.80764,0.46228],[120.80758,0.46277],[120.80815,0.46356],[120.80887,0.46354],[120.81097,0.4648],[120.81202,0.46756],[120.81227,0.47245],[120.81172,0.47444],[120.81092,0.475],[120.81009,0.4751],[120.809,0.47392],[120.80685,0.47392],[120.80788,0.47332],[120.80814,0.47262],[120.80822,0.4704],[120.80737,0.46945],[120.80598,0.4697],[120.80546,0.47056],[120.80472,0.47089],[120.80105,0.47169],[120.79767,0.47155],[120.79625,0.47039],[120.79483,0.47064],[120.79524,0.46933],[120.79332,0.46749],[120.79161,0.46507],[120.79133,0.46167],[120.7901,0.46078],[120.78957,0.46084],[120.78945,0.46044],[120.78873,0.46103],[120.78623,0.4616],[120.78494,0.46237],[120.78201,0.46253],[120.78089,0.46307],[120.7803,0.46164],[120.77834,0.46066],[120.77787,0.46103],[120.77769,0.46014],[120.77691,0.45958],[120.77565,0.45983],[120.77536,0.45893],[120.77392,0.45867],[120.77392,0.45782],[120.77355,0.45749],[120.77112,0.45777],[120.76865,0.45677],[120.76751,0.45713],[120.7645,0.45937],[120.76346,0.45966],[120.76226,0.46101],[120.76147,0.46383],[120.76101,0.46413],[120.76008,0.46426],[120.7587,0.46365],[120.75692,0.46512],[120.75676,0.46444],[120.75601,0.46384],[120.75607,0.46523],[120.75543,0.46593],[120.75408,0.46622],[120.75291,0.4658],[120.75125,0.46703],[120.7505,0.46657],[120.7498,0.46665],[120.74137,0.47091],[120.73989,0.47079],[120.73769,0.47138],[120.73275,0.47464],[120.72788,0.47591],[120.72593,0.47693],[120.72473,0.47856],[120.72687,0.47957],[120.72724,0.48475],[120.7304,0.48739],[120.73105,0.48752],[120.73272,0.48941],[120.73479,0.4904],[120.73587,0.4916],[120.73724,0.4923],[120.73753,0.49369],[120.73822,0.49371],[120.73872,0.49459],[120.73959,0.49499],[120.73958,0.49568],[120.74103,0.49643],[120.74096,0.49703],[120.74023,0.49764],[120.74035,0.4986],[120.74107,0.49943],[120.74339,0.50039],[120.73531,0.50698],[120.73174,0.51152],[120.72628,0.51622],[120.72255,0.5201],[120.72548,0.53],[120.72878,0.534],[120.72995,0.53378],[120.73401,0.53016],[120.73529,0.52781],[120.73825,0.52651],[120.7442,0.5261],[120.755,0.52753],[120.75853,0.55027],[120.75788,0.5504],[120.75862,0.55352],[120.7569,0.55478],[120.75721,0.55582],[120.75816,0.55672],[120.75751,0.55825],[120.75641,0.55908],[120.75721,0.55937],[120.75719,0.56045],[120.75797,0.56083],[120.7595,0.56331],[120.75914,0.56501],[120.75961,0.567],[120.75888,0.56851],[120.75908,0.56979],[120.75808,0.57141],[120.75899,0.57279],[120.75808,0.57456],[120.75824,0.57583],[120.75758,0.57809],[120.75839,0.57979],[120.75851,0.58132],[120.75836,0.5824],[120.75749,0.58317],[120.75727,0.58398],[120.75791,0.58508],[120.75737,0.5863],[120.75798,0.58833],[120.75766,0.59117],[120.75804,0.59203],[120.75749,0.59323],[120.75791,0.59454],[120.75767,0.59575],[120.75717,0.59723],[120.75423,0.60007],[120.75175,0.60161],[120.74958,0.60183],[120.7507,0.6041],[120.75249,0.60641],[120.75515,0.60775],[120.75568,0.60831],[120.75574,0.60911],[120.7543,0.60979],[120.75348,0.61107],[120.75296,0.61246],[120.75316,0.61366],[120.7515,0.61629],[120.75144,0.61733],[120.74914,0.61763],[120.746,0.61901],[120.74478,0.62033],[120.74383,0.62294],[120.74274,0.62461],[120.7396,0.62775],[120.73905,0.63097],[120.73836,0.63139],[120.73681,0.63145],[120.73592,0.63202],[120.73538,0.63577],[120.73457,0.63722],[120.73364,0.6381],[120.73216,0.63839],[120.73131,0.63946],[120.7297,0.63971],[120.72874,0.64103],[120.72554,0.64666],[120.72579,0.64886],[120.72697,0.65063],[120.72601,0.65238],[120.72455,0.6538],[120.72416,0.6557],[120.72134,0.65891],[120.72181,0.66072],[120.72253,0.66091],[120.72438,0.66321],[120.72954,0.66339],[120.73484,0.66146],[120.73656,0.66125],[120.74006,0.66306],[120.74384,0.66423],[120.74604,0.6641],[120.75271,0.66207],[120.7543,0.66202],[120.75563,0.66305],[120.75672,0.66488],[120.76114,0.66732],[120.76313,0.66945],[120.76664,0.67067],[120.77269,0.6742],[120.77669,0.67415],[120.78111,0.67652],[120.78244,0.67805],[120.78479,0.67859],[120.78782,0.67841],[120.7903,0.67945],[120.7926,0.67969],[120.79635,0.67918],[120.79992,0.68003],[120.80355,0.67979],[120.80718,0.6804],[120.80864,0.68022],[120.81118,0.67882],[120.81221,0.67736],[120.81275,0.67547],[120.81343,0.67529],[120.81646,0.67742],[120.81755,0.67877],[120.81876,0.68327],[120.82109,0.68531],[120.82463,0.68675],[120.82566,0.68797],[120.8276,0.68925],[120.83073,0.6904],[120.83509,0.69095],[120.83703,0.68821],[120.83751,0.68797],[120.83874,0.68834],[120.84261,0.69278],[120.84592,0.69598],[120.84871,0.69799],[120.85052,0.70104],[120.85415,0.70256],[120.85718,0.70324],[120.86287,0.70939],[120.86523,0.71097],[120.86763,0.71103],[120.87175,0.70909],[120.87357,0.70769],[120.87666,0.70696],[120.8772,0.70665],[120.87892,0.70361]]]]}},{"type":"Feature","properties":{"NAMOBJ":"Mepanga","KODE_KAB":7208},"geometry":{"type":"MultiPolygon","coordinates":[[[[120.65657,0.3686],[120.65553,0.36925],[120.6555,0.37014],[120.65635,0.36974],[120.65657,0.3686]]],[[[120.63331,0.38247],[120.6323,0.38307],[120.63209,0.384],[120.63331,0.38247]]],[[[120.61671,0.39571],[120.61483,0.39718],[120.61411,0.39928],[120.61516,0.39842],[120.61671,0.39571]]],[[[120.72272,0.6612],[120.72181,0.66072],[120.72134,0.65891],[120.72416,0.6557],[120.72455,0.6538],[120.72601,0.65238],[120.72688,0.65085],[120.72694,0.65036],[120.72579,0.64886],[120.72554,0.64666],[120.72874,0.64103],[120.7297,0.63971],[120.73131,0.63946],[120.73216,0.63839],[120.73364,0.6381],[120.73457,0.63722],[120.73538,0.63577],[120.73592,0.63202],[120.73681,0.63145],[120.73836,0.63139],[120.73905,0.63097],[120.7396,0.62775],[120.74274,0.62461],[120.74383,0.62294],[120.74478,0.62033],[120.746,0.61901],[120.74914,0.61763],[120.75144,0.61733],[120.7515,0.61629],[120.75316,0.61366],[120.75296,0.61246],[120.75348,0.61107],[120.7543,0.60979],[120.75574,0.60911],[120.75568,0.60831],[120.75515,0.60775],[120.75249,0.60641],[120.7507,0.6041],[120.74958,0.60183],[120.75175,0.60161],[120.75423,0.60007],[120.75717,0.59723],[120.75767,0.59575],[120.75791,0.59454],[120.75749,0.59323],[120.75804,0.59203],[120.75766,0.59117],[120.75798,0.58833],[120.75737,0.5863],[120.75791,0.58508],[120.75727,0.58398],[120.75749,0.58317],[120.75836,0.5824],[120.75851,0.58132],[120.75839,0.57979],[120.75758,0.57809],[120.75824,0.57583],[120.75808,0.57456],[120.75899,0.57279],[120.75808,0.57141],[120.75908,0.56979],[120.75888,0.56851],[120.75961,0.567],[120.75914,0.56501],[120.7595,0.56331],[120.75797,0.56083],[120.75719,0.56045],[120.75721,0.55937],[120.75641,0.55908],[120.75751,0.55825],[120.75816,0.55672],[120.75721,0.55582],[120.7569,0.55478],[120.75862,0.55352],[120.75788,0.5504],[120.75853,0.55027],[120.755,0.52753],[120.7442,0.5261],[120.73825,0.52651],[120.73529,0.52781],[120.73401,0.53016],[120.72995,0.53378],[120.72878,0.534],[120.72565,0.53042],[120.72255,0.5201],[120.72628,0.51622],[120.73174,0.51152],[120.73531,0.50698],[120.74339,0.50039],[120.74107,0.49943],[120.74035,0.4986],[120.74023,0.49764],[120.74096,0.49703],[120.74103,0.49643],[120.73958,0.49568],[120.73959,0.49499],[120.73872,0.49459],[120.73822,0.49371],[120.73753,0.49369],[120.73724,0.4923],[120.73587,0.4916],[120.73479,0.4904],[120.73272,0.48941],[120.73105,0.48752],[120.7304,0.48739],[120.72724,0.48475],[120.72687,0.47957],[120.72473,0.47856],[120.72236,0.48009],[120.71854,0.48397],[120.71656,0.48673],[120.71712,0.48721],[120.7171,0.48811],[120.71347,0.49008],[120.71185,0.49329],[120.71181,0.4942],[120.71124,0.49381],[120.71081,0.49438],[120.71016,0.49709],[120.70878,0.49811],[120.70683,0.49875],[120.70645,0.49936],[120.70154,0.50132],[120.69911,0.50284],[120.69917,0.50545],[120.69934,0.50603],[120.69969,0.50598],[120.69972,0.50676],[120.69524,0.51057],[120.6933,0.51067],[120.69117,0.51162],[120.68882,0.51182],[120.68817,0.51328],[120.68754,0.51344],[120.68504,0.51226],[120.68413,0.51096],[120.68233,0.50993],[120.67088,0.50952],[120.66834,0.51019],[120.66538,0.512],[120.65685,0.51475],[120.65165,0.51794],[120.64974,0.52036],[120.64656,0.52163],[120.64404,0.52053],[120.64102,0.51794],[120.64045,0.52202],[120.64044,0.5492],[120.64594,0.55882],[120.64571,0.56327],[120.64509,0.56405],[120.63983,0.56709],[120.63794,0.56927],[120.63777,0.57083],[120.6367,0.57238],[120.63666,0.57382],[120.63888,0.5802],[120.63919,0.58372],[120.63883,0.58754],[120.63837,0.58884],[120.63906,0.59176],[120.63746,0.59454],[120.63783,0.59924],[120.63666,0.60381],[120.63687,0.60582],[120.63941,0.60838],[120.64175,0.61171],[120.64954,0.61681],[120.65346,0.61667],[120.65641,0.61723],[120.65944,0.61654],[120.66097,0.61709],[120.66166,0.61848],[120.66186,0.62291],[120.66379,0.62568],[120.66599,0.62728],[120.66702,0.62887],[120.66709,0.63074],[120.6664,0.63254],[120.66688,0.6342],[120.66901,0.6385],[120.67434,0.64505],[120.67502,0.64561],[120.68129,0.64727],[120.68617,0.64984],[120.68947,0.65455],[120.69484,0.65815],[120.69684,0.66085],[120.69759,0.66134],[120.70433,0.66106],[120.7053,0.66155],[120.70606,0.66238],[120.70617,0.66326],[120.70519,0.66667],[120.70633,0.66861],[120.7093,0.66823],[120.72121,0.66457],[120.72355,0.66325],[120.72438,0.66321],[120.72272,0.6612]]]]}},{"type":"Feature","properties":{"NAMOBJ":"Tomini","KODE_KAB":7208},"geometry":{"type":"MultiPolygon","coordinates":[[[[120.53147,0.38864],[120.53141,0.38861],[120.5315,0.38868],[120.53151,0.38869],[120.53151,0.38869],[120.53147,0.38864]]],[[[120.46338,0.66686],[120.46527,0.66329],[120.46688,0.66129],[120.4714,0.66032],[120.47742,0.66],[120.47846,0.65937],[120.48007,0.65467],[120.48142,0.65304],[120.48481,0.65294],[120.48642,0.65223],[120.49072,0.65218],[120.49223,0.65132],[120.49282,0.65029],[120.49298,0.64888],[120.49186,0.64504],[120.4918,0.64364],[120.4932,0.63942],[120.49449,0.63693],[120.49546,0.63639],[120.50299,0.63534],[120.50484,0.63603],[120.50801,0.63446],[120.51104,0.63432],[120.51447,0.63609],[120.51675,0.63643],[120.52219,0.63331],[120.52756,0.63657],[120.52879,0.63664],[120.53692,0.63547],[120.53815,0.63512],[120.54015,0.63374],[120.54091,0.63201],[120.54167,0.62577],[120.54353,0.61985],[120.54107,0.61423],[120.54108,0.61209],[120.54232,0.60655],[120.54473,0.60149],[120.54494,0.59886],[120.54562,0.59658],[120.54741,0.5952],[120.55216,0.59547],[120.55699,0.59472],[120.55974,0.60109],[120.56304,0.60552],[120.56662,0.60635],[120.56841,0.60705],[120.57041,0.60843],[120.57368,0.60932],[120.57623,0.60904],[120.58112,0.60531],[120.58347,0.6049],[120.58697,0.60503],[120.58965,0.60434],[120.59247,0.60213],[120.59564,0.59797],[120.59874,0.5959],[120.60032,0.59541],[120.60226,0.59625],[120.60494,0.60054],[120.6088,0.60131],[120.60955,0.60186],[120.61189,0.60145],[120.61355,0.60027],[120.61512,0.59771],[120.61519,0.5948],[120.6145,0.59182],[120.61533,0.5894],[120.6196,0.58767],[120.62523,0.5885],[120.62655,0.5892],[120.62841,0.59114],[120.63116,0.59536],[120.63772,0.59797],[120.63746,0.59454],[120.63906,0.59176],[120.63837,0.58884],[120.63883,0.58754],[120.63919,0.58372],[120.63888,0.5802],[120.63784,0.57656],[120.63685,0.5748],[120.6367,0.57238],[120.63777,0.57083],[120.63794,0.56927],[120.63983,0.56709],[120.64509,0.56405],[120.64571,0.56327],[120.64594,0.55882],[120.64044,0.5492],[120.64045,0.52202],[120.64102,0.51794],[120.63704,0.51722],[120.63439,0.51746],[120.63266,0.51704],[120.63248,0.51627],[120.63177,0.51595],[120.62915,0.51738],[120.62426,0.51866],[120.62154,0.51993],[120.62007,0.51999],[120.61791,0.51901],[120.61658,0.51908],[120.61498,0.51972],[120.61158,0.5202],[120.61077,0.52147],[120.60989,0.52088],[120.60616,0.5209],[120.60441,0.52185],[120.60365,0.52133],[120.60338,0.52034],[120.60173,0.52119],[120.60121,0.52066],[120.60047,0.51942],[120.60069,0.51873],[120.60165,0.51901],[120.60104,0.51791],[120.59654,0.51977],[120.59122,0.51871],[120.58804,0.51712],[120.58501,0.51422],[120.58217,0.51353],[120.57874,0.51184],[120.57434,0.51097],[120.57248,0.50985],[120.5723,0.5092],[120.57139,0.50904],[120.57043,0.50917],[120.56701,0.51116],[120.56218,0.51176],[120.55937,0.51289],[120.55765,0.5127],[120.55453,0.5131],[120.55155,0.51178],[120.54872,0.51118],[120.54747,0.51187],[120.54642,0.51169],[120.5396,0.51363],[120.53821,0.5135],[120.53129,0.51663],[120.52983,0.5166],[120.52829,0.51719],[120.52345,0.51573],[120.52178,0.51324],[120.52105,0.51283],[120.51875,0.51261],[120.51716,0.51306],[120.51214,0.51341],[120.51047,0.51304],[120.50767,0.51369],[120.50652,0.51324],[120.50396,0.5112],[120.50219,0.50917],[120.49883,0.5093],[120.49767,0.51287],[120.49624,0.51563],[120.48908,0.52555],[120.48706,0.52892],[120.48644,0.5335],[120.48773,0.53947],[120.48758,0.54145],[120.485,0.5502],[120.48438,0.55101],[120.48298,0.55176],[120.48236,0.55276],[120.48157,0.55748],[120.48044,0.56083],[120.47806,0.56347],[120.47498,0.5646],[120.47399,0.56536],[120.47255,0.56778],[120.47264,0.57003],[120.475,0.57422],[120.47477,0.57576],[120.4738,0.57775],[120.47237,0.58418],[120.46949,0.58705],[120.46847,0.5888],[120.46624,0.59026],[120.46499,0.5935],[120.46332,0.59602],[120.46218,0.59884],[120.4596,0.60094],[120.45781,0.60163],[120.45764,0.60224],[120.45807,0.6031],[120.45726,0.60406],[120.45845,0.60464],[120.45772,0.60604],[120.45879,0.60718],[120.45768,0.60922],[120.45941,0.61204],[120.45867,0.61308],[120.45837,0.61449],[120.45717,0.61503],[120.45621,0.61492],[120.45596,0.61543],[120.45642,0.61601],[120.45646,0.61772],[120.45786,0.61932],[120.45802,0.62079],[120.45601,0.62191],[120.45549,0.62563],[120.45497,0.62614],[120.45537,0.62767],[120.45474,0.62806],[120.45298,0.62806],[120.45251,0.62971],[120.45346,0.63046],[120.45294,0.63162],[120.45348,0.63248],[120.45339,0.63389],[120.45445,0.63406],[120.45482,0.63513],[120.45462,0.63693],[120.45359,0.6374],[120.45444,0.63838],[120.454,0.639],[120.45399,0.64296],[120.45291,0.64364],[120.4527,0.64459],[120.45348,0.64531],[120.45322,0.64632],[120.45393,0.64725],[120.45318,0.64784],[120.45317,0.6483],[120.45045,0.64865],[120.45066,0.65079],[120.45009,0.6515],[120.44986,0.65314],[120.44754,0.65428],[120.44674,0.65902],[120.44563,0.65875],[120.44494,0.65899],[120.44554,0.66333],[120.44331,0.66685],[120.44493,0.66659],[120.44766,0.66744],[120.45039,0.66631],[120.45306,0.66691],[120.45822,0.66659],[120.46214,0.66789],[120.46338,0.66686]]]]}},{"type":"Feature","properties":{"NAMOBJ":"Bolano","KODE_KAB":7208},"geometry":{"type":"MultiPolygon","coordinates":[[[[120.81409,0.36704],[120.81376,0.36694],[120.81477,0.36528],[120.81489,0.36382],[120.81398,0.36197],[120.81242,0.36056],[120.81181,0.36216],[120.81149,0.36521],[120.81278,0.36666],[120.81409,0.36704]]],[[[120.9595,0.41417],[120.95685,0.41142],[120.95619,0.41195],[120.95579,0.41355],[120.95629,0.41502],[120.95702,0.41431],[120.95705,0.41359],[120.95826,0.41507],[120.95954,0.41486],[120.9595,0.41417]]],[[[120.89941,0.53307],[120.89979,0.53296],[120.90423,0.5363],[120.90826,0.5372],[120.90998,0.52963],[120.91108,0.52699],[120.91276,0.52661],[120.91865,0.52663],[120.92331,0.52374],[120.92408,0.52299],[120.92582,0.51971],[120.92835,0.51882],[120.93584,0.51804],[120.9385,0.51678],[120.93848,0.51608],[120.93493,0.51184],[120.93829,0.51075],[120.93956,0.50954],[120.9411,0.50917],[120.9422,0.50793],[120.94352,0.50742],[120.94543,0.5],[120.9451,0.49887],[120.94404,0.49822],[120.94335,0.49669],[120.94629,0.49744],[120.94661,0.49725],[120.94651,0.49526],[120.94849,0.49246],[120.95261,0.49244],[120.95842,0.48926],[120.95918,0.48748],[120.96084,0.48721],[120.96068,0.48451],[120.96114,0.48177],[120.96025,0.47092],[120.96068,0.4682],[120.96005,0.4645],[120.96023,0.46232],[120.96122,0.46025],[120.96462,0.45986],[120.96558,0.45688],[120.96918,0.45676],[120.97069,0.45612],[120.97009,0.45465],[120.97454,0.44836],[120.97406,0.44568],[120.97613,0.4423],[120.9783,0.4361],[120.97659,0.43495],[120.9784,0.43118],[120.97961,0.42696],[120.97928,0.42501],[120.98059,0.4225],[120.98078,0.42128],[120.97949,0.42129],[120.9792,0.42168],[120.97915,0.42117],[120.97878,0.42115],[120.97934,0.41986],[120.97925,0.41877],[120.97836,0.41852],[120.97808,0.41797],[120.97616,0.41793],[120.97601,0.41742],[120.97478,0.41702],[120.97341,0.41813],[120.97166,0.4177],[120.97149,0.41704],[120.96998,0.41717],[120.9674,0.41815],[120.96503,0.41681],[120.96451,0.41698],[120.96405,0.41659],[120.96415,0.41542],[120.96377,0.4151],[120.96367,0.41548],[120.96317,0.41542],[120.96293,0.41487],[120.96095,0.41518],[120.96068,0.41631],[120.95801,0.41548],[120.95689,0.41934],[120.95536,0.42163],[120.95332,0.42354],[120.95411,0.42523],[120.95327,0.42572],[120.95262,0.42439],[120.95039,0.42287],[120.94904,0.42065],[120.94994,0.41977],[120.95073,0.42036],[120.951,0.42174],[120.95214,0.4219],[120.95181,0.4189],[120.95216,0.41814],[120.95298,0.41822],[120.95373,0.41918],[120.95478,0.41958],[120.95568,0.41886],[120.95576,0.41807],[120.9513,0.41502],[120.94868,0.41421],[120.94813,0.41265],[120.94617,0.41106],[120.94447,0.41109],[120.94322,0.41062],[120.94104,0.40835],[120.93898,0.40724],[120.93835,0.40739],[120.93845,0.40705],[120.93715,0.40571],[120.93561,0.40295],[120.93409,0.40196],[120.9334,0.40045],[120.93207,0.40005],[120.92695,0.40067],[120.92201,0.39976],[120.91558,0.40122],[120.91157,0.40092],[120.90903,0.39958],[120.90763,0.39951],[120.90596,0.39844],[120.89802,0.39589],[120.89525,0.3975],[120.89185,0.40293],[120.89082,0.40367],[120.88941,0.40369],[120.88819,0.40593],[120.88428,0.40898],[120.88227,0.41208],[120.88143,0.41265],[120.88168,0.41312],[120.88094,0.41334],[120.88004,0.41286],[120.87945,0.41491],[120.87784,0.41658],[120.87767,0.41822],[120.87561,0.42062],[120.87372,0.42212],[120.87189,0.4222],[120.87126,0.42437],[120.86938,0.42532],[120.86836,0.42671],[120.86779,0.42678],[120.86575,0.42555],[120.86491,0.426],[120.86404,0.42584],[120.86387,0.42634],[120.86482,0.4269],[120.86553,0.42806],[120.86549,0.42934],[120.86458,0.43164],[120.86197,0.43535],[120.85896,0.43568],[120.85804,0.43942],[120.85518,0.44252],[120.8539,0.44257],[120.85283,0.44328],[120.84902,0.44427],[120.84479,0.44616],[120.8439,0.44576],[120.84092,0.44634],[120.83849,0.44628],[120.83334,0.44387],[120.83292,0.44238],[120.8313,0.44049],[120.83061,0.44026],[120.83006,0.44284],[120.82787,0.44516],[120.82637,0.44595],[120.82441,0.44877],[120.82163,0.44939],[120.81971,0.44908],[120.81896,0.44887],[120.81779,0.44718],[120.81716,0.45326],[120.8176,0.45565],[120.81943,0.46072],[120.81926,0.46379],[120.81957,0.46516],[120.82113,0.46879],[120.82313,0.47206],[120.82258,0.4738],[120.82275,0.47462],[120.82506,0.47755],[120.82684,0.47877],[120.82736,0.47984],[120.82742,0.48043],[120.82662,0.48134],[120.8275,0.4821],[120.82685,0.48935],[120.82739,0.49436],[120.82859,0.498],[120.82755,0.49987],[120.82748,0.50086],[120.82408,0.50363],[120.82291,0.50682],[120.82317,0.50859],[120.82661,0.51277],[120.83199,0.51501],[120.8384,0.51688],[120.84383,0.51801],[120.84892,0.51803],[120.86252,0.52197],[120.86814,0.52797],[120.87131,0.53049],[120.87132,0.53147],[120.87052,0.53239],[120.87098,0.53512],[120.8708,0.53751],[120.87126,0.53844],[120.87284,0.54005],[120.87513,0.54339],[120.88086,0.54897],[120.88392,0.55372],[120.88437,0.5556],[120.88517,0.55662],[120.8849,0.55808],[120.88531,0.55984],[120.88655,0.56035],[120.88752,0.56206],[120.88957,0.56363],[120.89216,0.56042],[120.89182,0.55575],[120.89292,0.5525],[120.89438,0.54497],[120.89525,0.54216],[120.89941,0.53307]]]]}},{"type":"Feature","properties":{"NAMOBJ":"Sidoan","KODE_KAB":7208},"geometry":{"type":"MultiPolygon","coordinates":[[[[120.2279,0.31026],[120.2251,0.3089],[120.22326,0.30753],[120.22334,0.30617],[120.22277,0.30523],[120.22267,0.30334],[120.22229,0.30302],[120.22287,0.30147],[120.22265,0.30093],[120.2191,0.29811],[120.21841,0.29684],[120.21623,0.29627],[120.21483,0.29514],[120.21431,0.29323],[120.21457,0.29197],[120.21513,0.29139],[120.21489,0.28984],[120.21395,0.28896],[120.21326,0.28666],[120.21163,0.28461],[120.20991,0.27905],[120.20699,0.27313],[120.20563,0.27128],[120.20553,0.27013],[120.20411,0.26891],[120.20398,0.26794],[120.20114,0.26327],[120.19996,0.26223],[120.19777,0.26234],[120.19532,0.26139],[120.19427,0.26059],[120.19234,0.25802],[120.18938,0.256],[120.18477,0.25429],[120.18289,0.25292],[120.18082,0.24778],[120.17829,0.2465],[120.17688,0.24516],[120.17565,0.24479],[120.17373,0.24264],[120.17448,0.24227],[120.17463,0.24155],[120.1743,0.23956],[120.1732,0.23885],[120.17358,0.23857],[120.17333,0.23773],[120.17146,0.23646],[120.16824,0.23628],[120.16689,0.23561],[120.16614,0.23288],[120.1664,0.23193],[120.16513,0.22971],[120.1632,0.22861],[120.16191,0.22903],[120.15882,0.22909],[120.1575,0.22666],[120.15833,0.22433],[120.15771,0.22096],[120.15673,0.21906],[120.15481,0.21715],[120.15401,0.21562],[120.15368,0.2149],[120.15401,0.21464],[120.15393,0.21334],[120.15286,0.21278],[120.15022,0.20909],[120.14781,0.20943],[120.14731,0.20893],[120.1467,0.20933],[120.1458,0.208],[120.1457,0.20701],[120.14522,0.20712],[120.14486,0.20673],[120.14545,0.20614],[120.14518,0.20425],[120.14363,0.20242],[120.14245,0.19928],[120.14,0.19617],[120.13519,0.19234],[120.1345,0.19014],[120.13452,0.18882],[120.13289,0.18634],[120.13324,0.1843],[120.13298,0.18332],[120.13235,0.18221],[120.13105,0.18191],[120.13046,0.17964],[120.12859,0.17826],[120.12799,0.17557],[120.12845,0.17486],[120.12823,0.1716],[120.12746,0.17134],[120.12739,0.17031],[120.12579,0.16866],[120.1256,0.16799],[120.12186,0.1701],[120.11782,0.17139],[120.11691,0.17204],[120.11202,0.17178],[120.11072,0.17127],[120.1065,0.17082],[120.1047,0.17092],[120.10252,0.17169],[120.09982,0.17159],[120.0955,0.173],[120.09107,0.17152],[120.08546,0.17347],[120.08105,0.18026],[120.07926,0.1843],[120.07829,0.18863],[120.07489,0.19316],[120.07533,0.19603],[120.07475,0.19716],[120.07673,0.19821],[120.08246,0.19753],[120.08679,0.19808],[120.08853,0.19929],[120.08916,0.20025],[120.09187,0.20796],[120.09229,0.21833],[120.09365,0.22233],[120.09722,0.22592],[120.097,0.22661],[120.09546,0.2279],[120.09443,0.23214],[120.09274,0.23613],[120.0933,0.23762],[120.09549,0.24036],[120.09664,0.24307],[120.09658,0.24396],[120.09461,0.24607],[120.09241,0.24997],[120.09081,0.25084],[120.08939,0.25233],[120.08955,0.2538],[120.08789,0.25808],[120.08667,0.25892],[120.08569,0.26078],[120.0831,0.26369],[120.08294,0.26915],[120.08063,0.27111],[120.07907,0.27457],[120.07481,0.27596],[120.07243,0.27485],[120.07002,0.2745],[120.06453,0.27609],[120.06386,0.27659],[120.06263,0.27993],[120.05991,0.28254],[120.05736,0.28339],[120.05549,0.28486],[120.05474,0.28611],[120.05568,0.28862],[120.06388,0.29887],[120.07293,0.31843],[120.07728,0.32567],[120.09467,0.34523],[120.103,0.35538],[120.11242,0.37167],[120.11749,0.37819],[120.12111,0.38399],[120.12473,0.38834],[120.13016,0.39594],[120.13161,0.39884],[120.1327,0.40282],[120.13411,0.40376],[120.13511,0.40299],[120.14113,0.40079],[120.14256,0.3984],[120.14328,0.39465],[120.14386,0.39406],[120.14501,0.39435],[120.14878,0.39319],[120.14979,0.39238],[120.15066,0.38882],[120.15301,0.38697],[120.15452,0.38636],[120.15518,0.38498],[120.1568,0.38366],[120.15878,0.38033],[120.15958,0.37807],[120.16115,0.37769],[120.16345,0.3781],[120.16438,0.37698],[120.16603,0.37664],[120.1666,0.37562],[120.16921,0.37556],[120.17012,0.37429],[120.17215,0.37423],[120.17528,0.37215],[120.17566,0.3722],[120.17624,0.37334],[120.17661,0.37321],[120.17627,0.37186],[120.17875,0.37035],[120.17893,0.36986],[120.17877,0.36842],[120.17772,0.36821],[120.17627,0.36544],[120.17766,0.36416],[120.1775,0.36257],[120.17918,0.36144],[120.18272,0.36078],[120.18285,0.35951],[120.18498,0.35982],[120.18574,0.36138],[120.18638,0.3614],[120.18638,0.35894],[120.18714,0.35627],[120.18835,0.3545],[120.18809,0.35296],[120.19326,0.34681],[120.19531,0.34182],[120.19794,0.33266],[120.19923,0.33112],[120.20121,0.33095],[120.20386,0.33101],[120.20719,0.33194],[120.20793,0.33182],[120.21225,0.32863],[120.21589,0.32704],[120.21968,0.32348],[120.22174,0.31907],[120.22503,0.31539],[120.2279,0.31026]]]]}},{"type":"Feature","properties":{"NAMOBJ":"Tinombo","KODE_KAB":7208},"geometry":{"type":"MultiPolygon","coordinates":[[[[120.31426,0.42509],[120.31341,0.42431],[120.3123,0.42437],[120.31079,0.42382],[120.3094,0.42167],[120.30674,0.42066],[120.30495,0.4187],[120.30338,0.4182],[120.30244,0.41631],[120.30062,0.41469],[120.29511,0.4049],[120.29307,0.40274],[120.29142,0.40012],[120.29094,0.39682],[120.29121,0.39272],[120.29033,0.39121],[120.29001,0.38968],[120.28908,0.38852],[120.28917,0.38783],[120.28839,0.386],[120.28714,0.38403],[120.28427,0.38052],[120.28063,0.37981],[120.28047,0.37846],[120.27946,0.37647],[120.27715,0.37599],[120.27584,0.37642],[120.27452,0.37554],[120.27429,0.37403],[120.27486,0.37407],[120.2751,0.37344],[120.27574,0.37324],[120.27636,0.3719],[120.27254,0.37021],[120.27234,0.36974],[120.27274,0.36874],[120.27444,0.36916],[120.27535,0.3687],[120.27541,0.36775],[120.27509,0.36768],[120.2748,0.36645],[120.27396,0.36574],[120.27239,0.36579],[120.27189,0.36412],[120.26933,0.36175],[120.26803,0.36162],[120.26444,0.36266],[120.26053,0.36176],[120.25794,0.35936],[120.25544,0.3556],[120.25345,0.35381],[120.25212,0.35089],[120.24887,0.34928],[120.24856,0.35013],[120.24822,0.34999],[120.24657,0.34662],[120.24424,0.3434],[120.24385,0.34033],[120.24454,0.33968],[120.24435,0.33922],[120.2449,0.33808],[120.24467,0.33701],[120.24293,0.33539],[120.24088,0.3311],[120.23724,0.32877],[120.23406,0.32523],[120.23286,0.32278],[120.23273,0.32063],[120.23132,0.3183],[120.22959,0.31707],[120.22931,0.31563],[120.22976,0.31406],[120.22962,0.31221],[120.2279,0.31026],[120.22503,0.31539],[120.22174,0.31907],[120.21968,0.32348],[120.21589,0.32704],[120.21225,0.32863],[120.20793,0.33182],[120.20719,0.33194],[120.20386,0.33101],[120.20121,0.33095],[120.19923,0.33112],[120.19794,0.33266],[120.19531,0.34182],[120.19326,0.34681],[120.18809,0.35296],[120.18835,0.3545],[120.18714,0.35627],[120.18638,0.35894],[120.18638,0.3614],[120.18574,0.36138],[120.18498,0.35982],[120.18285,0.35951],[120.18272,0.36078],[120.17918,0.36144],[120.1775,0.36257],[120.17766,0.36416],[120.17627,0.36544],[120.17772,0.36821],[120.17877,0.36842],[120.17893,0.36986],[120.17875,0.37035],[120.17627,0.37186],[120.17661,0.37321],[120.17624,0.37334],[120.17566,0.3722],[120.17528,0.37215],[120.17215,0.37423],[120.17012,0.37429],[120.16921,0.37556],[120.1666,0.37562],[120.16603,0.37664],[120.16438,0.37698],[120.16345,0.3781],[120.16115,0.37769],[120.15958,0.37807],[120.15878,0.38033],[120.1568,0.38366],[120.15518,0.38498],[120.15452,0.38636],[120.15301,0.38697],[120.15066,0.38882],[120.14979,0.39238],[120.14878,0.39319],[120.14501,0.39435],[120.14386,0.39406],[120.14328,0.39465],[120.14256,0.3984],[120.14113,0.40079],[120.13431,0.40334],[120.13411,0.40376],[120.13596,0.405],[120.13741,0.40862],[120.13741,0.41116],[120.13596,0.41442],[120.13596,0.41876],[120.13849,0.43144],[120.13958,0.44158],[120.13958,0.46172],[120.14174,0.46383],[120.14314,0.46612],[120.14462,0.46766],[120.14984,0.46745],[120.1535,0.46518],[120.15558,0.4663],[120.15722,0.47327],[120.15671,0.4777],[120.15818,0.47812],[120.15876,0.47928],[120.15738,0.48121],[120.15794,0.48331],[120.15805,0.48588],[120.15722,0.48918],[120.15741,0.49188],[120.15692,0.49392],[120.16049,0.49999],[120.16107,0.50343],[120.16131,0.50798],[120.16046,0.51425],[120.16116,0.52587],[120.16024,0.53115],[120.16125,0.53228],[120.1694,0.53555],[120.17517,0.53892],[120.17649,0.54264],[120.18027,0.5461],[120.18064,0.54685],[120.18149,0.55255],[120.18377,0.56148],[120.18619,0.56649],[120.18954,0.57082],[120.19111,0.5715],[120.20074,0.57296],[120.20279,0.57364],[120.20364,0.57452],[120.20347,0.57808],[120.20291,0.57958],[120.19867,0.58195],[120.19637,0.58388],[120.19527,0.58513],[120.19443,0.58732],[120.19316,0.59555],[120.19344,0.61373],[120.19257,0.61581],[120.19493,0.61525],[120.20763,0.60824],[120.21128,0.60667],[120.21477,0.60562],[120.21904,0.60497],[120.2246,0.60634],[120.23268,0.60933],[120.23529,0.61107],[120.23817,0.61195],[120.24177,0.61373],[120.2514,0.62032],[120.25341,0.62062],[120.25444,0.62157],[120.25992,0.62368],[120.25998,0.6208],[120.26145,0.61695],[120.26387,0.60768],[120.26478,0.60592],[120.2653,0.60218],[120.26629,0.60023],[120.26763,0.59919],[120.26809,0.59788],[120.26823,0.59274],[120.26935,0.59109],[120.27508,0.58683],[120.27774,0.58277],[120.27791,0.58108],[120.27673,0.57361],[120.27811,0.57197],[120.28152,0.56978],[120.2871,0.56423],[120.29098,0.55771],[120.29377,0.55445],[120.29661,0.55192],[120.29959,0.55015],[120.30001,0.54912],[120.29997,0.54515],[120.30147,0.53982],[120.30427,0.53763],[120.30475,0.53682],[120.30722,0.52678],[120.31113,0.51804],[120.31244,0.50669],[120.3138,0.50471],[120.31778,0.50281],[120.31981,0.50101],[120.32268,0.49563],[120.32006,0.49312],[120.31751,0.49202],[120.31306,0.48861],[120.31203,0.48749],[120.31047,0.48421],[120.30897,0.47975],[120.30797,0.47266],[120.30778,0.46842],[120.30824,0.46466],[120.30744,0.45685],[120.30676,0.4539],[120.30565,0.45163],[120.30486,0.45139],[120.3039,0.45176],[120.30025,0.45453],[120.29835,0.45712],[120.29557,0.46418],[120.2936,0.46764],[120.29109,0.46983],[120.28636,0.47285],[120.28146,0.47332],[120.28049,0.46912],[120.27759,0.46401],[120.27694,0.46209],[120.27871,0.46159],[120.28054,0.4601],[120.28242,0.45707],[120.28572,0.45571],[120.28725,0.45446],[120.28843,0.45164],[120.28815,0.44841],[120.28845,0.44675],[120.28911,0.44586],[120.29052,0.44521],[120.29452,0.44537],[120.29748,0.44258],[120.3033,0.43892],[120.30683,0.43745],[120.30765,0.43666],[120.31014,0.4317],[120.31426,0.42509]]]]}},{"type":"Feature","properties":{"NAMOBJ":"Palasa","KODE_KAB":7208},"geometry":{"type":"MultiPolygon","coordinates":[[[[120.40177,0.66968],[120.40357,0.66914],[120.40879,0.66884],[120.40973,0.66809],[120.41199,0.66345],[120.41388,0.66241],[120.41689,0.66165],[120.41934,0.66203],[120.42366,0.66194],[120.42546,0.6626],[120.42819,0.6628],[120.43091,0.66422],[120.43835,0.66394],[120.43911,0.66413],[120.44089,0.66659],[120.44201,0.66678],[120.44331,0.66685],[120.4444,0.66522],[120.44563,0.6627],[120.44494,0.65899],[120.44563,0.65875],[120.44674,0.65902],[120.44754,0.65428],[120.44986,0.65314],[120.45009,0.6515],[120.45066,0.65079],[120.45045,0.64865],[120.45317,0.6483],[120.45318,0.64784],[120.45393,0.64725],[120.45322,0.64632],[120.45348,0.64531],[120.4527,0.64459],[120.45291,0.64364],[120.45399,0.64296],[120.454,0.639],[120.45444,0.63838],[120.45359,0.6374],[120.45462,0.63693],[120.45482,0.63513],[120.45445,0.63406],[120.45339,0.63389],[120.45348,0.63248],[120.45294,0.63162],[120.45346,0.63046],[120.45251,0.62971],[120.45298,0.62806],[120.45474,0.62806],[120.45537,0.62767],[120.45497,0.62614],[120.45549,0.62563],[120.45601,0.62191],[120.45802,0.62079],[120.45786,0.61932],[120.45646,0.61772],[120.45642,0.61601],[120.45596,0.61543],[120.45621,0.61492],[120.45717,0.61503],[120.45837,0.61449],[120.45867,0.61308],[120.45941,0.61204],[120.45768,0.60922],[120.45879,0.60718],[120.45772,0.60604],[120.45845,0.60464],[120.45726,0.60406],[120.45807,0.6031],[120.45764,0.60224],[120.45781,0.60163],[120.4596,0.60094],[120.46218,0.59884],[120.46332,0.59602],[120.46499,0.5935],[120.46624,0.59026],[120.46847,0.5888],[120.46949,0.58705],[120.47237,0.58418],[120.4738,0.57775],[120.47477,0.57576],[120.475,0.57422],[120.47264,0.57003],[120.47255,0.56778],[120.47399,0.56536],[120.47498,0.5646],[120.47806,0.56347],[120.48044,0.56083],[120.48157,0.55748],[120.48236,0.55276],[120.48298,0.55176],[120.48438,0.55101],[120.485,0.5502],[120.48758,0.54145],[120.48773,0.53947],[120.48644,0.5335],[120.48706,0.52892],[120.48908,0.52555],[120.49624,0.51563],[120.49767,0.51287],[120.49883,0.5093],[120.4946,0.50781],[120.49131,0.50578],[120.48588,0.50328],[120.48208,0.50071],[120.48148,0.49979],[120.47851,0.49926],[120.47712,0.49563],[120.47363,0.49304],[120.47088,0.493],[120.46743,0.49427],[120.46594,0.49381],[120.4619,0.4938],[120.46047,0.49337],[120.4596,0.49251],[120.45922,0.49147],[120.45849,0.49119],[120.45713,0.48743],[120.45603,0.48587],[120.4552,0.48531],[120.4541,0.48338],[120.45373,0.48404],[120.45296,0.48386],[120.45289,0.48329],[120.4533,0.48298],[120.45311,0.48232],[120.44751,0.47624],[120.44736,0.47518],[120.44812,0.47597],[120.44867,0.47553],[120.44794,0.47423],[120.44644,0.47359],[120.44589,0.47199],[120.44478,0.47136],[120.44496,0.47094],[120.44363,0.47129],[120.44209,0.47093],[120.43967,0.46891],[120.43818,0.4693],[120.43606,0.46586],[120.4355,0.46578],[120.4336,0.4673],[120.4331,0.46719],[120.43304,0.46675],[120.43232,0.46723],[120.43137,0.46714],[120.43108,0.46597],[120.42927,0.46566],[120.42534,0.46695],[120.41978,0.47149],[120.41914,0.47158],[120.4179,0.47484],[120.41558,0.47656],[120.41543,0.47742],[120.41435,0.47683],[120.41091,0.47717],[120.40861,0.47591],[120.40393,0.4745],[120.40037,0.47241],[120.3992,0.47121],[120.39657,0.47021],[120.39463,0.46775],[120.39159,0.46716],[120.38889,0.46397],[120.38609,0.46253],[120.38228,0.46234],[120.37678,0.46084],[120.3733,0.46135],[120.37227,0.46056],[120.36896,0.4595],[120.36558,0.45735],[120.36052,0.456],[120.35646,0.45302],[120.35314,0.45231],[120.3517,0.45143],[120.35031,0.44865],[120.34934,0.44792],[120.34605,0.44607],[120.34151,0.44468],[120.34033,0.44341],[120.33837,0.44221],[120.33467,0.43843],[120.33022,0.43677],[120.32772,0.43389],[120.32721,0.43206],[120.32373,0.42825],[120.32257,0.42768],[120.32183,0.42803],[120.31646,0.42633],[120.31426,0.42509],[120.31014,0.4317],[120.30765,0.43666],[120.30683,0.43745],[120.3033,0.43892],[120.29748,0.44258],[120.29452,0.44537],[120.29052,0.44521],[120.28911,0.44586],[120.28845,0.44675],[120.28815,0.44841],[120.28843,0.45164],[120.28725,0.45446],[120.28572,0.45571],[120.28242,0.45707],[120.28054,0.4601],[120.27871,0.46159],[120.27694,0.46209],[120.27759,0.46401],[120.28049,0.46912],[120.28146,0.47332],[120.28636,0.47285],[120.29109,0.46983],[120.2936,0.46764],[120.29557,0.46418],[120.29835,0.45712],[120.30025,0.45453],[120.3039,0.45176],[120.30486,0.45139],[120.30565,0.45163],[120.30676,0.4539],[120.30744,0.45685],[120.30824,0.46466],[120.30778,0.46842],[120.30797,0.47266],[120.30897,0.47975],[120.31047,0.48421],[120.31203,0.48749],[120.31306,0.48861],[120.31751,0.49202],[120.32006,0.49312],[120.32268,0.49563],[120.31981,0.50101],[120.31778,0.50281],[120.3138,0.50471],[120.31244,0.50669],[120.31113,0.51804],[120.30722,0.52678],[120.30475,0.53682],[120.30427,0.53763],[120.30147,0.53982],[120.29997,0.54515],[120.30001,0.54912],[120.29959,0.55015],[120.29661,0.55192],[120.29377,0.55445],[120.29098,0.55771],[120.2871,0.56423],[120.28152,0.56978],[120.27811,0.57197],[120.27673,0.57361],[120.27791,0.58108],[120.27774,0.58277],[120.27508,0.58683],[120.26935,0.59109],[120.26823,0.59274],[120.26809,0.59788],[120.26763,0.59919],[120.26629,0.60023],[120.2653,0.60218],[120.26478,0.60592],[120.26387,0.60768],[120.26145,0.61695],[120.25998,0.6208],[120.25992,0.62368],[120.26192,0.62314],[120.26311,0.62209],[120.26378,0.62209],[120.26503,0.62292],[120.26789,0.62924],[120.26893,0.63038],[120.27053,0.63076],[120.27363,0.63019],[120.27702,0.63152],[120.28304,0.63057],[120.28426,0.63057],[120.2853,0.63114],[120.28652,0.63341],[120.28614,0.63777],[120.28699,0.63909],[120.29188,0.63995],[120.29386,0.6409],[120.29753,0.64109],[120.29979,0.6426],[120.29969,0.64573],[120.3009,0.65073],[120.30294,0.6532],[120.30665,0.65635],[120.31005,0.65711],[120.32175,0.66406],[120.32448,0.66482],[120.32994,0.66776],[120.33243,0.66784],[120.33645,0.66647],[120.34032,0.66657],[120.34196,0.66822],[120.34321,0.66796],[120.34481,0.66833],[120.35055,0.67383],[120.35139,0.67676],[120.35364,0.6778],[120.35839,0.67782],[120.37307,0.67537],[120.37477,0.6748],[120.38004,0.67102],[120.38221,0.67055],[120.38917,0.67045],[120.38973,0.67008],[120.39538,0.66951],[120.40177,0.66968]]]]}},{"type":"Feature","properties":{"NAMOBJ":"Moutong","KODE_KAB":7208},"geometry":{"type":"MultiPolygon","coordinates":[[[[121.08247,0.70014],[121.09206,0.70216],[121.09643,0.70136],[121.10168,0.69979],[121.10414,0.69831],[121.10787,0.6986],[121.10872,0.69827],[121.10882,0.69541],[121.11042,0.69332],[121.1134,0.69195],[121.11592,0.6918],[121.12252,0.69005],[121.12498,0.68805],[121.12701,0.68537],[121.12838,0.68489],[121.13075,0.68508],[121.13354,0.68399],[121.13508,0.68404],[121.13792,0.6849],[121.14148,0.68423],[121.15031,0.68485],[121.15291,0.684],[121.15825,0.67915],[121.16123,0.67865],[121.16176,0.67688],[121.16274,0.67629],[121.16356,0.67514],[121.16503,0.6701],[121.16584,0.66899],[121.1681,0.66805],[121.1696,0.66714],[121.16961,0.66675],[121.17325,0.66539],[121.17392,0.66468],[121.17587,0.66018],[121.17923,0.6548],[121.18372,0.65229],[121.18665,0.65144],[121.18779,0.65016],[121.19436,0.64536],[121.19515,0.64341],[121.19666,0.64186],[121.19919,0.64062],[121.2,0.64097],[121.20057,0.64204],[121.20274,0.64258],[121.20687,0.64164],[121.2105,0.64128],[121.2159,0.63892],[121.21892,0.6384],[121.22105,0.63911],[121.22237,0.64045],[121.22333,0.6405],[121.22436,0.64219],[121.22437,0.64285],[121.22529,0.6438],[121.22846,0.64534],[121.22951,0.64387],[121.23069,0.64321],[121.23183,0.64148],[121.23176,0.63988],[121.23106,0.63892],[121.23159,0.63807],[121.23164,0.63507],[121.23133,0.63388],[121.22686,0.62875],[121.22756,0.62785],[121.22786,0.62613],[121.22926,0.62291],[121.23108,0.62142],[121.23157,0.61796],[121.2336,0.61463],[121.23337,0.61311],[121.23447,0.61071],[121.23455,0.60946],[121.23828,0.60286],[121.24086,0.60164],[121.24303,0.60003],[121.24761,0.60148],[121.24989,0.60095],[121.25113,0.59936],[121.25442,0.59753],[121.25725,0.59507],[121.2618,0.58991],[121.26843,0.58777],[121.27012,0.58763],[121.27159,0.58687],[121.27325,0.58422],[121.27543,0.58251],[121.2825,0.58205],[121.28603,0.58114],[121.28955,0.58148],[121.29238,0.58103],[121.29493,0.58011],[121.29769,0.57724],[121.29996,0.57578],[121.30064,0.57415],[121.30118,0.57019],[121.3027,0.56827],[121.30492,0.56776],[121.30763,0.56858],[121.31233,0.57432],[121.31517,0.5763],[121.31611,0.57773],[121.31781,0.57777],[121.31842,0.57701],[121.31979,0.57631],[121.32177,0.57614],[121.32404,0.57664],[121.32641,0.57618],[121.32988,0.57449],[121.33181,0.57524],[121.33372,0.57476],[121.33501,0.5753],[121.33714,0.57442],[121.34092,0.56987],[121.34306,0.56592],[121.3453,0.56584],[121.34551,0.56555],[121.34611,0.56263],[121.34894,0.55847],[121.35001,0.55569],[121.34705,0.55323],[121.34599,0.54964],[121.3439,0.54779],[121.34406,0.54623],[121.34546,0.54401],[121.34567,0.54247],[121.34672,0.54054],[121.3466,0.5386],[121.34724,0.53838],[121.34766,0.53766],[121.34711,0.53644],[121.34726,0.53518],[121.34671,0.5343],[121.34495,0.53376],[121.34428,0.53153],[121.34462,0.53052],[121.34417,0.52909],[121.3421,0.52656],[121.34067,0.52635],[121.33856,0.52747],[121.33782,0.5275],[121.33712,0.52689],[121.3357,0.52748],[121.33481,0.5256],[121.33294,0.52507],[121.33257,0.52386],[121.33166,0.52347],[121.3313,0.52274],[121.33314,0.52169],[121.33407,0.51811],[121.33398,0.51523],[121.33332,0.51439],[121.33397,0.51356],[121.33394,0.51278],[121.33326,0.51103],[121.33421,0.5113],[121.33511,0.51096],[121.33554,0.51131],[121.33556,0.51027],[121.33462,0.51003],[121.33446,0.50938],[121.33588,0.50925],[121.33761,0.50679],[121.33898,0.50577],[121.34106,0.50602],[121.34442,0.50535],[121.34434,0.50439],[121.34307,0.5036],[121.34408,0.50316],[121.34436,0.50227],[121.34295,0.50137],[121.34372,0.50092],[121.34385,0.49976],[121.34515,0.49878],[121.3446,0.49686],[121.34703,0.49439],[121.34814,0.49429],[121.34887,0.49359],[121.35159,0.49257],[121.3505,0.49124],[121.35068,0.48889],[121.34856,0.4886],[121.34895,0.48802],[121.34808,0.48738],[121.34721,0.48563],[121.34623,0.4852],[121.3452,0.48555],[121.3426,0.48371],[121.34184,0.47861],[121.34042,0.47841],[121.34023,0.47735],[121.33805,0.47677],[121.33819,0.47638],[121.33758,0.47591],[121.3367,0.47382],[121.33571,0.47472],[121.3356,0.47673],[121.33388,0.47712],[121.33185,0.47894],[121.3306,0.47962],[121.3288,0.47982],[121.32725,0.48121],[121.32558,0.48202],[121.3249,0.48182],[121.32444,0.48308],[121.32315,0.48303],[121.32173,0.48355],[121.3197,0.48619],[121.31912,0.48633],[121.31849,0.48557],[121.31648,0.4855],[121.31565,0.48626],[121.31401,0.48621],[121.31233,0.48693],[121.31183,0.48663],[121.30928,0.48695],[121.30872,0.4879],[121.30808,0.48819],[121.30672,0.48737],[121.30516,0.48771],[121.30416,0.4888],[121.30358,0.48868],[121.30076,0.4904],[121.29775,0.49112],[121.29662,0.492],[121.29586,0.49194],[121.29475,0.4937],[121.29194,0.49498],[121.29176,0.49561],[121.2913,0.49521],[121.29071,0.49535],[121.29045,0.49644],[121.28983,0.49549],[121.28836,0.49634],[121.28715,0.49562],[121.28528,0.49524],[121.28389,0.49576],[121.28307,0.49438],[121.2823,0.49422],[121.28136,0.49469],[121.28091,0.49372],[121.28053,0.49504],[121.28014,0.49422],[121.27937,0.49483],[121.27856,0.49485],[121.27832,0.49452],[121.27592,0.49457],[121.27534,0.49379],[121.27315,0.49483],[121.27191,0.49475],[121.27177,0.49395],[121.27007,0.49298],[121.26786,0.49299],[121.26713,0.4934],[121.26655,0.49325],[121.26626,0.49237],[121.2652,0.49232],[121.26485,0.49273],[121.26428,0.49098],[121.26386,0.49074],[121.26318,0.49109],[121.26338,0.49036],[121.26208,0.48942],[121.25988,0.49088],[121.25835,0.49081],[121.25797,0.48993],[121.25276,0.48775],[121.25301,0.4871],[121.25108,0.48382],[121.24774,0.48126],[121.24557,0.47901],[121.24311,0.47438],[121.23854,0.46274],[121.238,0.46206],[121.23569,0.46078],[121.23381,0.45887],[121.23323,0.45769],[121.23256,0.45803],[121.23206,0.45714],[121.23104,0.45733],[121.23117,0.46003],[121.23068,0.46077],[121.22868,0.46188],[121.22557,0.46288],[121.21808,0.46245],[121.21158,0.45701],[121.2107,0.45747],[121.21034,0.4587],[121.20942,0.459],[121.20806,0.45898],[121.20584,0.45766],[121.20436,0.45832],[121.20202,0.45772],[121.20104,0.45791],[121.19909,0.46128],[121.19606,0.46292],[121.1938,0.46339],[121.19023,0.46315],[121.18843,0.46202],[121.18731,0.46261],[121.18672,0.46235],[121.1862,0.463],[121.18511,0.46279],[121.185,0.46217],[121.18596,0.45982],[121.18493,0.45775],[121.18416,0.45843],[121.18245,0.46237],[121.18115,0.46105],[121.17942,0.46085],[121.17831,0.45962],[121.17666,0.45974],[121.17442,0.45907],[121.17413,0.45868],[121.17453,0.45832],[121.1754,0.45855],[121.17669,0.45622],[121.17642,0.45567],[121.17528,0.45564],[121.17405,0.45454],[121.17311,0.45288],[121.17262,0.45031],[121.1719,0.44939],[121.17239,0.44921],[121.17271,0.44771],[121.17373,0.44699],[121.17371,0.44601],[121.17292,0.4459],[121.17236,0.44528],[121.17078,0.44642],[121.16898,0.44667],[121.16817,0.44732],[121.16727,0.44655],[121.16662,0.44519],[121.16559,0.44487],[121.16623,0.44405],[121.16615,0.44286],[121.16555,0.44214],[121.1651,0.44184],[121.16408,0.442],[121.16277,0.4439],[121.16231,0.44389],[121.16051,0.44229],[121.16086,0.44179],[121.15949,0.44115],[121.15773,0.43901],[121.15706,0.4389],[121.15666,0.43686],[121.15578,0.4362],[121.15562,0.43377],[121.15588,0.43296],[121.15624,0.43326],[121.15638,0.4328],[121.15554,0.4316],[121.15555,0.43112],[121.15596,0.43095],[121.15575,0.43005],[121.1549,0.42887],[121.15348,0.42336],[121.15248,0.42318],[121.1532,0.41894],[121.15377,0.41836],[121.15465,0.41864],[121.15542,0.41829],[121.15583,0.41429],[121.15167,0.41234],[121.14844,0.41157],[121.14724,0.41052],[121.14561,0.41013],[121.141,0.41094],[121.13864,0.41044],[121.13753,0.41074],[121.1353,0.41006],[121.13367,0.4108],[121.13153,0.41088],[121.13116,0.41077],[121.13129,0.41009],[121.13051,0.40978],[121.12954,0.41035],[121.12943,0.41294],[121.13037,0.41387],[121.13051,0.41463],[121.12999,0.41478],[121.12919,0.41406],[121.12886,0.41439],[121.12963,0.41653],[121.13041,0.41729],[121.12997,0.41921],[121.1307,0.41984],[121.13239,0.41885],[121.13322,0.41927],[121.13267,0.42174],[121.13307,0.42309],[121.13392,0.42419],[121.13316,0.42707],[121.13398,0.42879],[121.13293,0.4295],[121.13233,0.42762],[121.13032,0.42746],[121.12969,0.42813],[121.12984,0.43055],[121.12916,0.43117],[121.12773,0.43125],[121.12581,0.4304],[121.12483,0.4323],[121.12191,0.43172],[121.12086,0.43219],[121.12089,0.4329],[121.1219,0.43395],[121.12368,0.43342],[121.12411,0.43401],[121.12382,0.43454],[121.12251,0.43483],[121.12192,0.43541],[121.12019,0.43915],[121.1201,0.44056],[121.12145,0.44149],[121.12165,0.44244],[121.1208,0.44298],[121.11901,0.44237],[121.11783,0.44249],[121.11597,0.44331],[121.11509,0.4447],[121.11589,0.44844],[121.11858,0.44866],[121.1192,0.44956],[121.11906,0.45032],[121.11788,0.4527],[121.11622,0.45406],[121.11531,0.45686],[121.11231,0.45684],[121.11116,0.45746],[121.11129,0.45828],[121.11279,0.45926],[121.11533,0.45903],[121.11557,0.46009],[121.11349,0.46154],[121.11213,0.46318],[121.11099,0.46325],[121.10921,0.46223],[121.10858,0.46236],[121.10789,0.46319],[121.10737,0.46695],[121.10759,0.46858],[121.1082,0.47002],[121.11026,0.47237],[121.11029,0.47352],[121.10904,0.47542],[121.10709,0.475],[121.10594,0.47532],[121.10573,0.47609],[121.10627,0.47771],[121.10561,0.47857],[121.1048,0.47891],[121.10122,0.47903],[121.10052,0.4796],[121.10035,0.48037],[121.10194,0.48606],[121.1012,0.48689],[121.10049,0.49015],[121.1016,0.495],[121.10261,0.49518],[121.10436,0.49422],[121.10485,0.49453],[121.10452,0.49691],[121.10342,0.49869],[121.10479,0.49905],[121.10792,0.49777],[121.10871,0.50078],[121.11047,0.50304],[121.11222,0.50431],[121.11266,0.50411],[121.11307,0.50212],[121.11369,0.50142],[121.11526,0.50107],[121.11637,0.50138],[121.11639,0.50211],[121.11531,0.50396],[121.11407,0.50755],[121.1146,0.508],[121.11691,0.50745],[121.11772,0.50776],[121.11746,0.50892],[121.11574,0.51177],[121.11598,0.51261],[121.11953,0.50997],[121.12073,0.5097],[121.12113,0.51],[121.12143,0.51155],[121.12031,0.51518],[121.11825,0.51895],[121.11751,0.51958],[121.11696,0.51956],[121.11463,0.51781],[121.11374,0.51758],[121.11293,0.51796],[121.11177,0.52072],[121.11217,0.52337],[121.11002,0.52387],[121.10773,0.5259],[121.1073,0.52907],[121.10781,0.53071],[121.1056,0.53018],[121.10483,0.52915],[121.1045,0.5278],[121.10399,0.5275],[121.10272,0.52842],[121.10286,0.53074],[121.10247,0.53141],[121.10065,0.53191],[121.09837,0.53187],[121.09919,0.53426],[121.09929,0.53655],[121.10009,0.53819],[121.10207,0.54029],[121.10233,0.54105],[121.10058,0.54501],[121.09929,0.54666],[121.10135,0.54835],[121.1016,0.55052],[121.10095,0.55258],[121.10253,0.55401],[121.10242,0.55529],[121.10097,0.55765],[121.1008,0.55973],[121.09743,0.55923],[121.09556,0.56066],[121.09463,0.56063],[121.09373,0.55981],[121.08972,0.56107],[121.08628,0.56409],[121.08442,0.56629],[121.08429,0.56724],[121.08491,0.56811],[121.08299,0.56959],[121.08362,0.57324],[121.08254,0.5739],[121.08549,0.57797],[121.08436,0.57877],[121.0832,0.58205],[121.08312,0.58349],[121.08185,0.585],[121.08083,0.58723],[121.07922,0.58885],[121.07798,0.59244],[121.07515,0.59441],[121.07299,0.59492],[121.07133,0.59645],[121.06007,0.62463],[121.06142,0.63065],[121.06311,0.63185],[121.06433,0.63344],[121.0652,0.6395],[121.06506,0.64155],[121.06595,0.64453],[121.06579,0.64505],[121.06691,0.64743],[121.06686,0.64896],[121.06603,0.65027],[121.06622,0.6532],[121.06953,0.6621],[121.06879,0.6652],[121.06939,0.66682],[121.06814,0.6692],[121.06786,0.67267],[121.06654,0.67516],[121.06616,0.67754],[121.06407,0.67944],[121.06697,0.68091],[121.06722,0.68217],[121.06802,0.68324],[121.07,0.68403],[121.07086,0.68486],[121.06991,0.68579],[121.06858,0.6887],[121.06494,0.69197],[121.06255,0.69925],[121.06055,0.70237],[121.0618,0.70502],[121.06403,0.70516],[121.06687,0.70426],[121.07297,0.70346],[121.07575,0.70151],[121.07887,0.70137],[121.08058,0.70042],[121.08247,0.70014]]]]}},{"type":"Feature","properties":{"NAMOBJ":"Bolano Lambunu","KODE_KAB":7208},"geometry":{"type":"MultiPolygon","coordinates":[[[[121.02801,0.4401],[121.02735,0.44048],[121.02637,0.43946],[121.02218,0.43752],[121.02186,0.43652],[121.02127,0.43607],[121.02157,0.43539],[121.02133,0.43476],[121.01974,0.43412],[121.01695,0.43401],[121.01467,0.43551],[121.01193,0.43543],[121.01116,0.43445],[121.00952,0.43414],[121.00421,0.43156],[121.00266,0.43141],[121.00154,0.43213],[121.00093,0.43153],[121.0003,0.42937],[120.99944,0.42888],[120.99872,0.42898],[120.99846,0.42833],[120.99579,0.42729],[120.99235,0.42751],[120.99221,0.42704],[120.99312,0.42605],[120.9929,0.42556],[120.99015,0.42458],[120.98776,0.42275],[120.9864,0.42251],[120.98574,0.42096],[120.98335,0.4206],[120.98182,0.42142],[120.98078,0.42128],[120.98059,0.4225],[120.97928,0.42501],[120.97961,0.42696],[120.9784,0.43118],[120.97659,0.43495],[120.9783,0.4361],[120.97613,0.4423],[120.97406,0.44568],[120.97454,0.44836],[120.97009,0.45465],[120.97069,0.45612],[120.96918,0.45676],[120.96558,0.45688],[120.96462,0.45986],[120.96122,0.46025],[120.96023,0.46232],[120.96005,0.4645],[120.96068,0.4682],[120.96025,0.47092],[120.96114,0.48177],[120.96068,0.48451],[120.96084,0.48721],[120.95918,0.48748],[120.95842,0.48926],[120.95261,0.49244],[120.94849,0.49246],[120.94651,0.49526],[120.94661,0.49725],[120.94629,0.49744],[120.94335,0.49669],[120.94404,0.49822],[120.9451,0.49887],[120.94543,0.5],[120.94352,0.50742],[120.9422,0.50793],[120.9411,0.50917],[120.93956,0.50954],[120.93829,0.51075],[120.93493,0.51184],[120.93848,0.51608],[120.9385,0.51678],[120.93584,0.51804],[120.92835,0.51882],[120.92582,0.51971],[120.92408,0.52299],[120.92331,0.52374],[120.91865,0.52663],[120.91276,0.52661],[120.91108,0.52699],[120.90998,0.52963],[120.90826,0.5372],[120.90423,0.5363],[120.89979,0.53296],[120.89941,0.53307],[120.89525,0.54216],[120.89438,0.54497],[120.89292,0.5525],[120.89182,0.55575],[120.89216,0.56042],[120.88957,0.56363],[120.88752,0.56908],[120.88743,0.57088],[120.88808,0.57148],[120.88835,0.57257],[120.8876,0.57538],[120.88807,0.5769],[120.88684,0.57803],[120.88716,0.57983],[120.88612,0.58],[120.88595,0.58049],[120.88675,0.58427],[120.8873,0.58462],[120.88858,0.58414],[120.88938,0.58546],[120.88901,0.58701],[120.88921,0.58889],[120.88786,0.59134],[120.88831,0.59399],[120.88954,0.59474],[120.89147,0.59709],[120.89336,0.59805],[120.89439,0.59813],[120.89617,0.59714],[120.89772,0.59753],[120.89841,0.59654],[120.89979,0.59623],[120.90275,0.59788],[120.90103,0.59972],[120.89835,0.6008],[120.89781,0.60193],[120.89784,0.60467],[120.89571,0.606],[120.89526,0.60857],[120.89603,0.61291],[120.89498,0.61503],[120.89601,0.61641],[120.89545,0.61894],[120.8936,0.62109],[120.89027,0.62232],[120.88796,0.62399],[120.88432,0.62902],[120.88252,0.63555],[120.8829,0.63936],[120.88224,0.64065],[120.88231,0.64238],[120.8802,0.64401],[120.87962,0.64599],[120.88034,0.64944],[120.88158,0.65133],[120.88398,0.65379],[120.88499,0.65721],[120.88586,0.65838],[120.88576,0.66063],[120.88736,0.66371],[120.8876,0.66555],[120.8889,0.66805],[120.89054,0.6696],[120.89435,0.67187],[120.89419,0.67403],[120.895,0.67495],[120.89505,0.67743],[120.89581,0.67856],[120.89709,0.68316],[120.89539,0.68661],[120.89486,0.68996],[120.89098,0.69122],[120.89003,0.6933],[120.88707,0.69749],[120.88631,0.70143],[120.88541,0.70268],[120.8831,0.70416],[120.88715,0.70569],[120.8887,0.70568],[120.89694,0.70136],[120.90027,0.70045],[120.90324,0.69849],[120.91123,0.69698],[120.91353,0.69558],[120.91499,0.69528],[120.9234,0.69443],[120.92692,0.69364],[120.93269,0.69101],[120.93824,0.68961],[120.94122,0.68992],[120.94274,0.69077],[120.9506,0.69251],[120.95758,0.69264],[120.9601,0.69291],[120.9617,0.69357],[120.96355,0.69331],[120.96707,0.69138],[120.97279,0.69045],[120.97558,0.69052],[120.97644,0.69138],[120.97677,0.69304],[120.97628,0.69441],[120.97677,0.69536],[120.97895,0.69688],[120.9873,0.69944],[120.99243,0.7006],[120.99782,0.70128],[121,0.7025],[121.00535,0.7039],[121.007,0.70471],[121.0084,0.70603],[121.01311,0.69905],[121.01249,0.6981],[121.01252,0.69649],[121.0115,0.69453],[121.01075,0.69392],[121.01001,0.69179],[121.01111,0.68975],[121.01038,0.68769],[121.01162,0.68618],[121.01304,0.68623],[121.01339,0.68585],[121.01293,0.68256],[121.01318,0.67983],[121.01277,0.67926],[121.01152,0.67923],[121.01114,0.67763],[121.01026,0.67639],[121.01026,0.675],[121.01179,0.67194],[121.01301,0.67153],[121.01389,0.67191],[121.01444,0.67078],[121.01531,0.67176],[121.01589,0.67179],[121.01814,0.6689],[121.01716,0.66671],[121.01611,0.66584],[121.01666,0.66463],[121.01652,0.66179],[121.01579,0.66102],[121.01561,0.65921],[121.01651,0.65771],[121.01679,0.65266],[121.01753,0.64944],[121.01591,0.64654],[121.0159,0.64414],[121.01446,0.64224],[121.01474,0.63329],[121.0129,0.6299],[121.01226,0.62677],[121.01294,0.6208],[121.01827,0.61067],[121.0193,0.60625],[121.0227,0.60285],[121.02865,0.58957],[121.02968,0.58345],[121.03772,0.55564],[121.03759,0.55197],[121.0384,0.54979],[121.03868,0.54448],[121.03933,0.54162],[121.03693,0.52879],[121.03573,0.51888],[121.03758,0.51847],[121.03907,0.51582],[121.03815,0.51384],[121.03808,0.51118],[121.03711,0.50751],[121.03641,0.5068],[121.03686,0.50566],[121.03525,0.5045],[121.03455,0.50444],[121.03424,0.50384],[121.03521,0.50259],[121.0352,0.50197],[121.03441,0.50204],[121.03466,0.49715],[121.02829,0.49149],[121.02698,0.4866],[121.02709,0.48002],[121.03198,0.47852],[121.03448,0.47724],[121.03459,0.47664],[121.03404,0.47439],[121.0302,0.46819],[121.02854,0.46211],[121.02963,0.45877],[121.03122,0.45691],[121.03129,0.4526],[121.03308,0.45084],[121.03443,0.44861],[121.03086,0.44656],[121.0285,0.4465],[121.02801,0.4401]]]]}},{"type":"Feature","properties":{"NAMOBJ":"Taopa","KODE_KAB":7208},"geometry":{"type":"MultiPolygon","coordinates":[[[[121.02617,0.70591],[121.02713,0.70648],[121.03107,0.70614],[121.03304,0.70422],[121.03398,0.70222],[121.03708,0.70084],[121.03931,0.6989],[121.04386,0.69842],[121.05492,0.69396],[121.05552,0.6942],[121.05628,0.69553],[121.05906,0.69818],[121.06055,0.70237],[121.06255,0.69925],[121.06494,0.69197],[121.06858,0.6887],[121.06991,0.68579],[121.07086,0.68486],[121.07,0.68403],[121.06802,0.68324],[121.06722,0.68217],[121.06697,0.68091],[121.06407,0.67944],[121.06616,0.67754],[121.06654,0.67516],[121.06786,0.67267],[121.06814,0.6692],[121.06939,0.66682],[121.06879,0.6652],[121.06953,0.6621],[121.06622,0.6532],[121.06603,0.65027],[121.06686,0.64896],[121.06691,0.64743],[121.06579,0.64505],[121.06595,0.64453],[121.06506,0.64155],[121.0652,0.6395],[121.06433,0.63344],[121.06311,0.63185],[121.06142,0.63065],[121.06007,0.62463],[121.07133,0.59645],[121.07299,0.59492],[121.07515,0.59441],[121.07798,0.59244],[121.07922,0.58885],[121.08083,0.58723],[121.08185,0.585],[121.08312,0.58349],[121.0832,0.58205],[121.08436,0.57877],[121.08549,0.57797],[121.08254,0.5739],[121.08362,0.57324],[121.08299,0.56959],[121.08491,0.56811],[121.08429,0.56724],[121.08442,0.56629],[121.08628,0.56409],[121.08972,0.56107],[121.09373,0.55981],[121.09463,0.56063],[121.09556,0.56066],[121.09743,0.55923],[121.1008,0.55973],[121.10097,0.55765],[121.10242,0.55529],[121.10253,0.55401],[121.10095,0.55258],[121.1016,0.55052],[121.10135,0.54835],[121.09929,0.54666],[121.10058,0.54501],[121.10233,0.54105],[121.10207,0.54029],[121.10009,0.53819],[121.09929,0.53655],[121.09919,0.53426],[121.09837,0.53187],[121.10065,0.53191],[121.10247,0.53141],[121.10286,0.53074],[121.10272,0.52842],[121.10399,0.5275],[121.1045,0.5278],[121.10483,0.52915],[121.1056,0.53018],[121.10781,0.53071],[121.1073,0.52907],[121.10773,0.5259],[121.11002,0.52387],[121.11217,0.52337],[121.11175,0.52084],[121.11263,0.51835],[121.11394,0.51759],[121.1151,0.51801],[121.11711,0.51963],[121.11789,0.51935],[121.12031,0.51518],[121.12138,0.51181],[121.12139,0.51048],[121.12045,0.5097],[121.11882,0.51034],[121.11647,0.51252],[121.11574,0.51237],[121.11776,0.50788],[121.11691,0.50745],[121.1146,0.508],[121.11406,0.50744],[121.11531,0.50396],[121.11639,0.50211],[121.11637,0.50138],[121.11526,0.50107],[121.11369,0.50142],[121.11307,0.50212],[121.11266,0.50411],[121.11222,0.50431],[121.11047,0.50304],[121.10871,0.50078],[121.10792,0.49777],[121.10479,0.49905],[121.10342,0.49869],[121.10452,0.49691],[121.10485,0.49453],[121.10436,0.49422],[121.10261,0.49518],[121.1016,0.495],[121.10049,0.49015],[121.1012,0.48689],[121.10194,0.48606],[121.1007,0.48245],[121.10039,0.48003],[121.10122,0.47903],[121.1048,0.47891],[121.10561,0.47857],[121.10627,0.47771],[121.10573,0.47609],[121.10594,0.47532],[121.10709,0.475],[121.10904,0.47542],[121.11029,0.47352],[121.11026,0.47237],[121.1082,0.47002],[121.10759,0.46858],[121.10737,0.46695],[121.10789,0.46319],[121.10858,0.46236],[121.10921,0.46223],[121.11099,0.46325],[121.11213,0.46318],[121.11349,0.46154],[121.11557,0.46009],[121.11533,0.45903],[121.11279,0.45926],[121.11129,0.45828],[121.11116,0.45746],[121.11231,0.45684],[121.11531,0.45686],[121.11622,0.45406],[121.11788,0.4527],[121.11906,0.45032],[121.1192,0.44956],[121.11858,0.44866],[121.11589,0.44844],[121.11509,0.4447],[121.11597,0.44331],[121.11783,0.44249],[121.11901,0.44237],[121.1208,0.44298],[121.12165,0.44244],[121.12145,0.44149],[121.1201,0.44056],[121.12019,0.43915],[121.12192,0.43541],[121.12251,0.43483],[121.12382,0.43454],[121.12411,0.43401],[121.12368,0.43342],[121.1219,0.43395],[121.12089,0.4329],[121.12086,0.43219],[121.12191,0.43172],[121.12483,0.4323],[121.12581,0.4304],[121.12773,0.43125],[121.12916,0.43117],[121.12984,0.43055],[121.12969,0.42813],[121.13032,0.42746],[121.13223,0.42756],[121.1327,0.42818],[121.13269,0.42933],[121.13355,0.42936],[121.13402,0.4283],[121.13317,0.4269],[121.13394,0.42428],[121.13271,0.422],[121.1331,0.41906],[121.13227,0.41887],[121.1307,0.41984],[121.12999,0.41932],[121.13041,0.41729],[121.12963,0.41653],[121.12886,0.41439],[121.12919,0.41406],[121.12999,0.41478],[121.13051,0.41463],[121.13037,0.41387],[121.12943,0.41294],[121.12954,0.41035],[121.12754,0.41045],[121.12721,0.41098],[121.12527,0.41098],[121.12347,0.41161],[121.12158,0.41122],[121.11935,0.40959],[121.11676,0.40579],[121.1132,0.40293],[121.11244,0.40183],[121.1117,0.40177],[121.11132,0.40109],[121.10227,0.40619],[121.09943,0.40733],[121.09727,0.40755],[121.09093,0.40506],[121.08804,0.40289],[121.08475,0.39939],[121.081,0.39793],[121.07867,0.39819],[121.07471,0.40001],[121.06758,0.40396],[121.06719,0.40437],[121.06714,0.40602],[121.06644,0.40778],[121.06542,0.40915],[121.06419,0.40962],[121.06278,0.40907],[121.06035,0.4097],[121.05375,0.41342],[121.04372,0.42335],[121.04072,0.42555],[121.03826,0.42575],[121.03662,0.4291],[121.03624,0.43052],[121.03657,0.43183],[121.03427,0.43227],[121.03255,0.43531],[121.03031,0.43794],[121.02933,0.43804],[121.02893,0.43928],[121.02801,0.4401],[121.0285,0.4465],[121.03086,0.44656],[121.03443,0.44861],[121.03308,0.45084],[121.03129,0.4526],[121.03122,0.45691],[121.02963,0.45877],[121.02854,0.46211],[121.0302,0.46819],[121.03404,0.47439],[121.03459,0.47664],[121.03448,0.47724],[121.03198,0.47852],[121.02709,0.48002],[121.02698,0.4866],[121.02829,0.49149],[121.03466,0.49715],[121.03441,0.50204],[121.0352,0.50197],[121.03521,0.50259],[121.03424,0.50384],[121.03455,0.50444],[121.03525,0.5045],[121.03686,0.50566],[121.03641,0.5068],[121.03711,0.50751],[121.03808,0.51118],[121.03815,0.51384],[121.03907,0.51582],[121.03758,0.51847],[121.03573,0.51888],[121.03693,0.52879],[121.03933,0.54162],[121.03868,0.54448],[121.0384,0.54979],[121.03759,0.55197],[121.03772,0.55564],[121.02968,0.58345],[121.02865,0.58957],[121.0227,0.60285],[121.0193,0.60625],[121.01827,0.61067],[121.01294,0.6208],[121.01226,0.62677],[121.0129,0.6299],[121.01474,0.63329],[121.01446,0.64224],[121.0159,0.64414],[121.01591,0.64654],[121.01753,0.64944],[121.01679,0.65266],[121.01651,0.65771],[121.01561,0.65921],[121.01579,0.66102],[121.01652,0.66179],[121.01666,0.66463],[121.01611,0.66584],[121.01716,0.66671],[121.01814,0.6689],[121.01589,0.67179],[121.01531,0.67176],[121.01444,0.67078],[121.01389,0.67191],[121.01301,0.67153],[121.01179,0.67194],[121.01031,0.67479],[121.01026,0.67639],[121.01114,0.67763],[121.01152,0.67923],[121.01277,0.67926],[121.01318,0.67983],[121.01293,0.68256],[121.01339,0.68585],[121.01304,0.68623],[121.01162,0.68618],[121.01038,0.68769],[121.01111,0.68975],[121.01001,0.69179],[121.01075,0.69392],[121.0115,0.69453],[121.01252,0.69649],[121.01249,0.6981],[121.01311,0.69905],[121.0084,0.70603],[121.01144,0.7097],[121.01432,0.71136],[121.015,0.71136],[121.022,0.70685],[121.02351,0.7068],[121.02507,0.706],[121.02617,0.70591]]]]}}]}