{"type":"FeatureCollection","features":[{"type":"Feature","properties":{"NAMOBJ":"Pamona Selatan","KODE_KAB":7202},"geometry":{"type":"MultiPolygon","coordinates":[[[[120.69618,-2.05441],[120.70004,-2.05462],[120.7006,-2.05358],[120.70021,-2.05143],[120.70057,-2.05092],[120.70114,-2.05204],[120.70247,-2.05198],[120.70408,-2.05252],[120.70475,-2.05209],[120.70477,-2.05048],[120.70518,-2.05024],[120.70814,-2.05192],[120.70916,-2.05338],[120.71051,-2.05423],[120.71155,-2.05367],[120.71044,-2.05228],[120.71053,-2.05184],[120.71102,-2.05173],[120.71316,-2.05278],[120.71412,-2.05382],[120.714,-2.05443],[120.71227,-2.05486],[120.71161,-2.05688],[120.71207,-2.05719],[120.71295,-2.05667],[120.71354,-2.05802],[120.71519,-2.0583],[120.71533,-2.05907],[120.71451,-2.06007],[120.71482,-2.06068],[120.71581,-2.06072],[120.71678,-2.05987],[120.71647,-2.05849],[120.71671,-2.05803],[120.71771,-2.05915],[120.71835,-2.05926],[120.71961,-2.05815],[120.72019,-2.05856],[120.72149,-2.06099],[120.72204,-2.06103],[120.72228,-2.0596],[120.72274,-2.05915],[120.72399,-2.05917],[120.72412,-2.0596],[120.72309,-2.06109],[120.72326,-2.06223],[120.7248,-2.06113],[120.72591,-2.06342],[120.72645,-2.06349],[120.72767,-2.06272],[120.73013,-2.06341],[120.72992,-2.06405],[120.72782,-2.06477],[120.72737,-2.06613],[120.72798,-2.06645],[120.72876,-2.0652],[120.73115,-2.06486],[120.73062,-2.06705],[120.72987,-2.06822],[120.72832,-2.06798],[120.72805,-2.06861],[120.72902,-2.06901],[120.72959,-2.07018],[120.73149,-2.06944],[120.73262,-2.06958],[120.73277,-2.06997],[120.73111,-2.07113],[120.7311,-2.07167],[120.7336,-2.07291],[120.73507,-2.0742],[120.73381,-2.07591],[120.73386,-2.07654],[120.7345,-2.07718],[120.73332,-2.07972],[120.7342,-2.08002],[120.73593,-2.07903],[120.73549,-2.08084],[120.73762,-2.08195],[120.73765,-2.08237],[120.73632,-2.08347],[120.73631,-2.08551],[120.73703,-2.08617],[120.73757,-2.08574],[120.73778,-2.08449],[120.73898,-2.08472],[120.73822,-2.08588],[120.73939,-2.087],[120.73866,-2.08843],[120.73901,-2.0899],[120.73962,-2.09035],[120.74048,-2.09026],[120.74145,-2.09155],[120.74059,-2.09315],[120.74053,-2.09414],[120.74126,-2.0945],[120.74324,-2.09368],[120.74622,-2.09648],[120.75082,-2.09897],[120.75147,-2.10025],[120.75263,-2.10025],[120.75388,-2.09956],[120.75435,-2.09977],[120.75484,-2.10049],[120.75496,-2.10173],[120.754,-2.10219],[120.75338,-2.10086],[120.75248,-2.10078],[120.75206,-2.10148],[120.75231,-2.10261],[120.75162,-2.10367],[120.75224,-2.10485],[120.75404,-2.10446],[120.75559,-2.10583],[120.75439,-2.10812],[120.75529,-2.10897],[120.7546,-2.1094],[120.7535,-2.10768],[120.75292,-2.10864],[120.75432,-2.11155],[120.75492,-2.1118],[120.75757,-2.11152],[120.758,-2.11204],[120.75763,-2.11277],[120.758,-2.11334],[120.75926,-2.11341],[120.75979,-2.11287],[120.76193,-2.11269],[120.76346,-2.11174],[120.76475,-2.11265],[120.76597,-2.11277],[120.76704,-2.11182],[120.7685,-2.11145],[120.76927,-2.11051],[120.77001,-2.11041],[120.7736,-2.11189],[120.77914,-2.11601],[120.78199,-2.1172],[120.79953,-2.11697],[120.81774,-2.12012],[120.82339,-2.12041],[120.82735,-2.12027],[120.83183,-2.11834],[120.83647,-2.1332],[120.84091,-2.15301],[120.84248,-2.16293],[120.84362,-2.17975],[120.84388,-2.21838],[120.83774,-2.21859],[120.80892,-2.22448],[120.80303,-2.22464],[120.79058,-2.22759],[120.78326,-2.22758],[120.76879,-2.22957],[120.76359,-2.23223],[120.75757,-2.23388],[120.74799,-2.23188],[120.72816,-2.22008],[120.71731,-2.21173],[120.70827,-2.20577],[120.70501,-2.20288],[120.68978,-2.17981],[120.68174,-2.17022],[120.66485,-2.15361],[120.65052,-2.14044],[120.63413,-2.1198],[120.62562,-2.10806],[120.60981,-2.10109],[120.59837,-2.09029],[120.56948,-2.06873],[120.56025,-2.06279],[120.55016,-2.05936],[120.53982,-2.058],[120.52503,-2.05375],[120.52254,-2.05241],[120.51476,-2.04324],[120.51522,-2.04228],[120.51603,-2.04212],[120.51846,-2.03818],[120.52048,-2.03627],[120.52055,-2.03448],[120.52014,-2.033],[120.521,-2.03089],[120.52084,-2.02874],[120.52187,-2.02567],[120.52135,-2.02368],[120.52226,-2.02196],[120.5224,-2.02054],[120.52773,-2.01846],[120.53006,-2.0195],[120.53097,-2.01955],[120.53253,-2.01888],[120.53456,-2.01998],[120.53551,-2.01983],[120.5367,-2.01879],[120.53713,-2.01642],[120.53887,-2.01514],[120.5392,-2.01384],[120.54037,-2.01284],[120.54196,-2.00897],[120.54294,-2.00816],[120.54387,-2.0009],[120.54166,-1.99851],[120.541,-1.99539],[120.54014,-1.99399],[120.54057,-1.99243],[120.5413,-1.99203],[120.54146,-1.99097],[120.54305,-1.9892],[120.54415,-1.98882],[120.54711,-1.98934],[120.54761,-1.98995],[120.54895,-1.98987],[120.55022,-1.99075],[120.55384,-1.99209],[120.55551,-1.99051],[120.55895,-1.98957],[120.56118,-1.98781],[120.56286,-1.987],[120.56418,-1.98703],[120.56634,-1.98805],[120.5669,-1.98749],[120.56705,-1.98588],[120.56865,-1.98618],[120.5705,-1.9853],[120.58461,-1.98271],[120.58577,-1.98417],[120.58499,-1.98432],[120.58437,-1.98524],[120.58128,-1.98391],[120.58072,-1.98532],[120.58402,-1.98894],[120.58438,-1.99047],[120.58835,-1.99186],[120.59435,-1.99149],[120.59703,-1.99245],[120.60236,-1.99319],[120.60392,-1.99464],[120.60651,-1.99569],[120.60678,-1.99689],[120.60829,-1.99869],[120.61037,-1.99968],[120.6109,-2.00293],[120.61173,-2.00509],[120.61124,-2.00479],[120.60985,-2.00208],[120.6094,-2.00298],[120.6103,-2.00368],[120.60951,-2.00386],[120.60951,-2.00457],[120.61002,-2.00505],[120.60987,-2.00408],[120.6106,-2.00411],[120.61308,-2.00771],[120.61383,-2.01005],[120.61403,-2.01289],[120.61493,-2.01666],[120.61657,-2.02042],[120.61733,-2.02118],[120.61786,-2.02836],[120.61819,-2.02959],[120.61894,-2.03032],[120.61864,-2.0319],[120.62045,-2.03564],[120.6211,-2.03819],[120.62191,-2.03892],[120.62159,-2.04042],[120.62221,-2.04283],[120.62308,-2.04432],[120.62369,-2.04729],[120.62534,-2.0489],[120.62555,-2.05211],[120.62762,-2.05384],[120.62902,-2.05682],[120.63078,-2.05939],[120.63339,-2.06074],[120.63524,-2.06314],[120.63615,-2.06359],[120.63675,-2.06564],[120.63783,-2.06728],[120.63939,-2.06755],[120.64452,-2.06735],[120.64646,-2.06835],[120.64786,-2.07014],[120.64785,-2.07112],[120.65102,-2.07305],[120.65155,-2.07373],[120.65521,-2.07515],[120.65584,-2.07592],[120.65979,-2.0755],[120.66178,-2.07452],[120.66554,-2.07382],[120.6711,-2.07185],[120.67747,-2.06908],[120.67874,-2.06887],[120.68027,-2.06794],[120.68137,-2.06924],[120.68271,-2.06955],[120.68623,-2.06833],[120.69174,-2.06546],[120.69644,-2.06216],[120.69825,-2.05931],[120.69875,-2.05709],[120.6973,-2.0565],[120.69606,-2.05523],[120.69618,-2.05441]]]]}},{"type":"Feature","properties":{"NAMOBJ":"Pamona Tenggara","KODE_KAB":7202},"geometry":{"type":"MultiPolygon","coordinates":[[[[120.73689,-1.93785],[120.75046,-1.95176],[120.75441,-1.96028],[120.75797,-1.97425],[120.75871,-1.97498],[120.76042,-1.97528],[120.79355,-1.97353],[120.80097,-1.96978],[120.80216,-1.96761],[120.80465,-1.96676],[120.80759,-1.96834],[120.81357,-1.96893],[120.81638,-1.97059],[120.81877,-1.9708],[120.82799,-1.96897],[120.83197,-1.96963],[120.83431,-1.96948],[120.83816,-1.96886],[120.84194,-1.96741],[120.84624,-1.96714],[120.8502,-1.96863],[120.85365,-1.97055],[120.85676,-1.97112],[120.85796,-1.97183],[120.85887,-1.97304],[120.86112,-1.97314],[120.86722,-1.97715],[120.86788,-1.97708],[120.86856,-1.97618],[120.86942,-1.97607],[120.86998,-1.97643],[120.87043,-1.97834],[120.87185,-1.97799],[120.8719,-1.979],[120.87234,-1.97943],[120.87199,-1.98051],[120.8724,-1.98169],[120.8713,-1.98146],[120.87116,-1.98247],[120.87249,-1.98313],[120.87224,-1.98417],[120.87336,-1.98428],[120.87306,-1.98531],[120.87379,-1.98478],[120.87405,-1.98502],[120.87441,-1.98712],[120.8749,-1.98706],[120.87424,-1.98885],[120.87465,-1.98959],[120.85656,-2.00981],[120.8478,-2.02074],[120.84363,-2.02723],[120.84084,-2.03421],[120.83846,-2.04426],[120.82921,-2.09087],[120.83158,-2.11129],[120.83186,-2.11636],[120.83183,-2.11834],[120.82985,-2.11946],[120.82735,-2.12027],[120.82339,-2.12041],[120.81774,-2.12012],[120.79953,-2.11697],[120.78199,-2.1172],[120.77914,-2.11601],[120.7736,-2.11189],[120.77001,-2.11041],[120.76927,-2.11051],[120.7685,-2.11145],[120.76704,-2.11182],[120.76597,-2.11277],[120.76475,-2.11265],[120.76346,-2.11174],[120.76193,-2.11269],[120.75979,-2.11287],[120.75892,-2.11345],[120.75784,-2.11321],[120.75763,-2.11277],[120.75803,-2.11218],[120.75757,-2.11152],[120.75458,-2.1117],[120.7529,-2.10833],[120.75362,-2.1077],[120.7542,-2.10906],[120.75506,-2.10937],[120.75527,-2.10867],[120.75447,-2.10849],[120.75441,-2.10795],[120.75559,-2.10583],[120.75404,-2.10446],[120.75224,-2.10485],[120.75162,-2.10367],[120.75231,-2.10261],[120.75226,-2.10096],[120.75325,-2.10077],[120.75398,-2.10218],[120.75452,-2.10217],[120.75499,-2.10165],[120.75478,-2.10033],[120.75388,-2.09956],[120.75263,-2.10025],[120.75147,-2.10025],[120.75082,-2.09897],[120.74622,-2.09648],[120.74324,-2.09368],[120.74126,-2.0945],[120.74053,-2.09414],[120.74059,-2.09315],[120.74145,-2.09155],[120.74048,-2.09026],[120.73962,-2.09035],[120.73901,-2.0899],[120.73866,-2.08843],[120.73939,-2.087],[120.73822,-2.08588],[120.73898,-2.08472],[120.73778,-2.08449],[120.73757,-2.08574],[120.73703,-2.08617],[120.73631,-2.08551],[120.73632,-2.08347],[120.73765,-2.08237],[120.73762,-2.08195],[120.73549,-2.08084],[120.73593,-2.07903],[120.7342,-2.08002],[120.73332,-2.07972],[120.7345,-2.07718],[120.73386,-2.07654],[120.73381,-2.07591],[120.73507,-2.0742],[120.7336,-2.07291],[120.7311,-2.07167],[120.73111,-2.07113],[120.73277,-2.06997],[120.73262,-2.06958],[120.73149,-2.06944],[120.72959,-2.07018],[120.72902,-2.06901],[120.72805,-2.06861],[120.72832,-2.06798],[120.72987,-2.06822],[120.73062,-2.06705],[120.73115,-2.06486],[120.72876,-2.0652],[120.72798,-2.06645],[120.72737,-2.06613],[120.72782,-2.06477],[120.72992,-2.06405],[120.73013,-2.06341],[120.72767,-2.06272],[120.72645,-2.06349],[120.72591,-2.06342],[120.7248,-2.06113],[120.72326,-2.06223],[120.72309,-2.06109],[120.72412,-2.0596],[120.72399,-2.05917],[120.72274,-2.05915],[120.72228,-2.0596],[120.72204,-2.06103],[120.72149,-2.06099],[120.72019,-2.05856],[120.71961,-2.05815],[120.71835,-2.05926],[120.71771,-2.05915],[120.71671,-2.05803],[120.71647,-2.05849],[120.71678,-2.05987],[120.71581,-2.06072],[120.71482,-2.06068],[120.71451,-2.06007],[120.71533,-2.05907],[120.71519,-2.0583],[120.71354,-2.05802],[120.71295,-2.05667],[120.71207,-2.05719],[120.71161,-2.05688],[120.71227,-2.05486],[120.714,-2.05443],[120.71412,-2.05382],[120.71316,-2.05278],[120.71102,-2.05173],[120.71053,-2.05184],[120.71044,-2.05228],[120.71155,-2.05367],[120.71051,-2.05423],[120.70916,-2.05338],[120.70814,-2.05192],[120.70518,-2.05024],[120.70477,-2.05048],[120.70475,-2.05209],[120.70408,-2.05252],[120.70247,-2.05198],[120.70114,-2.05204],[120.70057,-2.05092],[120.70021,-2.05143],[120.7006,-2.05358],[120.70004,-2.05462],[120.69618,-2.05441],[120.69633,-2.05336],[120.69693,-2.05267],[120.69867,-2.0527],[120.69928,-2.0518],[120.69933,-2.05046],[120.69807,-2.04778],[120.69844,-2.04428],[120.69942,-2.0416],[120.70623,-2.03339],[120.70962,-2.02767],[120.71001,-2.02545],[120.70966,-2.0247],[120.70878,-2.02445],[120.70888,-2.02244],[120.70823,-2.0214],[120.70527,-2.01926],[120.70369,-2.01734],[120.70298,-2.01557],[120.70116,-2.0148],[120.70063,-2.014],[120.69979,-2.01387],[120.69921,-2.01325],[120.699,-2.01123],[120.69823,-2.00926],[120.69761,-2.00824],[120.69569,-2.00681],[120.69495,-2.00313],[120.69377,-2.00221],[120.69164,-2.00155],[120.68838,-1.99964],[120.6868,-1.99641],[120.6867,-1.99501],[120.68492,-1.99374],[120.68541,-1.9928],[120.68448,-1.99106],[120.68471,-1.98946],[120.68419,-1.98867],[120.68446,-1.98783],[120.68524,-1.98778],[120.68607,-1.98665],[120.68613,-1.98493],[120.68536,-1.98412],[120.68465,-1.98389],[120.68422,-1.98419],[120.68352,-1.98374],[120.68296,-1.98253],[120.68315,-1.98064],[120.68082,-1.9782],[120.68041,-1.97679],[120.67953,-1.97585],[120.67945,-1.97429],[120.67724,-1.97201],[120.67561,-1.97127],[120.67501,-1.97],[120.67508,-1.96878],[120.67661,-1.96752],[120.6752,-1.96569],[120.67523,-1.96457],[120.67641,-1.96343],[120.67758,-1.96301],[120.67789,-1.96241],[120.67935,-1.96177],[120.67883,-1.96093],[120.67725,-1.95987],[120.67835,-1.95876],[120.67833,-1.95758],[120.67779,-1.9571],[120.6789,-1.95651],[120.67886,-1.95552],[120.67681,-1.95486],[120.67558,-1.95501],[120.67545,-1.95267],[120.67622,-1.95058],[120.67509,-1.94981],[120.67529,-1.9486],[120.6746,-1.948],[120.67439,-1.94699],[120.67365,-1.94656],[120.6744,-1.94088],[120.67565,-1.94076],[120.68281,-1.94275],[120.69131,-1.94402],[120.70036,-1.94645],[120.70285,-1.94411],[120.70282,-1.94194],[120.70329,-1.94118],[120.70438,-1.94075],[120.7056,-1.94092],[120.7071,-1.94014],[120.70789,-1.93906],[120.70978,-1.93854],[120.7103,-1.93763],[120.70959,-1.93688],[120.71031,-1.93613],[120.7105,-1.93487],[120.71193,-1.93354],[120.71276,-1.93358],[120.71355,-1.9318],[120.71442,-1.93096],[120.71894,-1.93515],[120.72246,-1.93647],[120.72652,-1.93897],[120.72923,-1.93925],[120.73013,-1.93888],[120.73299,-1.93928],[120.73386,-1.93891],[120.73466,-1.93736],[120.73689,-1.93785]]]]}},{"type":"Feature","properties":{"NAMOBJ":"Pamona Barat","KODE_KAB":7202},"geometry":{"type":"MultiPolygon","coordinates":[[[[120.53302,-1.79951],[120.53252,-1.80043],[120.53067,-1.80139],[120.53049,-1.80244],[120.52823,-1.80442],[120.52844,-1.80607],[120.52513,-1.8097],[120.52498,-1.81419],[120.52615,-1.81664],[120.52555,-1.81795],[120.52552,-1.8197],[120.52629,-1.82232],[120.52903,-1.82325],[120.529,-1.8237],[120.52779,-1.82458],[120.52717,-1.82566],[120.52747,-1.82702],[120.53126,-1.83458],[120.53181,-1.83738],[120.53264,-1.83873],[120.53475,-1.84043],[120.5351,-1.84126],[120.53508,-1.84266],[120.53449,-1.84319],[120.53462,-1.84378],[120.5341,-1.8449],[120.53354,-1.84502],[120.53343,-1.84659],[120.53408,-1.84847],[120.53515,-1.84907],[120.53545,-1.84989],[120.53564,-1.85284],[120.53716,-1.85686],[120.53692,-1.85786],[120.53726,-1.85979],[120.53819,-1.86221],[120.53991,-1.86404],[120.54013,-1.86497],[120.53924,-1.86615],[120.53755,-1.87158],[120.53548,-1.87473],[120.53612,-1.87856],[120.53855,-1.88217],[120.53857,-1.88356],[120.53778,-1.88424],[120.53511,-1.88856],[120.53375,-1.88964],[120.53342,-1.88932],[120.53289,-1.88967],[120.53308,-1.89421],[120.5343,-1.89663],[120.5334,-1.89905],[120.53184,-1.89977],[120.52965,-1.902],[120.52948,-1.9033],[120.52863,-1.90434],[120.52814,-1.9062],[120.52814,-1.9087],[120.52947,-1.91081],[120.53313,-1.9142],[120.53494,-1.91441],[120.5368,-1.91542],[120.53892,-1.91527],[120.54153,-1.91817],[120.54802,-1.92206],[120.55255,-1.92292],[120.55334,-1.92258],[120.55474,-1.92045],[120.55644,-1.92051],[120.55641,-1.92205],[120.55527,-1.92351],[120.55479,-1.92546],[120.55673,-1.93426],[120.5581,-1.93685],[120.55918,-1.93768],[120.55895,-1.93845],[120.55998,-1.9401],[120.56105,-1.94069],[120.563,-1.94316],[120.56661,-1.94492],[120.56743,-1.94598],[120.56707,-1.94641],[120.56621,-1.94541],[120.56502,-1.94478],[120.56405,-1.94507],[120.56288,-1.94709],[120.56191,-1.951],[120.5624,-1.9536],[120.5631,-1.95458],[120.56344,-1.95597],[120.56442,-1.95708],[120.56349,-1.95808],[120.56317,-1.9592],[120.56402,-1.95992],[120.56457,-1.9621],[120.56601,-1.96281],[120.56673,-1.96563],[120.56632,-1.96677],[120.56695,-1.96754],[120.56943,-1.96892],[120.57503,-1.97072],[120.57535,-1.97121],[120.57509,-1.97229],[120.57567,-1.97368],[120.57581,-1.97673],[120.57675,-1.97886],[120.57897,-1.9814],[120.5796,-1.98164],[120.58158,-1.98191],[120.58249,-1.98006],[120.58301,-1.97998],[120.58461,-1.98271],[120.5705,-1.9853],[120.56865,-1.98618],[120.56705,-1.98588],[120.5669,-1.98749],[120.56634,-1.98805],[120.56418,-1.98703],[120.56286,-1.987],[120.56118,-1.98781],[120.55895,-1.98957],[120.55551,-1.99051],[120.55384,-1.99209],[120.55022,-1.99075],[120.54895,-1.98987],[120.54761,-1.98995],[120.54711,-1.98934],[120.54415,-1.98882],[120.54305,-1.9892],[120.54146,-1.99097],[120.5413,-1.99203],[120.54057,-1.99243],[120.54014,-1.99399],[120.541,-1.99539],[120.54166,-1.99851],[120.54387,-2.0009],[120.54294,-2.00816],[120.54196,-2.00897],[120.54037,-2.01284],[120.5392,-2.01384],[120.53887,-2.01514],[120.53713,-2.01642],[120.5367,-2.01879],[120.53551,-2.01983],[120.53456,-2.01998],[120.53253,-2.01888],[120.53097,-2.01955],[120.53006,-2.0195],[120.52773,-2.01846],[120.5224,-2.02054],[120.52226,-2.02196],[120.52135,-2.02368],[120.52187,-2.02567],[120.52084,-2.02874],[120.521,-2.03089],[120.52014,-2.033],[120.52055,-2.03448],[120.52048,-2.03627],[120.51846,-2.03818],[120.51603,-2.04212],[120.51522,-2.04228],[120.51476,-2.04324],[120.51336,-2.03887],[120.51193,-2.03615],[120.51174,-2.03],[120.50907,-2.027],[120.50786,-2.02641],[120.50724,-2.02661],[120.50608,-2.02838],[120.50508,-2.02816],[120.50453,-2.0275],[120.50314,-2.02339],[120.50215,-2.0185],[120.50312,-2.01333],[120.50214,-2.00334],[120.50137,-2.00059],[120.49722,-1.99882],[120.49209,-1.99448],[120.48886,-1.9931],[120.48768,-1.99156],[120.48387,-1.99166],[120.48387,-1.98726],[120.48079,-1.98418],[120.47977,-1.97983],[120.47695,-1.97778],[120.47439,-1.96983],[120.47054,-1.96291],[120.46823,-1.96163],[120.46567,-1.96111],[120.46413,-1.95701],[120.46071,-1.95238],[120.46068,-1.95151],[120.45933,-1.95076],[120.45285,-1.94496],[120.44633,-1.93741],[120.44703,-1.93607],[120.44695,-1.93515],[120.44622,-1.93368],[120.44492,-1.93326],[120.44363,-1.92818],[120.44369,-1.92685],[120.44455,-1.92572],[120.44435,-1.92427],[120.44185,-1.92309],[120.44065,-1.92381],[120.43921,-1.92382],[120.43841,-1.9245],[120.43855,-1.92545],[120.43598,-1.9251],[120.43354,-1.92612],[120.43183,-1.92816],[120.42722,-1.92394],[120.42329,-1.91863],[120.42442,-1.91806],[120.42451,-1.91706],[120.42497,-1.91685],[120.42497,-1.91528],[120.42562,-1.91395],[120.42778,-1.91212],[120.42814,-1.91089],[120.42787,-1.90926],[120.42674,-1.90671],[120.42877,-1.90417],[120.42998,-1.89985],[120.43156,-1.89799],[120.43162,-1.89662],[120.43296,-1.89545],[120.43375,-1.89567],[120.43599,-1.89392],[120.43692,-1.89226],[120.43972,-1.89076],[120.44135,-1.88828],[120.44364,-1.88653],[120.44419,-1.88529],[120.4443,-1.88279],[120.44377,-1.87869],[120.4454,-1.87594],[120.44477,-1.87394],[120.44483,-1.87045],[120.44423,-1.86902],[120.44143,-1.86595],[120.44134,-1.86305],[120.4434,-1.86261],[120.44371,-1.86025],[120.44343,-1.85877],[120.44723,-1.85819],[120.44904,-1.85745],[120.45199,-1.85724],[120.44996,-1.85302],[120.44885,-1.85195],[120.44851,-1.84872],[120.44752,-1.8474],[120.44567,-1.84654],[120.44345,-1.84299],[120.44403,-1.84179],[120.44319,-1.84075],[120.44327,-1.83872],[120.4449,-1.83634],[120.44392,-1.83365],[120.44438,-1.83287],[120.44392,-1.83179],[120.44221,-1.83231],[120.43978,-1.83193],[120.44058,-1.82987],[120.4399,-1.82845],[120.44005,-1.8256],[120.44134,-1.82279],[120.44426,-1.8202],[120.44434,-1.81846],[120.44307,-1.81772],[120.43902,-1.81721],[120.43832,-1.81607],[120.43786,-1.81604],[120.43776,-1.81491],[120.43881,-1.81217],[120.43867,-1.8115],[120.4396,-1.81015],[120.43934,-1.80841],[120.4402,-1.80745],[120.44203,-1.80701],[120.44305,-1.80613],[120.44468,-1.8035],[120.44497,-1.80054],[120.44382,-1.79787],[120.44542,-1.79885],[120.44631,-1.79816],[120.4479,-1.79789],[120.44856,-1.79835],[120.44927,-1.79774],[120.45017,-1.79853],[120.45189,-1.79737],[120.45279,-1.79767],[120.45425,-1.79922],[120.4548,-1.79927],[120.45527,-1.79907],[120.45575,-1.79799],[120.45737,-1.79715],[120.45762,-1.7995],[120.45951,-1.79994],[120.46022,-1.79882],[120.46099,-1.79882],[120.46139,-1.79937],[120.46253,-1.79968],[120.46297,-1.80058],[120.4645,-1.80039],[120.46712,-1.80205],[120.46739,-1.80372],[120.47211,-1.80433],[120.47185,-1.80362],[120.4711,-1.80312],[120.47346,-1.80132],[120.47272,-1.79927],[120.4731,-1.79824],[120.474,-1.79764],[120.47368,-1.79649],[120.47636,-1.79668],[120.47787,-1.79511],[120.47817,-1.79411],[120.47886,-1.79394],[120.47925,-1.79426],[120.47979,-1.79377],[120.48073,-1.79367],[120.48049,-1.79477],[120.48127,-1.7949],[120.48098,-1.79577],[120.4815,-1.7962],[120.48387,-1.79552],[120.48485,-1.79396],[120.48473,-1.79533],[120.4854,-1.79612],[120.48609,-1.79639],[120.48672,-1.79579],[120.48694,-1.79682],[120.48765,-1.79718],[120.48836,-1.79701],[120.48865,-1.79793],[120.49314,-1.79789],[120.4936,-1.79737],[120.49335,-1.79685],[120.49394,-1.79664],[120.49465,-1.79788],[120.49568,-1.79712],[120.49624,-1.79724],[120.49691,-1.79778],[120.49674,-1.79868],[120.49716,-1.79892],[120.49814,-1.7975],[120.49909,-1.7985],[120.49994,-1.7975],[120.50138,-1.79784],[120.5027,-1.79701],[120.50289,-1.79536],[120.50242,-1.79445],[120.50283,-1.7932],[120.50498,-1.79388],[120.50503,-1.79303],[120.50901,-1.79228],[120.51096,-1.79432],[120.5135,-1.79449],[120.51474,-1.795],[120.51566,-1.79732],[120.51703,-1.79875],[120.51919,-1.79852],[120.52132,-1.79751],[120.52325,-1.79768],[120.5246,-1.79733],[120.52543,-1.79765],[120.52618,-1.79907],[120.52928,-1.79919],[120.52977,-1.79976],[120.53115,-1.79926],[120.53302,-1.79951]]]]}},{"type":"Feature","properties":{"NAMOBJ":"Lore Selatan","KODE_KAB":7202},"geometry":{"type":"MultiPolygon","coordinates":[[[[120.46694,-1.75794],[120.46538,-1.75858],[120.46477,-1.76026],[120.4632,-1.76156],[120.46318,-1.76422],[120.46084,-1.76616],[120.45935,-1.7689],[120.45799,-1.76964],[120.45653,-1.77147],[120.45452,-1.77098],[120.4532,-1.77191],[120.45306,-1.77327],[120.45222,-1.77384],[120.45145,-1.77564],[120.44874,-1.77861],[120.4484,-1.77997],[120.44713,-1.78029],[120.44528,-1.7823],[120.44596,-1.78393],[120.44433,-1.78249],[120.44351,-1.78267],[120.44289,-1.78216],[120.44116,-1.78564],[120.44045,-1.786],[120.43966,-1.78809],[120.43869,-1.78875],[120.4383,-1.78964],[120.4388,-1.79087],[120.43804,-1.79255],[120.43826,-1.7935],[120.43755,-1.79552],[120.43795,-1.79644],[120.43672,-1.7997],[120.43826,-1.80207],[120.43751,-1.80464],[120.4383,-1.80417],[120.43844,-1.80349],[120.43938,-1.80327],[120.44068,-1.80191],[120.44282,-1.8009],[120.44344,-1.79932],[120.44396,-1.79904],[120.44369,-1.79789],[120.44466,-1.79931],[120.44497,-1.80054],[120.44468,-1.8035],[120.44383,-1.80523],[120.44203,-1.80701],[120.44075,-1.80714],[120.43934,-1.80841],[120.4396,-1.81015],[120.43867,-1.8115],[120.43881,-1.81217],[120.43779,-1.81469],[120.43786,-1.81604],[120.43832,-1.81607],[120.43902,-1.81721],[120.44307,-1.81772],[120.44434,-1.81846],[120.44426,-1.8202],[120.44134,-1.82279],[120.44005,-1.8256],[120.4399,-1.82845],[120.44058,-1.82987],[120.43978,-1.83193],[120.44221,-1.83231],[120.44392,-1.83179],[120.44438,-1.83287],[120.44392,-1.83365],[120.4449,-1.83634],[120.44327,-1.83872],[120.44319,-1.84075],[120.44403,-1.84179],[120.44345,-1.84299],[120.44567,-1.84654],[120.44752,-1.8474],[120.44851,-1.84872],[120.44885,-1.85195],[120.44996,-1.85302],[120.45199,-1.85724],[120.44904,-1.85745],[120.44723,-1.85819],[120.44343,-1.85877],[120.44371,-1.86025],[120.4434,-1.86261],[120.44134,-1.86305],[120.44143,-1.86595],[120.44423,-1.86902],[120.44483,-1.87045],[120.44477,-1.87394],[120.4454,-1.87594],[120.44377,-1.87869],[120.4443,-1.88279],[120.44419,-1.88529],[120.44364,-1.88653],[120.44135,-1.88828],[120.43972,-1.89076],[120.43692,-1.89226],[120.43599,-1.89392],[120.43375,-1.89567],[120.43296,-1.89545],[120.43162,-1.89662],[120.43156,-1.89799],[120.42998,-1.89985],[120.42877,-1.90417],[120.42674,-1.90671],[120.42779,-1.90898],[120.4281,-1.91111],[120.4277,-1.91231],[120.42543,-1.9143],[120.42489,-1.91556],[120.42497,-1.91685],[120.42451,-1.91706],[120.42428,-1.91831],[120.42329,-1.91863],[120.41876,-1.91446],[120.41697,-1.9101],[120.41358,-1.90502],[120.41296,-1.90325],[120.41332,-1.90206],[120.41286,-1.90065],[120.41084,-1.90089],[120.40851,-1.89729],[120.40686,-1.89671],[120.40674,-1.8954],[120.40585,-1.89407],[120.40643,-1.89214],[120.4054,-1.89121],[120.40467,-1.88972],[120.40516,-1.88861],[120.40521,-1.88694],[120.40421,-1.88562],[120.40408,-1.88428],[120.40331,-1.88293],[120.40341,-1.88216],[120.40174,-1.88223],[120.40057,-1.8833],[120.39932,-1.88329],[120.39755,-1.88248],[120.3957,-1.88377],[120.39412,-1.88346],[120.39475,-1.88194],[120.3935,-1.88115],[120.39091,-1.88255],[120.38844,-1.88178],[120.38667,-1.88178],[120.38579,-1.88281],[120.38409,-1.88366],[120.38163,-1.88716],[120.38131,-1.8933],[120.38376,-1.89531],[120.38567,-1.8984],[120.38348,-1.8988],[120.38358,-1.89999],[120.38464,-1.90251],[120.38443,-1.90507],[120.38348,-1.90573],[120.38371,-1.90752],[120.38315,-1.90918],[120.38282,-1.91351],[120.38234,-1.91426],[120.38198,-1.91998],[120.37891,-1.92061],[120.37845,-1.92125],[120.37868,-1.92371],[120.37787,-1.92575],[120.37762,-1.92835],[120.37811,-1.93009],[120.37787,-1.9332],[120.37523,-1.93205],[120.37192,-1.93264],[120.37088,-1.9334],[120.36981,-1.93362],[120.36911,-1.93493],[120.3676,-1.93563],[120.36668,-1.93725],[120.3675,-1.93833],[120.36757,-1.93999],[120.36802,-1.9407],[120.36747,-1.94075],[120.36755,-1.94147],[120.36971,-1.9435],[120.36971,-1.9445],[120.36898,-1.94489],[120.3688,-1.94579],[120.36671,-1.94632],[120.36705,-1.94792],[120.36922,-1.94879],[120.36878,-1.94973],[120.36893,-1.95102],[120.36858,-1.95133],[120.36627,-1.95139],[120.36686,-1.95464],[120.36652,-1.9594],[120.36548,-1.96002],[120.36555,-1.96186],[120.3639,-1.9642],[120.36235,-1.96597],[120.36058,-1.96655],[120.36103,-1.96996],[120.3618,-1.97142],[120.36257,-1.9744],[120.3622,-1.97561],[120.35972,-1.97578],[120.36088,-1.98199],[120.36216,-1.98567],[120.36208,-1.98729],[120.36113,-1.98842],[120.36107,-1.99208],[120.36165,-1.99261],[120.36199,-1.99221],[120.36283,-1.99256],[120.36186,-2.01084],[120.35801,-2.01289],[120.35698,-2.01904],[120.35391,-2.02392],[120.34929,-2.03007],[120.34631,-2.04533],[120.34049,-2.04484],[120.33275,-2.04308],[120.32434,-2.04263],[120.32118,-2.04316],[120.31777,-2.04458],[120.31237,-2.048],[120.30906,-2.04904],[120.307,-2.0475],[120.30034,-2.04468],[120.29157,-2.04024],[120.2903,-2.03904],[120.28959,-2.0332],[120.28905,-2.03227],[120.2844,-2.02953],[120.28323,-2.02842],[120.2789,-2.02756],[120.27355,-2.02773],[120.27085,-2.02604],[120.26634,-2.02157],[120.26573,-2.01623],[120.2638,-2.01282],[120.26218,-2.01116],[120.25506,-2.00766],[120.25101,-2.00797],[120.24755,-2.00533],[120.23907,-2],[120.24091,-1.99718],[120.23865,-1.9933],[120.23607,-1.99152],[120.2358,-1.99017],[120.23453,-1.98786],[120.23293,-1.98699],[120.23228,-1.98518],[120.23199,-1.98258],[120.22874,-1.98519],[120.22681,-1.98616],[120.22561,-1.98895],[120.22391,-1.98973],[120.22294,-1.99183],[120.21937,-1.99527],[120.21902,-1.99616],[120.21809,-1.99586],[120.21698,-1.99448],[120.21262,-1.99282],[120.21242,-1.99373],[120.21317,-1.99575],[120.21335,-1.99805],[120.20841,-1.99704],[120.20551,-1.99489],[120.20541,-1.99355],[120.20105,-1.9936],[120.20015,-1.99444],[120.19912,-1.99472],[120.19548,-1.99358],[120.19156,-1.9909],[120.19071,-1.98834],[120.18916,-1.98664],[120.18852,-1.98437],[120.18647,-1.98333],[120.18663,-1.97971],[120.18628,-1.97927],[120.18487,-1.97896],[120.18411,-1.97724],[120.18267,-1.97562],[120.18174,-1.97012],[120.18139,-1.96935],[120.18023,-1.96846],[120.18033,-1.96623],[120.17685,-1.96613],[120.17565,-1.96475],[120.17533,-1.96248],[120.17473,-1.9619],[120.17299,-1.96219],[120.17286,-1.96282],[120.17377,-1.96398],[120.17374,-1.96461],[120.17279,-1.96563],[120.1711,-1.96609],[120.17058,-1.96765],[120.16972,-1.96829],[120.16841,-1.96692],[120.1676,-1.96341],[120.16605,-1.96218],[120.16483,-1.96478],[120.16227,-1.96555],[120.16221,-1.96692],[120.16067,-1.96819],[120.15693,-1.96938],[120.15396,-1.97145],[120.15054,-1.97202],[120.14826,-1.97337],[120.1477,-1.97443],[120.14647,-1.97478],[120.14593,-1.97616],[120.14485,-1.97727],[120.1448,-1.97847],[120.14301,-1.97887],[120.14146,-1.97815],[120.14075,-1.97936],[120.13894,-1.97967],[120.13855,-1.98076],[120.13937,-1.98141],[120.13896,-1.98266],[120.13951,-1.9831],[120.13991,-1.98442],[120.13729,-1.98532],[120.13509,-1.98762],[120.13341,-1.98695],[120.13253,-1.9891],[120.13278,-1.98974],[120.13129,-1.99102],[120.13138,-1.99233],[120.12992,-1.99338],[120.12907,-1.99462],[120.12903,-1.99649],[120.12984,-1.99687],[120.12681,-1.99667],[120.1254,-1.99727],[120.12352,-1.99642],[120.1209,-1.99432],[120.11585,-2],[120.11368,-1.99852],[120.1131,-1.9825],[120.11188,-1.97944],[120.11349,-1.97719],[120.11424,-1.97501],[120.11525,-1.97367],[120.11593,-1.9657],[120.11979,-1.96325],[120.1216,-1.96371],[120.12295,-1.96331],[120.12387,-1.96379],[120.125,-1.9637],[120.1266,-1.96336],[120.12691,-1.96244],[120.12768,-1.96316],[120.12851,-1.96306],[120.12969,-1.96217],[120.12889,-1.96138],[120.12903,-1.96076],[120.13042,-1.96014],[120.13282,-1.96048],[120.13321,-1.95855],[120.1354,-1.95654],[120.1376,-1.95644],[120.1402,-1.95416],[120.14403,-1.95275],[120.14732,-1.95221],[120.14931,-1.95073],[120.14957,-1.9496],[120.15148,-1.94672],[120.15245,-1.94399],[120.15232,-1.94303],[120.15057,-1.94086],[120.15039,-1.9394],[120.15276,-1.93933],[120.15377,-1.93873],[120.15586,-1.9384],[120.15938,-1.93915],[120.16144,-1.93788],[120.16418,-1.93704],[120.16776,-1.93466],[120.16783,-1.93328],[120.16678,-1.93045],[120.16949,-1.92886],[120.16986,-1.91955],[120.17091,-1.91792],[120.17423,-1.91509],[120.17491,-1.91817],[120.17667,-1.92026],[120.17967,-1.91756],[120.18127,-1.91701],[120.18253,-1.91536],[120.18092,-1.91452],[120.1807,-1.91378],[120.18045,-1.9125],[120.18079,-1.90963],[120.18289,-1.90974],[120.18458,-1.91116],[120.19022,-1.91164],[120.19233,-1.91243],[120.19373,-1.91241],[120.19475,-1.91346],[120.1961,-1.91228],[120.19782,-1.91164],[120.19777,-1.91082],[120.19942,-1.90881],[120.19965,-1.90732],[120.19928,-1.90558],[120.19872,-1.90494],[120.20077,-1.90363],[120.20547,-1.90361],[120.20395,-1.89951],[120.20382,-1.89587],[120.20424,-1.8906],[120.20538,-1.88823],[120.20525,-1.88547],[120.20349,-1.88556],[120.20256,-1.88517],[120.20143,-1.88332],[120.2003,-1.8803],[120.19919,-1.87858],[120.19851,-1.87818],[120.20383,-1.8769],[120.20624,-1.87414],[120.20904,-1.87426],[120.21057,-1.87347],[120.2117,-1.87385],[120.21288,-1.87364],[120.21405,-1.87212],[120.21533,-1.87268],[120.21701,-1.87238],[120.22359,-1.87297],[120.22458,-1.87479],[120.22475,-1.87774],[120.22587,-1.87885],[120.22677,-1.87858],[120.22717,-1.87787],[120.22774,-1.87414],[120.22926,-1.87323],[120.23164,-1.87345],[120.23385,-1.87303],[120.23538,-1.8736],[120.23659,-1.87476],[120.23797,-1.87493],[120.24131,-1.87399],[120.24208,-1.87286],[120.24456,-1.8722],[120.24605,-1.87125],[120.24829,-1.87268],[120.24884,-1.87549],[120.25007,-1.87584],[120.25154,-1.874],[120.25161,-1.87301],[120.25097,-1.87145],[120.25118,-1.87053],[120.25304,-1.86914],[120.25437,-1.86686],[120.25518,-1.86215],[120.25601,-1.86149],[120.25705,-1.86162],[120.25942,-1.86488],[120.26144,-1.86418],[120.26224,-1.86222],[120.26253,-1.86017],[120.26411,-1.85911],[120.26523,-1.85706],[120.2672,-1.85611],[120.26783,-1.85322],[120.26858,-1.85245],[120.27035,-1.85249],[120.27385,-1.85493],[120.27512,-1.8553],[120.27605,-1.85448],[120.27685,-1.85245],[120.27775,-1.85185],[120.2787,-1.85166],[120.28097,-1.85243],[120.28184,-1.85219],[120.2836,-1.84881],[120.28498,-1.84915],[120.28607,-1.85148],[120.28699,-1.85186],[120.28877,-1.85144],[120.29063,-1.85009],[120.29332,-1.84904],[120.29534,-1.85027],[120.29581,-1.85261],[120.29682,-1.85363],[120.29758,-1.85373],[120.29741,-1.85193],[120.29889,-1.8515],[120.29956,-1.84956],[120.30164,-1.84797],[120.30137,-1.84705],[120.30016,-1.84657],[120.2999,-1.84585],[120.30034,-1.84439],[120.30176,-1.84219],[120.30192,-1.84074],[120.30005,-1.83961],[120.30018,-1.83886],[120.30182,-1.83657],[120.30526,-1.83683],[120.30627,-1.83616],[120.3089,-1.83224],[120.30948,-1.82845],[120.30999,-1.82733],[120.31116,-1.82622],[120.31356,-1.82582],[120.31702,-1.82156],[120.31673,-1.8207],[120.31543,-1.82001],[120.31589,-1.81778],[120.31572,-1.81603],[120.31676,-1.81308],[120.31686,-1.81021],[120.3187,-1.8099],[120.3186,-1.80931],[120.31738,-1.80822],[120.31732,-1.80761],[120.31847,-1.80666],[120.31925,-1.805],[120.31872,-1.80364],[120.31656,-1.80213],[120.31536,-1.80022],[120.31574,-1.79936],[120.31761,-1.79898],[120.31806,-1.79811],[120.31665,-1.79702],[120.31588,-1.79586],[120.31663,-1.79334],[120.31654,-1.79224],[120.3147,-1.79025],[120.31301,-1.79067],[120.31264,-1.78898],[120.31078,-1.78838],[120.31055,-1.78581],[120.30965,-1.7844],[120.30999,-1.78208],[120.30696,-1.77936],[120.30678,-1.77847],[120.3076,-1.77601],[120.30946,-1.77512],[120.30851,-1.77314],[120.30881,-1.76906],[120.31107,-1.76535],[120.3097,-1.75944],[120.3116,-1.7569],[120.31372,-1.75654],[120.31464,-1.75457],[120.31841,-1.75654],[120.322,-1.76132],[120.32589,-1.76243],[120.32833,-1.76388],[120.33001,-1.76693],[120.33236,-1.76574],[120.333,-1.76489],[120.33322,-1.76278],[120.33687,-1.76135],[120.33862,-1.76146],[120.33958,-1.76028],[120.33979,-1.76074],[120.34236,-1.75777],[120.34686,-1.75492],[120.34821,-1.75342],[120.35139,-1.75512],[120.35351,-1.75542],[120.35501,-1.75688],[120.35717,-1.75724],[120.35938,-1.75832],[120.36144,-1.75731],[120.36272,-1.75535],[120.36426,-1.75411],[120.36717,-1.75314],[120.36932,-1.75545],[120.36879,-1.75733],[120.36944,-1.75813],[120.36958,-1.75926],[120.37012,-1.75981],[120.37107,-1.75998],[120.37391,-1.75833],[120.37471,-1.75845],[120.37535,-1.75779],[120.37616,-1.75515],[120.37732,-1.7551],[120.37861,-1.75583],[120.37992,-1.75541],[120.38051,-1.75573],[120.38111,-1.75687],[120.38191,-1.7569],[120.38245,-1.75748],[120.38303,-1.75737],[120.38342,-1.75783],[120.38566,-1.75764],[120.38786,-1.75978],[120.39175,-1.75778],[120.39345,-1.75888],[120.39462,-1.75886],[120.39512,-1.76001],[120.39946,-1.75955],[120.40039,-1.75976],[120.40239,-1.76162],[120.40955,-1.76457],[120.41401,-1.76458],[120.41701,-1.76388],[120.41909,-1.76404],[120.42271,-1.76505],[120.42556,-1.76504],[120.42548,-1.76361],[120.42607,-1.76257],[120.42571,-1.76164],[120.42871,-1.76135],[120.43125,-1.76149],[120.43196,-1.76193],[120.43375,-1.76142],[120.43589,-1.76182],[120.43647,-1.76089],[120.43646,-1.75945],[120.43545,-1.75906],[120.4355,-1.75782],[120.4365,-1.75681],[120.43794,-1.75685],[120.43947,-1.75801],[120.44466,-1.75665],[120.44844,-1.75459],[120.44881,-1.75283],[120.45168,-1.75257],[120.45319,-1.75143],[120.45812,-1.75291],[120.46034,-1.75454],[120.46402,-1.75526],[120.46614,-1.75654],[120.46694,-1.75794]]]]}},{"type":"Feature","properties":{"NAMOBJ":"Lore Barat","KODE_KAB":7202},"geometry":{"type":"MultiPolygon","coordinates":[[[[120.31464,-1.75457],[120.31372,-1.75654],[120.3116,-1.7569],[120.3097,-1.75944],[120.31107,-1.76535],[120.30881,-1.76906],[120.30851,-1.77314],[120.30946,-1.77512],[120.3076,-1.77601],[120.30678,-1.77847],[120.30696,-1.77936],[120.30999,-1.78208],[120.30965,-1.7844],[120.31055,-1.78581],[120.31078,-1.78838],[120.31264,-1.78898],[120.31301,-1.79067],[120.3147,-1.79025],[120.31654,-1.79224],[120.31663,-1.79334],[120.31588,-1.79586],[120.31665,-1.79702],[120.31806,-1.79811],[120.31761,-1.79898],[120.31574,-1.79936],[120.31536,-1.80022],[120.31656,-1.80213],[120.31872,-1.80364],[120.31925,-1.805],[120.31847,-1.80666],[120.31732,-1.80761],[120.31738,-1.80822],[120.3186,-1.80931],[120.3187,-1.8099],[120.31686,-1.81021],[120.31676,-1.81308],[120.31572,-1.81603],[120.31589,-1.81778],[120.31543,-1.82001],[120.31673,-1.8207],[120.31702,-1.82156],[120.31356,-1.82582],[120.31116,-1.82622],[120.30999,-1.82733],[120.30948,-1.82845],[120.3089,-1.83224],[120.30627,-1.83616],[120.30526,-1.83683],[120.30182,-1.83657],[120.30018,-1.83886],[120.30005,-1.83961],[120.30192,-1.84074],[120.30176,-1.84219],[120.30034,-1.84439],[120.2999,-1.84585],[120.30016,-1.84657],[120.30137,-1.84705],[120.30164,-1.84797],[120.29956,-1.84956],[120.29889,-1.8515],[120.29741,-1.85193],[120.29758,-1.85373],[120.29682,-1.85363],[120.29581,-1.85261],[120.29534,-1.85027],[120.29332,-1.84904],[120.29063,-1.85009],[120.28877,-1.85144],[120.28699,-1.85186],[120.28607,-1.85148],[120.28498,-1.84915],[120.2836,-1.84881],[120.28184,-1.85219],[120.28097,-1.85243],[120.2787,-1.85166],[120.27775,-1.85185],[120.27685,-1.85245],[120.27605,-1.85448],[120.27512,-1.8553],[120.27385,-1.85493],[120.27035,-1.85249],[120.26858,-1.85245],[120.26783,-1.85322],[120.2672,-1.85611],[120.26523,-1.85706],[120.26411,-1.85911],[120.26253,-1.86017],[120.26224,-1.86222],[120.26144,-1.86418],[120.25942,-1.86488],[120.25705,-1.86162],[120.25601,-1.86149],[120.25518,-1.86215],[120.25437,-1.86686],[120.25304,-1.86914],[120.25118,-1.87053],[120.25097,-1.87145],[120.25161,-1.87301],[120.25154,-1.874],[120.25007,-1.87584],[120.24884,-1.87549],[120.24829,-1.87268],[120.24605,-1.87125],[120.24456,-1.8722],[120.24208,-1.87286],[120.24131,-1.87399],[120.23797,-1.87493],[120.23659,-1.87476],[120.23538,-1.8736],[120.23385,-1.87303],[120.23164,-1.87345],[120.22926,-1.87323],[120.22774,-1.87414],[120.22717,-1.87787],[120.22677,-1.87858],[120.22587,-1.87885],[120.22475,-1.87774],[120.22458,-1.87479],[120.22359,-1.87297],[120.21701,-1.87238],[120.21533,-1.87268],[120.21405,-1.87212],[120.21288,-1.87364],[120.2117,-1.87385],[120.21057,-1.87347],[120.20904,-1.87426],[120.20624,-1.87414],[120.20383,-1.8769],[120.19851,-1.87818],[120.19919,-1.87858],[120.2003,-1.8803],[120.20143,-1.88332],[120.20256,-1.88517],[120.20349,-1.88556],[120.20525,-1.88547],[120.20538,-1.88823],[120.20424,-1.8906],[120.20382,-1.89587],[120.20395,-1.89951],[120.20547,-1.90361],[120.20077,-1.90363],[120.19872,-1.90494],[120.19928,-1.90558],[120.19965,-1.90732],[120.19942,-1.90881],[120.19777,-1.91082],[120.19782,-1.91164],[120.1961,-1.91228],[120.19475,-1.91346],[120.19373,-1.91241],[120.19233,-1.91243],[120.19022,-1.91164],[120.18458,-1.91116],[120.18289,-1.90974],[120.18079,-1.90963],[120.18045,-1.9125],[120.1807,-1.91378],[120.18092,-1.91452],[120.18253,-1.91536],[120.18127,-1.91701],[120.17967,-1.91756],[120.17667,-1.92026],[120.17491,-1.91817],[120.17423,-1.91509],[120.17336,-1.91572],[120.17091,-1.91792],[120.16986,-1.91955],[120.16949,-1.92886],[120.16678,-1.93045],[120.16783,-1.93328],[120.16776,-1.93466],[120.16418,-1.93704],[120.16144,-1.93788],[120.15938,-1.93915],[120.15586,-1.9384],[120.15377,-1.93873],[120.15276,-1.93933],[120.15039,-1.9394],[120.15057,-1.94086],[120.15232,-1.94303],[120.15245,-1.94399],[120.15148,-1.94672],[120.14957,-1.9496],[120.14931,-1.95073],[120.14732,-1.95221],[120.14403,-1.95275],[120.1402,-1.95416],[120.1376,-1.95644],[120.1354,-1.95654],[120.13321,-1.95855],[120.13282,-1.96048],[120.13042,-1.96014],[120.12903,-1.96076],[120.12889,-1.96138],[120.12969,-1.96217],[120.12851,-1.96306],[120.12768,-1.96316],[120.12691,-1.96244],[120.1266,-1.96336],[120.125,-1.9637],[120.12387,-1.96379],[120.12295,-1.96331],[120.1216,-1.96371],[120.11979,-1.96325],[120.11593,-1.9657],[120.11525,-1.97367],[120.11424,-1.97501],[120.11349,-1.97719],[120.11188,-1.97944],[120.11312,-1.98281],[120.11295,-1.98188],[120.11039,-1.97752],[120.10655,-1.97265],[120.10091,-1.96855],[120.09391,-1.96522],[120.09484,-1.96199],[120.09411,-1.96062],[120.094,-1.95515],[120.09444,-1.95202],[120.09592,-1.9489],[120.09615,-1.94746],[120.09498,-1.94358],[120.09291,-1.94107],[120.09231,-1.93889],[120.09065,-1.93629],[120.09937,-1.92625],[120.10168,-1.92318],[120.10196,-1.92185],[120.1028,-1.92113],[120.1043,-1.92063],[120.10551,-1.91805],[120.10795,-1.91621],[120.10832,-1.91662],[120.10956,-1.91622],[120.10921,-1.9174],[120.10979,-1.91816],[120.11082,-1.91848],[120.11157,-1.91807],[120.11216,-1.91896],[120.11301,-1.91904],[120.11436,-1.92022],[120.11524,-1.91974],[120.1154,-1.91893],[120.11585,-1.91877],[120.11792,-1.91846],[120.11911,-1.91784],[120.12081,-1.91808],[120.12214,-1.91765],[120.12387,-1.91468],[120.125,-1.91354],[120.12511,-1.91288],[120.12625,-1.91189],[120.12603,-1.91028],[120.12719,-1.90775],[120.1264,-1.90692],[120.12646,-1.90613],[120.12519,-1.90493],[120.12582,-1.90413],[120.12582,-1.90322],[120.1289,-1.90047],[120.131,-1.90007],[120.13188,-1.89865],[120.13306,-1.89807],[120.13333,-1.89725],[120.13416,-1.89731],[120.1345,-1.89808],[120.13598,-1.89854],[120.13617,-1.89939],[120.13697,-1.90012],[120.13713,-1.9014],[120.13912,-1.90225],[120.14054,-1.90167],[120.14105,-1.89946],[120.14058,-1.89742],[120.14063,-1.89394],[120.13997,-1.89271],[120.13727,-1.89097],[120.13766,-1.88736],[120.13517,-1.88708],[120.13407,-1.88604],[120.13431,-1.88494],[120.13626,-1.88377],[120.1368,-1.88228],[120.1363,-1.88141],[120.13499,-1.88073],[120.13243,-1.87694],[120.13244,-1.87563],[120.14038,-1.87499],[120.14987,-1.87165],[120.15653,-1.86883],[120.16473,-1.86422],[120.17063,-1.86012],[120.17729,-1.85755],[120.1814,-1.85448],[120.18165,-1.84935],[120.18011,-1.84141],[120.17781,-1.83346],[120.17473,-1.82654],[120.17191,-1.82039],[120.15445,-1.79498],[120.15445,-1.78997],[120.15536,-1.78541],[120.15752,-1.78146],[120.1603,-1.78116],[120.16284,-1.78172],[120.16697,-1.7795],[120.17019,-1.77915],[120.17464,-1.77788],[120.17847,-1.77519],[120.17991,-1.77287],[120.18028,-1.77094],[120.17945,-1.76846],[120.17939,-1.7669],[120.18257,-1.76631],[120.18719,-1.76675],[120.19458,-1.76975],[120.19491,-1.77171],[120.19889,-1.77534],[120.2005,-1.77916],[120.20226,-1.78018],[120.20348,-1.78041],[120.20571,-1.77869],[120.20904,-1.77965],[120.21054,-1.78091],[120.21533,-1.78354],[120.21606,-1.78671],[120.21714,-1.7876],[120.21733,-1.78664],[120.22202,-1.78733],[120.22497,-1.78649],[120.22633,-1.78554],[120.22837,-1.78703],[120.23252,-1.78882],[120.23678,-1.7884],[120.23816,-1.78743],[120.23967,-1.787],[120.24088,-1.78561],[120.24332,-1.78605],[120.24784,-1.78805],[120.24927,-1.78722],[120.25184,-1.78763],[120.25277,-1.78722],[120.25423,-1.7857],[120.25518,-1.78402],[120.25649,-1.78326],[120.25706,-1.7817],[120.25639,-1.77997],[120.25734,-1.77884],[120.25912,-1.77523],[120.25941,-1.77126],[120.25983,-1.77056],[120.26107,-1.77028],[120.26229,-1.76929],[120.26242,-1.7683],[120.26174,-1.76731],[120.26179,-1.76676],[120.26243,-1.76648],[120.26335,-1.76409],[120.26516,-1.76235],[120.26558,-1.76115],[120.26736,-1.75914],[120.26822,-1.7592],[120.26948,-1.75835],[120.27033,-1.75273],[120.27198,-1.75072],[120.27339,-1.75018],[120.27544,-1.75013],[120.28134,-1.75132],[120.2814,-1.75291],[120.28212,-1.7531],[120.28365,-1.75241],[120.28544,-1.75234],[120.28619,-1.75172],[120.28728,-1.75213],[120.29082,-1.75215],[120.2936,-1.75492],[120.2951,-1.75406],[120.29723,-1.75096],[120.30054,-1.75044],[120.30382,-1.75139],[120.30478,-1.75089],[120.30825,-1.75058],[120.30983,-1.75081],[120.31085,-1.75207],[120.31187,-1.75205],[120.31319,-1.75398],[120.31464,-1.75457]]]]}},{"type":"Feature","properties":{"NAMOBJ":"Pamona Timur","KODE_KAB":7202},"geometry":{"type":"MultiPolygon","coordinates":[[[[120.8402,-1.76801],[120.84114,-1.77045],[120.84263,-1.77275],[120.84865,-1.78058],[120.84989,-1.78374],[120.85259,-1.78613],[120.85284,-1.78672],[120.85228,-1.78724],[120.85323,-1.78819],[120.85415,-1.79011],[120.85377,-1.79129],[120.85442,-1.79208],[120.85459,-1.79342],[120.85565,-1.79436],[120.85507,-1.79696],[120.85532,-1.79725],[120.85596,-1.79707],[120.856,-1.79753],[120.85529,-1.79806],[120.85533,-1.79983],[120.85686,-1.80119],[120.85833,-1.80355],[120.85869,-1.80505],[120.85828,-1.80673],[120.85883,-1.80867],[120.85978,-1.81042],[120.86075,-1.81107],[120.86134,-1.81314],[120.86222,-1.81379],[120.86334,-1.81564],[120.86325,-1.81891],[120.86288,-1.81999],[120.86402,-1.82112],[120.86443,-1.82236],[120.86633,-1.8237],[120.86752,-1.82838],[120.86687,-1.83054],[120.86715,-1.83125],[120.86692,-1.83198],[120.8675,-1.83243],[120.86792,-1.83367],[120.86567,-1.83562],[120.86565,-1.83688],[120.86453,-1.83768],[120.86536,-1.84211],[120.86689,-1.84331],[120.86799,-1.84344],[120.86912,-1.84462],[120.87008,-1.84463],[120.87163,-1.84569],[120.87218,-1.84698],[120.87194,-1.84839],[120.87292,-1.84958],[120.87295,-1.85126],[120.87363,-1.85154],[120.8743,-1.85131],[120.87469,-1.852],[120.87558,-1.85222],[120.8766,-1.85318],[120.8793,-1.85333],[120.88081,-1.85671],[120.88131,-1.8568],[120.88345,-1.8552],[120.88637,-1.85384],[120.88831,-1.85427],[120.88993,-1.85546],[120.89168,-1.858],[120.89789,-1.87028],[120.89768,-1.87193],[120.89671,-1.87192],[120.89619,-1.875],[120.89709,-1.87534],[120.89776,-1.87724],[120.89903,-1.87794],[120.8997,-1.88102],[120.90172,-1.88081],[120.90269,-1.88133],[120.90324,-1.88334],[120.90191,-1.88589],[120.90243,-1.88757],[120.90388,-1.8877],[120.90486,-1.88981],[120.90541,-1.89017],[120.90712,-1.88871],[120.90786,-1.88911],[120.90825,-1.88875],[120.90902,-1.88945],[120.91004,-1.8889],[120.9103,-1.88958],[120.91168,-1.8897],[120.91205,-1.8906],[120.91283,-1.89073],[120.91262,-1.8918],[120.91323,-1.89209],[120.91289,-1.89247],[120.9135,-1.89316],[120.9136,-1.89579],[120.91444,-1.89682],[120.91539,-1.89666],[120.91587,-1.8953],[120.91467,-1.8948],[120.9149,-1.894],[120.91579,-1.89377],[120.91587,-1.89338],[120.91686,-1.89344],[120.91623,-1.89412],[120.91752,-1.89443],[120.91767,-1.8934],[120.91843,-1.89375],[120.91873,-1.89305],[120.91923,-1.89425],[120.91829,-1.89488],[120.91856,-1.89642],[120.92054,-1.89606],[120.92092,-1.8952],[120.92183,-1.89554],[120.92221,-1.89621],[120.92327,-1.89626],[120.92296,-1.8968],[120.92375,-1.897],[120.92384,-1.89779],[120.92597,-1.89956],[120.92596,-1.89998],[120.92499,-1.90043],[120.92434,-1.89988],[120.9248,-1.90189],[120.92543,-1.90229],[120.92617,-1.90107],[120.92658,-1.9014],[120.92612,-1.90246],[120.9263,-1.90301],[120.92555,-1.90326],[120.92611,-1.90359],[120.92819,-1.90358],[120.92855,-1.90451],[120.92898,-1.90433],[120.92874,-1.9031],[120.92913,-1.90294],[120.92991,-1.90359],[120.93001,-1.90282],[120.93048,-1.90269],[120.93074,-1.90419],[120.93107,-1.90435],[120.93096,-1.90696],[120.93239,-1.91002],[120.93232,-1.91244],[120.93128,-1.91397],[120.92872,-1.9152],[120.92655,-1.91526],[120.92205,-1.91884],[120.92276,-1.92283],[120.91648,-1.93453],[120.91027,-1.94312],[120.87822,-1.98394],[120.87465,-1.98959],[120.87424,-1.98885],[120.8749,-1.98706],[120.87441,-1.98712],[120.87405,-1.98502],[120.87379,-1.98478],[120.87306,-1.98531],[120.87336,-1.98428],[120.87224,-1.98417],[120.87249,-1.98313],[120.87116,-1.98247],[120.8713,-1.98146],[120.8724,-1.98169],[120.87199,-1.98051],[120.87234,-1.97943],[120.8719,-1.979],[120.87187,-1.97804],[120.87142,-1.97784],[120.8704,-1.97831],[120.86989,-1.97629],[120.86862,-1.97615],[120.86788,-1.97708],[120.86722,-1.97715],[120.86112,-1.97314],[120.85887,-1.97304],[120.85796,-1.97183],[120.85676,-1.97112],[120.85365,-1.97055],[120.8502,-1.96863],[120.84624,-1.96714],[120.84194,-1.96741],[120.83816,-1.96886],[120.83431,-1.96948],[120.83197,-1.96963],[120.82799,-1.96897],[120.81877,-1.9708],[120.81638,-1.97059],[120.81357,-1.96893],[120.80759,-1.96834],[120.80465,-1.96676],[120.80216,-1.96761],[120.80097,-1.96978],[120.79355,-1.97353],[120.76042,-1.97528],[120.75825,-1.97479],[120.75441,-1.96028],[120.75046,-1.95176],[120.73689,-1.93785],[120.73066,-1.91988],[120.72183,-1.90222],[120.71845,-1.89927],[120.7182,-1.89805],[120.71673,-1.89606],[120.7154,-1.89549],[120.71375,-1.89611],[120.71215,-1.89381],[120.71117,-1.89328],[120.71014,-1.89193],[120.70853,-1.88832],[120.70717,-1.8881],[120.70511,-1.8836],[120.70401,-1.8826],[120.7032,-1.8802],[120.70126,-1.87909],[120.7008,-1.87694],[120.69979,-1.87641],[120.70014,-1.8756],[120.69941,-1.87454],[120.69919,-1.87332],[120.69738,-1.87114],[120.69706,-1.86923],[120.69492,-1.86542],[120.69477,-1.86416],[120.69539,-1.86215],[120.69458,-1.86081],[120.69447,-1.85976],[120.69376,-1.85911],[120.69352,-1.85776],[120.69424,-1.85633],[120.69385,-1.85569],[120.69291,-1.85531],[120.69233,-1.85412],[120.69149,-1.8537],[120.69062,-1.85182],[120.68903,-1.85067],[120.68878,-1.84916],[120.68673,-1.84795],[120.68622,-1.84705],[120.68515,-1.84632],[120.68427,-1.84358],[120.68338,-1.84307],[120.68346,-1.84192],[120.68304,-1.84104],[120.68218,-1.84005],[120.68122,-1.83963],[120.68181,-1.83759],[120.68148,-1.8371],[120.68222,-1.83367],[120.68201,-1.83316],[120.68256,-1.83288],[120.68247,-1.83184],[120.68344,-1.82991],[120.68335,-1.82872],[120.6839,-1.82727],[120.68391,-1.82481],[120.68338,-1.82431],[120.68352,-1.82284],[120.68272,-1.8221],[120.68256,-1.82021],[120.68175,-1.81932],[120.68188,-1.81807],[120.67946,-1.81637],[120.67735,-1.813],[120.67411,-1.80471],[120.67293,-1.79824],[120.6836,-1.78208],[120.69442,-1.77264],[120.69425,-1.77139],[120.69242,-1.76931],[120.69208,-1.7679],[120.69087,-1.76706],[120.6901,-1.76314],[120.68909,-1.76155],[120.6864,-1.75988],[120.6857,-1.75757],[120.68398,-1.75631],[120.68358,-1.75461],[120.6852,-1.75467],[120.69613,-1.75287],[120.70545,-1.75],[120.70695,-1.74843],[120.70821,-1.74438],[120.70893,-1.7434],[120.71264,-1.74205],[120.7151,-1.73807],[120.72017,-1.73497],[120.72209,-1.73225],[120.72258,-1.73093],[120.72262,-1.72709],[120.72442,-1.72934],[120.726,-1.7302],[120.72779,-1.73011],[120.7317,-1.72819],[120.7334,-1.72817],[120.73698,-1.73],[120.73907,-1.73256],[120.74016,-1.73315],[120.74296,-1.73282],[120.7455,-1.73303],[120.75046,-1.73467],[120.75224,-1.73623],[120.7548,-1.73591],[120.75714,-1.73625],[120.75745,-1.73551],[120.76028,-1.73577],[120.76169,-1.73682],[120.76464,-1.74053],[120.76598,-1.74119],[120.76681,-1.74107],[120.76781,-1.73966],[120.7686,-1.7394],[120.7696,-1.74078],[120.77137,-1.74036],[120.77185,-1.74146],[120.77321,-1.7427],[120.7743,-1.74266],[120.77477,-1.74214],[120.7758,-1.74191],[120.77668,-1.74272],[120.78054,-1.74205],[120.78162,-1.7422],[120.78252,-1.74245],[120.78488,-1.74428],[120.78509,-1.74547],[120.78823,-1.74523],[120.79013,-1.74568],[120.79194,-1.74498],[120.79668,-1.74655],[120.80077,-1.74688],[120.80402,-1.74817],[120.80642,-1.74841],[120.80673,-1.74867],[120.80648,-1.74993],[120.80681,-1.75046],[120.81039,-1.75119],[120.83033,-1.75897],[120.83384,-1.76119],[120.8402,-1.76801]]]]}},{"type":"Feature","properties":{"NAMOBJ":"Pamona Puselemba","KODE_KAB":7202},"geometry":{"type":"MultiPolygon","coordinates":[[[[120.68358,-1.75461],[120.68398,-1.75631],[120.6857,-1.75757],[120.6864,-1.75988],[120.68909,-1.76155],[120.6901,-1.76314],[120.69087,-1.76706],[120.69208,-1.7679],[120.69242,-1.76931],[120.69425,-1.77139],[120.69442,-1.77264],[120.6836,-1.78208],[120.67293,-1.79824],[120.67411,-1.80471],[120.67735,-1.813],[120.67946,-1.81637],[120.68188,-1.81807],[120.68175,-1.81932],[120.68256,-1.82021],[120.68272,-1.8221],[120.68352,-1.82284],[120.68338,-1.82431],[120.68391,-1.82481],[120.6839,-1.82727],[120.68335,-1.82872],[120.68344,-1.82991],[120.68247,-1.83184],[120.68256,-1.83288],[120.68201,-1.83316],[120.68222,-1.83367],[120.68148,-1.8371],[120.68181,-1.83759],[120.68122,-1.83962],[120.68218,-1.84005],[120.68304,-1.84104],[120.68346,-1.84192],[120.68338,-1.84307],[120.68427,-1.84358],[120.68515,-1.84632],[120.68622,-1.84705],[120.68673,-1.84795],[120.68878,-1.84916],[120.68903,-1.85067],[120.69062,-1.85182],[120.69149,-1.8537],[120.69233,-1.85412],[120.69291,-1.85531],[120.69385,-1.85569],[120.69424,-1.85633],[120.69352,-1.85776],[120.69376,-1.85911],[120.69447,-1.85976],[120.69458,-1.86081],[120.69539,-1.86215],[120.69477,-1.86416],[120.69492,-1.86542],[120.69706,-1.86923],[120.69738,-1.87114],[120.69919,-1.87332],[120.69941,-1.87454],[120.70014,-1.8756],[120.69979,-1.87641],[120.7008,-1.87694],[120.70126,-1.87909],[120.7032,-1.8802],[120.70401,-1.8826],[120.70511,-1.8836],[120.70717,-1.8881],[120.70853,-1.88832],[120.71014,-1.89193],[120.71117,-1.89328],[120.71215,-1.89381],[120.71375,-1.89611],[120.7154,-1.89549],[120.71673,-1.89606],[120.7182,-1.89805],[120.71845,-1.89927],[120.72183,-1.90222],[120.73066,-1.91988],[120.73689,-1.93785],[120.73466,-1.93736],[120.73386,-1.93891],[120.73299,-1.93928],[120.73013,-1.93888],[120.72923,-1.93925],[120.72652,-1.93897],[120.72246,-1.93647],[120.71894,-1.93515],[120.71442,-1.93096],[120.71355,-1.9318],[120.71276,-1.93358],[120.71193,-1.93354],[120.7105,-1.93487],[120.71031,-1.93613],[120.70959,-1.93688],[120.7103,-1.93763],[120.70978,-1.93854],[120.70789,-1.93906],[120.7071,-1.94014],[120.7056,-1.94092],[120.70438,-1.94075],[120.70329,-1.94118],[120.70282,-1.94194],[120.70285,-1.94411],[120.70036,-1.94645],[120.69131,-1.94402],[120.68281,-1.94275],[120.67565,-1.94076],[120.6744,-1.94088],[120.67344,-1.94024],[120.67368,-1.93879],[120.67318,-1.93812],[120.6737,-1.93724],[120.67304,-1.9361],[120.67401,-1.93516],[120.67401,-1.9342],[120.67361,-1.93385],[120.67407,-1.93323],[120.67378,-1.93205],[120.6742,-1.9313],[120.67353,-1.93032],[120.6738,-1.92933],[120.67251,-1.92852],[120.6725,-1.92755],[120.67288,-1.9272],[120.67249,-1.92656],[120.67145,-1.92643],[120.6707,-1.92718],[120.67024,-1.92632],[120.67081,-1.9245],[120.67045,-1.92379],[120.67134,-1.92326],[120.67157,-1.92129],[120.67095,-1.92029],[120.66976,-1.91984],[120.66876,-1.91829],[120.66704,-1.91748],[120.66388,-1.91842],[120.66392,-1.91726],[120.66627,-1.91461],[120.66682,-1.91281],[120.66639,-1.9092],[120.66478,-1.90674],[120.66301,-1.90582],[120.66183,-1.9046],[120.66202,-1.90277],[120.6602,-1.90073],[120.6602,-1.9],[120.66196,-1.89924],[120.66329,-1.89759],[120.66516,-1.89637],[120.66586,-1.89447],[120.66556,-1.89295],[120.66485,-1.89187],[120.66392,-1.89129],[120.66317,-1.89117],[120.6616,-1.89176],[120.66047,-1.89065],[120.66153,-1.88662],[120.66155,-1.88326],[120.66006,-1.88155],[120.66021,-1.87997],[120.65942,-1.87855],[120.65889,-1.87824],[120.65773,-1.87835],[120.65663,-1.87713],[120.65499,-1.87655],[120.65026,-1.87561],[120.64918,-1.87431],[120.64915,-1.86914],[120.64779,-1.86728],[120.64928,-1.86387],[120.64949,-1.86252],[120.64921,-1.86117],[120.64802,-1.86028],[120.64776,-1.85905],[120.64876,-1.85811],[120.64858,-1.85687],[120.64603,-1.85368],[120.64059,-1.85297],[120.63971,-1.85181],[120.63971,-1.85043],[120.63865,-1.84878],[120.6367,-1.84815],[120.6366,-1.8468],[120.63536,-1.84372],[120.63555,-1.84121],[120.63485,-1.83913],[120.63525,-1.8366],[120.63444,-1.83509],[120.63276,-1.83464],[120.63094,-1.83343],[120.63315,-1.83202],[120.63363,-1.83031],[120.63509,-1.82954],[120.63553,-1.82878],[120.63499,-1.82633],[120.63411,-1.82527],[120.63371,-1.82329],[120.63417,-1.82234],[120.63414,-1.82089],[120.63346,-1.81988],[120.6338,-1.8171],[120.63317,-1.81571],[120.63398,-1.81327],[120.63306,-1.81162],[120.63296,-1.80921],[120.63348,-1.80609],[120.63323,-1.80446],[120.63415,-1.80233],[120.6329,-1.80139],[120.63285,-1.79957],[120.63374,-1.79781],[120.63387,-1.79189],[120.63464,-1.78845],[120.63399,-1.78476],[120.63618,-1.77951],[120.63657,-1.77909],[120.63764,-1.77903],[120.63832,-1.77778],[120.6381,-1.77645],[120.63878,-1.77595],[120.63833,-1.77508],[120.63889,-1.77446],[120.63881,-1.77285],[120.63938,-1.77188],[120.64003,-1.77167],[120.63969,-1.77029],[120.64166,-1.76801],[120.63981,-1.76526],[120.63997,-1.76382],[120.64098,-1.76329],[120.64009,-1.76247],[120.63955,-1.76367],[120.63873,-1.76439],[120.6388,-1.76688],[120.63827,-1.76757],[120.63834,-1.76912],[120.63727,-1.77053],[120.63605,-1.77097],[120.63287,-1.77002],[120.63067,-1.76861],[120.62801,-1.76796],[120.62421,-1.76766],[120.62133,-1.76794],[120.61987,-1.76882],[120.61806,-1.76869],[120.61643,-1.76922],[120.61444,-1.7707],[120.61382,-1.77171],[120.61348,-1.77316],[120.61434,-1.77393],[120.61399,-1.7767],[120.61205,-1.78076],[120.61118,-1.78202],[120.60971,-1.78185],[120.60845,-1.78228],[120.60813,-1.78289],[120.6055,-1.78376],[120.60562,-1.78518],[120.60264,-1.78962],[120.59527,-1.78972],[120.59138,-1.79108],[120.58969,-1.79241],[120.58899,-1.7923],[120.58867,-1.79175],[120.58589,-1.79136],[120.5839,-1.78986],[120.58044,-1.78904],[120.57948,-1.78801],[120.57824,-1.78749],[120.57351,-1.78682],[120.57108,-1.78717],[120.56964,-1.78552],[120.56282,-1.78433],[120.56031,-1.78503],[120.55472,-1.78568],[120.54974,-1.78708],[120.54677,-1.79094],[120.54593,-1.79099],[120.54464,-1.79055],[120.54359,-1.78942],[120.54376,-1.78652],[120.54205,-1.78509],[120.54115,-1.7848],[120.53624,-1.78589],[120.53541,-1.7871],[120.53433,-1.78782],[120.53382,-1.79154],[120.53242,-1.79413],[120.53252,-1.79525],[120.53154,-1.79702],[120.53174,-1.79811],[120.53288,-1.79877],[120.53302,-1.79951],[120.53115,-1.79926],[120.52977,-1.79976],[120.52928,-1.79919],[120.52618,-1.79907],[120.52543,-1.79765],[120.5246,-1.79733],[120.52325,-1.79768],[120.52132,-1.79751],[120.51919,-1.79852],[120.51703,-1.79875],[120.51566,-1.79732],[120.51474,-1.795],[120.5135,-1.79449],[120.51096,-1.79432],[120.50921,-1.79228],[120.50503,-1.79303],[120.50498,-1.79388],[120.50292,-1.79315],[120.50242,-1.79445],[120.50289,-1.79536],[120.5027,-1.79701],[120.50138,-1.79784],[120.49994,-1.7975],[120.49909,-1.7985],[120.49814,-1.7975],[120.49716,-1.79892],[120.49674,-1.79868],[120.49691,-1.79778],[120.49624,-1.79724],[120.49568,-1.79712],[120.49465,-1.79788],[120.49394,-1.79664],[120.49335,-1.79685],[120.4936,-1.79737],[120.49314,-1.79789],[120.48865,-1.79793],[120.48836,-1.79701],[120.48765,-1.79718],[120.48694,-1.79682],[120.48672,-1.79579],[120.48609,-1.79639],[120.4854,-1.79612],[120.48473,-1.79533],[120.48485,-1.79396],[120.48387,-1.79552],[120.48122,-1.79618],[120.48095,-1.7956],[120.48127,-1.7949],[120.48049,-1.79477],[120.48068,-1.79366],[120.47925,-1.79426],[120.47886,-1.79394],[120.47817,-1.79411],[120.47787,-1.79511],[120.47636,-1.79668],[120.47368,-1.79649],[120.474,-1.79764],[120.4731,-1.79824],[120.47272,-1.79927],[120.47346,-1.80132],[120.4711,-1.80312],[120.47216,-1.80432],[120.46739,-1.80372],[120.46712,-1.80205],[120.4645,-1.80039],[120.46297,-1.80058],[120.46253,-1.79968],[120.46139,-1.79937],[120.46099,-1.79882],[120.46022,-1.79882],[120.45951,-1.79994],[120.45762,-1.7995],[120.45738,-1.79917],[120.45777,-1.79877],[120.45728,-1.79848],[120.4576,-1.79752],[120.45727,-1.79715],[120.45575,-1.79799],[120.45527,-1.79907],[120.4548,-1.79927],[120.45425,-1.79922],[120.45279,-1.79767],[120.45189,-1.79737],[120.45017,-1.79853],[120.44927,-1.79774],[120.44856,-1.79835],[120.4479,-1.79789],[120.44631,-1.79816],[120.44542,-1.79885],[120.44369,-1.79789],[120.44396,-1.79904],[120.44344,-1.79932],[120.44282,-1.8009],[120.44068,-1.80191],[120.43938,-1.80327],[120.43844,-1.80349],[120.4383,-1.80417],[120.43751,-1.80464],[120.43826,-1.80207],[120.43672,-1.7997],[120.43795,-1.79644],[120.43755,-1.79552],[120.43826,-1.7935],[120.43804,-1.79255],[120.4388,-1.79087],[120.4383,-1.78964],[120.43869,-1.78875],[120.43966,-1.78809],[120.44045,-1.786],[120.44116,-1.78564],[120.44289,-1.78216],[120.44351,-1.78267],[120.44433,-1.78249],[120.44596,-1.78393],[120.44528,-1.7823],[120.44713,-1.78029],[120.4484,-1.77997],[120.44874,-1.77861],[120.45145,-1.77564],[120.45222,-1.77384],[120.45306,-1.77327],[120.4532,-1.77191],[120.45452,-1.77098],[120.45653,-1.77147],[120.45784,-1.76979],[120.46,-1.76817],[120.46084,-1.76616],[120.46318,-1.76422],[120.4632,-1.76156],[120.46477,-1.76026],[120.46564,-1.75837],[120.46694,-1.75794],[120.46729,-1.7585],[120.47057,-1.75858],[120.47233,-1.76001],[120.47657,-1.75802],[120.4784,-1.75957],[120.48206,-1.7602],[120.48216,-1.76104],[120.48154,-1.76192],[120.48189,-1.7624],[120.48329,-1.76259],[120.48435,-1.76341],[120.48454,-1.76266],[120.48541,-1.76263],[120.48738,-1.76084],[120.4883,-1.75854],[120.4893,-1.75854],[120.49012,-1.7579],[120.49027,-1.7563],[120.49093,-1.75673],[120.49219,-1.75668],[120.49374,-1.7554],[120.49567,-1.75494],[120.49642,-1.75413],[120.49772,-1.75393],[120.49901,-1.75456],[120.50097,-1.75807],[120.503,-1.76041],[120.50711,-1.76364],[120.51128,-1.76099],[120.51418,-1.76009],[120.51449,-1.75834],[120.51568,-1.7569],[120.51602,-1.7554],[120.52479,-1.75704],[120.52747,-1.75673],[120.52856,-1.75637],[120.53142,-1.75431],[120.53305,-1.75191],[120.53541,-1.74948],[120.53784,-1.74984],[120.53708,-1.74898],[120.5355,-1.7452],[120.5355,-1.74246],[120.53507,-1.7416],[120.5266,-1.73435],[120.52448,-1.73014],[120.52115,-1.72695],[120.51985,-1.72259],[120.51897,-1.72091],[120.51735,-1.71942],[120.51399,-1.71781],[120.51473,-1.71504],[120.51658,-1.71313],[120.51494,-1.71067],[120.51408,-1.70845],[120.5139,-1.7059],[120.51483,-1.69991],[120.51474,-1.69813],[120.51072,-1.69106],[120.51046,-1.68544],[120.51006,-1.68398],[120.50436,-1.67733],[120.50207,-1.67574],[120.50285,-1.67357],[120.50482,-1.6715],[120.50806,-1.66451],[120.51004,-1.66192],[120.51229,-1.66004],[120.51124,-1.65835],[120.51037,-1.65495],[120.51035,-1.65104],[120.51295,-1.65027],[120.5152,-1.6503],[120.51724,-1.64784],[120.52245,-1.64668],[120.52789,-1.64335],[120.52983,-1.64279],[120.53053,-1.64208],[120.53061,-1.64022],[120.53277,-1.63897],[120.53339,-1.63739],[120.54053,-1.6364],[120.54161,-1.63686],[120.54303,-1.63924],[120.54518,-1.63943],[120.54755,-1.64068],[120.55073,-1.64115],[120.55314,-1.64214],[120.55441,-1.64331],[120.55737,-1.64368],[120.55942,-1.64473],[120.56215,-1.64501],[120.56205,-1.64687],[120.56301,-1.64837],[120.56331,-1.65016],[120.56477,-1.65178],[120.5726,-1.65418],[120.57344,-1.65532],[120.5749,-1.65514],[120.57494,-1.65327],[120.57671,-1.65186],[120.57639,-1.64969],[120.57711,-1.64827],[120.5771,-1.64652],[120.57801,-1.64457],[120.57786,-1.64363],[120.57638,-1.6412],[120.57639,-1.63945],[120.57767,-1.63805],[120.57916,-1.63734],[120.57977,-1.63663],[120.58157,-1.63619],[120.58175,-1.63522],[120.58043,-1.63334],[120.58179,-1.63138],[120.58153,-1.62871],[120.58206,-1.62826],[120.58354,-1.6282],[120.58526,-1.62746],[120.58578,-1.6266],[120.58581,-1.62468],[120.58698,-1.62399],[120.58879,-1.62203],[120.58975,-1.61931],[120.59076,-1.61827],[120.59403,-1.62219],[120.59322,-1.62583],[120.59358,-1.63175],[120.59381,-1.63321],[120.59598,-1.63634],[120.59777,-1.63772],[120.60248,-1.63934],[120.60415,-1.63922],[120.60672,-1.63797],[120.60886,-1.63785],[120.61166,-1.64031],[120.61208,-1.64181],[120.61243,-1.64757],[120.6089,-1.65339],[120.60669,-1.65494],[120.60675,-1.66516],[120.60626,-1.66585],[120.60415,-1.6668],[120.60389,-1.66744],[120.60387,-1.6737],[120.60349,-1.67645],[120.60733,-1.68009],[120.61227,-1.68186],[120.61299,-1.68478],[120.61559,-1.68712],[120.61487,-1.69009],[120.61607,-1.69429],[120.61691,-1.69557],[120.61816,-1.69914],[120.62009,-1.70101],[120.62169,-1.70499],[120.62351,-1.70769],[120.62342,-1.70988],[120.62299,-1.71059],[120.62019,-1.71098],[120.61955,-1.71174],[120.62239,-1.71428],[120.62619,-1.7186],[120.62672,-1.72086],[120.62754,-1.72238],[120.62755,-1.72631],[120.62898,-1.7281],[120.62994,-1.73024],[120.63009,-1.73505],[120.63126,-1.73578],[120.63138,-1.73666],[120.63412,-1.73784],[120.63571,-1.74037],[120.63592,-1.74193],[120.63543,-1.74361],[120.63406,-1.74481],[120.63518,-1.74582],[120.63532,-1.74743],[120.63595,-1.74757],[120.6367,-1.74701],[120.63765,-1.74792],[120.63867,-1.74791],[120.64006,-1.75],[120.642,-1.75074],[120.64174,-1.75154],[120.64203,-1.75235],[120.64424,-1.75383],[120.64587,-1.75426],[120.64551,-1.75344],[120.64553,-1.75],[120.64865,-1.74487],[120.6497,-1.74164],[120.64938,-1.73963],[120.65062,-1.74047],[120.65003,-1.73935],[120.65044,-1.73899],[120.65083,-1.73957],[120.65103,-1.73796],[120.65292,-1.73593],[120.65459,-1.73614],[120.65474,-1.73732],[120.65521,-1.73698],[120.65571,-1.73729],[120.6571,-1.73636],[120.65805,-1.73694],[120.65855,-1.73635],[120.65871,-1.73683],[120.65991,-1.73709],[120.66039,-1.73765],[120.66092,-1.73744],[120.66135,-1.73811],[120.66237,-1.73778],[120.66285,-1.7385],[120.66251,-1.73918],[120.66313,-1.7395],[120.66405,-1.73886],[120.66541,-1.7386],[120.66829,-1.7392],[120.66924,-1.74019],[120.67073,-1.74043],[120.67455,-1.74471],[120.67472,-1.74841],[120.67539,-1.74921],[120.67643,-1.74941],[120.67618,-1.75035],[120.67699,-1.75116],[120.6775,-1.75245],[120.68214,-1.75289],[120.68319,-1.75372],[120.68358,-1.75461]]]]}},{"type":"Feature","properties":{"NAMOBJ":"Lore Tengah","KODE_KAB":7202},"geometry":{"type":"MultiPolygon","coordinates":[[[[120.48844,-1.63242],[120.48954,-1.6322],[120.49127,-1.63269],[120.49183,-1.63433],[120.49466,-1.63548],[120.49623,-1.63846],[120.49705,-1.63899],[120.49876,-1.63847],[120.50099,-1.63931],[120.50225,-1.63895],[120.50658,-1.64182],[120.50833,-1.64409],[120.50847,-1.64719],[120.50914,-1.64937],[120.51002,-1.65122],[120.51038,-1.65119],[120.5102,-1.65397],[120.51105,-1.65772],[120.51229,-1.66004],[120.51004,-1.66192],[120.50806,-1.66451],[120.50482,-1.6715],[120.50285,-1.67357],[120.50207,-1.67574],[120.50436,-1.67733],[120.51006,-1.68398],[120.51046,-1.68544],[120.51072,-1.69106],[120.51474,-1.69813],[120.51483,-1.69991],[120.5139,-1.7059],[120.51408,-1.70845],[120.51494,-1.71067],[120.51658,-1.71313],[120.51473,-1.71504],[120.51399,-1.71781],[120.51735,-1.71942],[120.51897,-1.72091],[120.51985,-1.72259],[120.52115,-1.72695],[120.52448,-1.73014],[120.5266,-1.73435],[120.53507,-1.7416],[120.5355,-1.74246],[120.5355,-1.7452],[120.53708,-1.74898],[120.53784,-1.74984],[120.53541,-1.74948],[120.53305,-1.75191],[120.53142,-1.75431],[120.52856,-1.75637],[120.52479,-1.75704],[120.51602,-1.7554],[120.51568,-1.7569],[120.51449,-1.75834],[120.51418,-1.76009],[120.51128,-1.76099],[120.50711,-1.76364],[120.503,-1.76041],[120.50097,-1.75807],[120.49901,-1.75456],[120.49815,-1.75401],[120.49704,-1.75392],[120.49567,-1.75494],[120.49374,-1.7554],[120.49219,-1.75668],[120.49093,-1.75673],[120.49027,-1.7563],[120.49012,-1.7579],[120.4893,-1.75854],[120.4883,-1.75854],[120.48738,-1.76084],[120.48541,-1.76263],[120.48454,-1.76266],[120.48435,-1.76341],[120.48329,-1.76259],[120.48189,-1.7624],[120.48154,-1.76192],[120.48216,-1.76104],[120.48206,-1.7602],[120.4784,-1.75957],[120.47657,-1.75802],[120.47233,-1.76001],[120.47057,-1.75858],[120.46697,-1.75833],[120.46628,-1.75668],[120.46402,-1.75526],[120.46034,-1.75454],[120.45812,-1.75291],[120.45319,-1.75143],[120.45168,-1.75257],[120.44881,-1.75283],[120.44844,-1.75459],[120.44466,-1.75665],[120.43947,-1.75801],[120.43794,-1.75685],[120.4365,-1.75681],[120.4355,-1.75782],[120.43545,-1.75906],[120.43646,-1.75945],[120.43647,-1.76089],[120.43589,-1.76182],[120.43375,-1.76142],[120.43196,-1.76193],[120.43125,-1.76149],[120.42871,-1.76135],[120.42571,-1.76164],[120.42607,-1.76257],[120.42548,-1.76361],[120.42556,-1.76504],[120.42446,-1.7651],[120.41701,-1.76388],[120.41401,-1.76458],[120.40955,-1.76457],[120.40239,-1.76162],[120.40039,-1.75976],[120.39946,-1.75955],[120.39512,-1.76001],[120.39462,-1.75886],[120.39345,-1.75888],[120.39175,-1.75778],[120.38786,-1.75978],[120.38566,-1.75764],[120.38342,-1.75783],[120.38191,-1.7569],[120.38111,-1.75687],[120.38034,-1.75557],[120.37951,-1.75542],[120.37861,-1.75583],[120.37674,-1.75503],[120.37616,-1.75515],[120.37535,-1.75779],[120.37471,-1.75845],[120.37391,-1.75833],[120.37142,-1.75992],[120.37012,-1.75981],[120.36958,-1.75926],[120.36937,-1.758],[120.36884,-1.7576],[120.36932,-1.75545],[120.36717,-1.75314],[120.36426,-1.75411],[120.36272,-1.75535],[120.36144,-1.75731],[120.36012,-1.75821],[120.35887,-1.75829],[120.35717,-1.75724],[120.35501,-1.75688],[120.35351,-1.75542],[120.35139,-1.75512],[120.34821,-1.75342],[120.34686,-1.75492],[120.34236,-1.75777],[120.33979,-1.76074],[120.33958,-1.76028],[120.33862,-1.76146],[120.33687,-1.76135],[120.33322,-1.76278],[120.333,-1.76489],[120.33236,-1.76574],[120.33001,-1.76693],[120.32833,-1.76388],[120.32589,-1.76243],[120.322,-1.76132],[120.31841,-1.75654],[120.31633,-1.75524],[120.31329,-1.75406],[120.31195,-1.75211],[120.31069,-1.752],[120.30975,-1.75078],[120.30721,-1.75061],[120.30478,-1.75089],[120.30382,-1.75139],[120.30144,-1.75053],[120.29844,-1.75064],[120.29717,-1.751],[120.2951,-1.75406],[120.2936,-1.75492],[120.29082,-1.75215],[120.28728,-1.75213],[120.28619,-1.75172],[120.28544,-1.75234],[120.28365,-1.75241],[120.28212,-1.7531],[120.2814,-1.75291],[120.28134,-1.75132],[120.27544,-1.75013],[120.27339,-1.75018],[120.27176,-1.75083],[120.27047,-1.75239],[120.26948,-1.75835],[120.26822,-1.7592],[120.26736,-1.75914],[120.26695,-1.75949],[120.26549,-1.76126],[120.26516,-1.76235],[120.26335,-1.76409],[120.26243,-1.76648],[120.26179,-1.76676],[120.26174,-1.76731],[120.26242,-1.7683],[120.26235,-1.76912],[120.26107,-1.77028],[120.25983,-1.77056],[120.25941,-1.77126],[120.25912,-1.77523],[120.25734,-1.77884],[120.25639,-1.77997],[120.25706,-1.7817],[120.25682,-1.78261],[120.25639,-1.78344],[120.25518,-1.78402],[120.25423,-1.7857],[120.25244,-1.78745],[120.25128,-1.78763],[120.24927,-1.78722],[120.24784,-1.78805],[120.24332,-1.78605],[120.24088,-1.78561],[120.23967,-1.787],[120.23816,-1.78743],[120.23678,-1.7884],[120.23252,-1.78882],[120.22837,-1.78703],[120.22633,-1.78554],[120.22497,-1.78649],[120.22202,-1.78733],[120.21733,-1.78664],[120.21714,-1.7876],[120.21606,-1.78671],[120.21533,-1.78354],[120.21054,-1.78091],[120.20904,-1.77965],[120.20571,-1.77869],[120.20348,-1.78041],[120.20226,-1.78018],[120.2005,-1.77916],[120.19889,-1.77534],[120.19491,-1.77171],[120.19458,-1.76975],[120.18719,-1.76675],[120.18257,-1.76631],[120.17939,-1.7669],[120.17844,-1.76634],[120.17774,-1.76364],[120.17768,-1.75994],[120.17662,-1.758],[120.17543,-1.7567],[120.16971,-1.75481],[120.1686,-1.7528],[120.16811,-1.75044],[120.16942,-1.74815],[120.17026,-1.7436],[120.17024,-1.74243],[120.16894,-1.7398],[120.16727,-1.73744],[120.16339,-1.73464],[120.15978,-1.73012],[120.15559,-1.72791],[120.15161,-1.72242],[120.1514,-1.72111],[120.15525,-1.71842],[120.15621,-1.71518],[120.15241,-1.70627],[120.1484,-1.69859],[120.14848,-1.69569],[120.15108,-1.68688],[120.15162,-1.68312],[120.15008,-1.6775],[120.14732,-1.67357],[120.14538,-1.66914],[120.14482,-1.6663],[120.1444,-1.65954],[120.14384,-1.65767],[120.14198,-1.6555],[120.13654,-1.65144],[120.13593,-1.65056],[120.13941,-1.64642],[120.14033,-1.64369],[120.14053,-1.62577],[120.14245,-1.62371],[120.14565,-1.6188],[120.14605,-1.617],[120.14465,-1.60834],[120.143,-1.60598],[120.14082,-1.60406],[120.14053,-1.60318],[120.14045,-1.5975],[120.14164,-1.59593],[120.14225,-1.59415],[120.14386,-1.57389],[120.14313,-1.57108],[120.13966,-1.56531],[120.13908,-1.56053],[120.13628,-1.55788],[120.13177,-1.55624],[120.13078,-1.55618],[120.12967,-1.55771],[120.12879,-1.55808],[120.12401,-1.5586],[120.12194,-1.55975],[120.10642,-1.55963],[120.10257,-1.55867],[120.10113,-1.55701],[120.10127,-1.55628],[120.1046,-1.55309],[120.10551,-1.55132],[120.10678,-1.55049],[120.10767,-1.54678],[120.10678,-1.5435],[120.1111,-1.53982],[120.1121,-1.53572],[120.11277,-1.53469],[120.11592,-1.53707],[120.12353,-1.54031],[120.125,-1.53972],[120.12775,-1.5394],[120.12892,-1.53625],[120.12942,-1.5364],[120.13178,-1.53557],[120.13387,-1.53661],[120.13755,-1.53618],[120.13836,-1.53776],[120.14004,-1.53823],[120.14271,-1.53763],[120.14358,-1.53851],[120.14532,-1.53795],[120.14772,-1.53876],[120.14881,-1.5384],[120.14952,-1.53893],[120.15211,-1.53804],[120.15344,-1.53875],[120.15401,-1.53863],[120.15456,-1.53786],[120.15589,-1.53844],[120.15663,-1.53779],[120.15689,-1.53692],[120.15781,-1.53674],[120.15827,-1.53711],[120.15838,-1.53801],[120.15903,-1.53846],[120.1604,-1.53894],[120.1616,-1.53817],[120.16193,-1.53893],[120.16293,-1.53921],[120.16329,-1.54008],[120.16429,-1.53992],[120.16556,-1.54047],[120.16733,-1.5399],[120.16871,-1.54159],[120.16984,-1.54159],[120.17083,-1.54488],[120.17218,-1.54459],[120.17244,-1.54531],[120.17295,-1.54547],[120.17425,-1.54508],[120.17453,-1.54603],[120.1753,-1.54626],[120.17685,-1.54579],[120.17683,-1.54475],[120.17812,-1.54472],[120.17855,-1.54419],[120.17915,-1.54417],[120.17983,-1.54481],[120.17964,-1.54638],[120.1801,-1.54685],[120.18148,-1.54685],[120.18236,-1.54786],[120.18481,-1.54794],[120.18528,-1.54846],[120.18764,-1.54831],[120.18788,-1.54984],[120.1888,-1.55022],[120.18935,-1.55192],[120.18991,-1.55183],[120.19063,-1.55089],[120.19209,-1.55051],[120.19246,-1.54891],[120.19317,-1.54832],[120.19395,-1.54848],[120.19456,-1.54938],[120.19565,-1.54981],[120.19727,-1.54911],[120.20085,-1.55004],[120.2021,-1.54913],[120.2038,-1.55068],[120.20483,-1.55029],[120.20533,-1.55071],[120.2062,-1.55069],[120.20649,-1.54976],[120.20742,-1.54971],[120.2083,-1.54904],[120.20851,-1.55069],[120.21051,-1.55111],[120.21079,-1.55293],[120.21039,-1.55429],[120.21188,-1.5538],[120.21398,-1.555],[120.21604,-1.55481],[120.21721,-1.5575],[120.22037,-1.55797],[120.22131,-1.55904],[120.2223,-1.55868],[120.22324,-1.5592],[120.2253,-1.5584],[120.2268,-1.55946],[120.22874,-1.55917],[120.22984,-1.55969],[120.22996,-1.56094],[120.23065,-1.56225],[120.23029,-1.56488],[120.22914,-1.56654],[120.22944,-1.56701],[120.23043,-1.56689],[120.23171,-1.56563],[120.23238,-1.56579],[120.23342,-1.5668],[120.23497,-1.56725],[120.23506,-1.56567],[120.23649,-1.56632],[120.23695,-1.56595],[120.237,-1.56524],[120.23787,-1.56457],[120.23893,-1.56478],[120.23918,-1.56554],[120.23873,-1.56674],[120.23934,-1.5699],[120.24098,-1.56993],[120.24273,-1.57351],[120.24363,-1.57401],[120.24612,-1.57375],[120.24537,-1.57208],[120.24738,-1.57136],[120.24872,-1.57168],[120.24975,-1.57029],[120.25299,-1.57046],[120.25586,-1.57164],[120.25972,-1.57231],[120.26092,-1.57614],[120.26103,-1.58182],[120.26297,-1.58378],[120.26416,-1.58604],[120.27125,-1.5932],[120.27305,-1.59345],[120.27499,-1.59502],[120.27857,-1.59581],[120.28176,-1.59817],[120.28507,-1.59789],[120.29019,-1.60179],[120.29368,-1.602],[120.29487,-1.6034],[120.29682,-1.6041],[120.30034,-1.60398],[120.30236,-1.60933],[120.30498,-1.61179],[120.30426,-1.61374],[120.30476,-1.61512],[120.30455,-1.61807],[120.30625,-1.61787],[120.30815,-1.61661],[120.30957,-1.61642],[120.31002,-1.617],[120.3097,-1.61952],[120.31001,-1.62003],[120.31399,-1.62088],[120.31513,-1.62144],[120.31517,-1.62226],[120.31644,-1.62193],[120.31868,-1.62357],[120.32042,-1.62433],[120.32133,-1.62551],[120.32179,-1.62737],[120.32258,-1.62813],[120.32766,-1.62805],[120.33334,-1.63132],[120.33741,-1.63121],[120.34057,-1.63252],[120.3423,-1.63255],[120.34438,-1.6316],[120.3475,-1.63195],[120.35027,-1.6342],[120.35196,-1.6347],[120.35449,-1.6346],[120.35532,-1.63503],[120.35877,-1.63838],[120.36045,-1.63896],[120.36242,-1.64052],[120.36597,-1.64104],[120.36737,-1.64236],[120.37351,-1.63949],[120.37404,-1.64068],[120.37683,-1.64057],[120.38047,-1.64152],[120.3865,-1.64454],[120.39006,-1.6443],[120.39351,-1.64492],[120.39758,-1.64439],[120.39829,-1.64763],[120.39988,-1.65037],[120.40142,-1.65072],[120.4034,-1.65075],[120.4042,-1.6504],[120.40496,-1.65064],[120.40579,-1.65017],[120.40691,-1.6505],[120.40751,-1.65007],[120.40954,-1.65076],[120.4108,-1.65051],[120.41146,-1.65093],[120.4134,-1.64943],[120.41506,-1.65031],[120.41727,-1.65086],[120.41751,-1.64988],[120.41883,-1.64831],[120.41958,-1.64798],[120.42159,-1.64812],[120.42419,-1.64728],[120.4274,-1.64719],[120.43322,-1.64828],[120.43624,-1.64669],[120.43877,-1.64676],[120.44195,-1.64563],[120.44381,-1.64609],[120.44374,-1.64769],[120.44515,-1.6486],[120.44527,-1.64907],[120.44595,-1.64904],[120.44653,-1.64974],[120.44649,-1.65068],[120.4475,-1.65096],[120.448,-1.65158],[120.4487,-1.65132],[120.44905,-1.65165],[120.45067,-1.65166],[120.45108,-1.65266],[120.45174,-1.65308],[120.45245,-1.65249],[120.45586,-1.65327],[120.45782,-1.65559],[120.46091,-1.65712],[120.46206,-1.65701],[120.46388,-1.65331],[120.4646,-1.65267],[120.46744,-1.65172],[120.47137,-1.65223],[120.47523,-1.65383],[120.48125,-1.6552],[120.48363,-1.65659],[120.48543,-1.65668],[120.48897,-1.6548],[120.49091,-1.65088],[120.4923,-1.64914],[120.49466,-1.64907],[120.49468,-1.64455],[120.49287,-1.64168],[120.49013,-1.63956],[120.48941,-1.63847],[120.48912,-1.63705],[120.48942,-1.63447],[120.48844,-1.63242]]]]}},{"type":"Feature","properties":{"NAMOBJ":"Pamona Utara","KODE_KAB":7202},"geometry":{"type":"MultiPolygon","coordinates":[[[[120.76974,-1.60026],[120.77123,-1.60009],[120.7718,-1.60143],[120.77459,-1.59981],[120.77648,-1.59978],[120.77732,-1.60059],[120.77834,-1.59995],[120.77993,-1.6011],[120.77983,-1.60287],[120.78177,-1.60172],[120.7846,-1.60285],[120.78705,-1.60294],[120.79285,-1.59953],[120.79567,-1.59894],[120.80218,-1.60025],[120.80551,-1.6025],[120.80864,-1.60306],[120.80982,-1.60286],[120.81395,-1.59947],[120.81527,-1.59912],[120.82242,-1.59952],[120.82584,-1.60109],[120.82798,-1.60133],[120.82899,-1.60189],[120.83238,-1.59867],[120.83478,-1.59914],[120.83743,-1.60181],[120.83858,-1.60238],[120.84035,-1.60212],[120.84339,-1.60011],[120.84464,-1.60034],[120.84548,-1.60105],[120.84731,-1.60103],[120.84777,-1.60131],[120.84817,-1.60258],[120.84944,-1.60244],[120.84986,-1.60331],[120.85119,-1.60413],[120.85151,-1.60304],[120.85275,-1.60247],[120.85563,-1.60361],[120.85694,-1.60343],[120.85868,-1.60136],[120.85947,-1.60101],[120.86045,-1.60191],[120.85568,-1.61433],[120.87817,-1.62361],[120.88575,-1.62413],[120.87807,-1.64111],[120.87747,-1.64063],[120.87661,-1.64063],[120.87599,-1.64097],[120.875,-1.64273],[120.87302,-1.64922],[120.87251,-1.65342],[120.8608,-1.67947],[120.85931,-1.68069],[120.85813,-1.68381],[120.85676,-1.68439],[120.85362,-1.68725],[120.85422,-1.69245],[120.85367,-1.69506],[120.85294,-1.69675],[120.84952,-1.69824],[120.84937,-1.70194],[120.84567,-1.70728],[120.84569,-1.70829],[120.84704,-1.70968],[120.84716,-1.71045],[120.84512,-1.71333],[120.84478,-1.71566],[120.8407,-1.7205],[120.83971,-1.72083],[120.84029,-1.72182],[120.83982,-1.7231],[120.83916,-1.72339],[120.83906,-1.72462],[120.83998,-1.72508],[120.84035,-1.72714],[120.84145,-1.7297],[120.83685,-1.73565],[120.83664,-1.73836],[120.83578,-1.74129],[120.83645,-1.74442],[120.83551,-1.7517],[120.8369,-1.75778],[120.8402,-1.76801],[120.83384,-1.76119],[120.83033,-1.75897],[120.81039,-1.75119],[120.80681,-1.75046],[120.80648,-1.74993],[120.80673,-1.74867],[120.80642,-1.74841],[120.80402,-1.74817],[120.80077,-1.74688],[120.79668,-1.74655],[120.79194,-1.74498],[120.79013,-1.74568],[120.78823,-1.74523],[120.78509,-1.74547],[120.78488,-1.74428],[120.78252,-1.74245],[120.78162,-1.7422],[120.78054,-1.74205],[120.77668,-1.74272],[120.7758,-1.74191],[120.77477,-1.74214],[120.7743,-1.74266],[120.77321,-1.7427],[120.77185,-1.74146],[120.77137,-1.74036],[120.7696,-1.74078],[120.7686,-1.7394],[120.76781,-1.73966],[120.76681,-1.74107],[120.76598,-1.74119],[120.76464,-1.74053],[120.76169,-1.73682],[120.76028,-1.73577],[120.75745,-1.73551],[120.75714,-1.73625],[120.7548,-1.73591],[120.75224,-1.73623],[120.75046,-1.73467],[120.7455,-1.73303],[120.74296,-1.73282],[120.74016,-1.73315],[120.73907,-1.73256],[120.73698,-1.73],[120.73449,-1.72853],[120.73237,-1.72804],[120.72779,-1.73011],[120.726,-1.7302],[120.72442,-1.72934],[120.72262,-1.72709],[120.72258,-1.73093],[120.72209,-1.73225],[120.72017,-1.73497],[120.7151,-1.73807],[120.71264,-1.74205],[120.70893,-1.7434],[120.70821,-1.74438],[120.70695,-1.74843],[120.70606,-1.74941],[120.70545,-1.75],[120.69613,-1.75287],[120.6852,-1.75467],[120.68358,-1.75461],[120.68319,-1.75372],[120.68214,-1.75289],[120.6776,-1.75251],[120.67618,-1.75035],[120.67643,-1.74941],[120.67539,-1.74921],[120.67472,-1.74841],[120.67455,-1.74471],[120.67073,-1.74043],[120.66924,-1.74019],[120.66829,-1.7392],[120.66541,-1.7386],[120.66405,-1.73886],[120.66313,-1.7395],[120.66251,-1.73918],[120.66285,-1.7385],[120.66237,-1.73778],[120.66135,-1.73811],[120.66092,-1.73744],[120.66039,-1.73765],[120.65991,-1.73709],[120.65871,-1.73683],[120.65855,-1.73635],[120.65805,-1.73694],[120.6571,-1.73636],[120.65571,-1.73729],[120.65521,-1.73698],[120.65474,-1.73732],[120.65459,-1.73614],[120.65355,-1.73585],[120.65253,-1.73616],[120.65195,-1.7373],[120.65112,-1.73782],[120.65081,-1.73959],[120.65047,-1.739],[120.65008,-1.73926],[120.65062,-1.74047],[120.64938,-1.73963],[120.6497,-1.74164],[120.64865,-1.74487],[120.64553,-1.75],[120.64551,-1.75344],[120.64587,-1.75426],[120.64424,-1.75383],[120.64203,-1.75235],[120.64174,-1.75154],[120.642,-1.75074],[120.64006,-1.75],[120.63867,-1.74791],[120.63765,-1.74792],[120.6367,-1.74701],[120.63595,-1.74757],[120.63532,-1.74743],[120.63518,-1.74582],[120.63406,-1.74481],[120.63543,-1.74361],[120.63592,-1.74193],[120.63571,-1.74037],[120.63412,-1.73784],[120.63138,-1.73666],[120.63126,-1.73578],[120.63009,-1.73505],[120.62994,-1.73024],[120.62898,-1.7281],[120.62755,-1.72631],[120.62754,-1.72238],[120.62672,-1.72086],[120.62619,-1.7186],[120.62239,-1.71428],[120.61955,-1.71174],[120.62019,-1.71098],[120.62299,-1.71059],[120.62342,-1.70988],[120.62351,-1.70769],[120.62169,-1.70499],[120.62009,-1.70101],[120.61816,-1.69914],[120.61691,-1.69557],[120.61607,-1.69429],[120.61487,-1.69009],[120.61559,-1.68712],[120.61299,-1.68478],[120.61227,-1.68186],[120.60733,-1.68009],[120.60349,-1.67645],[120.60387,-1.6737],[120.60389,-1.66744],[120.60415,-1.6668],[120.60626,-1.66585],[120.60675,-1.66516],[120.60669,-1.65494],[120.6089,-1.65339],[120.61243,-1.64757],[120.61208,-1.64181],[120.61166,-1.64031],[120.60886,-1.63785],[120.60672,-1.63797],[120.60415,-1.63922],[120.60248,-1.63934],[120.59777,-1.63772],[120.59598,-1.63634],[120.59381,-1.63321],[120.59322,-1.62583],[120.59403,-1.62219],[120.59076,-1.61827],[120.5914,-1.61444],[120.59547,-1.61502],[120.60094,-1.61748],[120.60184,-1.61865],[120.60147,-1.61973],[120.60252,-1.62206],[120.60487,-1.62372],[120.60715,-1.62361],[120.61761,-1.62719],[120.62482,-1.62795],[120.62596,-1.62987],[120.62865,-1.63063],[120.62811,-1.62687],[120.62936,-1.6255],[120.63202,-1.62687],[120.63495,-1.63004],[120.63625,-1.63084],[120.63845,-1.63139],[120.64119,-1.63138],[120.64551,-1.63101],[120.64588,-1.62689],[120.64673,-1.62565],[120.64778,-1.62511],[120.6494,-1.62502],[120.65117,-1.62325],[120.65464,-1.62235],[120.65601,-1.62006],[120.66004,-1.62093],[120.66259,-1.61852],[120.66711,-1.61828],[120.6706,-1.61636],[120.67191,-1.61399],[120.67508,-1.61241],[120.67693,-1.61263],[120.6779,-1.61368],[120.67902,-1.61414],[120.68429,-1.61285],[120.6873,-1.61464],[120.68956,-1.61951],[120.69028,-1.61994],[120.69125,-1.61979],[120.69424,-1.61783],[120.69532,-1.61536],[120.69716,-1.61415],[120.69863,-1.61381],[120.69959,-1.61265],[120.70048,-1.60976],[120.70003,-1.60807],[120.70061,-1.60424],[120.70318,-1.60261],[120.70426,-1.60131],[120.707,-1.60318],[120.71025,-1.60462],[120.72087,-1.60664],[120.72368,-1.60905],[120.72519,-1.60971],[120.72614,-1.60968],[120.7283,-1.60872],[120.73161,-1.60824],[120.73232,-1.60708],[120.73316,-1.60675],[120.7336,-1.60577],[120.73585,-1.60408],[120.7367,-1.60387],[120.73716,-1.603],[120.7381,-1.6027],[120.7389,-1.60161],[120.74195,-1.60272],[120.74444,-1.60104],[120.74712,-1.6005],[120.752,-1.602],[120.75403,-1.60209],[120.7564,-1.60148],[120.7632,-1.59704],[120.76492,-1.59749],[120.76727,-1.59941],[120.76974,-1.60026]]],[[[120.89273,-1.51561],[120.88972,-1.52589],[120.8883,-1.52341],[120.88843,-1.51987],[120.88795,-1.51668],[120.8847,-1.50583],[120.88416,-1.5],[120.88712,-1.50257],[120.89273,-1.51561]]]]}},{"type":"Feature","properties":{"NAMOBJ":"Lore Peore","KODE_KAB":7202},"geometry":{"type":"MultiPolygon","coordinates":[[[[120.29967,-1.48291],[120.30078,-1.48541],[120.29947,-1.48768],[120.29962,-1.48896],[120.30115,-1.49156],[120.30347,-1.49288],[120.3032,-1.49406],[120.30444,-1.49408],[120.30461,-1.49683],[120.30616,-1.49902],[120.31044,-1.50038],[120.3121,-1.50222],[120.31258,-1.50168],[120.31328,-1.50181],[120.31387,-1.50276],[120.31322,-1.50271],[120.31317,-1.50306],[120.31386,-1.50354],[120.3146,-1.50339],[120.31508,-1.50433],[120.3157,-1.50363],[120.31659,-1.50375],[120.31722,-1.50422],[120.31749,-1.50558],[120.31816,-1.50523],[120.31839,-1.50417],[120.31929,-1.50418],[120.32049,-1.50499],[120.32104,-1.50441],[120.32241,-1.50433],[120.32261,-1.50363],[120.32376,-1.5025],[120.32684,-1.5025],[120.32755,-1.5035],[120.32754,-1.50449],[120.33121,-1.50519],[120.33611,-1.50441],[120.33849,-1.50283],[120.33886,-1.50334],[120.34249,-1.50496],[120.34351,-1.50473],[120.34468,-1.50504],[120.34579,-1.5056],[120.34588,-1.50603],[120.35419,-1.50739],[120.36029,-1.5068],[120.36504,-1.50669],[120.36786,-1.50706],[120.37137,-1.5054],[120.375,-1.50524],[120.37576,-1.50744],[120.3811,-1.50806],[120.38593,-1.50986],[120.391,-1.51259],[120.39267,-1.51292],[120.39326,-1.5127],[120.39427,-1.51098],[120.39998,-1.51012],[120.40143,-1.5114],[120.40244,-1.51111],[120.403,-1.51171],[120.40295,-1.51227],[120.40218,-1.51285],[120.401,-1.51165],[120.40096,-1.51262],[120.40009,-1.5132],[120.40028,-1.51362],[120.4013,-1.51376],[120.40116,-1.51517],[120.40232,-1.51511],[120.4029,-1.51574],[120.40251,-1.51742],[120.40129,-1.51752],[120.40161,-1.51833],[120.40339,-1.51854],[120.40356,-1.51776],[120.40576,-1.51789],[120.40494,-1.51975],[120.405,-1.52045],[120.40748,-1.52022],[120.40767,-1.52073],[120.40692,-1.52156],[120.40742,-1.52304],[120.40833,-1.52358],[120.4096,-1.52326],[120.41029,-1.52428],[120.41113,-1.52424],[120.41164,-1.52517],[120.41395,-1.52324],[120.41447,-1.5233],[120.41384,-1.52459],[120.41453,-1.52559],[120.4146,-1.52642],[120.41389,-1.52665],[120.4127,-1.52623],[120.41214,-1.52691],[120.41228,-1.52776],[120.41412,-1.52881],[120.41939,-1.52984],[120.42041,-1.53054],[120.42182,-1.53257],[120.42276,-1.53207],[120.42494,-1.53214],[120.42622,-1.53307],[120.42764,-1.53253],[120.42853,-1.53331],[120.42983,-1.5326],[120.42872,-1.53173],[120.42916,-1.53033],[120.43111,-1.53023],[120.43327,-1.52856],[120.43277,-1.52504],[120.43379,-1.52292],[120.43396,-1.52019],[120.43825,-1.51183],[120.43936,-1.50441],[120.43797,-1.50375],[120.43618,-1.50148],[120.43414,-1.50017],[120.42893,-1.49907],[120.46888,-1.49844],[120.46934,-1.50026],[120.468,-1.50249],[120.46792,-1.50376],[120.46844,-1.50574],[120.47011,-1.50924],[120.47145,-1.51418],[120.4726,-1.5157],[120.47455,-1.51715],[120.47818,-1.51729],[120.47902,-1.51835],[120.47892,-1.52186],[120.47968,-1.5238],[120.47964,-1.525],[120.47865,-1.52771],[120.47553,-1.53214],[120.47527,-1.53345],[120.47571,-1.53587],[120.47775,-1.53828],[120.47823,-1.54088],[120.48018,-1.54223],[120.47957,-1.54294],[120.47903,-1.54481],[120.47911,-1.54782],[120.48236,-1.5506],[120.48295,-1.5522],[120.48272,-1.55541],[120.48161,-1.55856],[120.48117,-1.562],[120.48172,-1.56575],[120.48167,-1.56931],[120.4828,-1.57159],[120.48096,-1.57386],[120.48011,-1.57753],[120.48055,-1.57974],[120.48271,-1.58192],[120.48292,-1.58307],[120.48428,-1.5852],[120.48456,-1.58917],[120.48579,-1.5906],[120.48641,-1.59367],[120.48916,-1.59938],[120.48943,-1.60231],[120.48591,-1.60501],[120.48651,-1.60698],[120.48793,-1.60925],[120.48964,-1.61772],[120.49144,-1.62395],[120.48985,-1.62591],[120.48937,-1.62772],[120.48962,-1.62892],[120.48893,-1.6297],[120.48824,-1.63216],[120.48942,-1.63447],[120.48912,-1.63705],[120.4897,-1.63904],[120.49287,-1.64168],[120.49468,-1.64455],[120.49466,-1.64907],[120.4923,-1.64914],[120.49091,-1.65088],[120.48897,-1.6548],[120.48543,-1.65668],[120.48363,-1.65659],[120.48125,-1.6552],[120.47523,-1.65383],[120.47137,-1.65223],[120.46744,-1.65172],[120.46519,-1.65223],[120.46388,-1.65331],[120.46237,-1.65651],[120.46155,-1.65721],[120.45782,-1.65559],[120.45586,-1.65327],[120.45245,-1.65249],[120.45174,-1.65308],[120.45108,-1.65266],[120.45067,-1.65166],[120.44905,-1.65165],[120.4487,-1.65132],[120.448,-1.65158],[120.4475,-1.65096],[120.44649,-1.65068],[120.44649,-1.64968],[120.4439,-1.6479],[120.44381,-1.64609],[120.44279,-1.6457],[120.44101,-1.64572],[120.43877,-1.64676],[120.43624,-1.64669],[120.43322,-1.64828],[120.4274,-1.64719],[120.42419,-1.64728],[120.42159,-1.64812],[120.41958,-1.64798],[120.41883,-1.64831],[120.41751,-1.64988],[120.41727,-1.65086],[120.41506,-1.65031],[120.4134,-1.64943],[120.41146,-1.65093],[120.4108,-1.65051],[120.40954,-1.65076],[120.40751,-1.65007],[120.40691,-1.6505],[120.40579,-1.65017],[120.40496,-1.65064],[120.4042,-1.6504],[120.4034,-1.65075],[120.40151,-1.65072],[120.39988,-1.65037],[120.39829,-1.64763],[120.39758,-1.64439],[120.39351,-1.64492],[120.39006,-1.6443],[120.3865,-1.64454],[120.38047,-1.64152],[120.37683,-1.64057],[120.37404,-1.64068],[120.37351,-1.63949],[120.36737,-1.64236],[120.36597,-1.64104],[120.36242,-1.64052],[120.36045,-1.63896],[120.35877,-1.63838],[120.35532,-1.63503],[120.35449,-1.6346],[120.35196,-1.6347],[120.35027,-1.6342],[120.3475,-1.63195],[120.34438,-1.6316],[120.3423,-1.63255],[120.34057,-1.63252],[120.33741,-1.63121],[120.33334,-1.63132],[120.32766,-1.62805],[120.32258,-1.62813],[120.32179,-1.62737],[120.32133,-1.62551],[120.32042,-1.62433],[120.31868,-1.62357],[120.31644,-1.62193],[120.31517,-1.62226],[120.31513,-1.62144],[120.31399,-1.62088],[120.31001,-1.62003],[120.3097,-1.61952],[120.31002,-1.617],[120.30957,-1.61642],[120.30815,-1.61661],[120.30625,-1.61787],[120.30455,-1.61807],[120.30476,-1.61512],[120.30426,-1.61374],[120.30498,-1.61179],[120.30218,-1.60902],[120.30056,-1.60416],[120.29682,-1.6041],[120.29487,-1.6034],[120.29368,-1.602],[120.29019,-1.60179],[120.28507,-1.59789],[120.28176,-1.59817],[120.27857,-1.59581],[120.27499,-1.59502],[120.27305,-1.59345],[120.27125,-1.5932],[120.26416,-1.58604],[120.26297,-1.58378],[120.26103,-1.58182],[120.26092,-1.57614],[120.25972,-1.57231],[120.25586,-1.57164],[120.25299,-1.57046],[120.24975,-1.57029],[120.24872,-1.57168],[120.24738,-1.57136],[120.24537,-1.57208],[120.24612,-1.57375],[120.24363,-1.57401],[120.24273,-1.57351],[120.24098,-1.56993],[120.23934,-1.5699],[120.23873,-1.56674],[120.23918,-1.56554],[120.23893,-1.56478],[120.23787,-1.56457],[120.237,-1.56524],[120.23695,-1.56595],[120.23649,-1.56632],[120.23506,-1.56567],[120.23497,-1.56725],[120.23342,-1.5668],[120.23238,-1.56579],[120.23171,-1.56563],[120.23043,-1.56689],[120.22944,-1.56701],[120.22914,-1.56654],[120.23029,-1.56488],[120.23065,-1.56225],[120.22996,-1.56094],[120.22984,-1.55969],[120.22874,-1.55917],[120.2268,-1.55946],[120.2253,-1.5584],[120.22324,-1.5592],[120.2223,-1.55868],[120.22131,-1.55904],[120.22037,-1.55797],[120.21721,-1.5575],[120.21604,-1.55481],[120.21398,-1.555],[120.21188,-1.5538],[120.21039,-1.55429],[120.21079,-1.55293],[120.21051,-1.55111],[120.20851,-1.55069],[120.2083,-1.54904],[120.20742,-1.54971],[120.20649,-1.54976],[120.2062,-1.55069],[120.20533,-1.55071],[120.20483,-1.55029],[120.2038,-1.55068],[120.2021,-1.54913],[120.20085,-1.55004],[120.19727,-1.54911],[120.19565,-1.54981],[120.19456,-1.54938],[120.19395,-1.54848],[120.19317,-1.54832],[120.19246,-1.54891],[120.19209,-1.55051],[120.19063,-1.55089],[120.18991,-1.55183],[120.18935,-1.55192],[120.1888,-1.55022],[120.18788,-1.54984],[120.18764,-1.54831],[120.18528,-1.54846],[120.18481,-1.54794],[120.18236,-1.54786],[120.18148,-1.54685],[120.1801,-1.54685],[120.17964,-1.54638],[120.17983,-1.54481],[120.17915,-1.54417],[120.17855,-1.54419],[120.17812,-1.54472],[120.17683,-1.54475],[120.17685,-1.54579],[120.1753,-1.54626],[120.17453,-1.54603],[120.17425,-1.54508],[120.17295,-1.54547],[120.17244,-1.54531],[120.17218,-1.54459],[120.17083,-1.54488],[120.16984,-1.54159],[120.16871,-1.54159],[120.16733,-1.5399],[120.16556,-1.54047],[120.16429,-1.53992],[120.16329,-1.54008],[120.16293,-1.53921],[120.16193,-1.53893],[120.1616,-1.53817],[120.1604,-1.53894],[120.15903,-1.53846],[120.15838,-1.53801],[120.15827,-1.53711],[120.15781,-1.53674],[120.15689,-1.53692],[120.15663,-1.53779],[120.15589,-1.53844],[120.15456,-1.53786],[120.15401,-1.53863],[120.15344,-1.53875],[120.15211,-1.53804],[120.14952,-1.53893],[120.14881,-1.5384],[120.14772,-1.53876],[120.14532,-1.53795],[120.14358,-1.53851],[120.14271,-1.53763],[120.14004,-1.53823],[120.13836,-1.53776],[120.13755,-1.53618],[120.13387,-1.53661],[120.13178,-1.53557],[120.12942,-1.5364],[120.12892,-1.53625],[120.12775,-1.5394],[120.125,-1.53972],[120.12353,-1.54031],[120.11592,-1.53707],[120.11277,-1.53469],[120.11769,-1.52719],[120.11876,-1.52117],[120.11828,-1.51794],[120.12478,-1.51225],[120.1281,-1.50636],[120.12842,-1.50335],[120.13058,-1.50239],[120.13557,-1.50397],[120.1364,-1.50388],[120.13612,-1.50281],[120.13705,-1.4958],[120.14069,-1.49474],[120.14385,-1.4927],[120.14778,-1.48651],[120.14926,-1.48631],[120.14989,-1.48496],[120.15192,-1.48397],[120.15366,-1.48207],[120.15388,-1.48033],[120.15569,-1.47795],[120.15646,-1.47579],[120.1592,-1.47393],[120.16105,-1.47166],[120.16296,-1.47136],[120.16742,-1.46789],[120.16812,-1.46683],[120.16822,-1.46482],[120.16922,-1.4653],[120.16909,-1.4667],[120.16967,-1.46836],[120.17236,-1.46938],[120.17196,-1.47101],[120.17329,-1.47154],[120.17317,-1.47236],[120.17349,-1.4727],[120.17428,-1.47278],[120.17546,-1.47147],[120.17618,-1.47128],[120.17656,-1.47278],[120.17721,-1.47352],[120.18005,-1.47426],[120.18076,-1.4753],[120.18233,-1.47551],[120.18285,-1.47639],[120.18408,-1.47641],[120.18426,-1.47764],[120.2012,-1.48233],[120.22633,-1.48537],[120.25335,-1.48725],[120.25494,-1.48797],[120.25782,-1.48847],[120.25995,-1.48765],[120.26099,-1.48666],[120.26223,-1.48673],[120.27141,-1.48454],[120.27604,-1.48274],[120.27732,-1.48189],[120.27825,-1.48206],[120.27894,-1.48286],[120.28029,-1.48275],[120.28067,-1.48355],[120.28175,-1.48362],[120.28457,-1.48528],[120.28513,-1.48528],[120.28638,-1.48423],[120.28624,-1.48526],[120.28673,-1.48566],[120.28738,-1.4855],[120.28955,-1.48315],[120.29061,-1.48321],[120.29137,-1.48266],[120.2949,-1.48199],[120.29577,-1.48229],[120.29634,-1.48189],[120.29967,-1.48291]]]]}},{"type":"Feature","properties":{"NAMOBJ":"Poso Pesisir Selatan","KODE_KAB":7202},"geometry":{"type":"MultiPolygon","coordinates":[[[[120.72816,-1.43594],[120.72928,-1.43771],[120.72951,-1.43951],[120.73283,-1.4415],[120.73425,-1.44158],[120.73508,-1.44362],[120.73534,-1.46014],[120.73174,-1.47233],[120.72792,-1.47902],[120.72584,-1.48135],[120.72261,-1.48685],[120.71893,-1.49496],[120.71721,-1.5],[120.71721,-1.50205],[120.71679,-1.50312],[120.71573,-1.50288],[120.71508,-1.50411],[120.71516,-1.50473],[120.71448,-1.50584],[120.7149,-1.50688],[120.71361,-1.50858],[120.71294,-1.5112],[120.71116,-1.51502],[120.70927,-1.5163],[120.70655,-1.51514],[120.70348,-1.51528],[120.70188,-1.51585],[120.69986,-1.51751],[120.69899,-1.51954],[120.6992,-1.52124],[120.6989,-1.52305],[120.69981,-1.52478],[120.69771,-1.52757],[120.6961,-1.53201],[120.69101,-1.53716],[120.68987,-1.54107],[120.68912,-1.54239],[120.685,-1.54599],[120.68264,-1.5522],[120.68259,-1.55827],[120.68301,-1.56054],[120.68401,-1.56238],[120.68415,-1.56442],[120.68398,-1.56548],[120.68269,-1.56785],[120.68207,-1.57075],[120.68257,-1.57777],[120.68231,-1.58097],[120.68158,-1.58369],[120.68122,-1.58999],[120.68166,-1.59144],[120.68314,-1.59326],[120.6879,-1.59571],[120.69273,-1.59534],[120.6959,-1.59565],[120.69978,-1.59771],[120.70306,-1.59874],[120.70483,-1.60017],[120.70347,-1.60237],[120.70061,-1.60424],[120.70003,-1.60807],[120.70048,-1.60976],[120.69959,-1.61265],[120.69863,-1.61381],[120.69716,-1.61415],[120.69532,-1.61536],[120.69424,-1.61783],[120.69125,-1.61979],[120.69028,-1.61994],[120.68956,-1.61951],[120.6873,-1.61464],[120.68429,-1.61285],[120.67902,-1.61414],[120.6779,-1.61368],[120.67693,-1.61263],[120.67508,-1.61241],[120.67191,-1.61399],[120.6706,-1.61636],[120.66762,-1.61805],[120.66259,-1.61852],[120.66004,-1.62093],[120.65601,-1.62006],[120.65464,-1.62235],[120.65091,-1.62338],[120.64932,-1.62505],[120.64707,-1.62539],[120.64588,-1.62689],[120.64551,-1.63101],[120.63845,-1.63139],[120.63571,-1.63056],[120.63279,-1.62749],[120.62936,-1.6255],[120.62811,-1.62687],[120.62865,-1.63063],[120.62596,-1.62987],[120.62482,-1.62795],[120.61761,-1.62719],[120.60715,-1.62361],[120.60487,-1.62372],[120.60252,-1.62206],[120.60147,-1.61973],[120.60184,-1.61865],[120.60094,-1.61748],[120.59547,-1.61502],[120.5914,-1.61444],[120.59093,-1.61801],[120.58975,-1.61931],[120.58879,-1.62203],[120.58698,-1.62399],[120.58581,-1.62468],[120.58559,-1.62702],[120.58491,-1.62776],[120.58206,-1.62826],[120.58153,-1.62871],[120.58179,-1.63138],[120.58043,-1.63334],[120.58155,-1.6348],[120.58172,-1.63597],[120.57977,-1.63663],[120.57916,-1.63734],[120.57767,-1.63805],[120.57639,-1.63945],[120.57638,-1.6412],[120.57786,-1.64363],[120.57801,-1.64457],[120.5771,-1.64652],[120.57711,-1.64827],[120.57639,-1.64969],[120.57671,-1.65186],[120.57494,-1.65327],[120.57506,-1.65497],[120.57344,-1.65532],[120.5726,-1.65418],[120.56981,-1.65348],[120.56755,-1.65241],[120.56537,-1.65213],[120.56425,-1.65131],[120.56331,-1.65016],[120.56301,-1.64837],[120.56205,-1.64687],[120.56215,-1.64501],[120.55942,-1.64473],[120.55737,-1.64368],[120.55441,-1.64331],[120.55314,-1.64214],[120.55073,-1.64115],[120.54755,-1.64068],[120.54518,-1.63943],[120.54303,-1.63924],[120.54161,-1.63686],[120.54053,-1.6364],[120.53339,-1.63739],[120.53277,-1.63897],[120.53061,-1.64022],[120.53053,-1.64208],[120.52983,-1.64279],[120.52789,-1.64335],[120.52245,-1.64668],[120.51724,-1.64784],[120.5152,-1.6503],[120.5111,-1.65058],[120.51002,-1.65122],[120.50847,-1.64719],[120.50833,-1.64409],[120.50658,-1.64182],[120.50225,-1.63895],[120.50099,-1.63931],[120.49876,-1.63847],[120.49764,-1.639],[120.49679,-1.63886],[120.49623,-1.63846],[120.49475,-1.63556],[120.49199,-1.63447],[120.49127,-1.63269],[120.48831,-1.63227],[120.4883,-1.63129],[120.48962,-1.62892],[120.48937,-1.62772],[120.4898,-1.62606],[120.49144,-1.62395],[120.48964,-1.61772],[120.48793,-1.60925],[120.48651,-1.60698],[120.48591,-1.60501],[120.48943,-1.60231],[120.48916,-1.59938],[120.48641,-1.59367],[120.48579,-1.5906],[120.48456,-1.58917],[120.48428,-1.5852],[120.48292,-1.58307],[120.48271,-1.58192],[120.48055,-1.57974],[120.48008,-1.57717],[120.48096,-1.57386],[120.4828,-1.57159],[120.48167,-1.56931],[120.48172,-1.56575],[120.48117,-1.562],[120.48161,-1.55856],[120.48272,-1.55541],[120.48295,-1.5522],[120.48236,-1.5506],[120.47911,-1.54782],[120.47903,-1.54481],[120.47957,-1.54294],[120.48018,-1.54223],[120.47839,-1.54114],[120.47775,-1.53828],[120.47639,-1.53698],[120.47537,-1.53473],[120.47553,-1.53214],[120.47865,-1.52771],[120.47964,-1.525],[120.47968,-1.5238],[120.47892,-1.52186],[120.47902,-1.51835],[120.47818,-1.51729],[120.47455,-1.51715],[120.4726,-1.5157],[120.47145,-1.51418],[120.47011,-1.50924],[120.46844,-1.50574],[120.46792,-1.50376],[120.468,-1.50249],[120.46936,-1.5],[120.46802,-1.49393],[120.45157,-1.45835],[120.4398,-1.43164],[120.44849,-1.42879],[120.45005,-1.42793],[120.45098,-1.42701],[120.45154,-1.42447],[120.45234,-1.42347],[120.45396,-1.42301],[120.45902,-1.42396],[120.45944,-1.42368],[120.4604,-1.42072],[120.46189,-1.41877],[120.46299,-1.41798],[120.46764,-1.41794],[120.47274,-1.4195],[120.47542,-1.4195],[120.47708,-1.41907],[120.4806,-1.41967],[120.48816,-1.41924],[120.48957,-1.42029],[120.4908,-1.42048],[120.50111,-1.41981],[120.50691,-1.41768],[120.51012,-1.41758],[120.52018,-1.41935],[120.52432,-1.42064],[120.53083,-1.42082],[120.53528,-1.42031],[120.54181,-1.42196],[120.55146,-1.42008],[120.55331,-1.41947],[120.55583,-1.4173],[120.55664,-1.41735],[120.55758,-1.41813],[120.55957,-1.41809],[120.56106,-1.41855],[120.56496,-1.41777],[120.56744,-1.41582],[120.57171,-1.41666],[120.57341,-1.41583],[120.57538,-1.41562],[120.5763,-1.41487],[120.58126,-1.41441],[120.58596,-1.41243],[120.59008,-1.41172],[120.59165,-1.41182],[120.59275,-1.41094],[120.59298,-1.40968],[120.59337,-1.4095],[120.59471,-1.41016],[120.59504,-1.41385],[120.60042,-1.41746],[120.60144,-1.41732],[120.60293,-1.41783],[120.60443,-1.41699],[120.60844,-1.416],[120.60954,-1.41712],[120.61107,-1.41738],[120.61177,-1.41694],[120.61412,-1.41793],[120.61568,-1.41743],[120.61702,-1.41859],[120.61952,-1.41845],[120.62051,-1.41804],[120.62139,-1.41854],[120.62207,-1.41797],[120.62366,-1.41779],[120.62481,-1.41595],[120.62629,-1.41571],[120.63059,-1.41615],[120.63472,-1.41606],[120.63995,-1.41829],[120.64559,-1.41812],[120.6471,-1.4187],[120.6463,-1.42094],[120.64331,-1.42318],[120.6418,-1.4233],[120.63965,-1.42414],[120.63211,-1.42424],[120.62994,-1.42496],[120.62931,-1.42561],[120.62936,-1.42623],[120.62833,-1.4263],[120.62756,-1.42687],[120.62614,-1.42657],[120.62525,-1.42705],[120.62472,-1.42671],[120.62364,-1.42729],[120.62286,-1.43025],[120.62335,-1.43493],[120.62189,-1.4374],[120.62192,-1.44207],[120.6201,-1.44914],[120.625,-1.44945],[120.63699,-1.44862],[120.64234,-1.44887],[120.66031,-1.45106],[120.66129,-1.45029],[120.6617,-1.44881],[120.66315,-1.44796],[120.72816,-1.43594]]]]}},{"type":"Feature","properties":{"NAMOBJ":"Lore Timur","KODE_KAB":7202},"geometry":{"type":"MultiPolygon","coordinates":[[[[120.4398,-1.43164],[120.45157,-1.45835],[120.46802,-1.49393],[120.46888,-1.49844],[120.42893,-1.49907],[120.43414,-1.50017],[120.43618,-1.50148],[120.43797,-1.50375],[120.43936,-1.50441],[120.43825,-1.51183],[120.43396,-1.52019],[120.43379,-1.52292],[120.43277,-1.52504],[120.43327,-1.52856],[120.43111,-1.53023],[120.42906,-1.53044],[120.42874,-1.53179],[120.42983,-1.5326],[120.42898,-1.53327],[120.42816,-1.53317],[120.42764,-1.53253],[120.42622,-1.53307],[120.42494,-1.53214],[120.42276,-1.53207],[120.42182,-1.53257],[120.42041,-1.53054],[120.41939,-1.52984],[120.41412,-1.52881],[120.41228,-1.52776],[120.41214,-1.52691],[120.4127,-1.52623],[120.41389,-1.52665],[120.4146,-1.52642],[120.41453,-1.52559],[120.41384,-1.52459],[120.41447,-1.5233],[120.41395,-1.52324],[120.41164,-1.52517],[120.41113,-1.52424],[120.41029,-1.52428],[120.4096,-1.52326],[120.40833,-1.52358],[120.40742,-1.52304],[120.40692,-1.52156],[120.40767,-1.52073],[120.40748,-1.52022],[120.405,-1.52045],[120.40494,-1.51975],[120.40576,-1.51789],[120.40356,-1.51776],[120.40339,-1.51854],[120.40161,-1.51833],[120.40129,-1.51752],[120.40251,-1.51742],[120.4029,-1.51574],[120.40232,-1.51511],[120.40116,-1.51517],[120.4013,-1.51376],[120.40028,-1.51362],[120.40009,-1.5132],[120.40096,-1.51262],[120.401,-1.51165],[120.40218,-1.51285],[120.40295,-1.51227],[120.403,-1.51171],[120.40244,-1.51111],[120.40143,-1.5114],[120.39998,-1.51012],[120.39427,-1.51098],[120.39326,-1.5127],[120.39267,-1.51292],[120.391,-1.51259],[120.38593,-1.50986],[120.3811,-1.50806],[120.37576,-1.50744],[120.375,-1.50524],[120.37137,-1.5054],[120.36786,-1.50706],[120.36504,-1.50669],[120.36029,-1.5068],[120.35419,-1.50739],[120.34588,-1.50603],[120.34579,-1.5056],[120.34468,-1.50504],[120.34351,-1.50473],[120.34249,-1.50496],[120.33886,-1.50334],[120.33849,-1.50283],[120.33611,-1.50441],[120.33121,-1.50519],[120.32754,-1.50449],[120.32755,-1.5035],[120.32684,-1.5025],[120.32376,-1.5025],[120.32261,-1.50363],[120.32241,-1.50433],[120.32104,-1.50441],[120.32049,-1.50499],[120.31929,-1.50418],[120.31839,-1.50417],[120.31819,-1.50517],[120.31757,-1.50559],[120.31722,-1.50422],[120.31659,-1.50375],[120.3157,-1.50363],[120.31508,-1.50433],[120.3146,-1.50339],[120.31386,-1.50354],[120.31317,-1.50306],[120.31322,-1.50271],[120.31387,-1.50276],[120.31328,-1.50181],[120.31258,-1.50168],[120.3121,-1.50222],[120.31044,-1.50038],[120.30625,-1.4991],[120.30461,-1.49683],[120.30444,-1.49408],[120.3032,-1.49406],[120.30347,-1.49288],[120.30115,-1.49156],[120.29962,-1.48896],[120.29947,-1.48768],[120.30078,-1.48541],[120.29967,-1.48291],[120.30139,-1.4836],[120.30997,-1.48406],[120.31272,-1.48516],[120.3138,-1.48481],[120.31447,-1.48369],[120.31573,-1.48345],[120.3191,-1.48465],[120.32119,-1.48267],[120.32162,-1.48028],[120.32373,-1.47987],[120.32676,-1.47752],[120.32843,-1.47707],[120.32991,-1.47599],[120.32969,-1.46973],[120.33405,-1.46928],[120.33869,-1.46556],[120.34063,-1.46515],[120.3421,-1.46411],[120.34282,-1.4627],[120.34979,-1.45713],[120.35131,-1.45542],[120.35229,-1.45144],[120.35303,-1.44999],[120.35399,-1.44902],[120.35899,-1.44649],[120.35966,-1.44528],[120.35987,-1.44239],[120.36035,-1.44155],[120.36032,-1.4406],[120.35935,-1.43911],[120.36004,-1.43785],[120.36335,-1.43649],[120.36502,-1.43541],[120.36687,-1.43332],[120.36991,-1.43158],[120.37399,-1.43094],[120.37852,-1.42914],[120.38292,-1.42669],[120.38467,-1.42421],[120.385,-1.42227],[120.38477,-1.41847],[120.38782,-1.41478],[120.39748,-1.40783],[120.40455,-1.40193],[120.40562,-1.4003],[120.4085,-1.39784],[120.40981,-1.39524],[120.41322,-1.39275],[120.41564,-1.38789],[120.41757,-1.38503],[120.41895,-1.38377],[120.4194,-1.38245],[120.42665,-1.39739],[120.43106,-1.4109],[120.43552,-1.42262],[120.4398,-1.43164]]]]}},{"type":"Feature","properties":{"NAMOBJ":"Poso Kota","KODE_KAB":7202},"geometry":{"type":"MultiPolygon","coordinates":[[[[120.7499,-1.38898],[120.75096,-1.39006],[120.75178,-1.39017],[120.75295,-1.38992],[120.75622,-1.38751],[120.75747,-1.3871],[120.75901,-1.38714],[120.76049,-1.38819],[120.76061,-1.38976],[120.75933,-1.39289],[120.75906,-1.39732],[120.75686,-1.40176],[120.75583,-1.40205],[120.7539,-1.40083],[120.75254,-1.40068],[120.74984,-1.40161],[120.74946,-1.40225],[120.74959,-1.40314],[120.75152,-1.40603],[120.75151,-1.40665],[120.74989,-1.41072],[120.7491,-1.41107],[120.74509,-1.41215],[120.7431,-1.41188],[120.73741,-1.4124],[120.73419,-1.41158],[120.73247,-1.40942],[120.73082,-1.41023],[120.7302,-1.41216],[120.73165,-1.41601],[120.73047,-1.41814],[120.73066,-1.41992],[120.72948,-1.42169],[120.72739,-1.42242],[120.72609,-1.42339],[120.72582,-1.42434],[120.72455,-1.42599],[120.72272,-1.4272],[120.7207,-1.42744],[120.71878,-1.42372],[120.71832,-1.42006],[120.71749,-1.41898],[120.71754,-1.41705],[120.71693,-1.41627],[120.71716,-1.41562],[120.71664,-1.41473],[120.71665,-1.41349],[120.71741,-1.412],[120.71751,-1.41059],[120.71473,-1.40897],[120.71434,-1.40783],[120.71328,-1.40317],[120.71438,-1.40207],[120.71334,-1.39795],[120.71323,-1.397],[120.71361,-1.39634],[120.71495,-1.39551],[120.71662,-1.39548],[120.71739,-1.39492],[120.71892,-1.39462],[120.72135,-1.39256],[120.72288,-1.38855],[120.72645,-1.38731],[120.72984,-1.38445],[120.73332,-1.38359],[120.73429,-1.38399],[120.73567,-1.38383],[120.73612,-1.38326],[120.73772,-1.38282],[120.73877,-1.38173],[120.7404,-1.38137],[120.74032,-1.38306],[120.7415,-1.38406],[120.74122,-1.38447],[120.7425,-1.38593],[120.7499,-1.38898]]]]}},{"type":"Feature","properties":{"NAMOBJ":"Poso Kota Selatan","KODE_KAB":7202},"geometry":{"type":"MultiPolygon","coordinates":[[[[120.80833,-1.40298],[120.80441,-1.40771],[120.80066,-1.41065],[120.79818,-1.41164],[120.79749,-1.41288],[120.79553,-1.41413],[120.7942,-1.41595],[120.78852,-1.41946],[120.78675,-1.41942],[120.78094,-1.42067],[120.77823,-1.42224],[120.77613,-1.42284],[120.7744,-1.42191],[120.77435,-1.41963],[120.77267,-1.41881],[120.77116,-1.42131],[120.76768,-1.43367],[120.76377,-1.43754],[120.76175,-1.43795],[120.75911,-1.43717],[120.75807,-1.43612],[120.75532,-1.43129],[120.75445,-1.43116],[120.75314,-1.43291],[120.75,-1.43461],[120.73521,-1.43463],[120.72816,-1.43594],[120.7265,-1.43463],[120.72418,-1.43402],[120.72266,-1.43267],[120.72146,-1.43043],[120.72084,-1.42749],[120.72272,-1.4272],[120.72455,-1.42599],[120.72582,-1.42434],[120.72609,-1.42339],[120.72739,-1.42242],[120.72948,-1.42169],[120.73074,-1.41977],[120.73047,-1.41814],[120.73165,-1.41601],[120.7302,-1.41216],[120.73082,-1.41023],[120.73247,-1.40942],[120.73419,-1.41158],[120.73741,-1.4124],[120.7431,-1.41188],[120.74509,-1.41215],[120.74981,-1.41081],[120.7513,-1.4076],[120.75154,-1.40612],[120.74959,-1.40314],[120.74946,-1.40225],[120.74984,-1.40161],[120.75187,-1.40072],[120.75333,-1.40071],[120.75583,-1.40205],[120.75671,-1.40194],[120.75906,-1.39732],[120.75933,-1.39289],[120.76061,-1.38976],[120.76205,-1.38823],[120.77261,-1.3854],[120.77255,-1.38437],[120.77185,-1.38352],[120.77173,-1.38207],[120.77225,-1.38178],[120.77537,-1.38105],[120.77684,-1.38138],[120.7788,-1.38426],[120.77897,-1.38831],[120.78169,-1.38963],[120.78281,-1.39041],[120.78299,-1.39126],[120.78536,-1.39239],[120.78857,-1.39112],[120.79342,-1.3903],[120.79611,-1.39313],[120.79744,-1.3929],[120.79985,-1.39172],[120.80005,-1.39344],[120.80156,-1.39493],[120.80095,-1.39612],[120.80106,-1.39692],[120.80343,-1.39943],[120.80503,-1.39981],[120.80619,-1.39889],[120.80678,-1.39898],[120.80795,-1.40036],[120.80833,-1.40298]]]]}},{"type":"Feature","properties":{"NAMOBJ":"Lage","KODE_KAB":7202},"geometry":{"type":"MultiPolygon","coordinates":[[[[120.84401,-1.36557],[120.84439,-1.36666],[120.84375,-1.3687],[120.8434,-1.36886],[120.84205,-1.36815],[120.84155,-1.36845],[120.84128,-1.36986],[120.84028,-1.36936],[120.83975,-1.37001],[120.83995,-1.37047],[120.84071,-1.37072],[120.83982,-1.37382],[120.84016,-1.375],[120.84104,-1.37562],[120.84017,-1.37648],[120.84085,-1.38015],[120.84066,-1.3816],[120.84255,-1.38673],[120.84257,-1.39073],[120.84112,-1.39133],[120.84013,-1.39337],[120.84091,-1.39634],[120.84073,-1.3974],[120.84099,-1.39771],[120.84138,-1.39736],[120.84247,-1.39865],[120.844,-1.40155],[120.8454,-1.40328],[120.84703,-1.40442],[120.84886,-1.40469],[120.8515,-1.4075],[120.85459,-1.40811],[120.85022,-1.4156],[120.84926,-1.42055],[120.8485,-1.45545],[120.84584,-1.45924],[120.84471,-1.46493],[120.84471,-1.47326],[120.86023,-1.48282],[120.87451,-1.49067],[120.88452,-1.50012],[120.88416,-1.5],[120.8847,-1.50583],[120.88795,-1.51668],[120.88843,-1.51987],[120.8883,-1.52341],[120.88972,-1.52589],[120.88317,-1.5464],[120.87662,-1.56317],[120.86865,-1.58054],[120.86045,-1.60191],[120.85914,-1.60099],[120.85726,-1.60325],[120.85606,-1.6036],[120.85275,-1.60247],[120.85151,-1.60304],[120.85119,-1.60413],[120.84986,-1.60331],[120.84944,-1.60244],[120.84817,-1.60258],[120.84777,-1.60131],[120.84731,-1.60103],[120.84548,-1.60105],[120.84464,-1.60034],[120.84339,-1.60011],[120.84035,-1.60212],[120.83858,-1.60238],[120.83743,-1.60181],[120.83478,-1.59914],[120.83238,-1.59867],[120.82899,-1.60189],[120.82798,-1.60133],[120.82584,-1.60109],[120.82242,-1.59952],[120.81714,-1.59901],[120.81395,-1.59947],[120.80982,-1.60286],[120.80731,-1.60302],[120.80551,-1.6025],[120.80218,-1.60025],[120.79567,-1.59894],[120.79285,-1.59953],[120.78705,-1.60294],[120.7846,-1.60285],[120.78177,-1.60172],[120.77983,-1.60287],[120.77993,-1.6011],[120.77834,-1.59995],[120.77732,-1.60059],[120.77648,-1.59978],[120.77459,-1.59981],[120.7718,-1.60143],[120.77123,-1.60009],[120.76991,-1.6003],[120.76751,-1.59951],[120.76492,-1.59749],[120.7632,-1.59704],[120.7564,-1.60148],[120.75403,-1.60209],[120.752,-1.602],[120.74712,-1.6005],[120.74444,-1.60104],[120.74195,-1.60272],[120.7389,-1.60161],[120.7381,-1.6027],[120.73716,-1.603],[120.7367,-1.60387],[120.73585,-1.60408],[120.7336,-1.60577],[120.73316,-1.60675],[120.73232,-1.60708],[120.73161,-1.60824],[120.7283,-1.60872],[120.72614,-1.60968],[120.72519,-1.60971],[120.72368,-1.60905],[120.72188,-1.60733],[120.71992,-1.60631],[120.71605,-1.60597],[120.70879,-1.60415],[120.70426,-1.60131],[120.70483,-1.60017],[120.70357,-1.59901],[120.69978,-1.59771],[120.6959,-1.59565],[120.69273,-1.59534],[120.6879,-1.59571],[120.68244,-1.59277],[120.68122,-1.58999],[120.68158,-1.58369],[120.68231,-1.58097],[120.68257,-1.57777],[120.68207,-1.57075],[120.68269,-1.56785],[120.68398,-1.56548],[120.68418,-1.5631],[120.68301,-1.56054],[120.68259,-1.55827],[120.68264,-1.5522],[120.6846,-1.54676],[120.68548,-1.54533],[120.68912,-1.54239],[120.68987,-1.54107],[120.69101,-1.53716],[120.6961,-1.53201],[120.69771,-1.52757],[120.69981,-1.52478],[120.6989,-1.52305],[120.6992,-1.52124],[120.69899,-1.51954],[120.69986,-1.51751],[120.70188,-1.51585],[120.70348,-1.51528],[120.70655,-1.51514],[120.70927,-1.5163],[120.71116,-1.51502],[120.71294,-1.5112],[120.71361,-1.50858],[120.7149,-1.50688],[120.71448,-1.50584],[120.71516,-1.50473],[120.71508,-1.50411],[120.71573,-1.50288],[120.71679,-1.50312],[120.71721,-1.50205],[120.71721,-1.5],[120.71893,-1.49496],[120.72261,-1.48685],[120.72584,-1.48135],[120.72792,-1.47902],[120.73174,-1.47233],[120.73532,-1.4602],[120.73481,-1.44233],[120.73425,-1.44158],[120.73283,-1.4415],[120.72951,-1.43951],[120.72928,-1.43771],[120.72816,-1.43594],[120.73521,-1.43463],[120.75,-1.43461],[120.75314,-1.43291],[120.75445,-1.43116],[120.75532,-1.43129],[120.75807,-1.43612],[120.75911,-1.43717],[120.76175,-1.43795],[120.76377,-1.43754],[120.76768,-1.43367],[120.77116,-1.42131],[120.77267,-1.41881],[120.77435,-1.41963],[120.7744,-1.42191],[120.77613,-1.42284],[120.77823,-1.42224],[120.78094,-1.42067],[120.78675,-1.41942],[120.78852,-1.41946],[120.7942,-1.41595],[120.79553,-1.41413],[120.79749,-1.41288],[120.79818,-1.41164],[120.80066,-1.41065],[120.80441,-1.40771],[120.80833,-1.40298],[120.81217,-1.4007],[120.81415,-1.39901],[120.81536,-1.39488],[120.81664,-1.39385],[120.81619,-1.38767],[120.81518,-1.38587],[120.81374,-1.38512],[120.81213,-1.38355],[120.81046,-1.38292],[120.80298,-1.38226],[120.80284,-1.38195],[120.80338,-1.38132],[120.80887,-1.38019],[120.81665,-1.37722],[120.82334,-1.37777],[120.82551,-1.3786],[120.82551,-1.375],[120.82723,-1.372],[120.83017,-1.37037],[120.83243,-1.36975],[120.83409,-1.36557],[120.83509,-1.36477],[120.83937,-1.36319],[120.84015,-1.36066],[120.84063,-1.36079],[120.84114,-1.3632],[120.84276,-1.36432],[120.84297,-1.3652],[120.84401,-1.36557]]]]}},{"type":"Feature","properties":{"NAMOBJ":"Poso Kota Utara","KODE_KAB":7202},"geometry":{"type":"MultiPolygon","coordinates":[[[[120.75001,-1.38899],[120.75004,-1.38914],[120.75,-1.3891],[120.7499,-1.38898],[120.74998,-1.38894],[120.75001,-1.38899]]],[[[120.80785,-1.35301],[120.81024,-1.35228],[120.81056,-1.3536],[120.80985,-1.35452],[120.81005,-1.35601],[120.81097,-1.35698],[120.8114,-1.35672],[120.81165,-1.35717],[120.81267,-1.35699],[120.81292,-1.35739],[120.81328,-1.35667],[120.81412,-1.35654],[120.8145,-1.35708],[120.81488,-1.35674],[120.81579,-1.35716],[120.81739,-1.3571],[120.82077,-1.35469],[120.82326,-1.35429],[120.82713,-1.35661],[120.82807,-1.35653],[120.82904,-1.35561],[120.83102,-1.35564],[120.83397,-1.35741],[120.8367,-1.35768],[120.83942,-1.35711],[120.83987,-1.35656],[120.84122,-1.35656],[120.8442,-1.35919],[120.8433,-1.36152],[120.84413,-1.36321],[120.84401,-1.36557],[120.84297,-1.3652],[120.84276,-1.36432],[120.84114,-1.3632],[120.84063,-1.36079],[120.84015,-1.36066],[120.83937,-1.36319],[120.83509,-1.36477],[120.83409,-1.36557],[120.83243,-1.36975],[120.83017,-1.37037],[120.82723,-1.372],[120.82551,-1.375],[120.82551,-1.3786],[120.82334,-1.37777],[120.81665,-1.37722],[120.80887,-1.38019],[120.80338,-1.38132],[120.80284,-1.38195],[120.80298,-1.38226],[120.8062,-1.38274],[120.81046,-1.38292],[120.81213,-1.38355],[120.81374,-1.38512],[120.81518,-1.38587],[120.81619,-1.38767],[120.81664,-1.39385],[120.81536,-1.39488],[120.81415,-1.39901],[120.80903,-1.40278],[120.80833,-1.40298],[120.80795,-1.40036],[120.80678,-1.39898],[120.80619,-1.39889],[120.80503,-1.39981],[120.80343,-1.39943],[120.80106,-1.39692],[120.80095,-1.39612],[120.80156,-1.39493],[120.80005,-1.39344],[120.79985,-1.39172],[120.79744,-1.3929],[120.79611,-1.39313],[120.79342,-1.3903],[120.78857,-1.39112],[120.78536,-1.39239],[120.78299,-1.39126],[120.78281,-1.39041],[120.77897,-1.38831],[120.7788,-1.38426],[120.7772,-1.38167],[120.77623,-1.38103],[120.77434,-1.38119],[120.77173,-1.38207],[120.77185,-1.38352],[120.77272,-1.38482],[120.77261,-1.3854],[120.76205,-1.38823],[120.76061,-1.38976],[120.76049,-1.38819],[120.7585,-1.38706],[120.75622,-1.38751],[120.75295,-1.38992],[120.75096,-1.39006],[120.75021,-1.38934],[120.75107,-1.39006],[120.75138,-1.38964],[120.75066,-1.38914],[120.75085,-1.38788],[120.75139,-1.38738],[120.75207,-1.38753],[120.75244,-1.38696],[120.75408,-1.38617],[120.75582,-1.38388],[120.75568,-1.38204],[120.75496,-1.38146],[120.75516,-1.3806],[120.75596,-1.37989],[120.75756,-1.3796],[120.76013,-1.3777],[120.76145,-1.37529],[120.76158,-1.3736],[120.76059,-1.37138],[120.76166,-1.37015],[120.76227,-1.36844],[120.76334,-1.36746],[120.76384,-1.36752],[120.76617,-1.36529],[120.76756,-1.36582],[120.76934,-1.3678],[120.77102,-1.36882],[120.77288,-1.36876],[120.77547,-1.36962],[120.77814,-1.36917],[120.77951,-1.36988],[120.78121,-1.37154],[120.78295,-1.37175],[120.78434,-1.37289],[120.78731,-1.37288],[120.78821,-1.37245],[120.78886,-1.37056],[120.79118,-1.36851],[120.79144,-1.36649],[120.79113,-1.36574],[120.79198,-1.36493],[120.79322,-1.36263],[120.79322,-1.36062],[120.79257,-1.35916],[120.79406,-1.35855],[120.79791,-1.35933],[120.79902,-1.35841],[120.79779,-1.35598],[120.79984,-1.35586],[120.80292,-1.35715],[120.80449,-1.35623],[120.80493,-1.3543],[120.80453,-1.35326],[120.80523,-1.35286],[120.8052,-1.35201],[120.8057,-1.35155],[120.80785,-1.35301]]]]}},{"type":"Feature","properties":{"NAMOBJ":"Poso Pesisir","KODE_KAB":7202},"geometry":{"type":"MultiPolygon","coordinates":[[[[120.62166,-1.29365],[120.62164,-1.29365],[120.62157,-1.29363],[120.62151,-1.2936],[120.62149,-1.29355],[120.62155,-1.29357],[120.62166,-1.29365]]],[[[120.61145,-1.28497],[120.61226,-1.28488],[120.6124,-1.28587],[120.61286,-1.28583],[120.61508,-1.2875],[120.61664,-1.28903],[120.61701,-1.28995],[120.61812,-1.29011],[120.61828,-1.29073],[120.61908,-1.29118],[120.61917,-1.29197],[120.61968,-1.29194],[120.62025,-1.29305],[120.62148,-1.29381],[120.62171,-1.29464],[120.6225,-1.29488],[120.62271,-1.29572],[120.62237,-1.29625],[120.62342,-1.2987],[120.62418,-1.29931],[120.62404,-1.2998],[120.62422,-1.29907],[120.62656,-1.3007],[120.62921,-1.30027],[120.6294,-1.30157],[120.62912,-1.30204],[120.62967,-1.30286],[120.63038,-1.30348],[120.63212,-1.30397],[120.633,-1.30594],[120.63412,-1.30708],[120.63653,-1.3079],[120.638,-1.31019],[120.63821,-1.31207],[120.6405,-1.31354],[120.64068,-1.31648],[120.64183,-1.31974],[120.64155,-1.32115],[120.64409,-1.32392],[120.64494,-1.32638],[120.64679,-1.32942],[120.64715,-1.3309],[120.64686,-1.33276],[120.64738,-1.33413],[120.64704,-1.33619],[120.64732,-1.33794],[120.64663,-1.34052],[120.64627,-1.34075],[120.6468,-1.34083],[120.64744,-1.34243],[120.64642,-1.34464],[120.64698,-1.3471],[120.64633,-1.34911],[120.64707,-1.35119],[120.64794,-1.35204],[120.64725,-1.35307],[120.64739,-1.35423],[120.64686,-1.35541],[120.64489,-1.35874],[120.64361,-1.35967],[120.64318,-1.36048],[120.64336,-1.36359],[120.644,-1.3652],[120.64704,-1.36927],[120.65204,-1.37317],[120.65346,-1.37358],[120.65564,-1.37509],[120.65678,-1.37617],[120.65821,-1.3786],[120.65942,-1.37927],[120.65999,-1.38062],[120.66066,-1.38079],[120.66143,-1.38361],[120.65993,-1.38491],[120.66174,-1.38432],[120.66176,-1.38321],[120.66283,-1.38224],[120.66407,-1.38322],[120.66553,-1.38348],[120.66554,-1.38555],[120.66449,-1.38701],[120.66441,-1.38917],[120.66507,-1.39161],[120.66593,-1.39288],[120.66516,-1.39358],[120.66442,-1.39333],[120.66442,-1.39406],[120.66546,-1.3937],[120.66641,-1.39221],[120.66705,-1.39187],[120.6689,-1.39404],[120.67142,-1.39547],[120.67172,-1.39614],[120.67305,-1.39698],[120.67324,-1.39774],[120.67275,-1.39819],[120.67289,-1.39862],[120.67362,-1.3989],[120.6729,-1.40053],[120.67285,-1.40231],[120.6733,-1.40258],[120.67327,-1.4036],[120.67262,-1.40448],[120.67262,-1.40522],[120.67313,-1.40537],[120.67284,-1.40649],[120.67312,-1.40684],[120.67282,-1.40711],[120.67425,-1.40825],[120.67399,-1.40949],[120.67511,-1.41028],[120.67452,-1.41224],[120.67501,-1.41292],[120.67503,-1.41442],[120.67817,-1.41613],[120.68178,-1.41642],[120.68613,-1.41914],[120.69036,-1.41984],[120.694,-1.41922],[120.69487,-1.41794],[120.69418,-1.41656],[120.69452,-1.41601],[120.69727,-1.41462],[120.70087,-1.41104],[120.7019,-1.40842],[120.70199,-1.40647],[120.70263,-1.40634],[120.70455,-1.40326],[120.70499,-1.40323],[120.70522,-1.40239],[120.7066,-1.40104],[120.7066,-1.40008],[120.70785,-1.39923],[120.70903,-1.3993],[120.71148,-1.40125],[120.71202,-1.40207],[120.71184,-1.40254],[120.71328,-1.40317],[120.71473,-1.40897],[120.71751,-1.41059],[120.71664,-1.41456],[120.71716,-1.41562],[120.71693,-1.41627],[120.71754,-1.41705],[120.71749,-1.41898],[120.71832,-1.42006],[120.71878,-1.42372],[120.72084,-1.42749],[120.72146,-1.43043],[120.7224,-1.43228],[120.72464,-1.43431],[120.7265,-1.43463],[120.72816,-1.43594],[120.66315,-1.44796],[120.6617,-1.44881],[120.66129,-1.45029],[120.66031,-1.45106],[120.64234,-1.44887],[120.63699,-1.44862],[120.625,-1.44945],[120.6201,-1.44914],[120.62192,-1.44207],[120.62189,-1.4374],[120.62335,-1.43493],[120.62286,-1.43025],[120.62364,-1.42729],[120.62472,-1.42671],[120.62525,-1.42705],[120.62614,-1.42657],[120.62756,-1.42687],[120.62833,-1.4263],[120.62936,-1.42623],[120.62931,-1.42561],[120.62994,-1.42496],[120.63211,-1.42424],[120.63965,-1.42414],[120.6418,-1.4233],[120.64331,-1.42318],[120.6463,-1.42094],[120.6471,-1.4187],[120.64559,-1.41812],[120.63995,-1.41829],[120.63472,-1.41606],[120.63059,-1.41615],[120.62629,-1.41571],[120.62481,-1.41595],[120.62366,-1.41779],[120.62207,-1.41797],[120.62139,-1.41854],[120.62051,-1.41804],[120.61952,-1.41845],[120.61702,-1.41859],[120.61568,-1.41743],[120.61412,-1.41793],[120.61177,-1.41694],[120.61107,-1.41738],[120.60954,-1.41712],[120.60844,-1.416],[120.60443,-1.41699],[120.60293,-1.41783],[120.60144,-1.41732],[120.60042,-1.41746],[120.59504,-1.41385],[120.59471,-1.41016],[120.59337,-1.4095],[120.59298,-1.40968],[120.59275,-1.41094],[120.59165,-1.41182],[120.59008,-1.41172],[120.58596,-1.41243],[120.58126,-1.41441],[120.5763,-1.41487],[120.57538,-1.41562],[120.57341,-1.41583],[120.57171,-1.41666],[120.56744,-1.41582],[120.56496,-1.41777],[120.56106,-1.41855],[120.55957,-1.41809],[120.55758,-1.41813],[120.55664,-1.41735],[120.55583,-1.4173],[120.55331,-1.41947],[120.55146,-1.42008],[120.54181,-1.42196],[120.53528,-1.42031],[120.53083,-1.42082],[120.52432,-1.42064],[120.52018,-1.41935],[120.51012,-1.41758],[120.50691,-1.41768],[120.50111,-1.41981],[120.4908,-1.42048],[120.48957,-1.42029],[120.48816,-1.41924],[120.4806,-1.41967],[120.47708,-1.41907],[120.47542,-1.4195],[120.47274,-1.4195],[120.46764,-1.41794],[120.46299,-1.41798],[120.46189,-1.41877],[120.4604,-1.42072],[120.45944,-1.42368],[120.45902,-1.42396],[120.45396,-1.42301],[120.45234,-1.42347],[120.45154,-1.42447],[120.45098,-1.42701],[120.45005,-1.42793],[120.44849,-1.42879],[120.4398,-1.43164],[120.43552,-1.42262],[120.43106,-1.4109],[120.42665,-1.39739],[120.4194,-1.38245],[120.41855,-1.38134],[120.4057,-1.35435],[120.40359,-1.3521],[120.48549,-1.3421],[120.50911,-1.34014],[120.54526,-1.33176],[120.57851,-1.31335],[120.5888,-1.30982],[120.59171,-1.30664],[120.59451,-1.30076],[120.59848,-1.29638],[120.60997,-1.28488],[120.61067,-1.28464],[120.61145,-1.28497]]]]}},{"type":"Feature","properties":{"NAMOBJ":"Lore Utara","KODE_KAB":7202},"geometry":{"type":"MultiPolygon","coordinates":[[[[120.40359,-1.3521],[120.4057,-1.35435],[120.41855,-1.38134],[120.4194,-1.38245],[120.41895,-1.38377],[120.41757,-1.38503],[120.41564,-1.38789],[120.41346,-1.39239],[120.41239,-1.3936],[120.40981,-1.39524],[120.40877,-1.39752],[120.40562,-1.4003],[120.40455,-1.40193],[120.39748,-1.40783],[120.38782,-1.41478],[120.38477,-1.41847],[120.385,-1.42227],[120.38467,-1.42421],[120.38292,-1.42669],[120.37852,-1.42914],[120.37399,-1.43094],[120.36991,-1.43158],[120.36687,-1.43332],[120.36502,-1.43541],[120.36335,-1.43649],[120.36004,-1.43785],[120.35935,-1.43898],[120.3604,-1.44097],[120.35987,-1.44239],[120.35951,-1.44582],[120.35899,-1.44649],[120.35399,-1.44902],[120.35303,-1.44999],[120.35229,-1.45144],[120.35131,-1.45542],[120.34979,-1.45713],[120.34282,-1.4627],[120.3421,-1.46411],[120.34085,-1.46503],[120.33869,-1.46556],[120.33405,-1.46928],[120.32969,-1.46973],[120.32991,-1.47599],[120.32843,-1.47707],[120.32676,-1.47752],[120.32373,-1.47987],[120.32162,-1.48028],[120.32119,-1.48267],[120.3191,-1.48465],[120.31573,-1.48345],[120.31447,-1.48369],[120.3138,-1.48481],[120.31272,-1.48516],[120.30997,-1.48406],[120.30139,-1.4836],[120.29912,-1.48256],[120.29634,-1.48189],[120.29577,-1.48229],[120.2949,-1.48199],[120.2912,-1.4827],[120.29032,-1.48328],[120.28955,-1.48315],[120.28738,-1.4855],[120.28673,-1.48566],[120.28624,-1.48526],[120.28638,-1.48423],[120.28513,-1.48528],[120.28457,-1.48528],[120.28175,-1.48362],[120.28067,-1.48355],[120.28029,-1.48275],[120.27894,-1.48286],[120.27825,-1.48206],[120.27732,-1.48189],[120.27604,-1.48274],[120.27141,-1.48454],[120.26223,-1.48673],[120.26099,-1.48666],[120.25995,-1.48765],[120.25782,-1.48847],[120.25494,-1.48797],[120.25335,-1.48725],[120.22633,-1.48537],[120.2012,-1.48233],[120.18426,-1.47764],[120.18408,-1.47641],[120.18285,-1.47639],[120.18233,-1.47551],[120.18076,-1.4753],[120.18005,-1.47426],[120.17721,-1.47352],[120.17656,-1.47278],[120.17634,-1.47135],[120.17546,-1.47147],[120.17428,-1.47278],[120.17349,-1.4727],[120.17317,-1.47236],[120.17329,-1.47154],[120.17196,-1.47101],[120.17236,-1.46938],[120.16967,-1.46836],[120.16909,-1.4667],[120.16922,-1.4653],[120.16822,-1.46482],[120.17013,-1.46316],[120.17594,-1.46052],[120.17708,-1.45959],[120.17854,-1.45609],[120.17953,-1.44936],[120.18037,-1.44821],[120.18185,-1.44832],[120.18524,-1.45084],[120.18715,-1.45156],[120.19268,-1.45007],[120.1955,-1.45023],[120.19727,-1.45123],[120.19856,-1.45345],[120.20059,-1.45395],[120.20304,-1.45534],[120.2048,-1.45525],[120.20791,-1.45389],[120.21117,-1.45387],[120.21299,-1.4532],[120.21418,-1.45319],[120.2192,-1.45625],[120.22173,-1.45592],[120.22365,-1.45371],[120.22552,-1.45018],[120.22602,-1.44731],[120.22665,-1.44597],[120.23024,-1.44333],[120.23138,-1.44195],[120.23483,-1.44115],[120.23945,-1.43808],[120.23966,-1.43726],[120.23916,-1.43725],[120.24186,-1.43554],[120.24231,-1.43454],[120.24199,-1.43164],[120.24407,-1.42386],[120.24606,-1.41849],[120.25006,-1.41294],[120.2538,-1.41179],[120.25563,-1.4124],[120.26038,-1.41583],[120.26395,-1.41629],[120.26478,-1.41595],[120.26649,-1.41411],[120.26701,-1.41263],[120.26807,-1.41201],[120.26883,-1.40996],[120.27034,-1.40864],[120.273,-1.408],[120.27355,-1.40849],[120.27371,-1.40979],[120.27602,-1.41009],[120.27665,-1.40997],[120.27771,-1.40882],[120.27837,-1.40505],[120.27941,-1.40221],[120.27954,-1.40031],[120.27909,-1.3984],[120.2766,-1.39708],[120.27546,-1.39555],[120.27507,-1.39364],[120.2752,-1.38928],[120.27715,-1.38706],[120.28202,-1.38443],[120.28312,-1.38221],[120.28689,-1.38],[120.28799,-1.37863],[120.28642,-1.36999],[120.28671,-1.36768],[120.28811,-1.36648],[120.28749,-1.36359],[120.28532,-1.36199],[120.28255,-1.35851],[120.27953,-1.35336],[120.27787,-1.34853],[120.27644,-1.34609],[120.27149,-1.3414],[120.26765,-1.33946],[120.26515,-1.3392],[120.26271,-1.33763],[120.26066,-1.3356],[120.25963,-1.33396],[120.25866,-1.33121],[120.25838,-1.3234],[120.2574,-1.32189],[120.24977,-1.31762],[120.24524,-1.31404],[120.24029,-1.31103],[120.23668,-1.30657],[120.23234,-1.30274],[120.23032,-1.29952],[120.22685,-1.2978],[120.22285,-1.29512],[120.21558,-1.28882],[120.21382,-1.28808],[120.20903,-1.28787],[120.20534,-1.2867],[120.19608,-1.27984],[120.19237,-1.27881],[120.18976,-1.27754],[120.18825,-1.27637],[120.18578,-1.27348],[120.19033,-1.27176],[120.19325,-1.2694],[120.209,-1.26361],[120.21113,-1.26184],[120.21502,-1.25563],[120.21626,-1.25445],[120.22492,-1.25108],[120.22211,-1.24602],[120.21983,-1.24353],[120.22065,-1.23896],[120.2225,-1.23376],[120.22518,-1.23168],[120.22817,-1.22794],[120.23161,-1.22446],[120.23721,-1.22787],[120.24246,-1.22814],[120.24425,-1.22952],[120.25105,-1.23132],[120.25419,-1.23058],[120.25731,-1.23081],[120.25922,-1.23048],[120.2607,-1.2307],[120.26311,-1.23211],[120.26503,-1.23223],[120.26755,-1.2318],[120.27241,-1.23206],[120.27305,-1.23167],[120.2737,-1.23022],[120.27296,-1.22519],[120.27508,-1.22184],[120.27515,-1.22007],[120.27616,-1.21796],[120.27635,-1.21616],[120.27769,-1.21592],[120.27824,-1.21541],[120.27989,-1.21533],[120.2816,-1.21403],[120.28252,-1.21194],[120.28556,-1.21098],[120.28589,-1.2102],[120.28571,-1.20652],[120.28647,-1.20502],[120.29733,-1.20239],[120.2981,-1.20176],[120.29803,-1.19872],[120.30453,-1.19578],[120.30699,-1.19379],[120.30881,-1.19363],[120.3119,-1.19188],[120.31752,-1.19157],[120.31863,-1.19293],[120.31934,-1.19492],[120.3202,-1.19538],[120.321,-1.19533],[120.32243,-1.1935],[120.32324,-1.19333],[120.32328,-1.19199],[120.32453,-1.1911],[120.32765,-1.19526],[120.33626,-1.21204],[120.33979,-1.22271],[120.36663,-1.29103],[120.37212,-1.29661],[120.37662,-1.30271],[120.38631,-1.31796],[120.39246,-1.32989],[120.39973,-1.33964],[120.40359,-1.3521]]]]}},{"type":"Feature","properties":{"NAMOBJ":"Poso Pesisir Utara","KODE_KAB":7202},"geometry":{"type":"MultiPolygon","coordinates":[[[[120.60997,-1.28488],[120.59451,-1.30076],[120.59171,-1.30664],[120.5888,-1.30982],[120.57851,-1.31335],[120.54526,-1.33176],[120.50911,-1.34014],[120.48549,-1.3421],[120.40359,-1.3521],[120.39973,-1.33964],[120.39246,-1.32989],[120.38631,-1.31796],[120.37662,-1.30271],[120.37212,-1.29661],[120.36663,-1.29103],[120.33979,-1.22271],[120.33626,-1.21204],[120.32765,-1.19526],[120.32453,-1.1911],[120.32504,-1.19051],[120.32509,-1.18888],[120.32573,-1.18843],[120.3288,-1.18838],[120.33231,-1.19025],[120.33509,-1.18993],[120.33704,-1.19066],[120.33843,-1.18961],[120.34096,-1.18868],[120.34504,-1.18844],[120.34622,-1.18763],[120.34793,-1.1877],[120.35002,-1.18658],[120.35348,-1.18623],[120.35805,-1.18463],[120.36304,-1.18177],[120.37122,-1.17812],[120.38296,-1.17137],[120.3928,-1.16649],[120.40368,-1.16196],[120.41125,-1.15804],[120.41239,-1.15761],[120.4164,-1.1581],[120.41978,-1.15632],[120.42059,-1.15488],[120.424,-1.15277],[120.43152,-1.15506],[120.43195,-1.15674],[120.43271,-1.15735],[120.43728,-1.15345],[120.44499,-1.14984],[120.45521,-1.14916],[120.46013,-1.15064],[120.467,-1.14963],[120.47096,-1.14833],[120.47949,-1.14791],[120.48948,-1.14632],[120.49591,-1.14373],[120.49963,-1.14124],[120.5101,-1.13542],[120.53121,-1.13216],[120.53354,-1.13091],[120.54755,-1.12658],[120.55264,-1.12435],[120.55861,-1.11975],[120.5611,-1.11955],[120.56257,-1.1189],[120.56328,-1.11909],[120.56321,-1.11771],[120.56398,-1.11869],[120.56535,-1.11834],[120.56668,-1.115],[120.56861,-1.11209],[120.57449,-1.10994],[120.58125,-1.10811],[120.58234,-1.11028],[120.58456,-1.11118],[120.58528,-1.11108],[120.58609,-1.11185],[120.58644,-1.11411],[120.5857,-1.11536],[120.58438,-1.11578],[120.58383,-1.1178],[120.58318,-1.1181],[120.58477,-1.11926],[120.58637,-1.11944],[120.58708,-1.12061],[120.58683,-1.12124],[120.58731,-1.12278],[120.5868,-1.12456],[120.584,-1.12415],[120.58179,-1.12503],[120.58193,-1.12656],[120.58262,-1.12797],[120.58183,-1.12885],[120.58197,-1.12941],[120.58141,-1.13097],[120.58329,-1.13198],[120.58231,-1.13332],[120.58153,-1.13374],[120.58287,-1.13482],[120.58519,-1.13541],[120.58553,-1.13658],[120.58528,-1.13789],[120.58863,-1.14161],[120.58878,-1.14545],[120.59133,-1.14619],[120.59329,-1.14901],[120.59297,-1.15288],[120.58818,-1.15461],[120.58792,-1.15509],[120.58878,-1.15652],[120.59224,-1.15488],[120.5933,-1.15591],[120.59309,-1.15622],[120.59363,-1.15732],[120.59235,-1.15856],[120.59337,-1.16085],[120.5921,-1.16315],[120.59161,-1.16339],[120.59186,-1.16382],[120.59121,-1.16409],[120.59185,-1.16486],[120.59171,-1.16594],[120.59232,-1.16659],[120.59323,-1.16661],[120.59384,-1.16785],[120.59296,-1.16823],[120.59234,-1.16982],[120.59132,-1.16978],[120.59033,-1.16917],[120.58814,-1.16912],[120.58777,-1.16958],[120.58829,-1.17041],[120.5881,-1.17126],[120.59006,-1.17208],[120.58991,-1.173],[120.59168,-1.17306],[120.59195,-1.17664],[120.58914,-1.18004],[120.58763,-1.18091],[120.58843,-1.18112],[120.58781,-1.18151],[120.5871,-1.18336],[120.58703,-1.18584],[120.58586,-1.18591],[120.58526,-1.18647],[120.58624,-1.1881],[120.58514,-1.18896],[120.58421,-1.19146],[120.58425,-1.1943],[120.58367,-1.19464],[120.58254,-1.19455],[120.58268,-1.19386],[120.58176,-1.19252],[120.5806,-1.19219],[120.57969,-1.19328],[120.57752,-1.19433],[120.57684,-1.19748],[120.57658,-1.19802],[120.57609,-1.19795],[120.57587,-1.19864],[120.57445,-1.19889],[120.57309,-1.19808],[120.57143,-1.19911],[120.57175,-1.19955],[120.57153,-1.20229],[120.5722,-1.20339],[120.57243,-1.20489],[120.57212,-1.20564],[120.57117,-1.20617],[120.56985,-1.20788],[120.57023,-1.20847],[120.57008,-1.2093],[120.57133,-1.21032],[120.57163,-1.21145],[120.57224,-1.21201],[120.5717,-1.21491],[120.5712,-1.21539],[120.5713,-1.21571],[120.57169,-1.21531],[120.57149,-1.21592],[120.57052,-1.21713],[120.57094,-1.21945],[120.56984,-1.2207],[120.56908,-1.22304],[120.56647,-1.22611],[120.56651,-1.22734],[120.56753,-1.22898],[120.56721,-1.2297],[120.56584,-1.22975],[120.56507,-1.23188],[120.56511,-1.23288],[120.56617,-1.23316],[120.56784,-1.23447],[120.56752,-1.23521],[120.56776,-1.23646],[120.56748,-1.23656],[120.56808,-1.23874],[120.56907,-1.24036],[120.56998,-1.24091],[120.57059,-1.24229],[120.57029,-1.24351],[120.56993,-1.24358],[120.5695,-1.2469],[120.57171,-1.25068],[120.57122,-1.25193],[120.57165,-1.25259],[120.57126,-1.25325],[120.57136,-1.25643],[120.57253,-1.25764],[120.57491,-1.25845],[120.57566,-1.25785],[120.57669,-1.25778],[120.57762,-1.2585],[120.57883,-1.25809],[120.57893,-1.25862],[120.58014,-1.25969],[120.58178,-1.26038],[120.58423,-1.2634],[120.58492,-1.26331],[120.58631,-1.26417],[120.5876,-1.26428],[120.58661,-1.26521],[120.58733,-1.26508],[120.58799,-1.26412],[120.5888,-1.26431],[120.58901,-1.26527],[120.58849,-1.26578],[120.58853,-1.26636],[120.58914,-1.26555],[120.59083,-1.26477],[120.59078,-1.26514],[120.59165,-1.26539],[120.59156,-1.26588],[120.59486,-1.2697],[120.59566,-1.27004],[120.59722,-1.26992],[120.59706,-1.27042],[120.59763,-1.27188],[120.59903,-1.27267],[120.60226,-1.2776],[120.60332,-1.27842],[120.6031,-1.2787],[120.60411,-1.27969],[120.60502,-1.28255],[120.60571,-1.28345],[120.60815,-1.28467],[120.60997,-1.28488]]]]}}]}