{"type":"FeatureCollection","features":[{"type":"Feature","properties":{"NAMOBJ":"Tojo Barat","KODE_KAB":7209},"geometry":{"type":"MultiPolygon","coordinates":[[[[121.07771,-1.43716],[121.07644,-1.43856],[121.07658,-1.43891],[121.07738,-1.43881],[121.07806,-1.43983],[121.07756,-1.44116],[121.07769,-1.4424],[121.07473,-1.44292],[121.07437,-1.44328],[121.07536,-1.44453],[121.07506,-1.44829],[121.07642,-1.44852],[121.07719,-1.44777],[121.07797,-1.44767],[121.07883,-1.44849],[121.07886,-1.44895],[121.07738,-1.45036],[121.07718,-1.45104],[121.07731,-1.45493],[121.07849,-1.45822],[121.0781,-1.45954],[121.08107,-1.4612],[121.08063,-1.46353],[121.08069,-1.46661],[121.08153,-1.46771],[121.08164,-1.47025],[121.08201,-1.47068],[121.08337,-1.47086],[121.0833,-1.47339],[121.08447,-1.474],[121.08438,-1.47774],[121.08697,-1.48146],[121.087,-1.48283],[121.08841,-1.48395],[121.08922,-1.48694],[121.09019,-1.4878],[121.08996,-1.49002],[121.09047,-1.49132],[121.09012,-1.49338],[121.09026,-1.49663],[121.08872,-1.49799],[121.08887,-1.49932],[121.09057,-1.50335],[121.09253,-1.50388],[121.09314,-1.50627],[121.09502,-1.50899],[121.09461,-1.51083],[121.09546,-1.51168],[121.09592,-1.51324],[121.09695,-1.51362],[121.09865,-1.51558],[121.09953,-1.51904],[121.10272,-1.52302],[121.10341,-1.52545],[121.10299,-1.5294],[121.09981,-1.53136],[121.09679,-1.53114],[121.09025,-1.53152],[121.08824,-1.53209],[121.08532,-1.53431],[121.0822,-1.53859],[121.08233,-1.53955],[121.08335,-1.54065],[121.08395,-1.54231],[121.08369,-1.54306],[121.08399,-1.5441],[121.08577,-1.54546],[121.08621,-1.54694],[121.08757,-1.54718],[121.08731,-1.54895],[121.08918,-1.55189],[121.0904,-1.55335],[121.09116,-1.55343],[121.09308,-1.55771],[121.09834,-1.56465],[121.10508,-1.5747],[121.09129,-1.5765],[121.07992,-1.57856],[121.07441,-1.57975],[121.06973,-1.58153],[121.06353,-1.58573],[121.04946,-1.59814],[121.04028,-1.60482],[121.02874,-1.61164],[121.01918,-1.6184],[121.0073,-1.6229],[121.00507,-1.62316],[121,-1.62265],[120.9373,-1.62369],[120.9381,-1.62139],[120.93789,-1.6203],[120.93833,-1.61919],[120.93775,-1.61756],[120.93813,-1.61534],[120.93968,-1.61236],[120.94137,-1.612],[120.9418,-1.60982],[120.94372,-1.60634],[120.94477,-1.60511],[120.94585,-1.60472],[120.94527,-1.60366],[120.94566,-1.60279],[120.94726,-1.60179],[120.94582,-1.59931],[120.94595,-1.598],[120.94622,-1.59762],[120.94696,-1.59763],[120.94734,-1.59642],[120.94991,-1.59598],[120.94921,-1.59525],[120.95016,-1.59468],[120.95015,-1.59403],[120.95362,-1.58794],[120.95404,-1.58631],[120.95397,-1.58423],[120.95515,-1.58367],[120.95755,-1.58091],[120.95719,-1.58039],[120.95747,-1.57954],[120.96011,-1.57695],[120.9597,-1.57418],[120.95888,-1.57301],[120.95911,-1.57009],[120.95934,-1.5691],[120.96172,-1.56652],[120.96232,-1.56392],[120.96154,-1.56338],[120.96178,-1.56039],[120.9612,-1.55847],[120.96161,-1.55747],[120.96084,-1.55566],[120.96252,-1.55172],[120.96182,-1.55116],[120.96147,-1.54813],[120.96201,-1.5464],[120.9619,-1.54447],[120.96066,-1.54195],[120.96062,-1.53944],[120.95963,-1.53751],[120.95938,-1.53397],[120.95614,-1.53015],[120.9562,-1.52891],[120.95567,-1.5285],[120.95536,-1.52583],[120.9555,-1.52397],[120.95461,-1.52401],[120.95344,-1.52297],[120.95101,-1.52186],[120.94898,-1.52266],[120.94855,-1.52165],[120.9459,-1.51894],[120.94503,-1.51709],[120.9432,-1.51632],[120.94117,-1.5164],[120.93316,-1.51409],[120.92515,-1.51062],[120.92317,-1.5104],[120.91714,-1.50832],[120.91027,-1.50831],[120.90684,-1.50715],[120.90455,-1.50715],[120.90226,-1.506],[120.89997,-1.506],[120.89883,-1.50484],[120.89438,-1.50337],[120.89462,-1.50252],[120.89402,-1.50117],[120.89415,-1.5],[120.89336,-1.49896],[120.89372,-1.49756],[120.89271,-1.49656],[120.89232,-1.49482],[120.89235,-1.49271],[120.89184,-1.4918],[120.89209,-1.49058],[120.891,-1.48929],[120.89086,-1.48598],[120.88881,-1.48326],[120.88852,-1.48135],[120.88932,-1.47804],[120.88836,-1.47715],[120.8882,-1.47635],[120.88886,-1.47487],[120.88882,-1.47256],[120.8893,-1.47114],[120.88825,-1.46843],[120.88858,-1.4637],[120.88791,-1.46129],[120.88864,-1.45912],[120.88815,-1.45722],[120.88854,-1.45619],[120.8878,-1.45523],[120.88763,-1.45309],[120.88777,-1.4499],[120.88814,-1.44914],[120.88794,-1.44712],[120.88933,-1.44589],[120.89005,-1.44125],[120.88928,-1.43918],[120.88947,-1.4376],[120.88877,-1.43625],[120.88876,-1.43407],[120.88766,-1.4324],[120.88724,-1.42839],[120.88755,-1.42813],[120.88972,-1.42877],[120.89019,-1.42722],[120.89114,-1.42654],[120.8914,-1.42523],[120.89122,-1.42459],[120.88999,-1.42442],[120.89034,-1.42331],[120.88896,-1.42277],[120.88897,-1.42187],[120.88782,-1.42198],[120.88767,-1.42078],[120.88691,-1.4207],[120.8868,-1.41941],[120.88755,-1.41841],[120.88691,-1.41777],[120.88795,-1.41728],[120.88795,-1.41616],[120.88727,-1.41465],[120.88761,-1.4146],[120.88816,-1.41552],[120.88909,-1.415],[120.88897,-1.41298],[120.88766,-1.41098],[120.88831,-1.41134],[120.88908,-1.41279],[120.88818,-1.41101],[120.89118,-1.41184],[120.89211,-1.41268],[120.89456,-1.41286],[120.90068,-1.41501],[120.90461,-1.41484],[120.90628,-1.41535],[120.90775,-1.4164],[120.90991,-1.4165],[120.91132,-1.41724],[120.91686,-1.41699],[120.92857,-1.41386],[120.92967,-1.41394],[120.9303,-1.41442],[120.92994,-1.41386],[120.93037,-1.41376],[120.93464,-1.41419],[120.93866,-1.41395],[120.94209,-1.4152],[120.94526,-1.4151],[120.94496,-1.41546],[120.94525,-1.41559],[120.94605,-1.41501],[120.94925,-1.41523],[120.95177,-1.41472],[120.95381,-1.41357],[120.9605,-1.41304],[120.96378,-1.41208],[120.96713,-1.40938],[120.96732,-1.40875],[120.96934,-1.40804],[120.9711,-1.40682],[120.97139,-1.40604],[120.97286,-1.40466],[120.97406,-1.40487],[120.97481,-1.40455],[120.97703,-1.40293],[120.97776,-1.40184],[120.97911,-1.40186],[120.98089,-1.39946],[120.98211,-1.40022],[120.98316,-1.40003],[120.98419,-1.40104],[120.98505,-1.40124],[120.98667,-1.40289],[120.98781,-1.40326],[120.98829,-1.40403],[120.99157,-1.40569],[120.99422,-1.40905],[121.00032,-1.4142],[121.00484,-1.41519],[121.01024,-1.41713],[121.0158,-1.41996],[121.01857,-1.42038],[121.02218,-1.41997],[121.02606,-1.42012],[121.03108,-1.41911],[121.03466,-1.41776],[121.03697,-1.41485],[121.03831,-1.41412],[121.04002,-1.41566],[121.0402,-1.41734],[121.03911,-1.41877],[121.03801,-1.41856],[121.03733,-1.42007],[121.03783,-1.43478],[121.04101,-1.43496],[121.04157,-1.43457],[121.04212,-1.43486],[121.04487,-1.43326],[121.04726,-1.43257],[121.0484,-1.4337],[121.04998,-1.43407],[121.05268,-1.43574],[121.05449,-1.43745],[121.05491,-1.43859],[121.05589,-1.43948],[121.05845,-1.44059],[121.06279,-1.44071],[121.06381,-1.44035],[121.06512,-1.43916],[121.06587,-1.43771],[121.0672,-1.43778],[121.07081,-1.43652],[121.07599,-1.43624],[121.07771,-1.43716]]]]}},{"type":"Feature","properties":{"NAMOBJ":"Tojo","KODE_KAB":7209},"geometry":{"type":"MultiPolygon","coordinates":[[[[121.46967,-1.36531],[121.44172,-1.39467],[121.42148,-1.41444],[121.39937,-1.4336],[121.37658,-1.44972],[121.37133,-1.45134],[121.34418,-1.4539],[121.3342,-1.45544],[121.32697,-1.45811],[121.31892,-1.46168],[121.2981,-1.47268],[121.29012,-1.47784],[121.28174,-1.48479],[121.26889,-1.49829],[121.26672,-1.5],[121.26631,-1.50137],[121.2665,-1.50318],[121.26804,-1.50746],[121.26749,-1.50951],[121.26545,-1.51255],[121.26273,-1.51534],[121.25973,-1.51648],[121.25462,-1.51515],[121.25365,-1.51472],[121.25,-1.50988],[121.24208,-1.51194],[121.23768,-1.51357],[121.23199,-1.51666],[121.22605,-1.52254],[121.22175,-1.53332],[121.21884,-1.53895],[121.21481,-1.54612],[121.21035,-1.55221],[121.2038,-1.55874],[121.19499,-1.56574],[121.18731,-1.57096],[121.17811,-1.57615],[121.16584,-1.57498],[121.14673,-1.57009],[121.14482,-1.56991],[121.14207,-1.57023],[121.14062,-1.57171],[121.12248,-1.57257],[121.10508,-1.5747],[121.09834,-1.56465],[121.09308,-1.55771],[121.09116,-1.55343],[121.0904,-1.55335],[121.08918,-1.55189],[121.08731,-1.54895],[121.08757,-1.54718],[121.08621,-1.54694],[121.08577,-1.54546],[121.08399,-1.5441],[121.08369,-1.54306],[121.08395,-1.54231],[121.08335,-1.54065],[121.08233,-1.53955],[121.0822,-1.53859],[121.08616,-1.5334],[121.08824,-1.53209],[121.09025,-1.53152],[121.09679,-1.53114],[121.09981,-1.53136],[121.10299,-1.5294],[121.10341,-1.52545],[121.10272,-1.52302],[121.09953,-1.51904],[121.09865,-1.51558],[121.09695,-1.51362],[121.09592,-1.51324],[121.09546,-1.51168],[121.09461,-1.51083],[121.09502,-1.50899],[121.09314,-1.50627],[121.09253,-1.50388],[121.09057,-1.50335],[121.08887,-1.49932],[121.08872,-1.49799],[121.09026,-1.49663],[121.09012,-1.49338],[121.09047,-1.49132],[121.08996,-1.49002],[121.09028,-1.48816],[121.08909,-1.48666],[121.08841,-1.48395],[121.087,-1.48283],[121.08697,-1.48146],[121.08438,-1.47774],[121.08447,-1.474],[121.0833,-1.47339],[121.08337,-1.47086],[121.08201,-1.47068],[121.08164,-1.47025],[121.08153,-1.46771],[121.08069,-1.46661],[121.08063,-1.46353],[121.08107,-1.4612],[121.0781,-1.45954],[121.07849,-1.45822],[121.07731,-1.45493],[121.07718,-1.45104],[121.07738,-1.45036],[121.07886,-1.44895],[121.07883,-1.44849],[121.07797,-1.44767],[121.07719,-1.44777],[121.07642,-1.44852],[121.0751,-1.44838],[121.07536,-1.44453],[121.07437,-1.44344],[121.07473,-1.44292],[121.07769,-1.4424],[121.07756,-1.44116],[121.07806,-1.43983],[121.07754,-1.43895],[121.07658,-1.43891],[121.07647,-1.43846],[121.07771,-1.43716],[121.07728,-1.438],[121.07793,-1.4377],[121.07807,-1.43714],[121.07853,-1.43714],[121.08149,-1.43943],[121.0848,-1.4395],[121.08809,-1.44045],[121.09133,-1.44008],[121.09639,-1.43764],[121.09969,-1.43807],[121.10346,-1.43532],[121.1026,-1.43467],[121.10417,-1.4318],[121.10854,-1.43027],[121.10981,-1.43061],[121.10972,-1.43007],[121.11298,-1.42969],[121.11402,-1.42902],[121.11409,-1.42818],[121.11311,-1.42794],[121.11326,-1.42724],[121.1161,-1.42545],[121.11705,-1.42395],[121.12035,-1.42148],[121.1211,-1.42014],[121.12084,-1.4193],[121.12244,-1.41835],[121.12453,-1.41562],[121.12466,-1.41391],[121.12411,-1.40997],[121.12595,-1.40827],[121.12961,-1.4066],[121.13252,-1.40192],[121.13282,-1.40021],[121.13395,-1.39856],[121.13321,-1.39859],[121.13361,-1.39759],[121.13303,-1.39764],[121.13242,-1.39682],[121.13159,-1.39429],[121.13286,-1.39219],[121.13452,-1.38792],[121.13529,-1.387],[121.1355,-1.38584],[121.13513,-1.38495],[121.13597,-1.38369],[121.13709,-1.38327],[121.14011,-1.38033],[121.13995,-1.37885],[121.14112,-1.37911],[121.14144,-1.37882],[121.14109,-1.37817],[121.14728,-1.37552],[121.14826,-1.37408],[121.151,-1.37274],[121.15212,-1.37124],[121.1536,-1.37099],[121.15457,-1.37027],[121.1557,-1.36899],[121.15601,-1.36796],[121.15728,-1.36688],[121.15855,-1.36681],[121.15906,-1.3679],[121.16008,-1.36816],[121.16184,-1.3682],[121.16307,-1.36751],[121.16337,-1.36694],[121.16239,-1.36249],[121.16301,-1.36177],[121.16329,-1.35873],[121.161,-1.35176],[121.16077,-1.34935],[121.16578,-1.34456],[121.16749,-1.3395],[121.16823,-1.33839],[121.17201,-1.33444],[121.17917,-1.33008],[121.18162,-1.32622],[121.1818,-1.32549],[121.18104,-1.32186],[121.18121,-1.31765],[121.18173,-1.31608],[121.18165,-1.31503],[121.18355,-1.3112],[121.18322,-1.31034],[121.18406,-1.30847],[121.18418,-1.30631],[121.18574,-1.30602],[121.18798,-1.30457],[121.18795,-1.30124],[121.18846,-1.29906],[121.19195,-1.29728],[121.19422,-1.29492],[121.19401,-1.29335],[121.19447,-1.29199],[121.19312,-1.28935],[121.19336,-1.28831],[121.19427,-1.28808],[121.19427,-1.28755],[121.19309,-1.28696],[121.19479,-1.28437],[121.19638,-1.2842],[121.19567,-1.28423],[121.19561,-1.28352],[121.19679,-1.28336],[121.19503,-1.27831],[121.19605,-1.27721],[121.19618,-1.27585],[121.19549,-1.27526],[121.19494,-1.27595],[121.19467,-1.27562],[121.19401,-1.27252],[121.19469,-1.27107],[121.19701,-1.26832],[121.19912,-1.26692],[121.19937,-1.26638],[121.20171,-1.26486],[121.20377,-1.2648],[121.20604,-1.26402],[121.20819,-1.26224],[121.20773,-1.26037],[121.20823,-1.25651],[121.20655,-1.25257],[121.20737,-1.25003],[121.20717,-1.24455],[121.20645,-1.24403],[121.20636,-1.24458],[121.20549,-1.2433],[121.20573,-1.24014],[121.20686,-1.23864],[121.20724,-1.23898],[121.208,-1.2389],[121.20835,-1.23841],[121.20935,-1.23906],[121.21006,-1.23661],[121.21057,-1.23604],[121.21012,-1.23448],[121.21257,-1.23209],[121.21258,-1.23082],[121.21379,-1.22953],[121.21424,-1.22809],[121.21404,-1.22703],[121.21622,-1.22421],[121.21638,-1.22075],[121.21732,-1.22023],[121.21843,-1.21856],[121.21916,-1.21859],[121.22027,-1.21745],[121.22236,-1.2173],[121.22317,-1.21613],[121.22362,-1.21352],[121.22187,-1.2117],[121.22048,-1.20907],[121.22235,-1.20293],[121.22445,-1.20345],[121.22664,-1.2016],[121.22796,-1.20236],[121.22747,-1.20129],[121.22973,-1.19909],[121.23014,-1.19813],[121.2297,-1.19727],[121.23214,-1.1957],[121.23279,-1.19573],[121.23286,-1.19473],[121.23383,-1.19509],[121.2362,-1.19497],[121.23911,-1.19341],[121.24061,-1.1938],[121.24322,-1.19371],[121.2441,-1.1941],[121.24602,-1.193],[121.24616,-1.19193],[121.24688,-1.19184],[121.24705,-1.1912],[121.24819,-1.19054],[121.24869,-1.18677],[121.24952,-1.18399],[121.25062,-1.18384],[121.25118,-1.18217],[121.2519,-1.18139],[121.25185,-1.18],[121.2526,-1.1797],[121.25281,-1.179],[121.25359,-1.17842],[121.25389,-1.17529],[121.25699,-1.17358],[121.25754,-1.17254],[121.25827,-1.17248],[121.25943,-1.17028],[121.2605,-1.17009],[121.26097,-1.16938],[121.26219,-1.16907],[121.26232,-1.16789],[121.2642,-1.1645],[121.2657,-1.16402],[121.26834,-1.16504],[121.269,-1.16446],[121.27004,-1.16465],[121.27057,-1.16522],[121.27125,-1.16511],[121.27523,-1.16192],[121.27631,-1.1615],[121.27932,-1.15882],[121.28166,-1.15487],[121.28123,-1.14985],[121.28309,-1.14671],[121.28308,-1.14512],[121.28259,-1.14418],[121.28347,-1.14255],[121.28483,-1.14099],[121.28496,-1.14011],[121.28647,-1.13851],[121.29004,-1.13573],[121.29104,-1.13572],[121.29445,-1.13317],[121.296,-1.1245],[121.29568,-1.12296],[121.29439,-1.12139],[121.2943,-1.1205],[121.29501,-1.11922],[121.29483,-1.11697],[121.29828,-1.11474],[121.30111,-1.11216],[121.30212,-1.10655],[121.30395,-1.10428],[121.30492,-1.10193],[121.30721,-1.10065],[121.30733,-1.09891],[121.31202,-1.0974],[121.31963,-1.08924],[121.3244,-1.0829],[121.32845,-1.07913],[121.33001,-1.07679],[121.33101,-1.07356],[121.33196,-1.07195],[121.33459,-1.06932],[121.33572,-1.06572],[121.33709,-1.06388],[121.3377,-1.06404],[121.34029,-1.06288],[121.34214,-1.06157],[121.3439,-1.06],[121.34595,-1.05726],[121.34741,-1.05646],[121.3494,-1.05427],[121.35476,-1.05032],[121.35669,-1.04966],[121.35916,-1.04811],[121.35991,-1.04753],[121.36018,-1.04673],[121.36155,-1.04627],[121.36329,-1.04433],[121.36668,-1.04619],[121.36794,-1.04853],[121.36872,-1.05353],[121.36791,-1.05525],[121.36764,-1.05737],[121.36877,-1.06001],[121.36894,-1.06251],[121.37033,-1.06618],[121.37054,-1.06915],[121.3713,-1.07145],[121.36978,-1.07381],[121.36635,-1.07554],[121.36449,-1.07855],[121.36205,-1.08048],[121.361,-1.08306],[121.35909,-1.08446],[121.35836,-1.08888],[121.35627,-1.09012],[121.3559,-1.09191],[121.35498,-1.09334],[121.35441,-1.09589],[121.35294,-1.09848],[121.35283,-1.09946],[121.3499,-1.10177],[121.34934,-1.10461],[121.34711,-1.1078],[121.34698,-1.11019],[121.34626,-1.11109],[121.34533,-1.11389],[121.34532,-1.11555],[121.34274,-1.11948],[121.3422,-1.12176],[121.34241,-1.12278],[121.34109,-1.124],[121.3409,-1.1262],[121.34018,-1.12699],[121.33982,-1.12848],[121.33951,-1.13033],[121.33979,-1.13136],[121.33913,-1.13314],[121.33929,-1.13438],[121.34051,-1.13774],[121.34122,-1.13808],[121.34134,-1.14002],[121.34201,-1.14145],[121.34128,-1.14321],[121.34124,-1.14432],[121.34076,-1.14465],[121.34313,-1.14475],[121.34419,-1.14664],[121.34574,-1.14628],[121.34691,-1.14728],[121.34711,-1.14549],[121.35059,-1.14808],[121.35371,-1.14904],[121.35432,-1.15197],[121.35375,-1.15339],[121.3531,-1.15367],[121.35494,-1.15475],[121.35583,-1.15605],[121.35741,-1.15563],[121.36254,-1.1557],[121.37055,-1.15797],[121.37167,-1.1591],[121.37212,-1.16077],[121.37429,-1.16018],[121.37518,-1.15772],[121.37632,-1.15683],[121.37771,-1.15645],[121.38005,-1.15659],[121.38049,-1.15675],[121.38175,-1.15929],[121.38281,-1.16023],[121.38707,-1.16],[121.38872,-1.16027],[121.39182,-1.16163],[121.39412,-1.16456],[121.39476,-1.16488],[121.39831,-1.16412],[121.40255,-1.168],[121.40673,-1.16979],[121.40785,-1.17192],[121.40916,-1.17291],[121.41101,-1.17563],[121.41172,-1.17865],[121.41325,-1.1825],[121.41448,-1.18312],[121.41556,-1.18495],[121.4177,-1.18514],[121.41904,-1.18681],[121.41976,-1.18874],[121.42491,-1.19241],[121.42703,-1.1964],[121.42936,-1.19728],[121.43181,-1.20745],[121.43248,-1.20891],[121.43388,-1.20943],[121.43443,-1.21293],[121.43456,-1.21872],[121.43363,-1.22222],[121.43371,-1.22437],[121.4332,-1.22742],[121.4335,-1.22801],[121.43235,-1.22953],[121.43237,-1.23162],[121.43175,-1.23414],[121.43053,-1.23603],[121.42868,-1.23712],[121.42759,-1.23913],[121.42636,-1.24038],[121.42681,-1.24216],[121.42904,-1.24438],[121.43292,-1.24956],[121.43579,-1.25416],[121.43581,-1.25972],[121.43456,-1.26289],[121.43613,-1.26574],[121.43555,-1.26919],[121.43465,-1.27145],[121.43547,-1.27471],[121.43376,-1.2774],[121.43514,-1.27999],[121.43544,-1.28353],[121.4381,-1.28704],[121.43888,-1.2903],[121.4407,-1.29092],[121.44192,-1.29286],[121.44341,-1.29376],[121.44506,-1.29403],[121.44654,-1.29546],[121.44688,-1.29687],[121.44841,-1.29828],[121.45106,-1.30585],[121.45501,-1.30554],[121.45646,-1.30681],[121.45919,-1.30792],[121.46396,-1.31304],[121.46545,-1.31381],[121.46803,-1.31361],[121.46848,-1.31336],[121.46919,-1.31121],[121.46992,-1.31057],[121.47074,-1.31092],[121.47503,-1.31547],[121.47638,-1.31829],[121.47466,-1.31826],[121.47389,-1.31881],[121.47353,-1.32007],[121.47423,-1.32338],[121.47028,-1.32726],[121.47024,-1.32839],[121.4713,-1.33102],[121.47205,-1.33583],[121.47005,-1.3399],[121.46997,-1.34148],[121.46877,-1.34552],[121.46943,-1.34719],[121.46896,-1.34916],[121.46924,-1.35035],[121.46796,-1.3518],[121.46757,-1.353],[121.46932,-1.35865],[121.46799,-1.36131],[121.4678,-1.36271],[121.46967,-1.36531]]]]}},{"type":"Feature","properties":{"NAMOBJ":"Ulubongka","KODE_KAB":7209},"geometry":{"type":"MultiPolygon","coordinates":[[[[121.49838,-0.89052],[121.49762,-0.89043],[121.49811,-0.89016],[121.49838,-0.89052]]],[[[121.51857,-0.88448],[121.51903,-0.88475],[121.51983,-0.88452],[121.52031,-0.88494],[121.52098,-0.88469],[121.51977,-0.88877],[121.51664,-0.8939],[121.5151,-0.90269],[121.51593,-0.90431],[121.51579,-0.90515],[121.51443,-0.90578],[121.51218,-0.90789],[121.51037,-0.90866],[121.50916,-0.90839],[121.50735,-0.91113],[121.50634,-0.91383],[121.50646,-0.9146],[121.50719,-0.9153],[121.50861,-0.9155],[121.50876,-0.91849],[121.51352,-0.92216],[121.51242,-0.92383],[121.5114,-0.92869],[121.51084,-0.92934],[121.51202,-0.93378],[121.51202,-0.93613],[121.51144,-0.93781],[121.5115,-0.94666],[121.51368,-0.95067],[121.51362,-0.9527],[121.5144,-0.9547],[121.51558,-0.95559],[121.51763,-0.95814],[121.52031,-0.95996],[121.52244,-0.96071],[121.53014,-0.9624],[121.53206,-0.96365],[121.53284,-0.9646],[121.53309,-0.96584],[121.53395,-0.96598],[121.53618,-0.96743],[121.53649,-0.97057],[121.5362,-0.97516],[121.53541,-0.97646],[121.53544,-0.97739],[121.53578,-0.97804],[121.53756,-0.9791],[121.5381,-0.98303],[121.53776,-0.98526],[121.53918,-0.98722],[121.53993,-0.9919],[121.54167,-0.99302],[121.54228,-0.99411],[121.54414,-0.9958],[121.5472,-0.99707],[121.55021,-0.99977],[121.54957,-1.00149],[121.54964,-1.0025],[121.55033,-1.0037],[121.55137,-1.00444],[121.54962,-1.0094],[121.54945,-1.01592],[121.54989,-1.01912],[121.54949,-1.02411],[121.55012,-1.0294],[121.54761,-1.03652],[121.54341,-1.04153],[121.54684,-1.04195],[121.55044,-1.04177],[121.55355,-1.04248],[121.5555,-1.04176],[121.55847,-1.04223],[121.56211,-1.03936],[121.5663,-1.03738],[121.56678,-1.03731],[121.5682,-1.03867],[121.5688,-1.04031],[121.56888,-1.04228],[121.56877,-1.04423],[121.56798,-1.04553],[121.56786,-1.04939],[121.57051,-1.05928],[121.57002,-1.06116],[121.56604,-1.06893],[121.56801,-1.07348],[121.56856,-1.07773],[121.56918,-1.079],[121.5713,-1.08136],[121.57537,-1.08355],[121.57773,-1.08804],[121.57974,-1.0906],[121.58147,-1.09377],[121.58232,-1.09681],[121.5824,-1.10396],[121.5829,-1.10579],[121.58264,-1.10625],[121.58499,-1.10795],[121.58715,-1.10835],[121.59042,-1.10991],[121.59022,-1.11159],[121.59086,-1.11446],[121.5904,-1.11604],[121.59007,-1.12059],[121.5901,-1.125],[121.5914,-1.12897],[121.59328,-1.1311],[121.5983,-1.1338],[121.60182,-1.13633],[121.60309,-1.13729],[121.60517,-1.13994],[121.60913,-1.14147],[121.61246,-1.14399],[121.61297,-1.14633],[121.61404,-1.14854],[121.61772,-1.14989],[121.625,-1.1496],[121.62936,-1.15128],[121.62995,-1.15175],[121.63267,-1.1566],[121.63557,-1.16034],[121.63653,-1.15923],[121.63811,-1.15502],[121.63883,-1.15185],[121.64022,-1.14998],[121.64027,-1.14606],[121.64086,-1.14403],[121.64269,-1.14264],[121.64426,-1.1421],[121.64537,-1.14058],[121.64617,-1.14028],[121.64655,-1.13863],[121.6481,-1.13807],[121.64894,-1.13688],[121.65194,-1.13472],[121.65311,-1.13091],[121.65509,-1.12802],[121.65717,-1.12651],[121.65965,-1.12203],[121.66358,-1.1211],[121.66587,-1.12117],[121.66692,-1.12357],[121.67018,-1.12453],[121.67192,-1.12683],[121.67258,-1.12838],[121.67331,-1.13282],[121.6774,-1.13593],[121.67929,-1.13651],[121.68142,-1.13788],[121.68361,-1.13964],[121.6841,-1.14055],[121.68505,-1.14096],[121.68772,-1.14857],[121.6889,-1.14869],[121.69036,-1.14992],[121.69044,-1.1511],[121.69193,-1.15163],[121.69369,-1.15139],[121.69867,-1.1549],[121.70127,-1.15556],[121.70243,-1.15524],[121.70349,-1.15552],[121.70575,-1.16092],[121.70636,-1.16443],[121.70784,-1.16698],[121.70891,-1.17285],[121.71437,-1.17744],[121.7153,-1.17772],[121.71588,-1.17844],[121.71756,-1.17893],[121.71745,-1.18045],[121.71899,-1.1827],[121.72144,-1.18405],[121.72417,-1.18622],[121.72613,-1.18712],[121.72645,-1.18943],[121.72814,-1.19142],[121.73001,-1.19171],[121.73259,-1.19293],[121.73483,-1.193],[121.73591,-1.19341],[121.73795,-1.19597],[121.74128,-1.19573],[121.74495,-1.19619],[121.74718,-1.19742],[121.74879,-1.19715],[121.7512,-1.19762],[121.75344,-1.19743],[121.75885,-1.19797],[121.76056,-1.1975],[121.76371,-1.19835],[121.76541,-1.19929],[121.76699,-1.19591],[121.76832,-1.19593],[121.77109,-1.1949],[121.77197,-1.19378],[121.77345,-1.19384],[121.77425,-1.19542],[121.77732,-1.19759],[121.77861,-1.20028],[121.78062,-1.20074],[121.78386,-1.20334],[121.78545,-1.20381],[121.78589,-1.21267],[121.78677,-1.21486],[121.79158,-1.22142],[121.79859,-1.2293],[121.80515,-1.23412],[121.81807,-1.23607],[121.82729,-1.23934],[121.84501,-1.2439],[121.86497,-1.24516],[121.89569,-1.2464],[121.9196,-1.24819],[121.9278,-1.25487],[121.92557,-1.2577],[121.92497,-1.26365],[121.92512,-1.27063],[121.92661,-1.27896],[121.9309,-1.29051],[121.92988,-1.29169],[121.92903,-1.29453],[121.92922,-1.29546],[121.93052,-1.29601],[121.93093,-1.29664],[121.93087,-1.29822],[121.9304,-1.29892],[121.92969,-1.29918],[121.92728,-1.29874],[121.92282,-1.3015],[121.91181,-1.29701],[121.90986,-1.29577],[121.90119,-1.28553],[121.89792,-1.28281],[121.88972,-1.27879],[121.8779,-1.27549],[121.86619,-1.2736],[121.86136,-1.27354],[121.85694,-1.27514],[121.84105,-1.28605],[121.82887,-1.29376],[121.82033,-1.3],[121.80949,-1.3115],[121.80098,-1.32131],[121.79585,-1.3281],[121.79265,-1.32893],[121.78398,-1.32859],[121.78132,-1.32896],[121.77032,-1.33211],[121.76363,-1.33481],[121.75359,-1.33386],[121.7469,-1.33528],[121.74595,-1.33578],[121.74115,-1.34077],[121.73638,-1.34436],[121.73105,-1.35011],[121.72977,-1.35321],[121.72622,-1.35806],[121.71327,-1.36268],[121.70994,-1.36292],[121.70507,-1.36181],[121.69936,-1.36256],[121.68999,-1.36291],[121.68254,-1.36549],[121.67796,-1.36452],[121.67501,-1.36437],[121.66348,-1.36487],[121.66085,-1.36665],[121.65455,-1.37566],[121.64929,-1.37976],[121.64504,-1.38532],[121.64075,-1.38871],[121.63613,-1.39017],[121.6308,-1.39295],[121.62788,-1.39613],[121.62608,-1.39464],[121.61903,-1.38649],[121.61199,-1.37986],[121.60416,-1.3736],[121.59748,-1.3711],[121.58396,-1.36933],[121.57165,-1.36674],[121.55578,-1.36124],[121.51608,-1.34261],[121.49111,-1.33233],[121.488,-1.33221],[121.48564,-1.33356],[121.48173,-1.34466],[121.47684,-1.35496],[121.46967,-1.36531],[121.46939,-1.36509],[121.4678,-1.36271],[121.46799,-1.36131],[121.46932,-1.35865],[121.46757,-1.353],[121.46796,-1.3518],[121.46924,-1.35035],[121.46896,-1.34916],[121.46943,-1.34719],[121.46877,-1.34552],[121.46997,-1.34148],[121.47005,-1.3399],[121.47205,-1.33583],[121.4713,-1.33102],[121.47024,-1.32839],[121.47028,-1.32726],[121.47423,-1.32338],[121.47353,-1.32007],[121.47389,-1.31881],[121.47466,-1.31826],[121.47638,-1.31829],[121.47503,-1.31547],[121.47074,-1.31092],[121.46992,-1.31057],[121.46919,-1.31121],[121.46848,-1.31336],[121.46803,-1.31361],[121.46545,-1.31381],[121.46396,-1.31304],[121.45919,-1.30792],[121.45646,-1.30681],[121.45501,-1.30554],[121.45106,-1.30585],[121.44841,-1.29828],[121.44688,-1.29687],[121.44654,-1.29546],[121.44506,-1.29403],[121.44341,-1.29376],[121.44192,-1.29286],[121.4407,-1.29092],[121.43888,-1.2903],[121.4381,-1.28704],[121.43544,-1.28353],[121.43514,-1.27999],[121.43376,-1.2774],[121.43547,-1.27471],[121.43465,-1.27145],[121.43555,-1.26919],[121.43613,-1.26574],[121.43456,-1.26289],[121.43581,-1.25972],[121.43579,-1.25416],[121.43292,-1.24956],[121.42904,-1.24438],[121.42681,-1.24216],[121.42636,-1.24038],[121.42759,-1.23913],[121.42868,-1.23712],[121.43053,-1.23603],[121.43175,-1.23414],[121.43237,-1.23162],[121.43235,-1.22953],[121.4335,-1.22801],[121.4332,-1.22742],[121.43371,-1.22437],[121.43363,-1.22222],[121.43456,-1.21872],[121.43443,-1.21293],[121.43388,-1.20943],[121.43248,-1.20891],[121.43181,-1.20745],[121.42936,-1.19728],[121.42703,-1.1964],[121.42491,-1.19241],[121.41976,-1.18874],[121.41904,-1.18681],[121.4177,-1.18514],[121.41556,-1.18495],[121.41448,-1.18312],[121.41325,-1.1825],[121.41172,-1.17865],[121.41101,-1.17563],[121.40916,-1.17291],[121.40785,-1.17192],[121.40654,-1.16965],[121.40255,-1.168],[121.39831,-1.16412],[121.39453,-1.16482],[121.39182,-1.16163],[121.39074,-1.16107],[121.38803,-1.16007],[121.38281,-1.16023],[121.38175,-1.15929],[121.38049,-1.15675],[121.38005,-1.15659],[121.37771,-1.15645],[121.37632,-1.15683],[121.37518,-1.15772],[121.37429,-1.16018],[121.37212,-1.16077],[121.37167,-1.1591],[121.37055,-1.15797],[121.36254,-1.1557],[121.35741,-1.15563],[121.35583,-1.15605],[121.35494,-1.15475],[121.3531,-1.15367],[121.35375,-1.15339],[121.35432,-1.15197],[121.35371,-1.14904],[121.35059,-1.14808],[121.34711,-1.14549],[121.34691,-1.14728],[121.34574,-1.14628],[121.34419,-1.14664],[121.34313,-1.14475],[121.34076,-1.14465],[121.34124,-1.14432],[121.34128,-1.14321],[121.34201,-1.14145],[121.34134,-1.14002],[121.34122,-1.13808],[121.34051,-1.13774],[121.33913,-1.13314],[121.33979,-1.13136],[121.33951,-1.13033],[121.33982,-1.12848],[121.34018,-1.12699],[121.3409,-1.1262],[121.34109,-1.124],[121.34238,-1.12285],[121.3422,-1.12176],[121.34274,-1.11948],[121.34532,-1.11555],[121.34533,-1.11389],[121.34626,-1.11109],[121.34698,-1.11019],[121.34708,-1.10787],[121.34934,-1.10461],[121.3499,-1.10177],[121.35276,-1.0996],[121.35294,-1.09848],[121.35441,-1.09589],[121.35498,-1.09334],[121.3559,-1.09191],[121.35627,-1.09012],[121.35843,-1.08873],[121.35909,-1.08446],[121.361,-1.08306],[121.36205,-1.08048],[121.36449,-1.07855],[121.36635,-1.07554],[121.36978,-1.07381],[121.3713,-1.07145],[121.37054,-1.06915],[121.37033,-1.06618],[121.36894,-1.06251],[121.36877,-1.06001],[121.36764,-1.05737],[121.36791,-1.05525],[121.36872,-1.05353],[121.36794,-1.04853],[121.36668,-1.04619],[121.36329,-1.04433],[121.36596,-1.04296],[121.36738,-1.04157],[121.36853,-1.04165],[121.36895,-1.04118],[121.37008,-1.04099],[121.37099,-1.04116],[121.37337,-1.03933],[121.37893,-1.03666],[121.38065,-1.03641],[121.3817,-1.03729],[121.38165,-1.03783],[121.38308,-1.03858],[121.38316,-1.03918],[121.38414,-1.03952],[121.38442,-1.03926],[121.38513,-1.03974],[121.38557,-1.03907],[121.38642,-1.03928],[121.38807,-1.03825],[121.38993,-1.03626],[121.39179,-1.03564],[121.39274,-1.03328],[121.39261,-1.03111],[121.39418,-1.0278],[121.39526,-1.02337],[121.39706,-1.02207],[121.39893,-1.01956],[121.39867,-1.01809],[121.39715,-1.01616],[121.39778,-1.01395],[121.39761,-1.01262],[121.39871,-1.01214],[121.39927,-1.01085],[121.39868,-1.00935],[121.39564,-1.00631],[121.39572,-1.00549],[121.39668,-1.00537],[121.39722,-1.00451],[121.39876,-1.00404],[121.39994,-1.00286],[121.40001,-1.00225],[121.4011,-1.00167],[121.40259,-1.00153],[121.40295,-1.0011],[121.40285,-1.00046],[121.4037,-0.99938],[121.4077,-0.9996],[121.40834,-1.00106],[121.40979,-1.0025],[121.41161,-1.00326],[121.41242,-1.00314],[121.41224,-1.00275],[121.41084,-1.00244],[121.40894,-1.00045],[121.40957,-1.00013],[121.4122,-1.00112],[121.41241,-0.99994],[121.40833,-0.99763],[121.40784,-0.99687],[121.40847,-0.99663],[121.40957,-0.99782],[121.41254,-0.99936],[121.40942,-0.99635],[121.41051,-0.99642],[121.41318,-0.9994],[121.41531,-1.00101],[121.41585,-1.00021],[121.41309,-0.9972],[121.41185,-0.99391],[121.41395,-0.9928],[121.41593,-0.99408],[121.4162,-0.99364],[121.41518,-0.99234],[121.41533,-0.9919],[121.41611,-0.99143],[121.41675,-0.99247],[121.41693,-0.99133],[121.41733,-0.99122],[121.41889,-0.9923],[121.42002,-0.99395],[121.42081,-0.99702],[121.42088,-0.99355],[121.42132,-0.99298],[121.42169,-0.99613],[121.42188,-0.99558],[121.42185,-0.99265],[121.4212,-0.99211],[121.42123,-0.99111],[121.423,-0.98916],[121.42437,-0.98889],[121.42706,-0.9867],[121.42933,-0.98564],[121.43053,-0.98443],[121.43445,-0.98389],[121.43819,-0.98115],[121.44111,-0.98006],[121.4441,-0.97837],[121.44578,-0.97617],[121.44693,-0.97575],[121.45005,-0.97225],[121.45186,-0.96887],[121.45446,-0.96579],[121.4549,-0.96436],[121.45961,-0.95627],[121.45944,-0.94989],[121.45882,-0.94791],[121.45724,-0.9463],[121.45727,-0.94568],[121.45811,-0.94457],[121.45951,-0.94424],[121.46326,-0.942],[121.46495,-0.94044],[121.46673,-0.93791],[121.46762,-0.93573],[121.46759,-0.93356],[121.46912,-0.9288],[121.47198,-0.92489],[121.47224,-0.92255],[121.47182,-0.9204],[121.47289,-0.91997],[121.47256,-0.91888],[121.47329,-0.91825],[121.47416,-0.9164],[121.4736,-0.91464],[121.47419,-0.91174],[121.47386,-0.91017],[121.47629,-0.90754],[121.4762,-0.90594],[121.47705,-0.90356],[121.47793,-0.90341],[121.47863,-0.90397],[121.48011,-0.90414],[121.48066,-0.90386],[121.48077,-0.90289],[121.47978,-0.90122],[121.48006,-0.89984],[121.48405,-0.89904],[121.48646,-0.90024],[121.4878,-0.90047],[121.49122,-0.89978],[121.49463,-0.89662],[121.49445,-0.89414],[121.49527,-0.89244],[121.49877,-0.89061],[121.4988,-0.89007],[121.49999,-0.89002],[121.50072,-0.88927],[121.5013,-0.88748],[121.50519,-0.8863],[121.50615,-0.88829],[121.50677,-0.88821],[121.50678,-0.88759],[121.50782,-0.88875],[121.50844,-0.88686],[121.50914,-0.88653],[121.50911,-0.88547],[121.5097,-0.88528],[121.51032,-0.88577],[121.51135,-0.88535],[121.51313,-0.88574],[121.51679,-0.8844],[121.51857,-0.88448]]]]}},{"type":"Feature","properties":{"NAMOBJ":"Ampana Tete","KODE_KAB":7209},"geometry":{"type":"MultiPolygon","coordinates":[[[[121.92329,-1.30128],[121.92294,-1.30144],[121.92298,-1.30142],[121.92307,-1.30137],[121.92309,-1.30136],[121.92319,-1.30132],[121.9232,-1.30132],[121.9233,-1.30128],[121.92332,-1.30127],[121.92334,-1.30126],[121.92329,-1.30128]]],[[[121.92425,-1.30086],[121.9241,-1.30092],[121.92415,-1.30088],[121.92417,-1.30085],[121.92421,-1.30082],[121.92423,-1.30077],[121.92429,-1.30073],[121.92436,-1.30058],[121.92438,-1.30056],[121.92441,-1.30051],[121.92444,-1.30048],[121.92446,-1.30046],[121.92454,-1.30038],[121.92455,-1.30037],[121.92463,-1.3003],[121.92466,-1.30028],[121.92476,-1.3002],[121.92476,-1.3002],[121.92488,-1.30012],[121.92495,-1.30007],[121.92497,-1.30006],[121.92511,-1.29998],[121.92513,-1.29997],[121.92526,-1.2999],[121.92532,-1.29987],[121.92535,-1.29986],[121.92543,-1.29982],[121.92548,-1.2998],[121.92554,-1.29977],[121.92558,-1.29976],[121.92566,-1.29973],[121.92572,-1.29972],[121.9258,-1.29971],[121.9258,-1.29971],[121.92519,-1.30038],[121.92425,-1.30086]]],[[[121.92917,-1.29905],[121.93002,-1.29915],[121.9288,-1.29954],[121.9266,-1.29914],[121.92796,-1.29867],[121.92917,-1.29905]]],[[[121.93103,-1.29666],[121.93101,-1.29701],[121.93052,-1.29601],[121.93103,-1.29666]]],[[[121.92979,-1.29551],[121.93006,-1.29574],[121.92922,-1.29546],[121.92903,-1.29484],[121.9296,-1.29258],[121.92946,-1.29471],[121.92979,-1.29551]]],[[[121.8517,-0.98663],[121.85171,-0.98669],[121.8517,-0.98663],[121.8517,-0.98663]]],[[[121.85098,-0.981],[121.85077,-0.98],[121.85193,-0.97676],[121.85202,-0.97903],[121.85098,-0.981]]],[[[121.85291,-0.97661],[121.85402,-0.97676],[121.85218,-0.98035],[121.85173,-0.98317],[121.8514,-0.98149],[121.8525,-0.97856],[121.85238,-0.97669],[121.85342,-0.97501],[121.85291,-0.97661]]],[[[121.66483,-0.88481],[121.66626,-0.88548],[121.66571,-0.88673],[121.66354,-0.8864],[121.66308,-0.88585],[121.66371,-0.8849],[121.66452,-0.88451],[121.66483,-0.88481]]],[[[121.66688,-0.88408],[121.66688,-0.88417],[121.66687,-0.88416],[121.66684,-0.884],[121.66683,-0.88392],[121.66668,-0.88373],[121.66664,-0.88369],[121.6666,-0.88363],[121.66653,-0.88354],[121.66653,-0.88349],[121.66661,-0.88351],[121.66669,-0.88354],[121.66673,-0.8836],[121.66683,-0.88369],[121.66685,-0.88377],[121.6669,-0.88389],[121.66688,-0.88408]]],[[[121.66624,-0.86817],[121.66611,-0.86822],[121.66607,-0.86818],[121.66608,-0.86814],[121.6661,-0.86812],[121.66613,-0.8681],[121.66625,-0.86802],[121.66624,-0.86817]]],[[[121.66523,-0.86806],[121.66521,-0.86812],[121.66511,-0.86811],[121.66508,-0.86805],[121.6651,-0.86792],[121.66514,-0.86782],[121.66526,-0.86777],[121.66525,-0.86792],[121.66523,-0.86806]]],[[[121.66377,-0.81895],[121.6645,-0.82477],[121.66354,-0.83145],[121.66426,-0.83247],[121.66397,-0.83423],[121.66435,-0.83885],[121.66239,-0.8469],[121.66401,-0.84963],[121.66417,-0.85096],[121.66685,-0.8541],[121.6676,-0.85425],[121.66746,-0.85559],[121.6683,-0.85777],[121.66523,-0.86059],[121.6641,-0.86336],[121.66324,-0.86445],[121.66318,-0.86738],[121.66387,-0.86806],[121.66284,-0.86987],[121.66279,-0.87131],[121.6604,-0.87742],[121.66088,-0.87914],[121.66059,-0.8796],[121.6615,-0.87995],[121.66111,-0.88115],[121.6603,-0.88172],[121.65982,-0.8816],[121.65937,-0.88239],[121.65844,-0.88291],[121.65697,-0.88469],[121.657,-0.88584],[121.65598,-0.88674],[121.65618,-0.88704],[121.65678,-0.88668],[121.65708,-0.88695],[121.65608,-0.89013],[121.65668,-0.89752],[121.65569,-0.90243],[121.65575,-0.90405],[121.65511,-0.90511],[121.65496,-0.90894],[121.65569,-0.91189],[121.65684,-0.91321],[121.6583,-0.91357],[121.65986,-0.91313],[121.66401,-0.91562],[121.66526,-0.92021],[121.6663,-0.92163],[121.6707,-0.92254],[121.673,-0.92191],[121.67865,-0.92206],[121.67949,-0.92134],[121.68051,-0.92377],[121.68301,-0.92592],[121.68474,-0.92603],[121.68834,-0.92398],[121.68976,-0.92374],[121.6924,-0.92578],[121.69555,-0.92638],[121.69601,-0.92698],[121.6961,-0.93006],[121.69732,-0.93187],[121.69795,-0.93225],[121.70137,-0.93241],[121.70244,-0.93362],[121.70397,-0.93417],[121.70568,-0.93743],[121.7069,-0.93777],[121.71129,-0.94184],[121.70934,-0.94319],[121.70922,-0.94451],[121.70838,-0.94635],[121.70873,-0.94793],[121.70979,-0.94956],[121.71181,-0.94959],[121.71334,-0.95147],[121.71799,-0.95308],[121.71979,-0.95295],[121.7209,-0.95198],[121.72239,-0.95315],[121.72415,-0.95322],[121.72501,-0.95284],[121.72527,-0.95341],[121.72665,-0.95338],[121.72936,-0.95193],[121.73178,-0.95326],[121.73338,-0.95676],[121.73492,-0.95776],[121.73604,-0.95907],[121.73936,-0.95963],[121.74121,-0.96108],[121.74299,-0.96165],[121.74458,-0.96315],[121.74674,-0.96367],[121.74969,-0.96506],[121.7533,-0.96506],[121.75508,-0.96621],[121.75762,-0.96962],[121.7596,-0.97078],[121.76627,-0.97087],[121.7674,-0.97129],[121.76605,-0.97214],[121.76733,-0.97174],[121.76754,-0.97038],[121.76912,-0.97146],[121.77064,-0.97183],[121.77412,-0.97082],[121.77835,-0.97073],[121.78154,-0.96941],[121.78223,-0.9686],[121.78268,-0.96712],[121.78431,-0.96564],[121.78598,-0.96813],[121.78678,-0.96847],[121.78642,-0.97009],[121.78783,-0.96936],[121.78533,-0.96602],[121.7854,-0.96532],[121.78637,-0.96551],[121.78688,-0.96477],[121.78832,-0.96429],[121.78925,-0.96322],[121.79168,-0.96202],[121.79322,-0.96053],[121.7981,-0.96146],[121.79901,-0.9623],[121.80268,-0.96321],[121.8044,-0.96424],[121.80647,-0.96419],[121.8089,-0.9627],[121.81043,-0.95863],[121.81309,-0.95717],[121.81511,-0.95696],[121.8168,-0.95793],[121.81896,-0.95752],[121.81926,-0.95788],[121.8186,-0.96028],[121.82122,-0.95799],[121.8229,-0.95903],[121.82386,-0.96037],[121.82456,-0.96335],[121.82437,-0.96389],[121.8248,-0.96462],[121.82737,-0.96628],[121.82904,-0.96641],[121.8296,-0.96754],[121.83169,-0.96893],[121.8359,-0.96863],[121.83725,-0.96921],[121.84724,-0.96936],[121.84976,-0.97021],[121.85157,-0.97035],[121.85426,-0.96889],[121.85477,-0.96971],[121.85504,-0.97095],[121.85478,-0.97168],[121.85152,-0.97628],[121.85068,-0.97931],[121.85051,-0.98156],[121.8516,-0.98351],[121.85166,-0.98542],[121.85132,-0.98619],[121.85162,-0.98844],[121.85208,-0.98866],[121.85223,-0.99139],[121.85175,-0.99401],[121.85497,-0.99773],[121.8556,-0.99971],[121.85558,-1.00153],[121.85416,-1.00298],[121.8551,-1.006],[121.85452,-1.00742],[121.85369,-1.01317],[121.85839,-1.01942],[121.85815,-1.02105],[121.8566,-1.0233],[121.85672,-1.02413],[121.86021,-1.02764],[121.85944,-1.03668],[121.85681,-1.04368],[121.8555,-1.04938],[121.84806,-1.06032],[121.84324,-1.06426],[121.8393,-1.06908],[121.83799,-1.07345],[121.83492,-1.07608],[121.83273,-1.08002],[121.82923,-1.08834],[121.82442,-1.10279],[121.8196,-1.12861],[121.81654,-1.13781],[121.81478,-1.14613],[121.81216,-1.15225],[121.7999,-1.17195],[121.79727,-1.18115],[121.79246,-1.18684],[121.78808,-1.18815],[121.78545,-1.19253],[121.78545,-1.20381],[121.78386,-1.20334],[121.78062,-1.20074],[121.77861,-1.20028],[121.77732,-1.19759],[121.77425,-1.19542],[121.77326,-1.19376],[121.77197,-1.19378],[121.77132,-1.19478],[121.76832,-1.19593],[121.76699,-1.19591],[121.76541,-1.19929],[121.76371,-1.19835],[121.76056,-1.1975],[121.75885,-1.19797],[121.75344,-1.19743],[121.7512,-1.19762],[121.74879,-1.19715],[121.74718,-1.19742],[121.74495,-1.19619],[121.74128,-1.19573],[121.73795,-1.19597],[121.73591,-1.19341],[121.73483,-1.193],[121.73259,-1.19293],[121.73001,-1.19171],[121.72814,-1.19142],[121.72645,-1.18943],[121.72613,-1.18712],[121.72417,-1.18622],[121.72144,-1.18405],[121.71899,-1.1827],[121.71745,-1.18045],[121.71756,-1.17893],[121.71588,-1.17844],[121.7153,-1.17772],[121.71437,-1.17744],[121.70891,-1.17285],[121.70784,-1.16698],[121.70636,-1.16443],[121.70575,-1.16092],[121.70349,-1.15552],[121.70243,-1.15524],[121.70127,-1.15556],[121.69867,-1.1549],[121.69369,-1.15139],[121.69193,-1.15163],[121.69044,-1.1511],[121.69036,-1.14992],[121.6889,-1.14869],[121.68772,-1.14857],[121.68505,-1.14096],[121.6841,-1.14055],[121.68361,-1.13964],[121.68142,-1.13788],[121.67929,-1.13651],[121.6774,-1.13593],[121.67331,-1.13282],[121.67258,-1.12838],[121.67192,-1.12683],[121.67018,-1.12453],[121.66692,-1.12357],[121.66576,-1.12113],[121.66358,-1.1211],[121.65965,-1.12203],[121.65717,-1.12651],[121.65509,-1.12802],[121.65311,-1.13091],[121.65194,-1.13472],[121.64894,-1.13688],[121.6481,-1.13807],[121.64655,-1.13863],[121.64617,-1.14028],[121.64537,-1.14058],[121.64426,-1.1421],[121.64269,-1.14264],[121.64086,-1.14403],[121.64027,-1.14606],[121.64022,-1.14998],[121.63883,-1.15185],[121.63811,-1.15502],[121.63653,-1.15923],[121.63557,-1.16034],[121.63198,-1.15557],[121.62995,-1.15175],[121.62862,-1.15084],[121.625,-1.1496],[121.61772,-1.14989],[121.61404,-1.14854],[121.61297,-1.14633],[121.61246,-1.14399],[121.60913,-1.14147],[121.60517,-1.13994],[121.60309,-1.13729],[121.5983,-1.1338],[121.59374,-1.13148],[121.5914,-1.12897],[121.5901,-1.125],[121.59007,-1.12059],[121.5904,-1.11604],[121.59086,-1.11446],[121.59022,-1.11159],[121.59042,-1.10991],[121.58715,-1.10835],[121.58499,-1.10795],[121.58264,-1.10625],[121.5829,-1.10579],[121.5824,-1.10396],[121.58232,-1.09681],[121.58147,-1.09377],[121.57974,-1.0906],[121.57773,-1.08804],[121.57537,-1.08355],[121.57157,-1.08152],[121.57329,-1.08127],[121.57486,-1.0804],[121.57675,-1.08059],[121.5797,-1.07765],[121.58107,-1.07704],[121.5833,-1.07733],[121.58423,-1.07801],[121.58705,-1.07873],[121.58741,-1.07793],[121.58916,-1.07654],[121.59068,-1.07611],[121.59176,-1.07506],[121.59205,-1.0742],[121.59401,-1.07391],[121.5967,-1.06931],[121.60204,-1.06832],[121.60359,-1.06737],[121.60445,-1.06592],[121.60554,-1.06543],[121.60514,-1.06321],[121.60413,-1.06208],[121.60394,-1.06071],[121.60247,-1.06008],[121.60083,-1.05809],[121.60081,-1.0564],[121.59978,-1.05558],[121.59913,-1.05421],[121.60217,-1.0525],[121.60584,-1.05204],[121.60703,-1.05129],[121.60796,-1.04965],[121.60869,-1.04688],[121.60793,-1.04393],[121.60741,-1.03943],[121.60967,-1.03359],[121.60988,-1.03019],[121.60881,-1.02939],[121.6113,-1.02865],[121.61311,-1.02571],[121.61447,-1.02154],[121.61837,-1.01692],[121.61912,-1.01453],[121.62082,-1.01237],[121.62148,-1.00854],[121.62153,-1.00357],[121.62673,-1.00128],[121.62925,-0.9984],[121.62917,-0.9949],[121.63009,-0.99106],[121.62944,-0.98779],[121.63017,-0.98598],[121.63035,-0.98349],[121.63417,-0.97991],[121.63391,-0.97913],[121.63255,-0.9782],[121.63232,-0.97751],[121.63122,-0.97705],[121.6296,-0.97417],[121.62928,-0.97285],[121.62615,-0.97123],[121.62566,-0.9706],[121.62461,-0.97073],[121.62333,-0.96958],[121.62225,-0.96742],[121.61949,-0.96419],[121.61978,-0.96172],[121.62228,-0.95927],[121.62244,-0.95599],[121.62352,-0.95353],[121.62261,-0.95333],[121.62064,-0.95152],[121.62027,-0.94746],[121.61749,-0.94565],[121.61583,-0.94333],[121.61732,-0.93885],[121.61733,-0.93501],[121.61674,-0.934],[121.61641,-0.9306],[121.61695,-0.92809],[121.61678,-0.92662],[121.61747,-0.92531],[121.61736,-0.92428],[121.61866,-0.92298],[121.61839,-0.92099],[121.61766,-0.91967],[121.61678,-0.91447],[121.6159,-0.91284],[121.61618,-0.9111],[121.61555,-0.90985],[121.61534,-0.90665],[121.6178,-0.90069],[121.61921,-0.89486],[121.61925,-0.89287],[121.61758,-0.88954],[121.61633,-0.88921],[121.61687,-0.88781],[121.61701,-0.88442],[121.61504,-0.88275],[121.61469,-0.88087],[121.61375,-0.88],[121.61285,-0.87809],[121.61145,-0.877],[121.61115,-0.87437],[121.61123,-0.87356],[121.61226,-0.87191],[121.61636,-0.8674],[121.61676,-0.86652],[121.61713,-0.85309],[121.61837,-0.84608],[121.61934,-0.84338],[121.62242,-0.83821],[121.62678,-0.83537],[121.62997,-0.8325],[121.63106,-0.83005],[121.63244,-0.82856],[121.63417,-0.82386],[121.63657,-0.81948],[121.63865,-0.81854],[121.641,-0.81895],[121.64065,-0.81796],[121.6423,-0.81594],[121.64426,-0.81539],[121.64597,-0.81439],[121.64936,-0.81134],[121.65206,-0.80742],[121.65232,-0.80592],[121.65364,-0.80414],[121.65469,-0.80495],[121.6563,-0.80767],[121.65978,-0.80889],[121.66034,-0.81013],[121.66128,-0.81049],[121.66246,-0.81288],[121.66217,-0.81409],[121.66377,-0.81895]]],[[[121.76999,-0.7389],[121.77052,-0.73888],[121.76949,-0.74011],[121.76907,-0.7432],[121.76732,-0.74555],[121.76733,-0.75084],[121.76768,-0.75174],[121.76744,-0.75417],[121.76501,-0.75197],[121.76271,-0.75175],[121.75991,-0.74872],[121.75732,-0.74472],[121.75683,-0.74341],[121.75675,-0.74161],[121.75922,-0.7404],[121.75961,-0.73905],[121.76442,-0.74023],[121.76611,-0.74013],[121.76755,-0.73912],[121.76999,-0.7389]]]]}},{"type":"Feature","properties":{"NAMOBJ":"Ampana Kota","KODE_KAB":7209},"geometry":{"type":"MultiPolygon","coordinates":[[[[121.60881,-1.02939],[121.60988,-1.03019],[121.60967,-1.03359],[121.60741,-1.03943],[121.60793,-1.04393],[121.60869,-1.04688],[121.6081,-1.04936],[121.60703,-1.05129],[121.60584,-1.05204],[121.60217,-1.0525],[121.59913,-1.05421],[121.59978,-1.05558],[121.60081,-1.0564],[121.60083,-1.05809],[121.60247,-1.06008],[121.60394,-1.06071],[121.60413,-1.06208],[121.60514,-1.06321],[121.60554,-1.06543],[121.60445,-1.06592],[121.60359,-1.06737],[121.60204,-1.06832],[121.5967,-1.06931],[121.59401,-1.07391],[121.59205,-1.0742],[121.59176,-1.07506],[121.59068,-1.07611],[121.58916,-1.07654],[121.58691,-1.07876],[121.58423,-1.07801],[121.5833,-1.07733],[121.58107,-1.07704],[121.5797,-1.07765],[121.57675,-1.08059],[121.57486,-1.0804],[121.57329,-1.08127],[121.57157,-1.08152],[121.57024,-1.08042],[121.56884,-1.0784],[121.56801,-1.07348],[121.56602,-1.06873],[121.57002,-1.06116],[121.57051,-1.05928],[121.56786,-1.04939],[121.56798,-1.04553],[121.56877,-1.04423],[121.56887,-1.04071],[121.5682,-1.03867],[121.56746,-1.03778],[121.5663,-1.03738],[121.56238,-1.03922],[121.55863,-1.04221],[121.5555,-1.04176],[121.55355,-1.04248],[121.55044,-1.04177],[121.54684,-1.04195],[121.54341,-1.04153],[121.54761,-1.03652],[121.55012,-1.0294],[121.54949,-1.02411],[121.54989,-1.01912],[121.54945,-1.01592],[121.54962,-1.0094],[121.55137,-1.00444],[121.55033,-1.0037],[121.54964,-1.0025],[121.54957,-1.00149],[121.55021,-0.99977],[121.5472,-0.99707],[121.54414,-0.9958],[121.54228,-0.99411],[121.54167,-0.99302],[121.53993,-0.9919],[121.53918,-0.98722],[121.53776,-0.98526],[121.5381,-0.98303],[121.53756,-0.9791],[121.53578,-0.97804],[121.53544,-0.97739],[121.53541,-0.97646],[121.5362,-0.97516],[121.53649,-0.97057],[121.53618,-0.96743],[121.53395,-0.96598],[121.53309,-0.96584],[121.53284,-0.9646],[121.53206,-0.96365],[121.53014,-0.9624],[121.52244,-0.96071],[121.51902,-0.95917],[121.51763,-0.95814],[121.51391,-0.95375],[121.51368,-0.95067],[121.51133,-0.94598],[121.51148,-0.93719],[121.51202,-0.93613],[121.51202,-0.93378],[121.51084,-0.92934],[121.5114,-0.92869],[121.51242,-0.92383],[121.51352,-0.92216],[121.50876,-0.91849],[121.50861,-0.9155],[121.50719,-0.9153],[121.50631,-0.9141],[121.50735,-0.91113],[121.50891,-0.90863],[121.51037,-0.90866],[121.51218,-0.90789],[121.51443,-0.90578],[121.51579,-0.90515],[121.51593,-0.90431],[121.5151,-0.90269],[121.51664,-0.8939],[121.51977,-0.88877],[121.52098,-0.88469],[121.52437,-0.88347],[121.52768,-0.8817],[121.53603,-0.87432],[121.53834,-0.87283],[121.5395,-0.87254],[121.54138,-0.87323],[121.543,-0.87315],[121.54757,-0.8743],[121.55073,-0.87401],[121.55243,-0.87349],[121.55759,-0.87026],[121.56173,-0.86677],[121.56719,-0.86754],[121.57189,-0.86722],[121.57425,-0.866],[121.57638,-0.86631],[121.57725,-0.86592],[121.57755,-0.86651],[121.5775,-0.86914],[121.57876,-0.87242],[121.57876,-0.87494],[121.5784,-0.87562],[121.57866,-0.87638],[121.58061,-0.87855],[121.58015,-0.8846],[121.57806,-0.88681],[121.57782,-0.88843],[121.57825,-0.88969],[121.57812,-0.8919],[121.57854,-0.89357],[121.57917,-0.8944],[121.57873,-0.89592],[121.57882,-0.89771],[121.58073,-0.89927],[121.58062,-0.90033],[121.58119,-0.90102],[121.58039,-0.90201],[121.58018,-0.90378],[121.57878,-0.90519],[121.57882,-0.90648],[121.57789,-0.90755],[121.57699,-0.91034],[121.577,-0.91294],[121.57901,-0.91545],[121.58006,-0.91932],[121.58089,-0.92122],[121.58232,-0.92258],[121.58244,-0.9236],[121.5844,-0.9253],[121.58514,-0.92705],[121.58634,-0.9272],[121.58664,-0.92802],[121.58909,-0.93003],[121.58911,-0.9318],[121.59036,-0.93308],[121.59047,-0.93497],[121.59166,-0.93603],[121.59248,-0.93776],[121.59222,-0.9388],[121.59279,-0.9395],[121.59274,-0.94043],[121.59421,-0.94293],[121.59409,-0.94428],[121.59511,-0.94557],[121.59445,-0.94814],[121.59374,-0.94896],[121.59369,-0.95112],[121.59267,-0.95165],[121.59228,-0.95293],[121.59103,-0.95437],[121.58913,-0.95496],[121.58868,-0.95655],[121.58783,-0.95749],[121.58686,-0.958],[121.58526,-0.95777],[121.58495,-0.95803],[121.58388,-0.96118],[121.58415,-0.96353],[121.58358,-0.96474],[121.58278,-0.96534],[121.58232,-0.96913],[121.58348,-0.97004],[121.58321,-0.97161],[121.58363,-0.9752],[121.5848,-0.9774],[121.58383,-0.97941],[121.5845,-0.98062],[121.58374,-0.98158],[121.58475,-0.98278],[121.58714,-0.98421],[121.58708,-0.98546],[121.58744,-0.98607],[121.58708,-0.98814],[121.58498,-0.98933],[121.58845,-0.99224],[121.58928,-0.99537],[121.59266,-0.99841],[121.59399,-1.00113],[121.59435,-1.00298],[121.59579,-1.00401],[121.59504,-1.00814],[121.59402,-1.01019],[121.59273,-1.01159],[121.59383,-1.01477],[121.59553,-1.01542],[121.59639,-1.01624],[121.59802,-1.01659],[121.59978,-1.01796],[121.60277,-1.02177],[121.60335,-1.02351],[121.60475,-1.02456],[121.60881,-1.02939]]]]}},{"type":"Feature","properties":{"NAMOBJ":"Ratolindo","KODE_KAB":7209},"geometry":{"type":"MultiPolygon","coordinates":[[[[121.59049,-0.83497],[121.5904,-0.83501],[121.5905,-0.83494],[121.59051,-0.83493],[121.59049,-0.83497]]],[[[121.65327,-0.80469],[121.65232,-0.80592],[121.65206,-0.80742],[121.64936,-0.81134],[121.64597,-0.81439],[121.64426,-0.81539],[121.6423,-0.81594],[121.64065,-0.81796],[121.641,-0.81895],[121.63865,-0.81854],[121.63657,-0.81948],[121.63417,-0.82386],[121.63244,-0.82856],[121.63106,-0.83005],[121.62997,-0.8325],[121.62678,-0.83537],[121.62347,-0.83731],[121.62121,-0.83985],[121.61837,-0.84608],[121.61713,-0.85309],[121.61665,-0.86694],[121.61311,-0.87075],[121.61123,-0.87356],[121.61145,-0.877],[121.61285,-0.87809],[121.61375,-0.88],[121.61469,-0.88087],[121.61504,-0.88275],[121.61701,-0.88442],[121.61687,-0.88781],[121.61633,-0.88921],[121.61758,-0.88954],[121.61925,-0.89287],[121.61921,-0.89486],[121.6178,-0.90069],[121.61534,-0.90665],[121.61555,-0.90985],[121.61618,-0.9111],[121.6159,-0.91284],[121.61678,-0.91447],[121.61766,-0.91967],[121.61839,-0.92099],[121.61866,-0.92298],[121.61736,-0.92428],[121.61747,-0.92531],[121.61678,-0.92662],[121.61695,-0.92809],[121.61641,-0.9306],[121.61674,-0.934],[121.61733,-0.93501],[121.61732,-0.93885],[121.61583,-0.94333],[121.61749,-0.94565],[121.62027,-0.94746],[121.62064,-0.95152],[121.62261,-0.95333],[121.62352,-0.95353],[121.62244,-0.95599],[121.62228,-0.95927],[121.61978,-0.96172],[121.61949,-0.96419],[121.62225,-0.96742],[121.62333,-0.96958],[121.62461,-0.97073],[121.62566,-0.9706],[121.62615,-0.97123],[121.62928,-0.97285],[121.6296,-0.97417],[121.63122,-0.97705],[121.63232,-0.97751],[121.63255,-0.9782],[121.63391,-0.97913],[121.63417,-0.97991],[121.63035,-0.98349],[121.63017,-0.98598],[121.62944,-0.98779],[121.63009,-0.99106],[121.62917,-0.9949],[121.62925,-0.9984],[121.62673,-1.00128],[121.62153,-1.00357],[121.62148,-1.00854],[121.62082,-1.01237],[121.61912,-1.01453],[121.61837,-1.01692],[121.61447,-1.02154],[121.61311,-1.02571],[121.6113,-1.02865],[121.60881,-1.02939],[121.60475,-1.02456],[121.60335,-1.02351],[121.60277,-1.02177],[121.59978,-1.01796],[121.59802,-1.01659],[121.59639,-1.01624],[121.59553,-1.01542],[121.59383,-1.01477],[121.59273,-1.01159],[121.59402,-1.01019],[121.59504,-1.00814],[121.59579,-1.00401],[121.59435,-1.00298],[121.59399,-1.00113],[121.59266,-0.99841],[121.58928,-0.99537],[121.58845,-0.99224],[121.58498,-0.98933],[121.58708,-0.98814],[121.58744,-0.98607],[121.58708,-0.98546],[121.58714,-0.98421],[121.58475,-0.98278],[121.58374,-0.98158],[121.5845,-0.98062],[121.58383,-0.97941],[121.5848,-0.9774],[121.58363,-0.9752],[121.58321,-0.97161],[121.58348,-0.97004],[121.58232,-0.96913],[121.58278,-0.96534],[121.58358,-0.96474],[121.58415,-0.96353],[121.58388,-0.96118],[121.58495,-0.95803],[121.58526,-0.95777],[121.58686,-0.958],[121.58783,-0.95749],[121.58868,-0.95655],[121.58913,-0.95496],[121.59103,-0.95437],[121.59228,-0.95293],[121.59267,-0.95165],[121.59369,-0.95112],[121.59374,-0.94896],[121.59445,-0.94814],[121.59511,-0.94557],[121.59409,-0.94428],[121.59421,-0.94293],[121.59274,-0.94043],[121.59279,-0.9395],[121.59222,-0.9388],[121.59248,-0.93776],[121.59166,-0.93603],[121.59047,-0.93497],[121.59036,-0.93308],[121.58911,-0.9318],[121.58909,-0.93003],[121.58664,-0.92802],[121.58634,-0.9272],[121.58514,-0.92705],[121.5844,-0.9253],[121.58244,-0.9236],[121.58232,-0.92258],[121.58089,-0.92122],[121.58006,-0.91932],[121.57901,-0.91545],[121.577,-0.91294],[121.57699,-0.91034],[121.57789,-0.90755],[121.57882,-0.90648],[121.57878,-0.90519],[121.58018,-0.90378],[121.58039,-0.90201],[121.58119,-0.90102],[121.58062,-0.90033],[121.58073,-0.89927],[121.57922,-0.89832],[121.57873,-0.89742],[121.57917,-0.8944],[121.57814,-0.89204],[121.57825,-0.88969],[121.57783,-0.88827],[121.57814,-0.88657],[121.58015,-0.8846],[121.58061,-0.87855],[121.57866,-0.87638],[121.5784,-0.87562],[121.57876,-0.87494],[121.57876,-0.8724],[121.5775,-0.86914],[121.57764,-0.86707],[121.57725,-0.86592],[121.57869,-0.86571],[121.58067,-0.8669],[121.5845,-0.86742],[121.58686,-0.86696],[121.58875,-0.866],[121.59191,-0.86355],[121.59535,-0.86007],[121.60167,-0.85173],[121.60139,-0.85091],[121.60177,-0.84602],[121.60054,-0.8433],[121.59633,-0.84268],[121.59521,-0.84151],[121.59745,-0.83938],[121.59752,-0.83813],[121.5961,-0.83774],[121.59452,-0.83791],[121.59381,-0.83722],[121.59472,-0.83556],[121.59621,-0.8355],[121.59659,-0.835],[121.59381,-0.83423],[121.59128,-0.8342],[121.59189,-0.8326],[121.59396,-0.83034],[121.59394,-0.82955],[121.59487,-0.82942],[121.59585,-0.82853],[121.59704,-0.82523],[121.6012,-0.82584],[121.60217,-0.82632],[121.60408,-0.82619],[121.60467,-0.82675],[121.60638,-0.82699],[121.60864,-0.82593],[121.60982,-0.82479],[121.6111,-0.8226],[121.61207,-0.82247],[121.61381,-0.8196],[121.61596,-0.81788],[121.61743,-0.81532],[121.62077,-0.81463],[121.6233,-0.81215],[121.62749,-0.81033],[121.62832,-0.80922],[121.63388,-0.807],[121.6349,-0.80713],[121.63576,-0.80677],[121.63936,-0.80719],[121.64348,-0.80575],[121.64459,-0.80608],[121.64683,-0.80598],[121.64938,-0.80471],[121.65161,-0.80458],[121.65298,-0.80365],[121.65371,-0.80249],[121.65364,-0.80414],[121.65327,-0.80469]]]]}},{"type":"Feature","properties":{"NAMOBJ":"Una-Una","KODE_KAB":7209},"geometry":{"type":"MultiPolygon","coordinates":[[[[121.63049,-0.59108],[121.62921,-0.59342],[121.62825,-0.59391],[121.62592,-0.59398],[121.62247,-0.59221],[121.62121,-0.59003],[121.62194,-0.58949],[121.62428,-0.59121],[121.62436,-0.59199],[121.62533,-0.59249],[121.62586,-0.59211],[121.62616,-0.59094],[121.62779,-0.59124],[121.62854,-0.58958],[121.62932,-0.58903],[121.63,-0.58917],[121.63049,-0.59108]]],[[[121.62917,-0.58883],[121.62706,-0.58893],[121.62438,-0.59033],[121.6232,-0.59011],[121.6226,-0.58923],[121.62408,-0.58834],[121.62672,-0.58295],[121.62773,-0.58417],[121.62939,-0.58785],[121.62954,-0.58846],[121.62917,-0.58883]]],[[[121.67413,-0.57588],[121.67406,-0.57588],[121.67402,-0.57586],[121.67401,-0.5758],[121.67403,-0.57577],[121.67406,-0.57574],[121.6741,-0.57572],[121.67412,-0.57572],[121.67422,-0.57572],[121.67428,-0.57574],[121.6743,-0.57579],[121.67428,-0.57585],[121.67422,-0.57586],[121.67413,-0.57588]]],[[[121.6554,-0.56661],[121.65538,-0.56662],[121.65538,-0.56662],[121.65536,-0.56655],[121.65543,-0.56646],[121.65543,-0.56649],[121.65543,-0.56658],[121.65542,-0.5666],[121.6554,-0.56661]]],[[[121.65535,-0.53905],[121.65525,-0.53909],[121.65521,-0.53905],[121.65523,-0.539],[121.6553,-0.53882],[121.65533,-0.53875],[121.65536,-0.53875],[121.6554,-0.5388],[121.65542,-0.53885],[121.6554,-0.53895],[121.65535,-0.53905]]],[[[121.64518,-0.53586],[121.6451,-0.53589],[121.64494,-0.53589],[121.64491,-0.53587],[121.64491,-0.53587],[121.64508,-0.53581],[121.64522,-0.53581],[121.64522,-0.53582],[121.64518,-0.53586]]],[[[121.65803,-0.53495],[121.65798,-0.53496],[121.65795,-0.53494],[121.65794,-0.53492],[121.65794,-0.53487],[121.65795,-0.53478],[121.658,-0.53465],[121.65806,-0.53452],[121.65812,-0.53442],[121.65813,-0.53442],[121.65823,-0.53447],[121.65823,-0.5346],[121.6582,-0.53475],[121.65807,-0.53493],[121.65806,-0.53494],[121.65803,-0.53495]]],[[[121.66987,-0.52842],[121.66981,-0.52846],[121.66975,-0.52846],[121.66967,-0.52846],[121.66961,-0.52851],[121.66959,-0.52862],[121.66956,-0.52861],[121.66953,-0.52854],[121.66949,-0.52847],[121.66945,-0.52845],[121.66941,-0.52846],[121.66932,-0.52846],[121.6693,-0.52843],[121.6693,-0.52837],[121.66936,-0.52828],[121.66944,-0.52821],[121.66952,-0.52818],[121.66971,-0.52819],[121.66982,-0.52823],[121.6699,-0.5283],[121.6699,-0.52832],[121.6699,-0.52834],[121.66989,-0.52836],[121.66988,-0.52839],[121.66987,-0.52841],[121.66987,-0.52842]]],[[[121.66703,-0.51901],[121.66644,-0.51893],[121.66678,-0.51871],[121.66703,-0.51901]]],[[[121.91695,-0.5182],[121.91683,-0.51793],[121.9172,-0.5179],[121.91695,-0.5182]]],[[[121.917,-0.5177],[121.91694,-0.5177],[121.91684,-0.51764],[121.91682,-0.51762],[121.91687,-0.51762],[121.91698,-0.51762],[121.91713,-0.51767],[121.9171,-0.5177],[121.917,-0.5177]]],[[[121.87308,-0.52218],[121.87316,-0.52289],[121.87275,-0.52306],[121.87183,-0.52232],[121.87203,-0.52378],[121.87256,-0.52428],[121.87226,-0.52525],[121.87358,-0.52637],[121.87389,-0.52723],[121.87319,-0.53042],[121.87086,-0.52958],[121.87047,-0.52861],[121.86874,-0.52678],[121.86778,-0.52711],[121.86683,-0.52884],[121.86513,-0.52952],[121.86427,-0.52928],[121.86152,-0.52709],[121.861,-0.52427],[121.8628,-0.5225],[121.865,-0.51799],[121.8663,-0.51712],[121.86838,-0.51656],[121.87114,-0.51424],[121.87178,-0.51457],[121.87157,-0.51659],[121.87223,-0.51857],[121.87298,-0.51897],[121.87324,-0.52003],[121.87308,-0.52218]]],[[[121.8716,-0.51401],[121.87104,-0.51393],[121.87107,-0.51363],[121.87158,-0.51357],[121.8716,-0.51401]]],[[[121.74732,-0.51135],[121.74753,-0.51189],[121.74701,-0.51178],[121.74732,-0.51135]]],[[[121.754,-0.5095],[121.754,-0.5095],[121.75398,-0.5095],[121.75388,-0.50945],[121.75383,-0.50939],[121.75381,-0.50933],[121.75381,-0.50933],[121.75391,-0.50935],[121.75398,-0.5094],[121.754,-0.5095]]],[[[121.75922,-0.50988],[121.75913,-0.50957],[121.76022,-0.50938],[121.75922,-0.50988]]],[[[121.76052,-0.5094],[121.76076,-0.50904],[121.76111,-0.50935],[121.76052,-0.5094]]],[[[121.75719,-0.51025],[121.75688,-0.5101],[121.75722,-0.50944],[121.75856,-0.50905],[121.75719,-0.51025]]],[[[121.75469,-0.50809],[121.75458,-0.5082],[121.75454,-0.50819],[121.75444,-0.50814],[121.75439,-0.5081],[121.75432,-0.50802],[121.75429,-0.50795],[121.75429,-0.50794],[121.75431,-0.50789],[121.75436,-0.50786],[121.7544,-0.50783],[121.75446,-0.50783],[121.75453,-0.50783],[121.75457,-0.50784],[121.75462,-0.50786],[121.75467,-0.50791],[121.75468,-0.50795],[121.75469,-0.50799],[121.7547,-0.50804],[121.75469,-0.50809]]],[[[121.76866,-0.5079],[121.76802,-0.50761],[121.76871,-0.50749],[121.76866,-0.5079]]],[[[121.7548,-0.50778],[121.75473,-0.50781],[121.75471,-0.5078],[121.75463,-0.50777],[121.75461,-0.50775],[121.75457,-0.50774],[121.75454,-0.50772],[121.7545,-0.5077],[121.75446,-0.50763],[121.75446,-0.50757],[121.75447,-0.50751],[121.75448,-0.50744],[121.75454,-0.50738],[121.75459,-0.50734],[121.75464,-0.50734],[121.75469,-0.50734],[121.7548,-0.50739],[121.75485,-0.50745],[121.75488,-0.50752],[121.75488,-0.5076],[121.75485,-0.5077],[121.7548,-0.50778]]],[[[121.75513,-0.50739],[121.75507,-0.5074],[121.75501,-0.50738],[121.75499,-0.5073],[121.755,-0.5072],[121.75506,-0.50714],[121.75516,-0.50713],[121.75523,-0.50716],[121.75526,-0.50723],[121.75527,-0.50731],[121.7552,-0.50736],[121.75513,-0.50739]]],[[[121.75644,-0.50715],[121.75643,-0.50719],[121.75634,-0.50715],[121.75627,-0.5071],[121.75622,-0.50697],[121.75622,-0.50694],[121.75624,-0.50694],[121.75632,-0.50697],[121.75644,-0.50709],[121.75644,-0.50715]]],[[[121.73441,-0.50646],[121.7344,-0.50646],[121.73435,-0.50646],[121.73432,-0.50641],[121.73431,-0.50628],[121.73433,-0.50624],[121.73441,-0.50625],[121.73447,-0.50627],[121.7345,-0.50633],[121.7345,-0.50639],[121.73448,-0.50643],[121.73442,-0.50646],[121.73441,-0.50646]]],[[[121.73741,-0.50633],[121.73741,-0.50634],[121.73736,-0.50626],[121.73734,-0.50622],[121.73736,-0.50622],[121.73741,-0.50628],[121.73741,-0.50633]]],[[[121.73728,-0.50601],[121.73727,-0.50602],[121.73727,-0.506],[121.73727,-0.5059],[121.7373,-0.50581],[121.73731,-0.50583],[121.73735,-0.50587],[121.73735,-0.5059],[121.73735,-0.50595],[121.73733,-0.50599],[121.73728,-0.50601]]],[[[121.76068,-0.50557],[121.76029,-0.50505],[121.76078,-0.50519],[121.76068,-0.50557]]],[[[121.76093,-0.50526],[121.7609,-0.50526],[121.76087,-0.50522],[121.76084,-0.50518],[121.7608,-0.50514],[121.76078,-0.5051],[121.76076,-0.50506],[121.76074,-0.50504],[121.7607,-0.50498],[121.7607,-0.50492],[121.76075,-0.50488],[121.76081,-0.50486],[121.76086,-0.50485],[121.76093,-0.50486],[121.76097,-0.50489],[121.76101,-0.50495],[121.76102,-0.50502],[121.76102,-0.50516],[121.76097,-0.5052],[121.76093,-0.50526]]],[[[121.73709,-0.50458],[121.73708,-0.50463],[121.73708,-0.50462],[121.73705,-0.50464],[121.73703,-0.50464],[121.737,-0.50463],[121.73698,-0.50462],[121.73699,-0.50457],[121.73702,-0.50452],[121.73703,-0.50452],[121.73707,-0.50454],[121.73709,-0.50458]]],[[[121.76218,-0.50467],[121.76214,-0.50471],[121.76203,-0.5047],[121.7619,-0.50467],[121.76184,-0.50463],[121.76182,-0.50456],[121.76184,-0.5045],[121.76189,-0.50446],[121.76195,-0.50443],[121.76204,-0.50445],[121.76212,-0.50448],[121.76217,-0.50451],[121.76218,-0.5046],[121.76218,-0.50467]]],[[[121.73711,-0.50446],[121.73705,-0.50447],[121.73706,-0.50446],[121.7371,-0.50439],[121.7371,-0.5044],[121.73711,-0.50446]]],[[[121.73498,-0.50457],[121.7349,-0.50457],[121.73489,-0.50457],[121.73489,-0.50456],[121.73489,-0.50451],[121.7349,-0.50446],[121.73493,-0.50437],[121.73493,-0.50437],[121.73498,-0.50436],[121.73502,-0.50436],[121.73506,-0.50437],[121.73508,-0.50441],[121.73508,-0.50446],[121.73504,-0.50454],[121.73498,-0.50457]]],[[[121.73536,-0.5044],[121.73533,-0.50442],[121.73525,-0.50438],[121.73521,-0.50435],[121.73519,-0.50429],[121.73518,-0.50424],[121.73519,-0.5042],[121.73525,-0.50416],[121.73532,-0.50415],[121.73541,-0.50415],[121.73544,-0.50418],[121.73544,-0.50422],[121.73544,-0.50429],[121.73542,-0.50433],[121.7354,-0.50437],[121.73536,-0.5044]]],[[[121.73601,-0.50409],[121.73594,-0.5042],[121.73593,-0.50417],[121.73593,-0.50414],[121.73595,-0.50411],[121.73597,-0.50409],[121.73601,-0.50409]]],[[[121.85128,-0.50271],[121.8522,-0.50285],[121.85075,-0.50262],[121.85128,-0.50271]]],[[[121.73757,-0.50064],[121.73757,-0.50068],[121.73752,-0.50067],[121.73742,-0.50063],[121.7374,-0.5006],[121.7374,-0.50059],[121.73744,-0.50059],[121.73751,-0.50062],[121.73757,-0.50064]]],[[[121.8439,-0.50036],[121.84428,-0.50048],[121.84423,-0.50097],[121.84377,-0.5008],[121.8439,-0.50036]]],[[[121.74188,-0.50148],[121.7413,-0.50069],[121.74193,-0.50016],[121.74219,-0.50051],[121.74188,-0.50148]]],[[[121.74258,-0.50036],[121.74225,-0.50014],[121.74258,-0.49977],[121.74258,-0.50036]]],[[[121.7401,-0.49998],[121.74004,-0.5],[121.74001,-0.49999],[121.74001,-0.49999],[121.74001,-0.49997],[121.73999,-0.49994],[121.73999,-0.49994],[121.74,-0.49991],[121.74016,-0.49974],[121.74027,-0.49961],[121.74028,-0.4996],[121.74028,-0.4996],[121.7404,-0.4996],[121.74049,-0.49965],[121.74054,-0.49974],[121.74054,-0.49983],[121.74054,-0.49985],[121.74047,-0.49988],[121.74031,-0.49993],[121.7401,-0.49998]]],[[[121.74199,-0.49874],[121.74199,-0.49878],[121.74188,-0.49876],[121.74172,-0.49869],[121.74155,-0.49857],[121.74151,-0.4985],[121.74154,-0.49848],[121.7416,-0.49847],[121.74165,-0.49847],[121.74171,-0.49848],[121.74179,-0.49852],[121.74181,-0.49854],[121.74187,-0.49859],[121.74189,-0.49862],[121.74191,-0.49865],[121.74196,-0.49869],[121.74199,-0.49874]]],[[[121.74207,-0.4985],[121.74203,-0.49851],[121.74199,-0.49851],[121.74188,-0.49849],[121.74179,-0.49845],[121.74174,-0.49842],[121.74169,-0.49838],[121.74165,-0.49832],[121.74164,-0.49825],[121.74166,-0.49824],[121.74171,-0.49819],[121.74173,-0.49814],[121.74173,-0.49809],[121.74175,-0.49804],[121.74182,-0.49803],[121.742,-0.4981],[121.74206,-0.49815],[121.74212,-0.49821],[121.74215,-0.49827],[121.74218,-0.49831],[121.74217,-0.49848],[121.74215,-0.49848],[121.74207,-0.4985]]],[[[121.92412,-0.49024],[121.92396,-0.49085],[121.92343,-0.49067],[121.92335,-0.49026],[121.92412,-0.49024]]],[[[121.69086,-0.47895],[121.69069,-0.47901],[121.69058,-0.47897],[121.69052,-0.47886],[121.69052,-0.47879],[121.69053,-0.47873],[121.69056,-0.47871],[121.69062,-0.47866],[121.69073,-0.47868],[121.69078,-0.47869],[121.69087,-0.47873],[121.69089,-0.4788],[121.69089,-0.47886],[121.69086,-0.47895]]],[[[121.69097,-0.47816],[121.69054,-0.47763],[121.69126,-0.47761],[121.69097,-0.47816]]],[[[121.68994,-0.47782],[121.68997,-0.4771],[121.69022,-0.47745],[121.68994,-0.47782]]],[[[121.69904,-0.47667],[121.69891,-0.47745],[121.69812,-0.47678],[121.69904,-0.47667]]],[[[121.69065,-0.47727],[121.69018,-0.47688],[121.69045,-0.4765],[121.69065,-0.47727]]],[[[121.68905,-0.47643],[121.68895,-0.47644],[121.68888,-0.47642],[121.68886,-0.47633],[121.68886,-0.47628],[121.68889,-0.47618],[121.68889,-0.47617],[121.68891,-0.47616],[121.689,-0.47616],[121.68905,-0.47616],[121.6891,-0.4762],[121.68912,-0.47634],[121.68905,-0.47643]]],[[[121.69297,-0.47612],[121.69292,-0.47624],[121.69291,-0.47624],[121.69287,-0.4762],[121.69282,-0.47612],[121.69281,-0.47601],[121.69283,-0.47596],[121.69284,-0.47596],[121.69295,-0.47603],[121.69297,-0.47612]]],[[[121.69568,-0.47601],[121.69568,-0.47601],[121.69565,-0.47601],[121.69559,-0.476],[121.69554,-0.47599],[121.69552,-0.47595],[121.6955,-0.47589],[121.69549,-0.47582],[121.69552,-0.47581],[121.69559,-0.47581],[121.69564,-0.47584],[121.69567,-0.47589],[121.69568,-0.47593],[121.69568,-0.47601]]],[[[121.69039,-0.47618],[121.68994,-0.47595],[121.69,-0.47558],[121.69044,-0.47573],[121.69039,-0.47618]]],[[[121.69199,-0.47738],[121.69074,-0.47639],[121.69063,-0.47578],[121.69095,-0.47551],[121.6916,-0.47562],[121.6915,-0.47651],[121.69203,-0.47674],[121.69199,-0.47738]]],[[[121.69371,-0.47524],[121.6936,-0.47526],[121.69357,-0.47524],[121.69359,-0.47517],[121.69359,-0.47513],[121.69357,-0.47504],[121.69357,-0.47498],[121.69359,-0.47496],[121.69363,-0.47496],[121.69367,-0.47498],[121.69373,-0.47501],[121.69374,-0.47508],[121.69377,-0.47516],[121.69371,-0.47524]]],[[[121.69006,-0.4751],[121.69003,-0.4751],[121.68997,-0.47509],[121.68991,-0.47507],[121.68991,-0.47506],[121.68991,-0.47498],[121.68992,-0.47492],[121.68997,-0.4749],[121.69005,-0.4749],[121.69006,-0.4749],[121.69011,-0.47499],[121.69006,-0.4751]]],[[[121.69521,-0.47571],[121.69487,-0.47557],[121.69476,-0.47472],[121.69542,-0.47487],[121.69521,-0.47571]]],[[[121.694,-0.47479],[121.69395,-0.47479],[121.69391,-0.47477],[121.6939,-0.47474],[121.69391,-0.4747],[121.69394,-0.47471],[121.69398,-0.47474],[121.694,-0.47479],[121.694,-0.47479]]],[[[121.69561,-0.4746],[121.69562,-0.47461],[121.69551,-0.4745],[121.69551,-0.4745],[121.69561,-0.4746]]],[[[121.6938,-0.47306],[121.69534,-0.47312],[121.69351,-0.47416],[121.69287,-0.47379],[121.6938,-0.47306]]],[[[121.71753,-0.47445],[121.7168,-0.4742],[121.71613,-0.47324],[121.7178,-0.47289],[121.71793,-0.47398],[121.71753,-0.47445]]],[[[121.92977,-0.47475],[121.92849,-0.47443],[121.9289,-0.47337],[121.92879,-0.47221],[121.92985,-0.47323],[121.92977,-0.47475]]],[[[121.69637,-0.47288],[121.69552,-0.47292],[121.69543,-0.47232],[121.69641,-0.47222],[121.69637,-0.47288]]],[[[121.69369,-0.47261],[121.69368,-0.47261],[121.69368,-0.4726],[121.6936,-0.47258],[121.6935,-0.47256],[121.6934,-0.47251],[121.69336,-0.47245],[121.69334,-0.47236],[121.69329,-0.47225],[121.69324,-0.47212],[121.69324,-0.47205],[121.69324,-0.47197],[121.69323,-0.47181],[121.69327,-0.47181],[121.69327,-0.47183],[121.69344,-0.47193],[121.6936,-0.4721],[121.69366,-0.47234],[121.69369,-0.47251],[121.6937,-0.47257],[121.69369,-0.47261]]],[[[121.924,-0.47319],[121.92274,-0.47182],[121.92397,-0.4722],[121.92434,-0.47283],[121.924,-0.47319]]],[[[121.69405,-0.47194],[121.69405,-0.47195],[121.694,-0.47191],[121.69395,-0.47178],[121.69398,-0.47183],[121.69405,-0.47194]]],[[[121.69498,-0.47208],[121.69395,-0.47139],[121.69476,-0.47146],[121.69498,-0.47208]]],[[[121.68395,-0.47099],[121.68391,-0.47101],[121.68387,-0.471],[121.68388,-0.47095],[121.68393,-0.4709],[121.68399,-0.47084],[121.68414,-0.47069],[121.68422,-0.47062],[121.68426,-0.47062],[121.68432,-0.47064],[121.68435,-0.47069],[121.68435,-0.47074],[121.6843,-0.47082],[121.68421,-0.47088],[121.68408,-0.47093],[121.68398,-0.47097],[121.68395,-0.47099]]],[[[121.68701,-0.47057],[121.68699,-0.47059],[121.68699,-0.47058],[121.68701,-0.47057]]],[[[121.68709,-0.47053],[121.68702,-0.47056],[121.68708,-0.47053],[121.68709,-0.47053],[121.68709,-0.47053]]],[[[121.69482,-0.47077],[121.69457,-0.47023],[121.69501,-0.47028],[121.69482,-0.47077]]],[[[121.69876,-0.47052],[121.69872,-0.47061],[121.69868,-0.47058],[121.69862,-0.47053],[121.69857,-0.4705],[121.69853,-0.47047],[121.69851,-0.47041],[121.69853,-0.47032],[121.69857,-0.47012],[121.69862,-0.46999],[121.69862,-0.46998],[121.69868,-0.46998],[121.69875,-0.47006],[121.69879,-0.47021],[121.69879,-0.47039],[121.69876,-0.47052]]],[[[121.69667,-0.47024],[121.69665,-0.47028],[121.69662,-0.47026],[121.69656,-0.47019],[121.69652,-0.4701],[121.6965,-0.47005],[121.69648,-0.46998],[121.69647,-0.46996],[121.69658,-0.46994],[121.69668,-0.46999],[121.69672,-0.47011],[121.69667,-0.47024]]],[[[121.68757,-0.47006],[121.68755,-0.47007],[121.68754,-0.47005],[121.68752,-0.46997],[121.68753,-0.46992],[121.68761,-0.46989],[121.68777,-0.46988],[121.68778,-0.46996],[121.6877,-0.47002],[121.68757,-0.47006]]],[[[121.71529,-0.46915],[121.71507,-0.46878],[121.71558,-0.46888],[121.71529,-0.46915]]],[[[121.71585,-0.46878],[121.71583,-0.4688],[121.71577,-0.46879],[121.71571,-0.46874],[121.71569,-0.46867],[121.71569,-0.4686],[121.71571,-0.46853],[121.71577,-0.46848],[121.71581,-0.46846],[121.71586,-0.46845],[121.71593,-0.46848],[121.71596,-0.46852],[121.71596,-0.46855],[121.71596,-0.46857],[121.71593,-0.46862],[121.7159,-0.46869],[121.71589,-0.46874],[121.71589,-0.46874],[121.71585,-0.46878]]],[[[121.70836,-0.46806],[121.70785,-0.46801],[121.70783,-0.46751],[121.70836,-0.46806]]],[[[121.68468,-0.47043],[121.68566,-0.46886],[121.68803,-0.46745],[121.6881,-0.46773],[121.68468,-0.47043]]],[[[121.70312,-0.46783],[121.70213,-0.46743],[121.70294,-0.46744],[121.70312,-0.46783]]],[[[121.68967,-0.46679],[121.68956,-0.4668],[121.68952,-0.46678],[121.68945,-0.46674],[121.68945,-0.46667],[121.68948,-0.46659],[121.68954,-0.46656],[121.68954,-0.46655],[121.68962,-0.46652],[121.6897,-0.46652],[121.68973,-0.46651],[121.6898,-0.46654],[121.68982,-0.46658],[121.68983,-0.46662],[121.68979,-0.46669],[121.68972,-0.46675],[121.68967,-0.46679]]],[[[121.69281,-0.46627],[121.69286,-0.4664],[121.69286,-0.46641],[121.69285,-0.4664],[121.6928,-0.4664],[121.69276,-0.46641],[121.69273,-0.46645],[121.69267,-0.46659],[121.69267,-0.46659],[121.69259,-0.46663],[121.69247,-0.46667],[121.69243,-0.46667],[121.69232,-0.46671],[121.69213,-0.46679],[121.69204,-0.46684],[121.69201,-0.46687],[121.69197,-0.4669],[121.69188,-0.46693],[121.69185,-0.46694],[121.69174,-0.46694],[121.69164,-0.46692],[121.6916,-0.46688],[121.69159,-0.46684],[121.6916,-0.46678],[121.69163,-0.46672],[121.6917,-0.46664],[121.69203,-0.46648],[121.69218,-0.46641],[121.69231,-0.46634],[121.69244,-0.46627],[121.69259,-0.46621],[121.69269,-0.46621],[121.69281,-0.46627]]],[[[121.69327,-0.46609],[121.69319,-0.46558],[121.69403,-0.46582],[121.69327,-0.46609]]],[[[121.72393,-0.46585],[121.72418,-0.46632],[121.72343,-0.46588],[121.72252,-0.46648],[121.72325,-0.4654],[121.72393,-0.46585]]],[[[121.71964,-0.4649],[121.71975,-0.46642],[121.71798,-0.4684],[121.71671,-0.46851],[121.7186,-0.46734],[121.71958,-0.46554],[121.71892,-0.46494],[121.71934,-0.46417],[121.71964,-0.4649]]],[[[121.69849,-0.46506],[121.7005,-0.46691],[121.69779,-0.46521],[121.69632,-0.46495],[121.69694,-0.46411],[121.69849,-0.46506]]],[[[121.71933,-0.46369],[121.7189,-0.46328],[121.71974,-0.46242],[121.71976,-0.46187],[121.72007,-0.46255],[121.71933,-0.46369]]],[[[121.76281,-0.46234],[121.76433,-0.46246],[121.76624,-0.46184],[121.76562,-0.46275],[121.76352,-0.46364],[121.76279,-0.46337],[121.76224,-0.46241],[121.76119,-0.46173],[121.76281,-0.46234]]],[[[121.72765,-0.4612],[121.72762,-0.46121],[121.72757,-0.46119],[121.72755,-0.46114],[121.72755,-0.4611],[121.72756,-0.46108],[121.72756,-0.46106],[121.72757,-0.461],[121.72761,-0.4609],[121.72763,-0.4609],[121.72768,-0.46091],[121.72774,-0.46095],[121.72775,-0.46098],[121.72777,-0.46103],[121.72777,-0.46108],[121.72775,-0.46111],[121.72771,-0.46114],[121.72769,-0.46116],[121.72767,-0.46119],[121.72765,-0.4612]]],[[[121.7669,-0.46159],[121.76816,-0.46032],[121.76802,-0.46086],[121.7669,-0.46159]]],[[[121.7218,-0.45975],[121.72174,-0.45982],[121.72173,-0.45978],[121.72173,-0.45973],[121.72174,-0.45969],[121.72174,-0.4596],[121.72174,-0.45956],[121.72178,-0.45958],[121.7218,-0.45966],[121.7218,-0.45975]]],[[[121.76166,-0.46077],[121.7608,-0.45989],[121.76125,-0.45933],[121.76209,-0.46018],[121.76166,-0.46077]]],[[[121.72234,-0.45888],[121.72234,-0.45888],[121.72234,-0.45888],[121.72234,-0.45888]]],[[[121.76096,-0.45819],[121.76097,-0.45822],[121.76093,-0.45821],[121.76091,-0.45811],[121.76096,-0.45819]]],[[[121.76026,-0.45891],[121.75972,-0.45841],[121.7601,-0.45792],[121.76082,-0.45847],[121.76026,-0.45891]]],[[[121.76137,-0.45614],[121.76288,-0.45797],[121.7627,-0.45865],[121.76099,-0.45799],[121.76122,-0.45688],[121.76054,-0.45572],[121.76106,-0.45561],[121.76137,-0.45614]]],[[[121.72475,-0.45523],[121.72472,-0.45525],[121.72473,-0.45523],[121.72475,-0.45522],[121.72476,-0.45522],[121.72475,-0.45523]]],[[[121.725,-0.45506],[121.72503,-0.45511],[121.72503,-0.45512],[121.72503,-0.45511],[121.72497,-0.45511],[121.72489,-0.45513],[121.72484,-0.45516],[121.72483,-0.45513],[121.72481,-0.4551],[121.72481,-0.45505],[121.72482,-0.45498],[121.72482,-0.45498],[121.72488,-0.45492],[121.72489,-0.45491],[121.72493,-0.45491],[121.72497,-0.45494],[121.72499,-0.45498],[121.72499,-0.45501],[121.725,-0.45506]]],[[[121.92233,-0.45591],[121.92355,-0.45738],[121.92171,-0.45884],[121.92113,-0.4582],[121.92228,-0.45743],[121.92208,-0.45702],[121.92126,-0.45694],[121.9217,-0.45615],[121.92106,-0.45591],[121.92127,-0.45544],[121.92091,-0.45431],[121.92163,-0.45445],[121.92233,-0.45591]]],[[[121.91816,-0.4462],[121.91867,-0.44854],[121.91816,-0.44836],[121.91776,-0.44646],[121.91722,-0.44649],[121.91699,-0.44584],[121.91769,-0.4457],[121.91816,-0.4462]]],[[[121.76149,-0.44504],[121.76115,-0.44459],[121.7613,-0.44383],[121.7617,-0.44459],[121.76149,-0.44504]]],[[[121.76113,-0.44353],[121.76112,-0.44353],[121.76108,-0.4435],[121.76105,-0.44349],[121.76099,-0.44339],[121.76098,-0.44335],[121.761,-0.44335],[121.76104,-0.44335],[121.76109,-0.44337],[121.76112,-0.44341],[121.76114,-0.44345],[121.76114,-0.44348],[121.76113,-0.44352],[121.76113,-0.44353]]],[[[121.79518,-0.44087],[121.79471,-0.44086],[121.79453,-0.44033],[121.79512,-0.44028],[121.79518,-0.44087]]],[[[121.91535,-0.44014],[121.91625,-0.44053],[121.91649,-0.44263],[121.91741,-0.44316],[121.91723,-0.44472],[121.91657,-0.4454],[121.91705,-0.44652],[121.91676,-0.44816],[121.91602,-0.44913],[121.91522,-0.44852],[121.91512,-0.44766],[121.91371,-0.44598],[121.91393,-0.44405],[121.91485,-0.4437],[121.91545,-0.44291],[121.91565,-0.44114],[121.91494,-0.44003],[121.91535,-0.44014]]],[[[121.78597,-0.43983],[121.78537,-0.44096],[121.78477,-0.44107],[121.7845,-0.44022],[121.78494,-0.43964],[121.7848,-0.43884],[121.78597,-0.43983]]],[[[121.78478,-0.43809],[121.78478,-0.4381],[121.78477,-0.43809],[121.78466,-0.43796],[121.78453,-0.43787],[121.78445,-0.43778],[121.7844,-0.43766],[121.78442,-0.43764],[121.78455,-0.43764],[121.78466,-0.43769],[121.78472,-0.43779],[121.78477,-0.43789],[121.78477,-0.43796],[121.78478,-0.43803],[121.78478,-0.43809]]],[[[121.78869,-0.43908],[121.78836,-0.43747],[121.78869,-0.43769],[121.78869,-0.43908]]],[[[121.79376,-0.43846],[121.79348,-0.43783],[121.79393,-0.43707],[121.7943,-0.43723],[121.79376,-0.43846]]],[[[121.7863,-0.43798],[121.78554,-0.43737],[121.78568,-0.43629],[121.78634,-0.4369],[121.7863,-0.43798]]],[[[121.7837,-0.43505],[121.78367,-0.43559],[121.78259,-0.43515],[121.78268,-0.4345],[121.7837,-0.43505]]],[[[121.78927,-0.43601],[121.78897,-0.43633],[121.78826,-0.43599],[121.78871,-0.43605],[121.78887,-0.43432],[121.78937,-0.4348],[121.78927,-0.43601]]],[[[121.78614,-0.43437],[121.78611,-0.43437],[121.78598,-0.43431],[121.78589,-0.4342],[121.78585,-0.43406],[121.78585,-0.43401],[121.78588,-0.43399],[121.78596,-0.434],[121.78612,-0.43407],[121.78625,-0.43422],[121.78627,-0.43432],[121.78626,-0.43433],[121.78619,-0.43435],[121.78614,-0.43437]]],[[[121.78905,-0.43415],[121.78898,-0.43416],[121.78889,-0.43415],[121.78881,-0.43411],[121.78878,-0.43406],[121.78884,-0.43381],[121.78894,-0.4338],[121.78906,-0.43387],[121.78915,-0.43405],[121.78915,-0.43408],[121.78911,-0.43414],[121.78905,-0.43415]]],[[[121.78895,-0.43348],[121.78892,-0.43348],[121.7889,-0.43346],[121.78888,-0.43343],[121.78888,-0.43339],[121.78888,-0.43336],[121.78909,-0.43345],[121.7891,-0.43346],[121.78909,-0.43347],[121.78904,-0.43347],[121.78895,-0.43348]]],[[[121.78208,-0.43136],[121.78199,-0.43137],[121.78199,-0.43137],[121.78197,-0.43128],[121.7819,-0.43107],[121.78185,-0.43096],[121.78193,-0.43092],[121.78205,-0.43089],[121.78217,-0.43093],[121.78221,-0.43095],[121.78228,-0.43109],[121.78228,-0.4311],[121.78229,-0.43117],[121.78229,-0.43127],[121.78221,-0.43132],[121.78208,-0.43136]]],[[[121.80138,-0.42807],[121.8018,-0.42829],[121.80132,-0.42908],[121.80138,-0.42807]]],[[[121.79379,-0.42751],[121.79382,-0.42763],[121.7938,-0.42761],[121.79361,-0.42745],[121.79351,-0.42731],[121.79347,-0.42715],[121.79356,-0.42717],[121.79369,-0.42737],[121.79379,-0.42751]]],[[[121.80562,-0.4262],[121.80562,-0.42628],[121.80548,-0.42627],[121.80536,-0.42621],[121.80528,-0.42609],[121.80529,-0.42598],[121.80532,-0.42596],[121.8054,-0.42595],[121.80546,-0.42596],[121.80556,-0.42609],[121.80562,-0.4262]]],[[[121.80425,-0.42732],[121.80372,-0.42751],[121.80398,-0.42838],[121.80279,-0.42792],[121.80357,-0.42689],[121.80355,-0.42551],[121.80453,-0.42713],[121.80425,-0.42732]]],[[[121.79907,-0.42426],[121.79903,-0.42427],[121.79902,-0.42424],[121.799,-0.4241],[121.79901,-0.42408],[121.79902,-0.42408],[121.79908,-0.4241],[121.79909,-0.42411],[121.7991,-0.42414],[121.7991,-0.4242],[121.79907,-0.42426]]],[[[121.80117,-0.42272],[121.8012,-0.42283],[121.80118,-0.4228],[121.80116,-0.42272],[121.80117,-0.42272]]],[[[121.77074,-0.42241],[121.77159,-0.42276],[121.7707,-0.42292],[121.77047,-0.42262],[121.77074,-0.42241]]],[[[121.76266,-0.42337],[121.762,-0.42283],[121.76344,-0.422],[121.76355,-0.42249],[121.76266,-0.42337]]],[[[121.79804,-0.42176],[121.79834,-0.42325],[121.79749,-0.42277],[121.7974,-0.42319],[121.79868,-0.42677],[121.79933,-0.4263],[121.79892,-0.42556],[121.79995,-0.42578],[121.80024,-0.42508],[121.80123,-0.42445],[121.80128,-0.42304],[121.80203,-0.42273],[121.80237,-0.42297],[121.80187,-0.42355],[121.80206,-0.4242],[121.80253,-0.42371],[121.8031,-0.4239],[121.80334,-0.42327],[121.80365,-0.42411],[121.80129,-0.42499],[121.79951,-0.42666],[121.79878,-0.42807],[121.79891,-0.43002],[121.7976,-0.43083],[121.7959,-0.4296],[121.79325,-0.42444],[121.79416,-0.42225],[121.79559,-0.42219],[121.7961,-0.42171],[121.79676,-0.42206],[121.7976,-0.42137],[121.79804,-0.42176]]],[[[121.80145,-0.42061],[121.80146,-0.42062],[121.80144,-0.42061],[121.80142,-0.42058],[121.80143,-0.42058],[121.80145,-0.42061]]],[[[121.80035,-0.42042],[121.80035,-0.42046],[121.80025,-0.4204],[121.80017,-0.4203],[121.80016,-0.42028],[121.80019,-0.42028],[121.80026,-0.4203],[121.80033,-0.42032],[121.80035,-0.42036],[121.80035,-0.42042]]],[[[121.80005,-0.41813],[121.80004,-0.41818],[121.80003,-0.41817],[121.80003,-0.41814],[121.80002,-0.41806],[121.80001,-0.41794],[121.8,-0.41789],[121.80004,-0.41792],[121.80005,-0.41803],[121.80005,-0.41813]]],[[[121.80045,-0.41753],[121.79995,-0.41744],[121.80043,-0.41677],[121.80069,-0.41697],[121.80045,-0.41753]]],[[[121.80082,-0.41665],[121.80076,-0.41666],[121.80064,-0.41664],[121.80056,-0.4166],[121.80053,-0.41654],[121.80054,-0.41651],[121.80056,-0.4164],[121.80059,-0.41634],[121.80062,-0.41629],[121.80068,-0.41624],[121.80071,-0.41624],[121.80079,-0.41627],[121.80079,-0.41628],[121.80084,-0.41634],[121.80087,-0.4164],[121.80093,-0.41644],[121.80099,-0.41647],[121.80085,-0.4166],[121.80082,-0.41665]]],[[[121.80475,-0.41568],[121.80649,-0.41624],[121.80696,-0.41684],[121.80749,-0.42066],[121.80616,-0.42345],[121.80507,-0.42418],[121.8045,-0.42336],[121.80464,-0.42422],[121.80419,-0.42427],[121.80394,-0.42279],[121.80324,-0.42245],[121.80315,-0.42083],[121.80177,-0.42002],[121.80106,-0.41896],[121.80287,-0.41901],[121.80252,-0.41868],[121.80265,-0.41812],[121.80371,-0.41737],[121.80319,-0.41669],[121.80333,-0.41622],[121.80475,-0.41568]]],[[[121.82966,-0.41572],[121.82967,-0.41573],[121.82964,-0.41572],[121.82933,-0.41561],[121.82922,-0.41555],[121.82917,-0.41548],[121.82923,-0.41547],[121.82931,-0.41548],[121.82942,-0.41553],[121.82945,-0.41558],[121.82948,-0.41561],[121.82956,-0.41565],[121.82961,-0.41568],[121.82966,-0.41572]]],[[[121.82536,-0.41634],[121.82505,-0.41545],[121.82529,-0.41485],[121.82572,-0.41517],[121.82536,-0.41634]]],[[[121.82851,-0.4153],[121.82765,-0.41582],[121.82743,-0.41557],[121.82772,-0.41474],[121.82851,-0.4153]]],[[[121.83153,-0.41593],[121.83082,-0.41564],[121.83097,-0.41446],[121.83158,-0.41515],[121.83153,-0.41593]]],[[[121.82582,-0.4148],[121.82539,-0.41443],[121.8261,-0.41376],[121.82617,-0.41464],[121.82582,-0.4148]]],[[[121.79652,-0.41247],[121.79622,-0.41445],[121.79537,-0.41619],[121.79231,-0.4174],[121.79109,-0.41719],[121.79069,-0.41669],[121.79306,-0.4164],[121.79345,-0.41537],[121.79321,-0.41491],[121.79248,-0.41568],[121.79167,-0.41496],[121.78942,-0.41561],[121.78863,-0.413],[121.78897,-0.41224],[121.79012,-0.41244],[121.79033,-0.41161],[121.79109,-0.41131],[121.79164,-0.41054],[121.79281,-0.41022],[121.79285,-0.40984],[121.79579,-0.41061],[121.79652,-0.41247]]],[[[121.83167,-0.40972],[121.83155,-0.40978],[121.83145,-0.40977],[121.83139,-0.4097],[121.83137,-0.4096],[121.83136,-0.40946],[121.83137,-0.40941],[121.83139,-0.4094],[121.83143,-0.40939],[121.83149,-0.4094],[121.83154,-0.40942],[121.83162,-0.40947],[121.83169,-0.40954],[121.8317,-0.40955],[121.83172,-0.40962],[121.83172,-0.40965],[121.83167,-0.40972]]],[[[121.85242,-0.40961],[121.85385,-0.41138],[121.85628,-0.41088],[121.85928,-0.41181],[121.86291,-0.41089],[121.86491,-0.4099],[121.86765,-0.4098],[121.86773,-0.41108],[121.86865,-0.4107],[121.86897,-0.41228],[121.87097,-0.41326],[121.87148,-0.41476],[121.87131,-0.41598],[121.87182,-0.41621],[121.8724,-0.41751],[121.87222,-0.41806],[121.87432,-0.4181],[121.87501,-0.42034],[121.87457,-0.42131],[121.87534,-0.42196],[121.87542,-0.42266],[121.87602,-0.42225],[121.87677,-0.42018],[121.87851,-0.42077],[121.88032,-0.42032],[121.88139,-0.42091],[121.88218,-0.42205],[121.88244,-0.42426],[121.88274,-0.42438],[121.8855,-0.42457],[121.88764,-0.42569],[121.89085,-0.42626],[121.89362,-0.42474],[121.89457,-0.42502],[121.89619,-0.42443],[121.8978,-0.42508],[121.89968,-0.42766],[121.90116,-0.42835],[121.90377,-0.42847],[121.90404,-0.42993],[121.90346,-0.43179],[121.90376,-0.43334],[121.90479,-0.43488],[121.9051,-0.43618],[121.90645,-0.43652],[121.90668,-0.43738],[121.90714,-0.43766],[121.9084,-0.43756],[121.91038,-0.44041],[121.91265,-0.44011],[121.91464,-0.44189],[121.91458,-0.44287],[121.91378,-0.44411],[121.91364,-0.44607],[121.91464,-0.44757],[121.91406,-0.4482],[121.91433,-0.45056],[121.91539,-0.45297],[121.91502,-0.45396],[121.91421,-0.45375],[121.91387,-0.45407],[121.91408,-0.45686],[121.91321,-0.45746],[121.91308,-0.45804],[121.91464,-0.45838],[121.91441,-0.45945],[121.91502,-0.46107],[121.91598,-0.46071],[121.91667,-0.45952],[121.91724,-0.45961],[121.91811,-0.46214],[121.9177,-0.46399],[121.91663,-0.46425],[121.9165,-0.46548],[121.91573,-0.46654],[121.91618,-0.46771],[121.91743,-0.46841],[121.91589,-0.46961],[121.91549,-0.47113],[121.91339,-0.4715],[121.91287,-0.47291],[121.91543,-0.47244],[121.91562,-0.47294],[121.91516,-0.4734],[121.91593,-0.47356],[121.91649,-0.47458],[121.91755,-0.47228],[121.91897,-0.47252],[121.91924,-0.47283],[121.91906,-0.47395],[121.91811,-0.47524],[121.92094,-0.47505],[121.92142,-0.47546],[121.92253,-0.47795],[121.92241,-0.47865],[121.92112,-0.47842],[121.92027,-0.47966],[121.91908,-0.4787],[121.91824,-0.47879],[121.9171,-0.4805],[121.91586,-0.48153],[121.91539,-0.48278],[121.91589,-0.48406],[121.91793,-0.48414],[121.92039,-0.48521],[121.92192,-0.48874],[121.92074,-0.49073],[121.92138,-0.49174],[121.91965,-0.49284],[121.91874,-0.49031],[121.91672,-0.48924],[121.9161,-0.48794],[121.91509,-0.48769],[121.91414,-0.48801],[121.91243,-0.48659],[121.91176,-0.48683],[121.91204,-0.48861],[121.91267,-0.48978],[121.91071,-0.48986],[121.90921,-0.49154],[121.90886,-0.49297],[121.90981,-0.4945],[121.91265,-0.4924],[121.91393,-0.49224],[121.91438,-0.49473],[121.91378,-0.49622],[121.91206,-0.4965],[121.91082,-0.49715],[121.90945,-0.49832],[121.90878,-0.49961],[121.90921,-0.50021],[121.91079,-0.49989],[121.91223,-0.50047],[121.91264,-0.50244],[121.91182,-0.50332],[121.91177,-0.50452],[121.91374,-0.50498],[121.91323,-0.50773],[121.91345,-0.50834],[121.91495,-0.50867],[121.91477,-0.51082],[121.91725,-0.51082],[121.91841,-0.51144],[121.91727,-0.51685],[121.91675,-0.51628],[121.91606,-0.5162],[121.91495,-0.5174],[121.91378,-0.5196],[121.91323,-0.52],[121.91286,-0.51969],[121.91233,-0.52046],[121.91121,-0.52101],[121.91017,-0.52479],[121.90566,-0.52883],[121.90131,-0.52754],[121.90078,-0.5265],[121.9002,-0.5265],[121.90004,-0.52811],[121.89968,-0.52785],[121.89901,-0.52838],[121.8994,-0.53084],[121.89475,-0.53417],[121.8941,-0.53376],[121.8945,-0.53343],[121.89414,-0.53184],[121.89448,-0.53048],[121.89409,-0.52974],[121.89299,-0.52956],[121.8928,-0.52987],[121.89344,-0.53042],[121.89351,-0.53162],[121.89266,-0.53383],[121.89191,-0.53379],[121.89213,-0.53462],[121.89146,-0.53508],[121.89081,-0.53499],[121.88885,-0.53352],[121.88874,-0.53499],[121.88988,-0.53565],[121.89024,-0.53522],[121.89057,-0.53591],[121.88877,-0.538],[121.88611,-0.53978],[121.88521,-0.53969],[121.88364,-0.53861],[121.88172,-0.53828],[121.88057,-0.53851],[121.87621,-0.53684],[121.87476,-0.53681],[121.87339,-0.53624],[121.87218,-0.53501],[121.87121,-0.53487],[121.87161,-0.53432],[121.87176,-0.53249],[121.87346,-0.53251],[121.87441,-0.53187],[121.87752,-0.52886],[121.87822,-0.52684],[121.87717,-0.52687],[121.87729,-0.52624],[121.87513,-0.52265],[121.87573,-0.52184],[121.87388,-0.51872],[121.87384,-0.51606],[121.8731,-0.515],[121.87354,-0.51331],[121.87236,-0.51166],[121.87266,-0.51123],[121.87205,-0.51127],[121.87167,-0.5099],[121.86999,-0.50905],[121.87066,-0.5083],[121.86908,-0.50612],[121.86895,-0.50463],[121.86721,-0.50347],[121.86658,-0.50047],[121.8646,-0.49941],[121.86475,-0.49836],[121.86326,-0.4964],[121.86105,-0.49669],[121.85948,-0.49619],[121.85807,-0.49631],[121.85063,-0.49362],[121.84991,-0.4938],[121.84949,-0.49486],[121.84559,-0.49605],[121.84462,-0.49689],[121.84317,-0.49684],[121.84087,-0.4959],[121.83608,-0.49553],[121.83312,-0.49632],[121.83147,-0.49593],[121.8308,-0.49445],[121.83009,-0.49401],[121.82789,-0.49365],[121.82652,-0.49408],[121.82519,-0.49361],[121.82331,-0.49217],[121.82104,-0.49221],[121.8197,-0.49085],[121.81847,-0.48847],[121.81893,-0.48502],[121.81952,-0.4845],[121.81778,-0.48321],[121.81572,-0.48246],[121.80676,-0.48041],[121.80459,-0.47936],[121.80209,-0.47496],[121.8032,-0.4715],[121.80149,-0.47099],[121.80107,-0.47039],[121.80211,-0.46907],[121.80189,-0.46621],[121.80111,-0.4649],[121.79959,-0.46403],[121.79768,-0.45962],[121.79473,-0.45705],[121.79271,-0.45648],[121.79195,-0.45529],[121.79228,-0.45373],[121.79185,-0.45199],[121.79345,-0.45078],[121.79365,-0.45016],[121.79256,-0.44969],[121.79164,-0.44703],[121.79215,-0.44645],[121.79358,-0.44632],[121.79345,-0.4441],[121.79411,-0.44233],[121.79549,-0.44177],[121.79652,-0.44229],[121.80237,-0.4428],[121.80587,-0.44056],[121.80711,-0.44102],[121.80737,-0.43887],[121.80883,-0.437],[121.81058,-0.43698],[121.81317,-0.43623],[121.81387,-0.43621],[121.81436,-0.43678],[121.82124,-0.4322],[121.82145,-0.43292],[121.82205,-0.43297],[121.82319,-0.43219],[121.82384,-0.4311],[121.82369,-0.43064],[121.82634,-0.42867],[121.82728,-0.42841],[121.82946,-0.42521],[121.83077,-0.42376],[121.83174,-0.42327],[121.83298,-0.42052],[121.83475,-0.41912],[121.83545,-0.41798],[121.83695,-0.41808],[121.83731,-0.41781],[121.83701,-0.41716],[121.83744,-0.4169],[121.83793,-0.41759],[121.83859,-0.41551],[121.83934,-0.41526],[121.84235,-0.41668],[121.84296,-0.41518],[121.84236,-0.41361],[121.8432,-0.41225],[121.84502,-0.41195],[121.85046,-0.40967],[121.85084,-0.40904],[121.85163,-0.40902],[121.85242,-0.40961]]],[[[121.83195,-0.40939],[121.83154,-0.40912],[121.83223,-0.4088],[121.8324,-0.40916],[121.83195,-0.40939]]],[[[121.82992,-0.40874],[121.82919,-0.40858],[121.82893,-0.40803],[121.82992,-0.40874]]],[[[121.81672,-0.40829],[121.81593,-0.4083],[121.8157,-0.40776],[121.81645,-0.40786],[121.81672,-0.40829]]],[[[121.83411,-0.40859],[121.83364,-0.40763],[121.83434,-0.40812],[121.83411,-0.40859]]],[[[121.82724,-0.40549],[121.82761,-0.40568],[121.82739,-0.40638],[121.82724,-0.40549]]],[[[121.82709,-0.40554],[121.82708,-0.40556],[121.82698,-0.4055],[121.82686,-0.40539],[121.82678,-0.40527],[121.82677,-0.40517],[121.82679,-0.40517],[121.82685,-0.40517],[121.8269,-0.4052],[121.82699,-0.40525],[121.82705,-0.40531],[121.82706,-0.40532],[121.82709,-0.40539],[121.82709,-0.40546],[121.82709,-0.40554]]],[[[121.82732,-0.40522],[121.82722,-0.40522],[121.82712,-0.40517],[121.82711,-0.40512],[121.82712,-0.40503],[121.82713,-0.40495],[121.82717,-0.40491],[121.82725,-0.40489],[121.82726,-0.40489],[121.82727,-0.40489],[121.82739,-0.40502],[121.82746,-0.40507],[121.82747,-0.40511],[121.8274,-0.40521],[121.82732,-0.40522]]],[[[121.82935,-0.40517],[121.82864,-0.4049],[121.82925,-0.40465],[121.82935,-0.40517]]],[[[121.83282,-0.4039],[121.83241,-0.40373],[121.83309,-0.40304],[121.83322,-0.40374],[121.83282,-0.4039]]],[[[121.79878,-0.40118],[121.79886,-0.40275],[121.79771,-0.40293],[121.79663,-0.40234],[121.796,-0.40061],[121.79738,-0.39962],[121.79878,-0.40118]]],[[[121.81716,-0.38928],[121.81898,-0.39235],[121.82204,-0.3934],[121.82427,-0.39469],[121.82706,-0.39681],[121.82718,-0.39761],[121.82609,-0.40017],[121.82501,-0.40156],[121.82138,-0.40497],[121.82032,-0.40513],[121.81937,-0.40581],[121.81897,-0.40708],[121.81716,-0.4084],[121.81661,-0.40738],[121.81584,-0.40731],[121.81525,-0.40783],[121.81392,-0.40727],[121.81314,-0.4044],[121.81393,-0.39889],[121.81542,-0.39538],[121.81507,-0.39482],[121.81444,-0.38939],[121.81536,-0.38859],[121.81596,-0.38994],[121.81654,-0.38826],[121.81716,-0.38928]]],[[[121.6368,-0.12737],[121.63923,-0.1275],[121.64265,-0.12644],[121.64849,-0.12875],[121.65043,-0.13128],[121.65105,-0.13343],[121.65196,-0.13396],[121.65341,-0.14207],[121.65768,-0.15078],[121.65627,-0.15461],[121.65697,-0.15731],[121.65573,-0.15968],[121.65606,-0.16168],[121.65688,-0.1632],[121.65597,-0.16607],[121.65627,-0.16804],[121.65546,-0.17193],[121.65567,-0.18026],[121.65457,-0.18263],[121.65423,-0.18461],[121.65328,-0.18591],[121.65118,-0.19387],[121.64889,-0.19542],[121.64683,-0.19783],[121.64514,-0.19914],[121.64239,-0.20016],[121.64159,-0.20108],[121.64124,-0.20271],[121.63999,-0.20448],[121.64001,-0.20502],[121.63648,-0.20844],[121.63517,-0.20905],[121.6338,-0.20916],[121.63268,-0.21002],[121.63147,-0.21],[121.62868,-0.20854],[121.62725,-0.20845],[121.62665,-0.20787],[121.62593,-0.20825],[121.62422,-0.20681],[121.62326,-0.20659],[121.62297,-0.20712],[121.62194,-0.20743],[121.62209,-0.20799],[121.62117,-0.20926],[121.62138,-0.21],[121.61956,-0.21012],[121.61796,-0.21121],[121.61657,-0.21502],[121.61599,-0.21551],[121.61248,-0.21499],[121.61258,-0.21373],[121.60889,-0.21305],[121.60395,-0.21309],[121.59947,-0.21049],[121.59295,-0.21001],[121.59203,-0.20886],[121.59187,-0.20728],[121.59085,-0.20571],[121.58936,-0.2051],[121.58677,-0.20512],[121.58445,-0.20341],[121.58315,-0.20172],[121.58159,-0.20113],[121.57997,-0.19911],[121.57851,-0.19818],[121.57549,-0.1932],[121.5745,-0.18995],[121.56677,-0.18239],[121.566,-0.17982],[121.56423,-0.17778],[121.56449,-0.17656],[121.56348,-0.17544],[121.56318,-0.17446],[121.56354,-0.1724],[121.56304,-0.16659],[121.56426,-0.16328],[121.56395,-0.16026],[121.56443,-0.15915],[121.56481,-0.15874],[121.56608,-0.15925],[121.56843,-0.15907],[121.56933,-0.15818],[121.57087,-0.15539],[121.57541,-0.15296],[121.577,-0.14969],[121.57916,-0.1477],[121.5804,-0.1451],[121.58171,-0.14384],[121.58465,-0.14347],[121.58629,-0.1408],[121.58861,-0.13906],[121.5906,-0.13671],[121.59213,-0.13559],[121.59452,-0.13512],[121.59695,-0.13242],[121.59907,-0.13202],[121.60321,-0.12882],[121.60479,-0.12849],[121.60665,-0.13043],[121.60811,-0.1312],[121.61111,-0.12928],[121.61495,-0.12896],[121.61678,-0.1275],[121.61955,-0.12803],[121.6205,-0.12787],[121.62571,-0.12609],[121.62865,-0.12159],[121.62962,-0.12182],[121.63093,-0.12456],[121.63203,-0.12569],[121.6368,-0.12737]]]]}},{"type":"Feature","properties":{"NAMOBJ":"Talatako","KODE_KAB":7209},"geometry":{"type":"MultiPolygon","coordinates":[[[[122.10304,-0.44435],[122.1017,-0.44503],[122.10129,-0.44455],[122.10074,-0.44488],[122.10022,-0.44446],[122.10217,-0.44399],[122.10304,-0.44435]]],[[[122.07253,-0.44313],[122.07251,-0.44376],[122.07137,-0.44291],[122.07241,-0.44234],[122.07272,-0.44254],[122.07253,-0.44313]]],[[[122.09519,-0.4434],[122.09629,-0.44313],[122.0966,-0.44391],[122.09774,-0.44431],[122.09784,-0.44463],[122.09716,-0.44458],[122.09721,-0.44524],[122.09729,-0.44557],[122.09814,-0.44574],[122.09809,-0.44675],[122.09743,-0.44667],[122.09748,-0.44713],[122.09673,-0.44718],[122.09618,-0.4442],[122.09561,-0.4451],[122.09607,-0.44669],[122.09562,-0.44686],[122.09426,-0.44565],[122.09339,-0.44541],[122.09273,-0.44456],[122.09202,-0.44448],[122.09275,-0.44274],[122.09406,-0.44201],[122.09495,-0.4422],[122.09519,-0.4434]]],[[[122.10443,-0.44224],[122.10489,-0.44273],[122.10479,-0.44317],[122.10394,-0.44292],[122.10383,-0.44229],[122.10323,-0.4425],[122.10291,-0.44149],[122.10349,-0.44148],[122.10443,-0.44224]]],[[[122.07054,-0.442],[122.06982,-0.44144],[122.07042,-0.44145],[122.07054,-0.442]]],[[[122.09673,-0.44153],[122.09645,-0.44203],[122.09587,-0.44201],[122.09595,-0.44138],[122.09673,-0.44153]]],[[[122.09544,-0.4419],[122.09515,-0.44204],[122.09522,-0.44152],[122.09475,-0.44131],[122.09545,-0.4415],[122.09544,-0.4419]]],[[[122.09829,-0.44212],[122.09772,-0.44166],[122.09789,-0.4413],[122.09832,-0.44139],[122.09829,-0.44212]]],[[[122.0844,-0.44291],[122.08263,-0.44279],[122.08208,-0.44223],[122.08392,-0.44082],[122.08398,-0.44226],[122.0844,-0.44291]]],[[[122.06835,-0.44062],[122.06824,-0.44063],[122.06817,-0.44063],[122.06813,-0.4406],[122.06811,-0.44056],[122.06811,-0.44051],[122.06811,-0.44045],[122.06811,-0.44038],[122.06811,-0.44028],[122.06814,-0.44026],[122.06822,-0.44028],[122.06829,-0.44033],[122.06835,-0.44041],[122.06836,-0.44051],[122.06836,-0.44059],[122.06836,-0.44062],[122.06835,-0.44062]]],[[[122.07396,-0.44067],[122.07293,-0.44094],[122.07316,-0.44017],[122.07396,-0.44067]]],[[[122.08162,-0.44097],[122.08114,-0.44091],[122.0809,-0.43989],[122.082,-0.44052],[122.08162,-0.44097]]],[[[122.10211,-0.43998],[122.10208,-0.44064],[122.10263,-0.4414],[122.10193,-0.44071],[122.10103,-0.44082],[122.10055,-0.44023],[122.10075,-0.43993],[122.10211,-0.43998]]],[[[122.0712,-0.44148],[122.07095,-0.44114],[122.07149,-0.44013],[122.07241,-0.43974],[122.07178,-0.44126],[122.0712,-0.44148]]],[[[122.06821,-0.43947],[122.06819,-0.43953],[122.06809,-0.43948],[122.06805,-0.43936],[122.06806,-0.43935],[122.06809,-0.43935],[122.06815,-0.43935],[122.06819,-0.43938],[122.06821,-0.43947]]],[[[122.07093,-0.4401],[122.07048,-0.43959],[122.07104,-0.43934],[122.07093,-0.4401]]],[[[122.09929,-0.43992],[122.09923,-0.43996],[122.0992,-0.43994],[122.09917,-0.4399],[122.09916,-0.43987],[122.09915,-0.43978],[122.09914,-0.43971],[122.09914,-0.43965],[122.0991,-0.4396],[122.09902,-0.43957],[122.09891,-0.43953],[122.09884,-0.43951],[122.09875,-0.43947],[122.09873,-0.43942],[122.09871,-0.43934],[122.09872,-0.43933],[122.09875,-0.43929],[122.09885,-0.43928],[122.09894,-0.43931],[122.09904,-0.43942],[122.09919,-0.43957],[122.09929,-0.43969],[122.09932,-0.43978],[122.09929,-0.43992]]],[[[122.06789,-0.43901],[122.06786,-0.43901],[122.06784,-0.439],[122.06781,-0.43897],[122.06779,-0.43887],[122.06782,-0.43884],[122.06791,-0.43884],[122.06794,-0.43886],[122.06794,-0.43893],[122.06793,-0.43899],[122.06789,-0.43901]]],[[[122.09465,-0.43815],[122.09536,-0.43873],[122.09549,-0.44032],[122.09471,-0.43961],[122.0946,-0.4387],[122.0938,-0.43916],[122.09318,-0.43852],[122.09465,-0.43815]]],[[[122.09913,-0.4382],[122.09912,-0.43821],[122.09911,-0.43821],[122.099,-0.43814],[122.09879,-0.43804],[122.0988,-0.43798],[122.09886,-0.43789],[122.09896,-0.43789],[122.09907,-0.43793],[122.09913,-0.43803],[122.09913,-0.4381],[122.09913,-0.4382]]],[[[122.07316,-0.43951],[122.0724,-0.43779],[122.07294,-0.43785],[122.07316,-0.43951]]],[[[122.10314,-0.43765],[122.10262,-0.43718],[122.10314,-0.43678],[122.10345,-0.43703],[122.10314,-0.43765]]],[[[122.10415,-0.43694],[122.10431,-0.43736],[122.10331,-0.4366],[122.10415,-0.43694]]],[[[122.06787,-0.43628],[122.06736,-0.43648],[122.06756,-0.4361],[122.06787,-0.43628]]],[[[122.0775,-0.43701],[122.07725,-0.43677],[122.07764,-0.43581],[122.07802,-0.43649],[122.0775,-0.43701]]],[[[122.07276,-0.43574],[122.07272,-0.43575],[122.07257,-0.43569],[122.07246,-0.43561],[122.07236,-0.43552],[122.07234,-0.4354],[122.07234,-0.43534],[122.07236,-0.43531],[122.07247,-0.43527],[122.07254,-0.43527],[122.07274,-0.43547],[122.07279,-0.43553],[122.0728,-0.43561],[122.07277,-0.4357],[122.07276,-0.43574]]],[[[122.07116,-0.43532],[122.07102,-0.4354],[122.07091,-0.43539],[122.07084,-0.43527],[122.07085,-0.43507],[122.07085,-0.43494],[122.07094,-0.4349],[122.07104,-0.43495],[122.07112,-0.43507],[122.07116,-0.43516],[122.07116,-0.43532]]],[[[122.08285,-0.4351],[122.0828,-0.43512],[122.08273,-0.43509],[122.08268,-0.43506],[122.08263,-0.43501],[122.08262,-0.435],[122.08264,-0.43489],[122.08275,-0.43483],[122.08282,-0.43483],[122.08293,-0.43484],[122.08301,-0.43491],[122.08293,-0.43493],[122.0829,-0.43499],[122.08288,-0.43506],[122.08285,-0.4351]]],[[[122.11105,-0.43476],[122.1125,-0.43627],[122.11206,-0.43764],[122.11088,-0.43728],[122.11026,-0.43598],[122.11008,-0.43491],[122.11105,-0.43476]]],[[[122.07631,-0.43513],[122.0758,-0.43453],[122.07626,-0.43458],[122.07631,-0.43513]]],[[[122.07464,-0.43614],[122.07429,-0.43609],[122.07353,-0.43427],[122.07456,-0.43485],[122.07464,-0.43614]]],[[[122.08089,-0.43523],[122.08045,-0.43521],[122.07989,-0.43408],[122.08089,-0.43523]]],[[[122.09965,-0.435],[122.10247,-0.43577],[122.10273,-0.43656],[122.09995,-0.43577],[122.09819,-0.43455],[122.09824,-0.43396],[122.09865,-0.43378],[122.09868,-0.43435],[122.09965,-0.435]]],[[[122.11072,-0.43455],[122.11034,-0.43454],[122.1101,-0.43334],[122.11075,-0.43396],[122.11072,-0.43455]]],[[[122.07088,-0.43424],[122.07017,-0.43297],[122.07096,-0.43326],[122.07088,-0.43424]]],[[[122.10711,-0.43452],[122.10776,-0.43464],[122.10788,-0.43517],[122.10642,-0.43497],[122.10426,-0.43333],[122.10532,-0.43292],[122.10556,-0.43353],[122.10711,-0.43452]]],[[[122.10988,-0.43266],[122.10988,-0.43282],[122.10981,-0.4328],[122.10973,-0.4328],[122.10964,-0.43277],[122.10959,-0.43274],[122.10955,-0.43269],[122.1095,-0.43265],[122.10943,-0.43262],[122.10938,-0.43259],[122.10935,-0.43256],[122.10935,-0.43254],[122.10932,-0.43246],[122.10943,-0.43243],[122.10951,-0.43243],[122.10965,-0.43252],[122.10974,-0.43253],[122.10988,-0.43266]]],[[[122.07456,-0.43257],[122.07383,-0.43204],[122.07452,-0.43203],[122.07456,-0.43257]]],[[[122.11188,-0.43183],[122.11191,-0.43188],[122.11187,-0.43186],[122.11183,-0.43181],[122.11188,-0.43183]]],[[[122.07628,-0.4327],[122.07576,-0.43129],[122.07648,-0.43232],[122.07628,-0.4327]]],[[[122.1114,-0.43127],[122.11137,-0.43128],[122.11126,-0.43127],[122.11113,-0.43123],[122.11104,-0.43113],[122.11091,-0.43095],[122.11088,-0.4309],[122.11088,-0.43089],[122.11094,-0.43086],[122.11105,-0.43088],[122.11117,-0.43093],[122.11123,-0.43102],[122.1113,-0.43113],[122.11139,-0.43122],[122.1114,-0.43127]]],[[[122.06924,-0.43133],[122.06897,-0.43073],[122.06928,-0.43071],[122.06924,-0.43133]]],[[[122.11549,-0.43108],[122.11543,-0.43111],[122.11531,-0.43111],[122.11511,-0.43105],[122.11492,-0.43096],[122.11484,-0.43089],[122.11479,-0.4308],[122.11477,-0.43069],[122.11478,-0.43062],[122.11478,-0.43061],[122.11494,-0.43061],[122.11505,-0.43059],[122.11522,-0.43065],[122.11526,-0.43066],[122.11538,-0.43077],[122.1155,-0.43091],[122.11549,-0.43108]]],[[[122.08623,-0.43059],[122.08585,-0.43091],[122.0851,-0.43039],[122.08568,-0.43013],[122.08623,-0.43059]]],[[[122.06297,-0.43028],[122.06295,-0.43035],[122.06294,-0.43034],[122.06282,-0.43021],[122.06263,-0.43006],[122.06263,-0.43002],[122.0627,-0.42991],[122.06276,-0.42991],[122.0628,-0.42991],[122.06295,-0.43005],[122.06297,-0.43021],[122.06297,-0.43028]]],[[[122.06192,-0.43029],[122.06186,-0.4303],[122.0618,-0.43026],[122.06171,-0.43008],[122.06165,-0.42991],[122.06159,-0.42977],[122.06148,-0.42963],[122.06144,-0.4295],[122.06151,-0.42945],[122.06158,-0.42945],[122.06164,-0.42948],[122.06175,-0.42954],[122.06173,-0.42961],[122.06169,-0.42972],[122.06172,-0.42982],[122.06185,-0.42995],[122.06192,-0.43001],[122.06199,-0.43016],[122.06198,-0.43027],[122.06192,-0.43029]]],[[[122.07832,-0.43028],[122.07961,-0.43206],[122.07904,-0.43194],[122.07853,-0.4311],[122.07801,-0.43232],[122.07799,-0.43044],[122.07701,-0.43046],[122.07688,-0.42946],[122.07832,-0.43028]]],[[[122.08305,-0.43028],[122.08298,-0.42974],[122.0835,-0.4294],[122.08305,-0.43028]]],[[[122.1104,-0.42982],[122.11037,-0.42989],[122.11032,-0.42982],[122.11023,-0.42974],[122.1101,-0.4296],[122.11,-0.42947],[122.1099,-0.42931],[122.10988,-0.42928],[122.10988,-0.42927],[122.11,-0.42925],[122.1101,-0.42929],[122.11019,-0.42935],[122.11027,-0.42942],[122.11033,-0.42954],[122.11037,-0.42966],[122.1104,-0.42975],[122.1104,-0.42982]]],[[[122.10944,-0.42861],[122.10954,-0.42863],[122.10963,-0.42863],[122.10974,-0.42865],[122.10984,-0.42873],[122.10984,-0.42874],[122.1098,-0.42877],[122.10969,-0.42879],[122.10954,-0.42879],[122.10943,-0.42871],[122.10936,-0.42862],[122.10944,-0.42861]]],[[[122.06313,-0.42872],[122.06309,-0.42876],[122.06308,-0.42876],[122.06298,-0.42872],[122.0629,-0.42865],[122.06288,-0.4286],[122.06291,-0.42856],[122.06297,-0.42856],[122.06311,-0.42861],[122.06313,-0.42872]]],[[[122.06828,-0.42874],[122.06808,-0.42874],[122.06805,-0.42868],[122.06805,-0.42861],[122.06808,-0.42841],[122.0681,-0.42827],[122.06812,-0.42825],[122.06824,-0.42817],[122.06836,-0.42809],[122.06852,-0.42813],[122.06848,-0.42835],[122.06842,-0.42845],[122.06834,-0.42865],[122.06828,-0.42874]]],[[[122.11701,-0.42799],[122.11701,-0.42799],[122.11693,-0.42799],[122.11694,-0.42798],[122.11699,-0.42797],[122.11701,-0.42799]]],[[[122.11601,-0.42776],[122.11596,-0.42776],[122.11576,-0.42776],[122.11555,-0.42773],[122.11542,-0.42768],[122.11544,-0.42763],[122.11548,-0.42758],[122.11551,-0.42752],[122.11563,-0.42751],[122.1157,-0.42751],[122.11577,-0.42754],[122.11582,-0.42755],[122.11582,-0.4276],[122.11601,-0.42776],[122.11601,-0.42776]]],[[[122.07524,-0.4276],[122.07573,-0.42856],[122.07556,-0.43016],[122.07415,-0.42845],[122.0743,-0.42754],[122.07524,-0.4276]]],[[[122.06694,-0.42765],[122.06685,-0.4277],[122.06672,-0.42768],[122.06661,-0.4276],[122.06659,-0.42745],[122.06659,-0.4274],[122.06661,-0.42738],[122.06673,-0.42734],[122.06687,-0.42734],[122.06699,-0.42743],[122.06698,-0.42761],[122.06697,-0.42765],[122.06694,-0.42765]]],[[[122.07118,-0.42797],[122.07144,-0.42869],[122.07092,-0.42956],[122.07095,-0.43039],[122.07137,-0.43097],[122.07094,-0.43145],[122.07254,-0.43317],[122.07186,-0.43323],[122.07037,-0.43212],[122.07024,-0.43165],[122.07067,-0.431],[122.07041,-0.42939],[122.06989,-0.42894],[122.06915,-0.42939],[122.06885,-0.42893],[122.06894,-0.42816],[122.06979,-0.42835],[122.07038,-0.42734],[122.07118,-0.42797]]],[[[122.11528,-0.42761],[122.11527,-0.42763],[122.11526,-0.42763],[122.11514,-0.42755],[122.11506,-0.42746],[122.11502,-0.42735],[122.11502,-0.42735],[122.11512,-0.42726],[122.11512,-0.42726],[122.11517,-0.4273],[122.11522,-0.42738],[122.11527,-0.42747],[122.11528,-0.42755],[122.11528,-0.42761]]],[[[122.1156,-0.42741],[122.11533,-0.42733],[122.1155,-0.42698],[122.11582,-0.42724],[122.1156,-0.42741]]],[[[122.11928,-0.42778],[122.11883,-0.42722],[122.11902,-0.42689],[122.11933,-0.42705],[122.11928,-0.42778]]],[[[122.0809,-0.42937],[122.08045,-0.4294],[122.07971,-0.42847],[122.07993,-0.42786],[122.07948,-0.42724],[122.08012,-0.42669],[122.0809,-0.42711],[122.0809,-0.42937]]],[[[122.11933,-0.42682],[122.1191,-0.42663],[122.11941,-0.42639],[122.11933,-0.42682]]],[[[122.10146,-0.42712],[122.10094,-0.42718],[122.1007,-0.4263],[122.10158,-0.42575],[122.10219,-0.42626],[122.10146,-0.42712]]],[[[122.06454,-0.42574],[122.06451,-0.42575],[122.0644,-0.42574],[122.06435,-0.42571],[122.06427,-0.42554],[122.06422,-0.42539],[122.06418,-0.42523],[122.06418,-0.42512],[122.06421,-0.42506],[122.06437,-0.42509],[122.06444,-0.42524],[122.06448,-0.42541],[122.06452,-0.42564],[122.06454,-0.42574]]],[[[122.07849,-0.42556],[122.07843,-0.42569],[122.07837,-0.42563],[122.07831,-0.42549],[122.07827,-0.42535],[122.07829,-0.42528],[122.07832,-0.4252],[122.07835,-0.42512],[122.07837,-0.42503],[122.07837,-0.42496],[122.07836,-0.42487],[122.07835,-0.42483],[122.07859,-0.42483],[122.0787,-0.42497],[122.07865,-0.42518],[122.07854,-0.42535],[122.07849,-0.42556]]],[[[122.12597,-0.4256],[122.1253,-0.42524],[122.12545,-0.42437],[122.12597,-0.4256]]],[[[122.10481,-0.42499],[122.10555,-0.42476],[122.10571,-0.42509],[122.105,-0.42598],[122.10457,-0.42599],[122.10356,-0.42485],[122.10432,-0.42413],[122.10481,-0.42499]]],[[[122.06969,-0.42473],[122.06986,-0.42535],[122.06937,-0.4258],[122.06966,-0.42673],[122.06901,-0.42689],[122.06853,-0.42612],[122.06912,-0.42521],[122.06886,-0.42439],[122.06935,-0.42407],[122.06969,-0.42473]]],[[[122.11889,-0.42417],[122.11888,-0.42534],[122.11819,-0.42599],[122.11768,-0.42553],[122.11731,-0.4241],[122.11774,-0.42421],[122.11832,-0.42325],[122.11889,-0.42417]]],[[[122.07247,-0.42339],[122.07309,-0.42358],[122.0735,-0.42514],[122.07227,-0.42396],[122.07183,-0.42405],[122.07357,-0.42662],[122.0739,-0.42802],[122.07364,-0.42966],[122.07426,-0.43074],[122.0742,-0.43144],[122.07322,-0.43021],[122.07293,-0.43065],[122.07248,-0.43045],[122.07283,-0.42981],[122.07236,-0.42949],[122.07266,-0.42828],[122.07322,-0.42809],[122.07207,-0.42742],[122.0723,-0.42512],[122.07189,-0.42581],[122.07049,-0.42481],[122.07123,-0.42292],[122.07247,-0.42339]]],[[[122.06861,-0.42311],[122.06811,-0.42411],[122.0683,-0.4253],[122.06739,-0.42634],[122.06689,-0.42601],[122.06614,-0.42634],[122.06608,-0.42584],[122.06714,-0.42479],[122.06737,-0.42404],[122.0668,-0.42352],[122.06719,-0.42332],[122.0668,-0.42335],[122.06684,-0.42302],[122.06747,-0.42292],[122.06784,-0.42213],[122.06805,-0.42281],[122.06861,-0.42311]]],[[[122.07843,-0.41827],[122.07801,-0.42187],[122.07918,-0.42347],[122.07875,-0.42391],[122.07826,-0.42347],[122.07731,-0.42364],[122.07681,-0.42599],[122.0758,-0.42585],[122.07429,-0.4249],[122.07327,-0.42133],[122.07268,-0.42126],[122.07292,-0.42195],[122.07152,-0.42054],[122.07086,-0.42035],[122.07057,-0.42087],[122.07134,-0.42192],[122.07049,-0.42176],[122.07008,-0.42273],[122.06868,-0.42257],[122.06908,-0.42128],[122.07086,-0.41964],[122.07188,-0.41951],[122.07374,-0.4207],[122.07434,-0.42072],[122.0745,-0.41886],[122.07511,-0.41846],[122.07698,-0.4188],[122.07743,-0.41826],[122.07684,-0.41766],[122.07708,-0.41728],[122.07808,-0.41703],[122.07843,-0.41827]]],[[[122.14595,-0.41397],[122.14594,-0.41398],[122.1459,-0.41397],[122.14571,-0.41391],[122.14555,-0.41387],[122.14541,-0.41379],[122.14534,-0.41368],[122.14529,-0.41356],[122.14532,-0.41354],[122.14538,-0.41354],[122.14548,-0.41356],[122.14559,-0.41362],[122.14569,-0.41365],[122.14576,-0.41365],[122.14587,-0.41366],[122.1459,-0.41367],[122.14597,-0.4137],[122.14601,-0.41375],[122.146,-0.4138],[122.14595,-0.41397]]],[[[122.14543,-0.4132],[122.14569,-0.41323],[122.14577,-0.4132],[122.14585,-0.4132],[122.14593,-0.41323],[122.14602,-0.4133],[122.14604,-0.4134],[122.14603,-0.41351],[122.14599,-0.41354],[122.14591,-0.41355],[122.14585,-0.41357],[122.14576,-0.41354],[122.1457,-0.41352],[122.14564,-0.41351],[122.14555,-0.41348],[122.14546,-0.41341],[122.1454,-0.41333],[122.14539,-0.4132],[122.14543,-0.4132]]],[[[122.14785,-0.41311],[122.1482,-0.41337],[122.14786,-0.41365],[122.14785,-0.41311]]],[[[122.099,-0.40944],[122.09804,-0.40917],[122.09755,-0.40791],[122.09847,-0.40665],[122.09846,-0.40551],[122.09963,-0.40485],[122.10007,-0.40523],[122.09982,-0.40597],[122.10016,-0.4067],[122.09883,-0.40786],[122.09943,-0.40919],[122.099,-0.40944]]],[[[122.15461,-0.40428],[122.15461,-0.40433],[122.15449,-0.40431],[122.15436,-0.40427],[122.15419,-0.40418],[122.15403,-0.40409],[122.15398,-0.40408],[122.154,-0.40402],[122.15409,-0.40399],[122.15417,-0.404],[122.15434,-0.40401],[122.15442,-0.40402],[122.1545,-0.40408],[122.15458,-0.40415],[122.15461,-0.40428]]],[[[122.12879,-0.34176],[122.13161,-0.34482],[122.13049,-0.34474],[122.12979,-0.34343],[122.12791,-0.34237],[122.12776,-0.34177],[122.12818,-0.34134],[122.12879,-0.34176]]],[[[122.14316,-0.33699],[122.14246,-0.33682],[122.14351,-0.33543],[122.14383,-0.33587],[122.14316,-0.33699]]],[[[122.11557,-0.32824],[122.11487,-0.32894],[122.11555,-0.32782],[122.11557,-0.32824]]],[[[122.11241,-0.32374],[122.11107,-0.32452],[122.11004,-0.32424],[122.10983,-0.32375],[122.1109,-0.32379],[122.11189,-0.32318],[122.11369,-0.32126],[122.11386,-0.32207],[122.11316,-0.3234],[122.11241,-0.32374]]],[[[122.01726,-0.27666],[122.01816,-0.27728],[122.0189,-0.27883],[122.01854,-0.28178],[122.01756,-0.28327],[122.0152,-0.28495],[122.01455,-0.28594],[122.0141,-0.28603],[122.01322,-0.28537],[122.01325,-0.28667],[122.01378,-0.28721],[122.01251,-0.28726],[122.01255,-0.28631],[122.01136,-0.28598],[122.01125,-0.28518],[122.01011,-0.28585],[122.00946,-0.28534],[122.0091,-0.28549],[122.00932,-0.28638],[122.01044,-0.2868],[122.01025,-0.28732],[122.00915,-0.2872],[122.00809,-0.28631],[122.00742,-0.28693],[122.00563,-0.28664],[122.00593,-0.28565],[122.00888,-0.28441],[122.00879,-0.28356],[122.01043,-0.28143],[122.01258,-0.28022],[122.01273,-0.27882],[122.01358,-0.27871],[122.0146,-0.27736],[122.01662,-0.27652],[122.01726,-0.27666]]],[[[122.09243,-0.27412],[122.09148,-0.27453],[122.09234,-0.27535],[122.09406,-0.27487],[122.09456,-0.27422],[122.09512,-0.27493],[122.09373,-0.27725],[122.09369,-0.27851],[122.09444,-0.28121],[122.0953,-0.28167],[122.09543,-0.28227],[122.09387,-0.28563],[122.0946,-0.28586],[122.09509,-0.28516],[122.0957,-0.28506],[122.09657,-0.2861],[122.09686,-0.28513],[122.09796,-0.28475],[122.09946,-0.28532],[122.09979,-0.28664],[122.09845,-0.28781],[122.0986,-0.28908],[122.09809,-0.29145],[122.09935,-0.29152],[122.10083,-0.29039],[122.10219,-0.29157],[122.10153,-0.29276],[122.10178,-0.29429],[122.1013,-0.29482],[122.10148,-0.29527],[122.10241,-0.2956],[122.10241,-0.29687],[122.10149,-0.29733],[122.1023,-0.29765],[122.10272,-0.29952],[122.10249,-0.29996],[122.10311,-0.30001],[122.10372,-0.30114],[122.10267,-0.30328],[122.10204,-0.30347],[122.10241,-0.30462],[122.10156,-0.30485],[122.10264,-0.30513],[122.10321,-0.30604],[122.10426,-0.30528],[122.10626,-0.30508],[122.1068,-0.30408],[122.10761,-0.30452],[122.10764,-0.30672],[122.10676,-0.30763],[122.10582,-0.30779],[122.10588,-0.30963],[122.10333,-0.312],[122.10414,-0.31268],[122.10598,-0.31195],[122.10697,-0.31111],[122.10785,-0.31134],[122.10921,-0.31085],[122.11015,-0.31121],[122.10918,-0.31561],[122.11058,-0.31667],[122.11098,-0.31748],[122.10975,-0.31957],[122.10731,-0.3222],[122.10744,-0.32313],[122.10854,-0.32358],[122.10917,-0.32344],[122.1094,-0.32442],[122.10743,-0.32463],[122.10745,-0.32505],[122.10587,-0.32576],[122.10386,-0.3278],[122.10229,-0.32813],[122.10219,-0.32877],[122.09997,-0.32811],[122.09928,-0.3287],[122.09918,-0.32936],[122.10044,-0.33057],[122.10087,-0.32991],[122.1015,-0.33001],[122.10158,-0.32924],[122.10243,-0.32909],[122.10282,-0.32934],[122.10327,-0.33102],[122.10379,-0.33026],[122.10444,-0.33026],[122.10436,-0.32973],[122.10343,-0.32938],[122.10436,-0.32809],[122.10786,-0.32813],[122.10808,-0.32757],[122.10849,-0.32778],[122.10894,-0.32733],[122.1092,-0.32749],[122.10817,-0.32932],[122.10867,-0.3303],[122.10908,-0.3302],[122.1097,-0.33078],[122.11061,-0.32906],[122.11138,-0.32844],[122.11264,-0.32861],[122.11332,-0.32949],[122.11454,-0.32953],[122.11469,-0.3316],[122.11664,-0.33244],[122.11607,-0.33347],[122.11538,-0.33381],[122.11436,-0.33341],[122.11271,-0.33192],[122.11227,-0.33197],[122.11265,-0.33362],[122.11381,-0.33471],[122.11377,-0.33637],[122.11269,-0.33668],[122.11162,-0.33578],[122.11109,-0.33578],[122.11076,-0.33658],[122.11002,-0.33675],[122.10997,-0.33734],[122.1109,-0.33811],[122.11071,-0.33893],[122.10987,-0.33947],[122.1099,-0.34],[122.11192,-0.34033],[122.1121,-0.34128],[122.10915,-0.3461],[122.10717,-0.34709],[122.10842,-0.34739],[122.10915,-0.34702],[122.1116,-0.34513],[122.11348,-0.343],[122.11427,-0.34324],[122.11491,-0.34433],[122.1158,-0.34365],[122.11565,-0.34246],[122.11856,-0.3425],[122.11944,-0.34308],[122.12012,-0.34305],[122.12028,-0.34239],[122.11845,-0.34097],[122.11963,-0.34027],[122.1214,-0.34048],[122.1226,-0.34166],[122.12705,-0.34886],[122.12843,-0.35277],[122.12845,-0.35197],[122.12916,-0.35244],[122.12837,-0.35067],[122.12894,-0.34838],[122.13035,-0.34826],[122.13127,-0.349],[122.13184,-0.35078],[122.13536,-0.35345],[122.13617,-0.35453],[122.1363,-0.35629],[122.13494,-0.35726],[122.13513,-0.35784],[122.13557,-0.35789],[122.13734,-0.356],[122.13953,-0.35714],[122.13958,-0.35682],[122.13788,-0.35536],[122.13698,-0.35329],[122.13474,-0.35164],[122.13434,-0.34982],[122.13542,-0.34664],[122.13367,-0.34591],[122.13474,-0.34566],[122.13586,-0.34666],[122.13799,-0.34718],[122.13837,-0.34647],[122.13807,-0.34482],[122.1388,-0.34367],[122.13753,-0.34196],[122.13488,-0.34195],[122.13449,-0.34046],[122.13549,-0.34132],[122.1375,-0.34132],[122.14129,-0.34049],[122.14017,-0.34196],[122.1403,-0.34311],[122.14077,-0.34434],[122.14265,-0.34597],[122.14317,-0.34719],[122.1415,-0.34804],[122.14129,-0.35007],[122.14165,-0.35083],[122.14428,-0.35154],[122.14425,-0.35265],[122.14287,-0.353],[122.14243,-0.35403],[122.14337,-0.35556],[122.14569,-0.35653],[122.14598,-0.35771],[122.14515,-0.35836],[122.14217,-0.35808],[122.141,-0.35933],[122.14144,-0.36017],[122.14515,-0.3626],[122.14504,-0.36353],[122.14328,-0.36441],[122.14252,-0.36428],[122.14335,-0.36601],[122.14337,-0.36721],[122.14034,-0.36951],[122.13954,-0.36911],[122.13868,-0.36758],[122.13766,-0.3667],[122.13675,-0.36736],[122.13711,-0.36812],[122.13678,-0.36846],[122.13758,-0.36861],[122.13821,-0.37089],[122.14092,-0.37274],[122.13779,-0.37429],[122.138,-0.3746],[122.13946,-0.37402],[122.13959,-0.37455],[122.13876,-0.37528],[122.13896,-0.37573],[122.13941,-0.37544],[122.13956,-0.37638],[122.1412,-0.37573],[122.14404,-0.37581],[122.14435,-0.37516],[122.14397,-0.37381],[122.14446,-0.37279],[122.14644,-0.37159],[122.14697,-0.37195],[122.14716,-0.37273],[122.1482,-0.37381],[122.14854,-0.37574],[122.14817,-0.3783],[122.14888,-0.3788],[122.14901,-0.38053],[122.14789,-0.38139],[122.14749,-0.38309],[122.14604,-0.38556],[122.14531,-0.38582],[122.14468,-0.38514],[122.14439,-0.38558],[122.14515,-0.387],[122.14546,-0.38634],[122.1464,-0.38674],[122.14676,-0.38514],[122.14825,-0.38435],[122.14852,-0.38356],[122.14924,-0.38362],[122.14932,-0.38629],[122.15031,-0.38886],[122.15062,-0.38839],[122.1514,-0.39007],[122.15283,-0.39043],[122.15168,-0.39173],[122.15078,-0.39168],[122.15039,-0.39113],[122.14924,-0.39184],[122.14927,-0.3936],[122.15018,-0.39538],[122.15088,-0.39535],[122.15234,-0.39404],[122.15281,-0.39467],[122.15246,-0.39755],[122.15051,-0.39963],[122.14976,-0.40103],[122.14987,-0.40179],[122.15078,-0.40288],[122.14999,-0.40287],[122.14828,-0.40187],[122.14872,-0.40032],[122.14812,-0.3999],[122.14643,-0.40051],[122.1463,-0.39889],[122.14593,-0.39858],[122.14515,-0.39988],[122.14438,-0.39964],[122.14286,-0.40021],[122.1433,-0.40032],[122.14484,-0.40438],[122.14536,-0.40465],[122.14653,-0.40399],[122.14721,-0.40404],[122.14632,-0.40493],[122.14555,-0.40734],[122.14425,-0.40764],[122.14225,-0.40719],[122.14068,-0.4061],[122.14053,-0.40636],[122.14136,-0.4087],[122.14352,-0.41121],[122.14339,-0.41548],[122.14417,-0.41731],[122.14557,-0.41913],[122.14452,-0.41909],[122.14451,-0.41845],[122.14331,-0.41789],[122.14175,-0.41579],[122.14152,-0.41372],[122.13983,-0.41277],[122.13852,-0.411],[122.13765,-0.41076],[122.1369,-0.41126],[122.13607,-0.4111],[122.13553,-0.41228],[122.13613,-0.41343],[122.13675,-0.41354],[122.13766,-0.41458],[122.13808,-0.41692],[122.13798,-0.41738],[122.13726,-0.41717],[122.13655,-0.41763],[122.13611,-0.42099],[122.13429,-0.41853],[122.13342,-0.41864],[122.13504,-0.41607],[122.13425,-0.41544],[122.13374,-0.41421],[122.1337,-0.41266],[122.13233,-0.4123],[122.13198,-0.41585],[122.13149,-0.41591],[122.13116,-0.41492],[122.13057,-0.41472],[122.13002,-0.41639],[122.12853,-0.41742],[122.12845,-0.41852],[122.12923,-0.41949],[122.12959,-0.42077],[122.12941,-0.42438],[122.12692,-0.42223],[122.12638,-0.4222],[122.12562,-0.42355],[122.12433,-0.42211],[122.12143,-0.42118],[122.12053,-0.4188],[122.1209,-0.41815],[122.11958,-0.41769],[122.11825,-0.41805],[122.11874,-0.41703],[122.11971,-0.4165],[122.11885,-0.41556],[122.11929,-0.41404],[122.11731,-0.41279],[122.11758,-0.41175],[122.11702,-0.41096],[122.1152,-0.41098],[122.11504,-0.41056],[122.11368,-0.41026],[122.11319,-0.40963],[122.11254,-0.41006],[122.11172,-0.40953],[122.11072,-0.4099],[122.10933,-0.40884],[122.10901,-0.40808],[122.10798,-0.40758],[122.10779,-0.40698],[122.10818,-0.40626],[122.10787,-0.40528],[122.10648,-0.40494],[122.10581,-0.404],[122.10444,-0.40353],[122.10312,-0.40194],[122.10164,-0.40136],[122.09928,-0.40139],[122.09884,-0.40047],[122.0971,-0.3991],[122.09377,-0.39992],[122.0933,-0.4032],[122.09374,-0.4054],[122.09296,-0.40685],[122.09395,-0.40906],[122.09273,-0.40938],[122.09234,-0.41111],[122.09105,-0.41169],[122.09112,-0.4123],[122.09196,-0.41272],[122.09304,-0.41492],[122.09231,-0.41563],[122.09311,-0.41553],[122.09342,-0.4163],[122.09479,-0.41752],[122.09538,-0.41895],[122.09829,-0.41954],[122.09954,-0.42121],[122.10067,-0.42109],[122.10129,-0.41995],[122.10246,-0.4192],[122.10392,-0.42012],[122.1035,-0.42092],[122.10405,-0.42222],[122.10378,-0.42293],[122.10332,-0.42353],[122.10212,-0.42337],[122.10151,-0.42527],[122.10034,-0.42542],[122.1,-0.42614],[122.10088,-0.42787],[122.10228,-0.4273],[122.10355,-0.42816],[122.1058,-0.42849],[122.10589,-0.42954],[122.1068,-0.43084],[122.10455,-0.42921],[122.10305,-0.42879],[122.1043,-0.42995],[122.1051,-0.43252],[122.10418,-0.43273],[122.10372,-0.43143],[122.09968,-0.43067],[122.09826,-0.43105],[122.09523,-0.42943],[122.09397,-0.42765],[122.09272,-0.42782],[122.09251,-0.42849],[122.09368,-0.43097],[122.09338,-0.43248],[122.09443,-0.43277],[122.09522,-0.43373],[122.09593,-0.43373],[122.09586,-0.43553],[122.0966,-0.43782],[122.09599,-0.4375],[122.09574,-0.436],[122.09489,-0.4359],[122.09454,-0.43682],[122.09452,-0.43595],[122.09388,-0.43549],[122.09323,-0.43692],[122.09295,-0.43688],[122.09268,-0.43672],[122.09278,-0.43525],[122.09196,-0.43526],[122.08963,-0.43384],[122.08948,-0.43445],[122.09123,-0.43661],[122.09117,-0.43805],[122.09193,-0.43865],[122.09203,-0.4396],[122.09282,-0.44088],[122.09283,-0.44143],[122.09229,-0.4415],[122.09195,-0.44358],[122.09129,-0.44385],[122.08921,-0.44287],[122.08923,-0.44239],[122.08752,-0.44046],[122.08832,-0.43927],[122.08953,-0.43938],[122.08978,-0.43853],[122.08889,-0.43808],[122.08666,-0.43453],[122.08646,-0.43349],[122.08737,-0.43304],[122.08843,-0.43365],[122.08718,-0.43242],[122.08868,-0.43129],[122.08916,-0.43137],[122.09044,-0.43291],[122.09087,-0.43207],[122.09015,-0.43098],[122.09047,-0.43017],[122.08993,-0.43029],[122.08976,-0.42965],[122.08846,-0.42846],[122.08561,-0.42875],[122.08522,-0.42526],[122.08573,-0.42385],[122.08542,-0.42366],[122.08555,-0.42268],[122.08598,-0.42218],[122.08577,-0.42143],[122.08509,-0.42121],[122.08433,-0.42212],[122.08427,-0.42289],[122.08491,-0.42378],[122.08468,-0.42579],[122.08375,-0.42719],[122.08406,-0.4279],[122.08353,-0.42827],[122.08318,-0.42796],[122.08294,-0.42671],[122.08346,-0.42629],[122.08301,-0.42483],[122.08175,-0.42538],[122.08205,-0.42817],[122.08167,-0.42804],[122.08114,-0.4275],[122.08136,-0.42626],[122.08043,-0.42627],[122.07929,-0.42519],[122.07939,-0.42469],[122.07997,-0.42471],[122.07962,-0.42396],[122.08001,-0.42359],[122.07992,-0.42272],[122.07875,-0.42085],[122.07944,-0.41837],[122.07859,-0.4161],[122.07871,-0.41496],[122.07738,-0.41545],[122.07617,-0.41488],[122.07358,-0.4162],[122.07297,-0.41529],[122.07386,-0.41529],[122.07362,-0.41441],[122.07194,-0.41477],[122.07138,-0.41394],[122.072,-0.41277],[122.07021,-0.41222],[122.06926,-0.41063],[122.06743,-0.41156],[122.06746,-0.41253],[122.06832,-0.41293],[122.06928,-0.41284],[122.06875,-0.41323],[122.06877,-0.4139],[122.06814,-0.41406],[122.06612,-0.41214],[122.06566,-0.41049],[122.06348,-0.40912],[122.06353,-0.40853],[122.06547,-0.40761],[122.06595,-0.40775],[122.06578,-0.40635],[122.06679,-0.40664],[122.0671,-0.40529],[122.06603,-0.40436],[122.06723,-0.40318],[122.06817,-0.40289],[122.06792,-0.40192],[122.0683,-0.40027],[122.06987,-0.40056],[122.07058,-0.40132],[122.0713,-0.39926],[122.07454,-0.4005],[122.07557,-0.40165],[122.07686,-0.40178],[122.07673,-0.40261],[122.07865,-0.40215],[122.08012,-0.40076],[122.08219,-0.39649],[122.08353,-0.39622],[122.08523,-0.39262],[122.08494,-0.39],[122.08414,-0.38893],[122.08325,-0.3885],[122.08294,-0.38956],[122.08238,-0.38958],[122.08156,-0.38875],[122.07837,-0.38982],[122.07742,-0.38967],[122.07742,-0.39085],[122.07859,-0.39081],[122.07902,-0.39182],[122.07788,-0.39197],[122.07662,-0.39065],[122.07577,-0.39108],[122.07653,-0.39206],[122.0751,-0.39269],[122.07637,-0.39354],[122.07633,-0.3941],[122.07586,-0.39425],[122.07537,-0.39387],[122.07419,-0.3939],[122.07457,-0.39264],[122.07415,-0.39161],[122.07504,-0.39179],[122.07335,-0.39016],[122.07237,-0.39226],[122.07153,-0.39202],[122.0712,-0.39267],[122.07049,-0.39208],[122.07024,-0.39273],[122.06982,-0.39282],[122.06718,-0.39178],[122.06713,-0.39131],[122.06869,-0.39049],[122.06887,-0.38815],[122.0696,-0.38797],[122.06904,-0.38771],[122.06918,-0.38712],[122.06826,-0.38667],[122.06828,-0.38564],[122.06667,-0.38569],[122.06655,-0.38437],[122.06725,-0.38368],[122.06784,-0.38379],[122.06863,-0.3847],[122.06909,-0.38372],[122.06761,-0.3826],[122.06669,-0.38327],[122.0649,-0.38312],[122.06478,-0.38217],[122.06413,-0.38153],[122.06567,-0.38063],[122.06577,-0.37958],[122.06698,-0.37941],[122.06691,-0.37702],[122.0675,-0.37686],[122.06813,-0.37563],[122.06763,-0.37482],[122.06621,-0.37489],[122.06596,-0.37643],[122.06462,-0.37635],[122.06528,-0.37501],[122.06473,-0.37435],[122.0642,-0.37504],[122.06403,-0.37345],[122.06554,-0.37218],[122.06586,-0.37112],[122.06545,-0.37071],[122.06592,-0.37095],[122.0677,-0.37045],[122.06891,-0.36802],[122.06889,-0.36671],[122.06781,-0.36484],[122.06731,-0.36518],[122.06758,-0.3665],[122.06714,-0.36662],[122.06638,-0.36604],[122.06561,-0.36635],[122.06544,-0.36712],[122.06575,-0.36753],[122.06539,-0.36783],[122.06272,-0.36826],[122.06158,-0.36689],[122.06128,-0.36425],[122.06192,-0.36238],[122.06116,-0.36129],[122.06259,-0.36066],[122.06257,-0.3601],[122.06397,-0.3588],[122.06277,-0.35877],[122.0614,-0.35928],[122.0604,-0.35501],[122.06055,-0.35317],[122.06149,-0.35268],[122.06228,-0.34964],[122.06278,-0.34919],[122.06575,-0.34942],[122.06664,-0.34897],[122.06695,-0.34814],[122.06928,-0.34611],[122.06938,-0.34542],[122.07071,-0.34491],[122.07254,-0.34588],[122.07315,-0.34578],[122.07474,-0.34547],[122.07571,-0.34434],[122.07601,-0.33863],[122.07525,-0.3359],[122.07438,-0.33462],[122.07325,-0.32929],[122.07336,-0.32801],[122.07474,-0.32739],[122.07474,-0.32507],[122.07642,-0.32317],[122.07682,-0.32069],[122.07589,-0.31935],[122.07422,-0.3183],[122.07347,-0.31881],[122.07276,-0.31873],[122.07254,-0.31784],[122.07328,-0.3127],[122.07233,-0.31101],[122.07204,-0.30928],[122.07082,-0.30779],[122.07106,-0.30695],[122.07056,-0.30516],[122.07112,-0.30433],[122.07089,-0.30301],[122.07279,-0.30305],[122.07358,-0.3036],[122.07489,-0.30813],[122.07549,-0.30792],[122.07741,-0.30554],[122.08091,-0.30756],[122.0808,-0.30582],[122.08133,-0.30495],[122.08171,-0.30172],[122.0849,-0.30089],[122.08638,-0.29812],[122.08659,-0.29218],[122.08721,-0.29197],[122.08768,-0.29066],[122.08734,-0.29019],[122.08745,-0.2887],[122.08684,-0.28817],[122.08566,-0.28831],[122.08463,-0.2892],[122.08258,-0.2892],[122.08366,-0.28719],[122.08434,-0.28718],[122.08362,-0.28624],[122.08441,-0.28496],[122.08507,-0.28252],[122.08634,-0.2809],[122.08725,-0.27591],[122.09068,-0.27204],[122.09125,-0.27201],[122.09248,-0.27288],[122.09243,-0.27412]]],[[[122.08616,-0.26173],[122.0857,-0.26174],[122.08567,-0.26118],[122.08622,-0.26067],[122.08649,-0.26111],[122.08616,-0.26173]]],[[[122.08691,-0.24126],[122.08858,-0.2416],[122.09264,-0.24481],[122.09472,-0.24754],[122.09373,-0.2483],[122.09393,-0.25284],[122.09383,-0.25349],[122.09256,-0.25463],[122.09215,-0.25625],[122.09234,-0.25763],[122.09162,-0.25817],[122.09116,-0.25804],[122.09155,-0.25626],[122.09136,-0.25557],[122.08981,-0.25539],[122.08968,-0.25843],[122.0884,-0.25973],[122.08795,-0.26089],[122.08754,-0.26043],[122.08723,-0.26067],[122.08727,-0.26186],[122.08663,-0.26116],[122.08663,-0.26005],[122.08608,-0.25994],[122.08564,-0.2601],[122.08532,-0.26177],[122.08398,-0.26198],[122.08505,-0.26272],[122.08373,-0.26385],[122.08112,-0.26497],[122.08042,-0.26464],[122.07923,-0.26507],[122.07735,-0.26492],[122.07674,-0.26533],[122.07471,-0.26458],[122.07489,-0.26522],[122.07428,-0.26498],[122.07449,-0.26452],[122.07411,-0.26356],[122.07259,-0.26233],[122.0724,-0.2615],[122.07126,-0.26108],[122.07114,-0.26039],[122.06964,-0.26065],[122.06892,-0.26008],[122.06935,-0.26073],[122.06906,-0.26096],[122.06857,-0.26047],[122.06884,-0.26118],[122.06815,-0.26227],[122.06744,-0.26252],[122.0669,-0.26366],[122.0659,-0.26414],[122.06357,-0.26692],[122.05962,-0.26849],[122.0586,-0.26959],[122.0566,-0.27056],[122.05606,-0.27184],[122.05569,-0.27157],[122.05561,-0.27198],[122.05537,-0.27142],[122.05437,-0.27233],[122.04931,-0.27503],[122.04765,-0.2751],[122.04743,-0.27588],[122.04587,-0.27658],[122.04162,-0.27706],[122.03848,-0.27655],[122.03591,-0.27696],[122.03494,-0.27644],[122.03414,-0.27664],[122.03293,-0.27586],[122.03123,-0.27605],[122.02848,-0.27478],[122.02891,-0.27414],[122.03079,-0.27325],[122.03063,-0.27247],[122.03191,-0.27128],[122.03295,-0.26767],[122.03566,-0.26543],[122.03552,-0.26438],[122.03596,-0.26433],[122.03603,-0.26264],[122.03674,-0.26163],[122.03878,-0.26005],[122.03936,-0.26021],[122.04037,-0.25974],[122.0399,-0.25909],[122.04044,-0.25804],[122.04315,-0.2559],[122.0479,-0.25595],[122.04951,-0.25476],[122.05193,-0.25437],[122.05217,-0.25349],[122.05369,-0.25353],[122.05394,-0.253],[122.05442,-0.25321],[122.0549,-0.25242],[122.0558,-0.25213],[122.05599,-0.2525],[122.0569,-0.25245],[122.05728,-0.25218],[122.05714,-0.25147],[122.058,-0.25167],[122.05819,-0.25106],[122.05894,-0.25182],[122.0606,-0.25236],[122.06094,-0.25317],[122.06158,-0.25321],[122.06251,-0.25228],[122.06391,-0.25239],[122.06545,-0.25171],[122.06633,-0.25176],[122.06773,-0.2509],[122.07018,-0.2512],[122.07041,-0.25078],[122.0697,-0.25003],[122.07001,-0.24883],[122.07202,-0.24806],[122.07348,-0.24832],[122.07447,-0.24743],[122.07491,-0.2464],[122.07782,-0.24584],[122.083,-0.24633],[122.0845,-0.24572],[122.08524,-0.24436],[122.08647,-0.2436],[122.08575,-0.24237],[122.08588,-0.24163],[122.08691,-0.24126]]],[[[122.08699,-0.23932],[122.08699,-0.23955],[122.08688,-0.2395],[122.08678,-0.23946],[122.08672,-0.23943],[122.08666,-0.23939],[122.08661,-0.23937],[122.08657,-0.23934],[122.08652,-0.23933],[122.08646,-0.23933],[122.08642,-0.23934],[122.08637,-0.23933],[122.08632,-0.2393],[122.08632,-0.23925],[122.08635,-0.23923],[122.08639,-0.23921],[122.0865,-0.2392],[122.08659,-0.2392],[122.08679,-0.23927],[122.0869,-0.23931],[122.08697,-0.23932],[122.08699,-0.23932]]]]}},{"type":"Feature","properties":{"NAMOBJ":"Togean","KODE_KAB":7209},"geometry":{"type":"MultiPolygon","coordinates":[[[[121.92523,-0.44066],[121.92564,-0.44142],[121.92752,-0.44145],[121.92675,-0.44351],[121.92833,-0.44474],[121.92634,-0.44651],[121.92602,-0.44847],[121.92347,-0.44904],[121.92341,-0.44743],[121.92294,-0.44644],[121.92143,-0.44563],[121.92206,-0.44471],[121.92098,-0.44457],[121.92034,-0.44243],[121.91915,-0.44072],[121.92008,-0.44065],[121.91963,-0.43989],[121.9198,-0.43929],[121.92066,-0.43983],[121.92109,-0.43904],[121.92141,-0.43914],[121.9214,-0.4401],[121.92255,-0.44032],[121.92361,-0.43998],[121.92467,-0.44077],[121.92449,-0.43902],[121.92524,-0.43985],[121.92523,-0.44066]]],[[[121.93588,-0.43551],[121.93582,-0.43551],[121.93576,-0.43548],[121.93573,-0.43546],[121.9357,-0.43545],[121.9355,-0.43533],[121.93542,-0.43525],[121.93525,-0.43505],[121.93524,-0.43502],[121.9353,-0.435],[121.93551,-0.435],[121.93576,-0.43513],[121.93586,-0.43533],[121.93588,-0.43551]]],[[[121.92248,-0.43731],[121.92209,-0.43603],[121.92308,-0.4355],[121.92331,-0.43445],[121.92373,-0.43442],[121.92407,-0.43534],[121.92248,-0.43731]]],[[[121.92369,-0.43313],[121.92367,-0.43314],[121.92361,-0.43302],[121.92354,-0.43284],[121.92348,-0.43269],[121.92364,-0.4328],[121.92369,-0.43292],[121.92369,-0.43313]]],[[[121.93759,-0.4329],[121.93717,-0.43286],[121.93715,-0.43246],[121.93751,-0.43242],[121.93759,-0.4329]]],[[[121.94019,-0.43304],[121.94124,-0.43326],[121.94117,-0.436],[121.93879,-0.43604],[121.93768,-0.43701],[121.93634,-0.43658],[121.93698,-0.43593],[121.93713,-0.43481],[121.93855,-0.43517],[121.93897,-0.43241],[121.93966,-0.43241],[121.94019,-0.43304]]],[[[121.93858,-0.42913],[121.93909,-0.42978],[121.93838,-0.43115],[121.93722,-0.4319],[121.93661,-0.43101],[121.93543,-0.43165],[121.93576,-0.43007],[121.93647,-0.42936],[121.93776,-0.42894],[121.93858,-0.42913]]],[[[121.93673,-0.42894],[121.93671,-0.42895],[121.93681,-0.42889],[121.93673,-0.42894]]],[[[122.01703,-0.42913],[122.01789,-0.42963],[122.01754,-0.43045],[122.01806,-0.43037],[122.01821,-0.43088],[122.02009,-0.43231],[122.02042,-0.43395],[122.02148,-0.43412],[122.022,-0.4355],[122.02069,-0.43521],[122.01945,-0.43573],[122.01863,-0.43548],[122.01776,-0.43398],[122.01833,-0.43296],[122.01767,-0.43191],[122.01661,-0.43136],[122.01693,-0.43097],[122.01658,-0.43042],[122.01663,-0.42871],[122.01703,-0.42913]]],[[[121.97943,-0.42849],[121.98117,-0.42851],[121.98078,-0.43131],[121.97903,-0.43147],[121.97773,-0.4307],[121.97872,-0.42947],[121.97807,-0.42828],[121.97845,-0.42665],[121.97943,-0.42849]]],[[[122.01559,-0.42559],[122.01531,-0.42568],[122.01527,-0.4256],[122.01527,-0.42539],[122.01537,-0.42531],[122.01544,-0.42528],[122.01552,-0.42529],[122.01559,-0.42536],[122.01561,-0.42551],[122.01559,-0.42559]]],[[[122.03028,-0.42617],[122.03104,-0.42664],[122.03085,-0.42734],[122.03044,-0.42726],[122.03068,-0.42669],[122.02928,-0.42622],[122.02668,-0.4274],[122.02615,-0.42598],[122.02854,-0.4238],[122.02997,-0.42464],[122.03028,-0.42617]]],[[[122.01411,-0.4243],[122.01523,-0.42436],[122.01536,-0.42509],[122.01464,-0.42559],[122.01423,-0.42483],[122.01302,-0.42439],[122.01221,-0.42512],[122.01172,-0.424],[122.01349,-0.42303],[122.01411,-0.4243]]],[[[122.00922,-0.42162],[122.00873,-0.42156],[122.00887,-0.42101],[122.00922,-0.42162]]],[[[122.00817,-0.41953],[122.00781,-0.41899],[122.00832,-0.41903],[122.00817,-0.41953]]],[[[122.05838,-0.41293],[122.05807,-0.41249],[122.0584,-0.41249],[122.05838,-0.41293]]],[[[122.05717,-0.41151],[122.05656,-0.41199],[122.05646,-0.41342],[122.05469,-0.41339],[122.05362,-0.41262],[122.05252,-0.41277],[122.05216,-0.41238],[122.05231,-0.41146],[122.05301,-0.411],[122.05425,-0.41169],[122.05598,-0.41098],[122.05688,-0.41103],[122.05717,-0.41151]]],[[[122.00983,-0.39988],[122.00983,-0.39988],[122.00967,-0.39981],[122.00968,-0.3998],[122.0097,-0.39978],[122.00972,-0.39977],[122.00972,-0.39976],[122.00977,-0.39977],[122.00979,-0.39978],[122.00982,-0.39981],[122.00983,-0.39985],[122.00983,-0.39988]]],[[[121.8564,-0.36554],[121.85583,-0.36549],[121.85593,-0.36498],[121.8564,-0.36554]]],[[[122.02092,-0.36743],[122.01933,-0.36754],[122.01827,-0.36865],[122.01775,-0.36796],[122.01846,-0.36652],[122.01831,-0.36519],[122.01879,-0.36481],[122.01878,-0.36391],[122.01961,-0.3631],[122.02123,-0.36321],[122.0221,-0.36399],[122.02235,-0.36619],[122.02168,-0.36717],[122.02092,-0.36743]]],[[[121.85297,-0.36237],[121.8524,-0.36242],[121.85202,-0.36195],[121.85271,-0.3618],[121.85297,-0.36237]]],[[[121.8438,-0.36354],[121.84316,-0.3632],[121.84397,-0.36258],[121.84385,-0.36187],[121.84439,-0.3618],[121.84483,-0.36307],[121.8438,-0.36354]]],[[[121.86222,-0.36246],[121.86191,-0.36176],[121.8625,-0.36151],[121.86265,-0.36205],[121.86222,-0.36246]]],[[[121.86088,-0.36045],[121.86059,-0.36021],[121.8612,-0.35991],[121.86088,-0.36045]]],[[[121.85161,-0.35581],[121.8516,-0.35581],[121.8516,-0.35581],[121.85149,-0.35572],[121.85141,-0.35561],[121.85135,-0.3555],[121.85139,-0.3555],[121.85144,-0.35551],[121.85151,-0.35554],[121.85156,-0.35557],[121.8516,-0.35563],[121.85163,-0.35569],[121.85163,-0.35575],[121.85161,-0.35581]]],[[[121.85146,-0.35374],[121.85146,-0.35374],[121.85136,-0.35372],[121.85128,-0.35371],[121.85131,-0.3537],[121.85136,-0.35371],[121.85141,-0.35372],[121.85146,-0.35374]]],[[[121.9706,-0.35388],[121.97056,-0.35388],[121.97076,-0.35365],[121.97076,-0.35369],[121.97071,-0.35378],[121.9706,-0.35388]]],[[[121.85153,-0.35364],[121.85075,-0.35362],[121.85051,-0.35317],[121.85102,-0.3531],[121.85153,-0.35364]]],[[[121.85,-0.35427],[121.84911,-0.35308],[121.85023,-0.35297],[121.85054,-0.35389],[121.85,-0.35427]]],[[[121.983,-0.35379],[121.98215,-0.35342],[121.98331,-0.35277],[121.98378,-0.35355],[121.983,-0.35379]]],[[[121.84865,-0.35282],[121.84789,-0.35267],[121.8479,-0.35184],[121.84875,-0.35177],[121.84925,-0.35217],[121.84923,-0.35259],[121.84865,-0.35282]]],[[[121.83117,-0.35156],[121.83129,-0.35215],[121.83273,-0.35322],[121.83178,-0.35329],[121.82987,-0.35253],[121.82978,-0.35193],[121.83117,-0.35156]]],[[[121.87478,-0.35186],[121.875,-0.35219],[121.87599,-0.35211],[121.87519,-0.35383],[121.87446,-0.35475],[121.872,-0.35592],[121.87077,-0.35695],[121.87004,-0.35822],[121.86765,-0.36051],[121.86802,-0.36155],[121.86701,-0.36254],[121.86332,-0.36175],[121.8626,-0.36065],[121.86196,-0.3577],[121.86112,-0.35709],[121.8599,-0.35929],[121.86026,-0.36131],[121.85806,-0.36159],[121.85828,-0.36278],[121.85766,-0.36286],[121.85764,-0.36419],[121.85816,-0.36408],[121.85836,-0.3635],[121.85914,-0.36362],[121.85928,-0.364],[121.85847,-0.36486],[121.85729,-0.36521],[121.85628,-0.36487],[121.85653,-0.36378],[121.85585,-0.36223],[121.85445,-0.36187],[121.85308,-0.36074],[121.85351,-0.35945],[121.85325,-0.35871],[121.85275,-0.35851],[121.85223,-0.35859],[121.85265,-0.35995],[121.85193,-0.35991],[121.85131,-0.36124],[121.85137,-0.36213],[121.84844,-0.36268],[121.8467,-0.3635],[121.84524,-0.36324],[121.84542,-0.36203],[121.8447,-0.36135],[121.84353,-0.36102],[121.84259,-0.3614],[121.84288,-0.36026],[121.84248,-0.35988],[121.84119,-0.36028],[121.84232,-0.35929],[121.84226,-0.35884],[121.84355,-0.3587],[121.84356,-0.35811],[121.8429,-0.35763],[121.8433,-0.35685],[121.84365,-0.3564],[121.84508,-0.35621],[121.84546,-0.35494],[121.84682,-0.35337],[121.84701,-0.35544],[121.85109,-0.35742],[121.85138,-0.35804],[121.85261,-0.35776],[121.85293,-0.35655],[121.85455,-0.35612],[121.85452,-0.35771],[121.85532,-0.35862],[121.8561,-0.35809],[121.85543,-0.35609],[121.85678,-0.35524],[121.85848,-0.35542],[121.85931,-0.35492],[121.86073,-0.35489],[121.86313,-0.35416],[121.86352,-0.35458],[121.86399,-0.35396],[121.86513,-0.35362],[121.86629,-0.35412],[121.86707,-0.35398],[121.87045,-0.35262],[121.87204,-0.35156],[121.87293,-0.35188],[121.87328,-0.3514],[121.87405,-0.35132],[121.87478,-0.35186]]],[[[121.98032,-0.35087],[121.98019,-0.35087],[121.98006,-0.35087],[121.97991,-0.35086],[121.97989,-0.35085],[121.97988,-0.35083],[121.97987,-0.3508],[121.97989,-0.35077],[121.97993,-0.35075],[121.98001,-0.35073],[121.98015,-0.35071],[121.98027,-0.35072],[121.98038,-0.35074],[121.98045,-0.35076],[121.98046,-0.35079],[121.98045,-0.35083],[121.9804,-0.35085],[121.98032,-0.35087]]],[[[121.96643,-0.35088],[121.96635,-0.3509],[121.96684,-0.35049],[121.96699,-0.35027],[121.96689,-0.35044],[121.96682,-0.35053],[121.96655,-0.35081],[121.96643,-0.35088]]],[[[121.83565,-0.35017],[121.83685,-0.35033],[121.83531,-0.35277],[121.83372,-0.35327],[121.83307,-0.35321],[121.83574,-0.35092],[121.83568,-0.35055],[121.8347,-0.35047],[121.83204,-0.35121],[121.83144,-0.35098],[121.83236,-0.35091],[121.83363,-0.35004],[121.83565,-0.35017]]],[[[121.8371,-0.35012],[121.83689,-0.34982],[121.83749,-0.34948],[121.8371,-0.35012]]],[[[121.87654,-0.34843],[121.87634,-0.34806],[121.87676,-0.34815],[121.87654,-0.34843]]],[[[121.85885,-0.34767],[121.85882,-0.34767],[121.85871,-0.34764],[121.85855,-0.34753],[121.85846,-0.34735],[121.85837,-0.34711],[121.85836,-0.34704],[121.85845,-0.34705],[121.85853,-0.34712],[121.85856,-0.34717],[121.85863,-0.34723],[121.8587,-0.3473],[121.85874,-0.34735],[121.85878,-0.34737],[121.85883,-0.34744],[121.85886,-0.34763],[121.85885,-0.34766],[121.85885,-0.34767]]],[[[121.85716,-0.3472],[121.85716,-0.34722],[121.85708,-0.3472],[121.85694,-0.3471],[121.8569,-0.34695],[121.8569,-0.34689],[121.85691,-0.34688],[121.85696,-0.34688],[121.85703,-0.34689],[121.85708,-0.34705],[121.8571,-0.34712],[121.85714,-0.34718],[121.85716,-0.3472]]],[[[121.83914,-0.34702],[121.83897,-0.34706],[121.83889,-0.34705],[121.83885,-0.34705],[121.83883,-0.34705],[121.83877,-0.34702],[121.83874,-0.34697],[121.83876,-0.34691],[121.8388,-0.34689],[121.8389,-0.34687],[121.83895,-0.34685],[121.839,-0.34685],[121.83907,-0.34686],[121.83909,-0.34688],[121.83912,-0.34694],[121.83914,-0.347],[121.83914,-0.34702]]],[[[121.85701,-0.34649],[121.85696,-0.34649],[121.85699,-0.34641],[121.8571,-0.3463],[121.8571,-0.3463],[121.85711,-0.34631],[121.8571,-0.34643],[121.85701,-0.34649]]],[[[121.97219,-0.34621],[121.97046,-0.34509],[121.97002,-0.34425],[121.97137,-0.34553],[121.97274,-0.3458],[121.97219,-0.34621]]],[[[121.88009,-0.34298],[121.88126,-0.34289],[121.88293,-0.34387],[121.87988,-0.34338],[121.87967,-0.34271],[121.88009,-0.34298]]],[[[121.99316,-0.34283],[121.99316,-0.34285],[121.9931,-0.34266],[121.9931,-0.34266],[121.9931,-0.34266],[121.99314,-0.34275],[121.99316,-0.34283]]],[[[121.9417,-0.34244],[121.9421,-0.34351],[121.94087,-0.3449],[121.94121,-0.34683],[121.94066,-0.34735],[121.93987,-0.34663],[121.93945,-0.34339],[121.93873,-0.34255],[121.9417,-0.34244]]],[[[121.87542,-0.34108],[121.87546,-0.34109],[121.87542,-0.34109],[121.87526,-0.34107],[121.87527,-0.34107],[121.87535,-0.34107],[121.87542,-0.34108]]],[[[121.87484,-0.34106],[121.87471,-0.34106],[121.87475,-0.34104],[121.87483,-0.34104],[121.87488,-0.34106],[121.87484,-0.34106]]],[[[121.87451,-0.34103],[121.87451,-0.34106],[121.87448,-0.34106],[121.8744,-0.34104],[121.8744,-0.34099],[121.87444,-0.341],[121.87451,-0.34103]]],[[[121.87559,-0.34092],[121.87548,-0.34093],[121.87542,-0.34089],[121.8754,-0.34082],[121.87541,-0.3408],[121.87554,-0.34081],[121.87564,-0.34083],[121.87559,-0.34092]]],[[[121.88411,-0.34088],[121.88397,-0.34088],[121.88386,-0.34086],[121.88386,-0.34078],[121.88388,-0.34071],[121.88394,-0.34069],[121.88402,-0.34069],[121.88407,-0.3407],[121.88409,-0.34075],[121.8841,-0.34081],[121.88411,-0.34088]]],[[[121.88216,-0.34071],[121.88212,-0.3408],[121.88212,-0.34079],[121.88197,-0.34067],[121.88182,-0.34054],[121.88178,-0.3405],[121.88178,-0.34045],[121.8818,-0.34043],[121.88185,-0.34042],[121.88194,-0.34043],[121.88199,-0.34044],[121.88212,-0.34047],[121.88214,-0.34052],[121.88216,-0.34063],[121.88216,-0.34071]]],[[[121.89928,-0.3412],[121.8984,-0.34055],[121.89936,-0.34034],[121.89928,-0.3412]]],[[[121.88346,-0.34051],[121.88343,-0.34055],[121.88338,-0.34049],[121.88333,-0.34037],[121.88331,-0.3403],[121.88337,-0.34031],[121.88345,-0.34034],[121.88346,-0.3404],[121.88346,-0.34051]]],[[[121.88122,-0.34017],[121.88135,-0.34019],[121.88141,-0.34019],[121.88154,-0.34024],[121.88159,-0.34031],[121.88161,-0.34035],[121.88159,-0.34037],[121.88148,-0.34031],[121.88129,-0.34024],[121.88119,-0.34017],[121.88122,-0.34017]]],[[[121.99756,-0.33863],[122.00188,-0.34029],[121.99934,-0.34036],[121.99538,-0.34192],[121.99463,-0.34266],[121.99327,-0.34274],[121.99329,-0.34192],[121.99381,-0.34204],[121.99646,-0.34079],[121.99756,-0.33863]]],[[[121.91794,-0.33723],[121.91766,-0.33786],[121.91719,-0.33713],[121.91794,-0.33723]]],[[[121.90882,-0.3365],[121.90878,-0.3366],[121.90876,-0.33653],[121.90876,-0.33645],[121.90877,-0.33636],[121.90877,-0.33636],[121.90879,-0.33637],[121.90882,-0.33641],[121.90882,-0.3365]]],[[[121.90515,-0.33608],[121.9064,-0.33607],[121.90658,-0.33723],[121.90707,-0.33763],[121.90827,-0.33717],[121.90827,-0.34066],[121.90777,-0.34066],[121.90763,-0.33833],[121.90646,-0.3385],[121.90545,-0.33738],[121.90292,-0.33804],[121.90283,-0.33875],[121.90312,-0.33924],[121.90399,-0.33834],[121.90432,-0.33891],[121.90488,-0.33885],[121.9058,-0.33965],[121.90591,-0.34036],[121.90469,-0.33956],[121.90385,-0.3401],[121.90199,-0.34025],[121.90099,-0.34078],[121.90012,-0.33963],[121.90122,-0.33812],[121.90204,-0.33726],[121.90393,-0.33717],[121.90417,-0.33585],[121.90515,-0.33608]]],[[[121.90768,-0.33553],[121.90787,-0.33582],[121.90712,-0.33559],[121.90768,-0.33553]]],[[[121.8977,-0.33586],[121.89727,-0.33529],[121.8978,-0.33541],[121.8977,-0.33586]]],[[[121.85046,-0.33586],[121.85015,-0.33584],[121.85151,-0.33405],[121.85171,-0.33465],[121.85046,-0.33586]]],[[[121.92606,-0.3355],[121.92606,-0.3358],[121.92559,-0.33565],[121.92483,-0.33499],[121.92512,-0.33369],[121.92579,-0.33424],[121.92568,-0.33523],[121.92606,-0.3355]]],[[[121.98234,-0.33428],[121.98141,-0.33429],[121.98018,-0.33618],[121.9766,-0.33665],[121.97558,-0.33623],[121.97521,-0.33564],[121.97639,-0.33446],[121.97823,-0.33523],[121.97963,-0.33472],[121.98084,-0.3328],[121.98234,-0.33428]]],[[[121.92307,-0.33268],[121.92294,-0.3327],[121.92282,-0.3326],[121.92277,-0.33245],[121.92276,-0.33233],[121.92274,-0.33222],[121.92274,-0.33218],[121.92275,-0.33211],[121.92276,-0.332],[121.92277,-0.33198],[121.92283,-0.33199],[121.92292,-0.33205],[121.92302,-0.33212],[121.92307,-0.33216],[121.92312,-0.33222],[121.92315,-0.33232],[121.92317,-0.33242],[121.92314,-0.33261],[121.92307,-0.33268]]],[[[121.92797,-0.33216],[121.92747,-0.3321],[121.92845,-0.33058],[121.92901,-0.33116],[121.92797,-0.33216]]],[[[121.92604,-0.32842],[121.92547,-0.32794],[121.92607,-0.3279],[121.92604,-0.32842]]],[[[121.94205,-0.32384],[121.9453,-0.32423],[121.94706,-0.32389],[121.95202,-0.32461],[121.95367,-0.32546],[121.95417,-0.32637],[121.95499,-0.32636],[121.95896,-0.32866],[121.95936,-0.33143],[121.9598,-0.33176],[121.96015,-0.33127],[121.96079,-0.33144],[121.96341,-0.32823],[121.96518,-0.32683],[121.96693,-0.32634],[121.96934,-0.32657],[121.97125,-0.3321],[121.97067,-0.3325],[121.97051,-0.33327],[121.97077,-0.33354],[121.97147,-0.33305],[121.97235,-0.33619],[121.97127,-0.33659],[121.97096,-0.33719],[121.97253,-0.3376],[121.97327,-0.34022],[121.97225,-0.34186],[121.97286,-0.34204],[121.97348,-0.34112],[121.97592,-0.34027],[121.97663,-0.33944],[121.97723,-0.3397],[121.97868,-0.34165],[121.97817,-0.34245],[121.97572,-0.34248],[121.97357,-0.34356],[121.97276,-0.34356],[121.97102,-0.34251],[121.9701,-0.34088],[121.96941,-0.34123],[121.96906,-0.34251],[121.9695,-0.34352],[121.96835,-0.34342],[121.96806,-0.34444],[121.97193,-0.34758],[121.97248,-0.34772],[121.9728,-0.34707],[121.97371,-0.3468],[121.97449,-0.34708],[121.97508,-0.34813],[121.97653,-0.34779],[121.97751,-0.34827],[121.97719,-0.34735],[121.97759,-0.34592],[121.97868,-0.34572],[121.98005,-0.34696],[121.98118,-0.34487],[121.98075,-0.34435],[121.98081,-0.34372],[121.98183,-0.34319],[121.98256,-0.3433],[121.98474,-0.34563],[121.98532,-0.3458],[121.98665,-0.34511],[121.98696,-0.3442],[121.9867,-0.34318],[121.98832,-0.34315],[121.99106,-0.34152],[121.99127,-0.34265],[121.9929,-0.34294],[121.99281,-0.34347],[121.99238,-0.34386],[121.99183,-0.3437],[121.99137,-0.34428],[121.9904,-0.34406],[121.98974,-0.34439],[121.98984,-0.34512],[121.98911,-0.34683],[121.98815,-0.34651],[121.98766,-0.34716],[121.98672,-0.34694],[121.98568,-0.34823],[121.98412,-0.34909],[121.98351,-0.34868],[121.98348,-0.34946],[121.98137,-0.35083],[121.97965,-0.3504],[121.97957,-0.35105],[121.97863,-0.35093],[121.97852,-0.35167],[121.97938,-0.35213],[121.98015,-0.35195],[121.98087,-0.35359],[121.98002,-0.35525],[121.98439,-0.35432],[121.98653,-0.3545],[121.98693,-0.35377],[121.98754,-0.35414],[121.98868,-0.35329],[121.98961,-0.35436],[121.99139,-0.35329],[121.99226,-0.35397],[121.99229,-0.3552],[121.99348,-0.35493],[121.99369,-0.35587],[121.99439,-0.3559],[121.99579,-0.35508],[121.99591,-0.35194],[121.99685,-0.35181],[121.9982,-0.35299],[121.9989,-0.35547],[121.99962,-0.35313],[122.00018,-0.3536],[122.00046,-0.35473],[122.00183,-0.35554],[122.00273,-0.35499],[122.00397,-0.35554],[122.00408,-0.35619],[122.00218,-0.35744],[122.00193,-0.35806],[122.00325,-0.3584],[122.00473,-0.36023],[122.00532,-0.35964],[122.008,-0.35997],[122.00825,-0.3605],[122.00743,-0.36104],[122.00797,-0.36149],[122.00796,-0.36244],[122.00852,-0.36126],[122.00919,-0.36162],[122.00854,-0.36349],[122.00929,-0.36691],[122.00998,-0.3677],[122.01109,-0.36767],[122.01126,-0.368],[122.01149,-0.37343],[122.01189,-0.37353],[122.01196,-0.37447],[122.0124,-0.37424],[122.01295,-0.37475],[122.01306,-0.37418],[122.0119,-0.37295],[122.01315,-0.3719],[122.01335,-0.36988],[122.01438,-0.37027],[122.01514,-0.36984],[122.0165,-0.3707],[122.01787,-0.37037],[122.01841,-0.37076],[122.01889,-0.36983],[122.02018,-0.36959],[122.02085,-0.36831],[122.02269,-0.3668],[122.02393,-0.36642],[122.02397,-0.36574],[122.02505,-0.36409],[122.02435,-0.36324],[122.02446,-0.3626],[122.027,-0.36224],[122.02657,-0.36195],[122.02557,-0.36226],[122.02565,-0.3614],[122.02408,-0.36017],[122.02412,-0.35939],[122.02277,-0.35807],[122.02024,-0.35667],[122.02032,-0.35582],[122.0196,-0.35531],[122.02015,-0.35382],[122.02082,-0.35368],[122.02271,-0.35526],[122.02432,-0.35281],[122.02583,-0.35222],[122.02923,-0.35586],[122.02986,-0.35731],[122.03079,-0.35785],[122.03236,-0.35652],[122.03314,-0.35481],[122.03431,-0.35526],[122.03415,-0.35681],[122.03467,-0.35838],[122.0372,-0.3582],[122.03912,-0.35993],[122.03909,-0.36195],[122.03951,-0.36161],[122.04071,-0.36263],[122.04013,-0.36174],[122.0404,-0.36121],[122.04015,-0.3595],[122.03948,-0.35857],[122.04011,-0.35794],[122.03927,-0.35713],[122.03926,-0.3562],[122.04001,-0.35339],[122.03974,-0.35214],[122.04055,-0.35096],[122.04108,-0.34911],[122.04207,-0.34822],[122.04434,-0.34698],[122.04614,-0.34745],[122.04718,-0.34697],[122.04827,-0.34579],[122.05122,-0.34563],[122.05366,-0.34758],[122.05422,-0.3492],[122.055,-0.34845],[122.0587,-0.34848],[122.05902,-0.3515],[122.05845,-0.35322],[122.05871,-0.35607],[122.05782,-0.35734],[122.058,-0.35878],[122.05942,-0.36025],[122.05952,-0.36335],[122.05882,-0.36489],[122.05711,-0.36467],[122.05698,-0.36782],[122.05578,-0.3683],[122.05607,-0.3688],[122.0574,-0.36898],[122.05855,-0.3683],[122.06046,-0.36917],[122.06161,-0.37048],[122.06135,-0.3725],[122.06065,-0.37351],[122.05945,-0.37347],[122.0576,-0.37098],[122.05555,-0.37018],[122.05434,-0.37304],[122.05596,-0.37417],[122.05585,-0.3752],[122.05515,-0.37538],[122.05481,-0.3747],[122.05447,-0.37473],[122.05306,-0.37562],[122.05496,-0.37586],[122.05575,-0.37704],[122.0563,-0.37688],[122.05601,-0.37607],[122.05664,-0.3757],[122.05844,-0.37709],[122.05883,-0.37657],[122.0603,-0.37653],[122.06096,-0.37692],[122.0613,-0.37832],[122.06075,-0.37908],[122.06012,-0.37816],[122.05853,-0.37882],[122.05779,-0.37824],[122.05732,-0.37908],[122.0551,-0.38003],[122.05567,-0.38087],[122.05557,-0.38266],[122.05619,-0.38306],[122.05771,-0.3824],[122.05792,-0.38322],[122.05577,-0.38416],[122.05611,-0.38527],[122.05504,-0.38524],[122.05469,-0.38857],[122.05535,-0.38903],[122.05598,-0.3887],[122.05602,-0.38807],[122.05635,-0.38813],[122.05754,-0.38953],[122.0581,-0.38927],[122.0583,-0.38853],[122.05883,-0.38847],[122.05867,-0.3879],[122.05999,-0.388],[122.06049,-0.38623],[122.06079,-0.38633],[122.06082,-0.38753],[122.06155,-0.3871],[122.06257,-0.38713],[122.06264,-0.38797],[122.06151,-0.38827],[122.06112,-0.38893],[122.06079,-0.38907],[122.06072,-0.38833],[122.06032,-0.38827],[122.05969,-0.38963],[122.05771,-0.3902],[122.05771,-0.39097],[122.05718,-0.39083],[122.05731,-0.39193],[122.05767,-0.39223],[122.059,-0.39177],[122.05953,-0.39253],[122.06075,-0.3918],[122.06158,-0.39267],[122.06168,-0.3936],[122.06224,-0.39337],[122.06514,-0.39371],[122.0658,-0.39484],[122.0651,-0.39544],[122.06447,-0.39909],[122.06311,-0.39982],[122.06398,-0.40085],[122.06384,-0.4016],[122.0614,-0.40376],[122.06121,-0.40514],[122.05977,-0.40617],[122.05903,-0.40729],[122.05858,-0.40721],[122.05813,-0.40607],[122.05642,-0.40546],[122.05587,-0.40427],[122.05574,-0.40305],[122.05637,-0.40244],[122.056,-0.40064],[122.05634,-0.39968],[122.05555,-0.39997],[122.05441,-0.39968],[122.05349,-0.3987],[122.05244,-0.3997],[122.05207,-0.39962],[122.0516,-0.39793],[122.05033,-0.39645],[122.04902,-0.39819],[122.05025,-0.3996],[122.05017,-0.40204],[122.05075,-0.40357],[122.05186,-0.40426],[122.0521,-0.40649],[122.05354,-0.40649],[122.05428,-0.40744],[122.05407,-0.40789],[122.05441,-0.40842],[122.05361,-0.40984],[122.05272,-0.41021],[122.05124,-0.41177],[122.05229,-0.41319],[122.05306,-0.41326],[122.05304,-0.41365],[122.05248,-0.41424],[122.0514,-0.41418],[122.05098,-0.41535],[122.05103,-0.41629],[122.05185,-0.41642],[122.05337,-0.41774],[122.0545,-0.41941],[122.05435,-0.42002],[122.05382,-0.42024],[122.05277,-0.41955],[122.04977,-0.41947],[122.04887,-0.42165],[122.04773,-0.42231],[122.04636,-0.42239],[122.04518,-0.42358],[122.04481,-0.42358],[122.04423,-0.42268],[122.04328,-0.42361],[122.04339,-0.42438],[122.04278,-0.42546],[122.04148,-0.42601],[122.04036,-0.42527],[122.04028,-0.42443],[122.03969,-0.42418],[122.03927,-0.42316],[122.03821,-0.42416],[122.03567,-0.423],[122.03567,-0.42237],[122.03696,-0.42189],[122.03806,-0.4204],[122.03764,-0.41942],[122.03772,-0.41805],[122.0363,-0.41797],[122.03664,-0.41929],[122.03593,-0.41937],[122.03569,-0.41998],[122.03509,-0.4199],[122.03417,-0.42138],[122.0334,-0.42173],[122.03188,-0.42176],[122.03085,-0.42125],[122.031,-0.42017],[122.03035,-0.41986],[122.02981,-0.42079],[122.02905,-0.42104],[122.02792,-0.42069],[122.02822,-0.42127],[122.02965,-0.421],[122.02843,-0.42321],[122.0266,-0.42308],[122.02659,-0.42263],[122.02812,-0.42247],[122.02748,-0.42027],[122.02904,-0.41846],[122.02975,-0.41849],[122.02898,-0.41726],[122.02949,-0.41516],[122.02892,-0.41459],[122.02819,-0.41483],[122.02761,-0.41424],[122.02683,-0.41483],[122.02594,-0.41446],[122.02516,-0.41474],[122.02475,-0.41531],[122.02509,-0.41639],[122.02377,-0.41804],[122.02261,-0.41844],[122.02175,-0.41815],[122.02202,-0.41702],[122.02112,-0.41653],[122.02105,-0.41524],[122.01961,-0.41513],[122.01874,-0.41636],[122.01825,-0.4184],[122.01698,-0.41882],[122.01546,-0.41699],[122.01523,-0.41475],[122.01255,-0.41615],[122.01095,-0.41445],[122.01176,-0.41303],[122.01106,-0.41246],[122.01055,-0.41095],[122.01084,-0.4104],[122.00994,-0.4104],[122.0092,-0.4084],[122.00943,-0.40786],[122.00952,-0.40836],[122.01003,-0.40792],[122.00961,-0.40703],[122.01016,-0.40597],[122.01072,-0.40579],[122.01051,-0.40518],[122.01236,-0.4048],[122.01288,-0.40427],[122.012,-0.40401],[122.01198,-0.4035],[122.01014,-0.40246],[122.01014,-0.40017],[122.01102,-0.3997],[122.01004,-0.39992],[122.01033,-0.399],[122.00958,-0.39856],[122.00947,-0.39802],[122.00969,-0.39937],[122.0087,-0.40018],[122.00922,-0.40179],[122.00828,-0.40201],[122.0081,-0.40265],[122.00771,-0.40256],[122.00624,-0.40021],[122.00697,-0.40321],[122.00387,-0.40363],[122.00414,-0.40434],[122.00345,-0.40561],[122.00435,-0.4071],[122.00558,-0.40678],[122.00627,-0.4072],[122.00593,-0.40975],[122.00708,-0.40895],[122.00806,-0.41014],[122.00826,-0.41084],[122.00732,-0.41112],[122.00735,-0.4117],[122.00824,-0.41519],[122.00845,-0.418],[122.00777,-0.41835],[122.00711,-0.4179],[122.00653,-0.41594],[122.00493,-0.41644],[122.00408,-0.41793],[122.00329,-0.41795],[122.00292,-0.41684],[122.00252,-0.41824],[122.00105,-0.41883],[122.00133,-0.41979],[122.00336,-0.42024],[122.00504,-0.42125],[122.00509,-0.42155],[122.00428,-0.42191],[122.00482,-0.42378],[122.00385,-0.42352],[122.00338,-0.42294],[122.00346,-0.42109],[122.00266,-0.4202],[122.0018,-0.42053],[122.00096,-0.42183],[122.00075,-0.42426],[122.00031,-0.42453],[121.99978,-0.42444],[121.99883,-0.42315],[121.99757,-0.42273],[121.99643,-0.42294],[121.99574,-0.42412],[121.9932,-0.42442],[121.99184,-0.42358],[121.9903,-0.42342],[121.99012,-0.4224],[121.98874,-0.42176],[121.98705,-0.42279],[121.98483,-0.4212],[121.9858,-0.42018],[121.98551,-0.41878],[121.98592,-0.41799],[121.98511,-0.41768],[121.98442,-0.4183],[121.98386,-0.41824],[121.98337,-0.4194],[121.98205,-0.41986],[121.98119,-0.42085],[121.98066,-0.42067],[121.98108,-0.42178],[121.98067,-0.42293],[121.97979,-0.42353],[121.97984,-0.42456],[121.97759,-0.42551],[121.97529,-0.42342],[121.97579,-0.42264],[121.9754,-0.4218],[121.97397,-0.42119],[121.97368,-0.42007],[121.97252,-0.41969],[121.97213,-0.41835],[121.97135,-0.41851],[121.97156,-0.41637],[121.9702,-0.41674],[121.97015,-0.41753],[121.97072,-0.41774],[121.97064,-0.41824],[121.96975,-0.41824],[121.96818,-0.41747],[121.96803,-0.41653],[121.96881,-0.4165],[121.96894,-0.41616],[121.9679,-0.41411],[121.96805,-0.41277],[121.96745,-0.41267],[121.96638,-0.41705],[121.96667,-0.41854],[121.96615,-0.41889],[121.95951,-0.41895],[121.9578,-0.4195],[121.95652,-0.41926],[121.95583,-0.42],[121.95519,-0.41955],[121.95239,-0.41945],[121.95266,-0.42013],[121.9513,-0.42071],[121.94972,-0.42073],[121.94813,-0.42189],[121.94816,-0.42312],[121.94766,-0.42339],[121.94886,-0.4246],[121.9492,-0.42639],[121.9498,-0.4271],[121.94946,-0.42836],[121.94824,-0.42962],[121.94366,-0.42916],[121.94199,-0.42697],[121.9414,-0.42676],[121.94042,-0.42729],[121.94018,-0.42637],[121.93956,-0.42627],[121.93882,-0.42716],[121.93888,-0.42822],[121.93854,-0.42861],[121.93733,-0.4285],[121.93508,-0.42923],[121.93495,-0.4276],[121.9344,-0.42742],[121.93414,-0.42655],[121.93474,-0.42487],[121.93448,-0.42479],[121.93325,-0.42608],[121.93281,-0.42844],[121.93231,-0.42839],[121.93283,-0.42965],[121.93262,-0.43117],[121.93174,-0.43149],[121.93134,-0.43257],[121.9298,-0.43371],[121.9287,-0.4331],[121.92794,-0.43323],[121.92765,-0.4346],[121.92802,-0.43486],[121.92806,-0.43621],[121.92709,-0.43622],[121.92653,-0.4342],[121.92578,-0.43418],[121.92524,-0.43485],[121.92443,-0.43498],[121.9242,-0.43226],[121.92331,-0.43166],[121.92232,-0.43266],[121.92188,-0.4319],[121.92136,-0.43177],[121.92102,-0.43208],[121.92136,-0.433],[121.92115,-0.434],[121.91984,-0.43465],[121.92029,-0.43726],[121.91926,-0.43926],[121.91868,-0.43955],[121.9171,-0.43875],[121.91592,-0.43724],[121.91468,-0.43776],[121.91337,-0.43676],[121.91171,-0.43728],[121.90862,-0.43496],[121.90688,-0.43475],[121.90578,-0.43292],[121.90595,-0.43123],[121.907,-0.42981],[121.90637,-0.42878],[121.90674,-0.42786],[121.90556,-0.42768],[121.90396,-0.4265],[121.90329,-0.42502],[121.90282,-0.42497],[121.90222,-0.42604],[121.90115,-0.42616],[121.89993,-0.42464],[121.89994,-0.42394],[121.89874,-0.42331],[121.89812,-0.42194],[121.89698,-0.42198],[121.89515,-0.42111],[121.89327,-0.42296],[121.89053,-0.424],[121.88936,-0.42321],[121.88768,-0.42328],[121.88571,-0.42223],[121.88523,-0.42144],[121.88463,-0.42136],[121.88484,-0.42031],[121.88429,-0.42042],[121.8836,-0.41961],[121.88371,-0.41862],[121.88263,-0.41839],[121.88145,-0.41733],[121.88062,-0.4173],[121.88075,-0.41681],[121.88006,-0.416],[121.88054,-0.41519],[121.87948,-0.41503],[121.87745,-0.41346],[121.87576,-0.41326],[121.87522,-0.41142],[121.8759,-0.41057],[121.87407,-0.40958],[121.87324,-0.40843],[121.87357,-0.40559],[121.87302,-0.40275],[121.87355,-0.3981],[121.87326,-0.39658],[121.87159,-0.39446],[121.87403,-0.39389],[121.87563,-0.39489],[121.87662,-0.39341],[121.8762,-0.39069],[121.87342,-0.39034],[121.87076,-0.38836],[121.87019,-0.38679],[121.86858,-0.38599],[121.86628,-0.38647],[121.86523,-0.38727],[121.86321,-0.38991],[121.86258,-0.38971],[121.86196,-0.3886],[121.86194,-0.38759],[121.86133,-0.38729],[121.86157,-0.38661],[121.86252,-0.38656],[121.86194,-0.38589],[121.86073,-0.38555],[121.861,-0.38496],[121.8607,-0.38412],[121.86277,-0.38422],[121.86294,-0.38389],[121.86187,-0.38334],[121.86144,-0.38374],[121.86085,-0.3834],[121.86062,-0.38112],[121.85945,-0.38009],[121.86012,-0.37938],[121.85972,-0.3783],[121.86045,-0.37628],[121.86028,-0.3758],[121.86099,-0.375],[121.8615,-0.37341],[121.86258,-0.37343],[121.86185,-0.37268],[121.86251,-0.37055],[121.86225,-0.37015],[121.86292,-0.37],[121.86392,-0.37057],[121.86718,-0.3689],[121.86843,-0.36883],[121.86944,-0.36913],[121.87042,-0.37042],[121.87152,-0.3708],[121.87225,-0.37203],[121.87307,-0.37173],[121.87338,-0.3721],[121.87477,-0.372],[121.87476,-0.37089],[121.87543,-0.37004],[121.87543,-0.36928],[121.87505,-0.36888],[121.87456,-0.3653],[121.87526,-0.36508],[121.8759,-0.36547],[121.87651,-0.36514],[121.87851,-0.3657],[121.87979,-0.36377],[121.88477,-0.36082],[121.8847,-0.35967],[121.88535,-0.35875],[121.885,-0.35724],[121.8828,-0.35666],[121.8791,-0.35747],[121.87737,-0.35875],[121.87351,-0.35906],[121.87312,-0.35884],[121.87299,-0.35792],[121.87634,-0.35408],[121.87862,-0.35365],[121.8796,-0.35302],[121.88169,-0.34931],[121.88157,-0.34799],[121.88345,-0.34472],[121.88603,-0.34429],[121.88702,-0.34478],[121.88734,-0.34416],[121.88781,-0.34452],[121.8889,-0.34388],[121.88898,-0.34358],[121.88826,-0.34354],[121.88834,-0.343],[121.89016,-0.34222],[121.8886,-0.34168],[121.88839,-0.34117],[121.89533,-0.34078],[121.89667,-0.34111],[121.89715,-0.34065],[121.89818,-0.34057],[121.89984,-0.34225],[121.90116,-0.34184],[121.90572,-0.34159],[121.907,-0.34206],[121.90765,-0.34177],[121.90876,-0.34238],[121.90918,-0.34179],[121.90977,-0.33858],[121.91092,-0.33975],[121.91103,-0.34064],[121.91045,-0.34128],[121.91023,-0.34252],[121.91108,-0.34372],[121.91123,-0.34254],[121.91235,-0.34132],[121.912,-0.34006],[121.91229,-0.33865],[121.91331,-0.33836],[121.9142,-0.33907],[121.91473,-0.33759],[121.91536,-0.33799],[121.91601,-0.33763],[121.91601,-0.33879],[121.91465,-0.3396],[121.91444,-0.34039],[121.91323,-0.34098],[121.9138,-0.34156],[121.91425,-0.34333],[121.91545,-0.34363],[121.91552,-0.34462],[121.91492,-0.34607],[121.91638,-0.34658],[121.91623,-0.34784],[121.91514,-0.34849],[121.9157,-0.34907],[121.91554,-0.35067],[121.91613,-0.35091],[121.9174,-0.34994],[121.91837,-0.35041],[121.91914,-0.35027],[121.91952,-0.34991],[121.91937,-0.34887],[121.91969,-0.34879],[121.92018,-0.34932],[121.92027,-0.35075],[121.92147,-0.35079],[121.92167,-0.35044],[121.92308,-0.35134],[121.92354,-0.35232],[121.92401,-0.35196],[121.9249,-0.35208],[121.92419,-0.35328],[121.92548,-0.35426],[121.92604,-0.35575],[121.92473,-0.35644],[121.92476,-0.35815],[121.92374,-0.35926],[121.92268,-0.35958],[121.92158,-0.36132],[121.92144,-0.36263],[121.92185,-0.36284],[121.92505,-0.36198],[121.92481,-0.36264],[121.92662,-0.36269],[121.92705,-0.36497],[121.92612,-0.36526],[121.92537,-0.36662],[121.92443,-0.36632],[121.92459,-0.36723],[121.92392,-0.36857],[121.92474,-0.36938],[121.92585,-0.36823],[121.92666,-0.36853],[121.9274,-0.37089],[121.92805,-0.37108],[121.92812,-0.37169],[121.92884,-0.36844],[121.92985,-0.36815],[121.93041,-0.36575],[121.93099,-0.36605],[121.93121,-0.3678],[121.93255,-0.36911],[121.93428,-0.36936],[121.93649,-0.37097],[121.93825,-0.37068],[121.938,-0.36928],[121.93743,-0.36893],[121.93515,-0.36398],[121.93555,-0.36363],[121.93498,-0.36334],[121.93399,-0.36084],[121.93418,-0.35929],[121.93508,-0.35772],[121.9378,-0.35802],[121.93823,-0.3584],[121.93804,-0.35949],[121.93901,-0.36048],[121.93912,-0.362],[121.94036,-0.36433],[121.94091,-0.36356],[121.94039,-0.36247],[121.94093,-0.36247],[121.94259,-0.35964],[121.94354,-0.35901],[121.94398,-0.35705],[121.94472,-0.3566],[121.94555,-0.35776],[121.94546,-0.361],[121.94403,-0.36415],[121.94475,-0.36446],[121.94596,-0.36387],[121.94709,-0.3655],[121.94865,-0.36524],[121.94874,-0.36468],[121.94789,-0.36363],[121.94766,-0.36407],[121.94716,-0.36354],[121.94708,-0.36259],[121.94761,-0.36129],[121.94963,-0.36086],[121.95113,-0.36189],[121.95211,-0.36206],[121.95125,-0.36092],[121.95109,-0.35992],[121.95134,-0.35955],[121.95213,-0.35982],[121.95247,-0.35933],[121.95178,-0.35799],[121.95181,-0.35712],[121.95055,-0.35779],[121.94845,-0.35684],[121.94836,-0.35386],[121.94971,-0.35433],[121.95186,-0.35441],[121.95294,-0.35744],[121.95371,-0.35759],[121.95427,-0.3588],[121.95524,-0.35945],[121.95415,-0.3629],[121.95428,-0.36407],[121.95349,-0.36447],[121.95317,-0.36553],[121.95383,-0.36504],[121.95477,-0.36548],[121.95608,-0.3632],[121.95683,-0.36315],[121.95797,-0.36609],[121.95832,-0.36608],[121.95878,-0.36483],[121.95815,-0.36307],[121.95842,-0.36216],[121.9598,-0.36253],[121.96133,-0.36223],[121.96121,-0.36094],[121.95943,-0.35928],[121.95753,-0.35878],[121.95835,-0.35742],[121.95731,-0.3566],[121.95753,-0.3562],[121.95931,-0.35628],[121.96005,-0.35732],[121.96096,-0.35739],[121.96131,-0.35853],[121.96195,-0.35903],[121.96239,-0.35901],[121.96305,-0.35796],[121.96399,-0.35786],[121.96446,-0.36002],[121.96587,-0.36208],[121.96561,-0.36368],[121.9664,-0.36406],[121.9677,-0.36317],[121.96835,-0.36166],[121.96812,-0.35596],[121.96933,-0.35598],[121.96997,-0.3553],[121.97039,-0.35568],[121.97049,-0.35501],[121.97159,-0.35369],[121.97082,-0.3534],[121.97101,-0.35247],[121.9702,-0.352],[121.96939,-0.35386],[121.96707,-0.3541],[121.96615,-0.35363],[121.96768,-0.35017],[121.96733,-0.34971],[121.96707,-0.35013],[121.96627,-0.34933],[121.96569,-0.34793],[121.96499,-0.34746],[121.96453,-0.3477],[121.96437,-0.34878],[121.96387,-0.34877],[121.96477,-0.35058],[121.96476,-0.35165],[121.96418,-0.35258],[121.96279,-0.35223],[121.96106,-0.34944],[121.95784,-0.34927],[121.95774,-0.34831],[121.95879,-0.34771],[121.95976,-0.34595],[121.96154,-0.34414],[121.96162,-0.34311],[121.96124,-0.34309],[121.95836,-0.34566],[121.95736,-0.34594],[121.95689,-0.34458],[121.95728,-0.34209],[121.95633,-0.34164],[121.95575,-0.34242],[121.95437,-0.34902],[121.95226,-0.34925],[121.95146,-0.34886],[121.95164,-0.34671],[121.95135,-0.34628],[121.95003,-0.34632],[121.94927,-0.3469],[121.94841,-0.3491],[121.94737,-0.34833],[121.94741,-0.34737],[121.94888,-0.34524],[121.94876,-0.34453],[121.94793,-0.34485],[121.9476,-0.34441],[121.94871,-0.34277],[121.94925,-0.34275],[121.95059,-0.34378],[121.95188,-0.34321],[121.95211,-0.34231],[121.95325,-0.34243],[121.95283,-0.34176],[121.94966,-0.34045],[121.94946,-0.33945],[121.9517,-0.33883],[121.95272,-0.33895],[121.95465,-0.33638],[121.95477,-0.33481],[121.95352,-0.33448],[121.95274,-0.33484],[121.95167,-0.33752],[121.95015,-0.33633],[121.95002,-0.33547],[121.94937,-0.33502],[121.94914,-0.33428],[121.947,-0.33572],[121.9471,-0.33692],[121.94575,-0.33711],[121.9456,-0.33761],[121.9458,-0.33827],[121.94685,-0.33885],[121.94632,-0.33962],[121.94537,-0.33958],[121.94592,-0.34134],[121.94519,-0.34323],[121.94396,-0.34249],[121.94302,-0.3405],[121.94394,-0.33964],[121.94281,-0.33896],[121.94215,-0.33926],[121.94169,-0.34103],[121.94102,-0.34161],[121.93841,-0.34137],[121.93792,-0.34175],[121.93748,-0.34157],[121.93751,-0.34187],[121.93708,-0.34149],[121.93628,-0.34157],[121.9364,-0.34263],[121.93558,-0.34327],[121.93544,-0.34451],[121.93401,-0.34479],[121.93307,-0.34482],[121.93224,-0.34422],[121.9322,-0.34211],[121.93086,-0.33926],[121.92891,-0.33729],[121.92636,-0.33593],[121.92622,-0.33418],[121.92721,-0.33462],[121.92751,-0.33403],[121.92733,-0.3332],[121.92942,-0.33247],[121.93021,-0.33155],[121.92966,-0.33053],[121.92857,-0.32971],[121.931,-0.32953],[121.93244,-0.32808],[121.93373,-0.32808],[121.93433,-0.3289],[121.93434,-0.32739],[121.93291,-0.32806],[121.93174,-0.32757],[121.93131,-0.32783],[121.93228,-0.3255],[121.93285,-0.32566],[121.93357,-0.32526],[121.93449,-0.32609],[121.93475,-0.32537],[121.93556,-0.32481],[121.94205,-0.32384]]],[[[122.03718,-0.32469],[122.0365,-0.32591],[122.0339,-0.32609],[122.03285,-0.3272],[122.03142,-0.32658],[122.03162,-0.32563],[122.03099,-0.32522],[122.03093,-0.32451],[122.0316,-0.32466],[122.03151,-0.32364],[122.0322,-0.32265],[122.03588,-0.32137],[122.0375,-0.32316],[122.03718,-0.32469]]],[[[121.94828,-0.31242],[121.949,-0.3126],[121.94961,-0.31342],[121.94961,-0.31703],[121.94842,-0.31852],[121.94896,-0.31999],[121.94666,-0.32025],[121.9434,-0.31896],[121.94182,-0.31706],[121.94166,-0.31574],[121.94326,-0.31556],[121.94373,-0.31421],[121.94643,-0.31301],[121.94648,-0.31356],[121.94566,-0.31432],[121.9462,-0.3163],[121.94679,-0.31474],[121.94905,-0.31439],[121.94937,-0.31391],[121.94678,-0.31346],[121.94693,-0.3124],[121.94828,-0.31242]]],[[[121.98525,-0.31294],[121.98578,-0.31371],[121.98554,-0.31424],[121.98215,-0.3161],[121.98133,-0.31578],[121.98117,-0.31509],[121.98004,-0.31447],[121.97907,-0.31308],[121.98038,-0.3128],[121.9825,-0.31105],[121.98464,-0.31203],[121.98525,-0.31294]]],[[[121.96268,-0.31268],[121.9612,-0.31274],[121.96057,-0.31198],[121.96048,-0.31163],[121.96132,-0.3113],[121.96156,-0.31005],[121.96202,-0.31086],[121.96188,-0.31223],[121.96268,-0.31268]]],[[[121.99421,-0.30973],[121.99519,-0.31036],[121.99376,-0.30958],[121.99421,-0.30973]]]]}},{"type":"Feature","properties":{"NAMOBJ":"Walea Besar","KODE_KAB":7209},"geometry":{"type":"MultiPolygon","coordinates":[[[[122.32802,-0.30443],[122.32755,-0.30416],[122.32807,-0.30403],[122.32802,-0.30443]]],[[[122.32847,-0.30414],[122.32842,-0.30415],[122.32834,-0.30414],[122.32825,-0.30412],[122.32823,-0.3041],[122.3282,-0.30404],[122.32818,-0.30397],[122.32817,-0.3039],[122.32817,-0.30386],[122.3282,-0.30379],[122.32829,-0.30367],[122.32834,-0.30363],[122.32849,-0.30366],[122.32854,-0.30379],[122.32856,-0.3039],[122.32858,-0.30396],[122.32847,-0.30414]]],[[[122.31588,-0.28595],[122.3158,-0.28596],[122.31569,-0.28587],[122.31558,-0.28575],[122.31551,-0.28561],[122.31557,-0.28546],[122.31566,-0.28543],[122.31574,-0.28543],[122.31585,-0.28548],[122.31591,-0.28555],[122.31593,-0.28568],[122.31593,-0.28581],[122.31588,-0.28595]]],[[[122.31551,-0.28446],[122.31553,-0.28395],[122.31578,-0.28422],[122.31551,-0.28446]]],[[[122.31599,-0.28392],[122.31438,-0.28254],[122.31606,-0.28319],[122.31599,-0.28392]]],[[[122.31836,-0.28041],[122.31756,-0.2803],[122.31701,-0.27946],[122.31783,-0.27966],[122.31836,-0.28041]]],[[[122.31534,-0.28015],[122.31531,-0.28015],[122.31522,-0.28014],[122.31514,-0.28009],[122.31504,-0.27997],[122.31485,-0.27978],[122.31469,-0.27962],[122.3146,-0.27953],[122.31457,-0.27947],[122.31457,-0.27946],[122.31459,-0.27945],[122.31465,-0.27941],[122.31478,-0.27942],[122.3149,-0.27951],[122.31498,-0.27957],[122.3151,-0.27962],[122.31519,-0.27972],[122.31528,-0.27983],[122.31529,-0.27986],[122.31534,-0.28005],[122.31534,-0.28015]]],[[[122.24568,-0.25884],[122.24594,-0.25974],[122.24413,-0.25882],[122.24515,-0.25826],[122.24568,-0.25884]]],[[[122.28873,-0.22331],[122.28867,-0.22331],[122.28861,-0.22331],[122.28858,-0.2233],[122.28856,-0.22329],[122.28855,-0.22327],[122.28856,-0.22324],[122.28858,-0.22322],[122.28859,-0.2232],[122.28859,-0.22317],[122.2886,-0.22313],[122.28864,-0.22313],[122.28876,-0.22317],[122.28879,-0.22329],[122.28878,-0.22329],[122.28873,-0.22331]]],[[[122.2871,-0.22238],[122.28575,-0.22214],[122.28576,-0.2218],[122.28629,-0.2217],[122.2871,-0.22238]]],[[[122.28548,-0.22208],[122.28342,-0.22213],[122.28157,-0.22046],[122.28249,-0.21991],[122.28451,-0.22056],[122.28548,-0.22136],[122.28548,-0.22208]]],[[[122.26492,-0.2187],[122.26483,-0.21872],[122.26473,-0.2187],[122.26467,-0.21868],[122.26464,-0.21863],[122.2646,-0.21852],[122.2646,-0.2185],[122.26461,-0.21848],[122.26467,-0.21846],[122.26475,-0.21846],[122.26485,-0.21853],[122.26488,-0.21858],[122.26491,-0.21863],[122.26492,-0.21869],[122.26492,-0.2187]]],[[[122.24193,-0.21096],[122.24263,-0.21248],[122.24535,-0.21188],[122.24706,-0.21044],[122.24853,-0.21468],[122.24833,-0.21637],[122.24748,-0.21752],[122.24853,-0.21949],[122.25042,-0.22147],[122.25314,-0.22186],[122.25457,-0.22034],[122.25581,-0.22102],[122.25665,-0.22094],[122.25743,-0.2201],[122.25793,-0.21823],[122.25716,-0.21644],[122.2591,-0.2178],[122.26141,-0.22103],[122.26171,-0.2236],[122.26148,-0.22825],[122.26043,-0.22978],[122.26095,-0.22998],[122.26128,-0.23215],[122.26174,-0.23246],[122.26193,-0.23607],[122.26263,-0.23737],[122.26364,-0.23822],[122.26503,-0.23846],[122.26556,-0.23781],[122.26601,-0.23644],[122.2657,-0.23527],[122.2659,-0.23427],[122.26681,-0.23231],[122.26764,-0.23218],[122.26951,-0.23065],[122.27143,-0.23075],[122.27193,-0.2304],[122.27194,-0.22864],[122.273,-0.22797],[122.27297,-0.22584],[122.27527,-0.22528],[122.27678,-0.22387],[122.27829,-0.2246],[122.28114,-0.22422],[122.28165,-0.22339],[122.28106,-0.22239],[122.28211,-0.222],[122.28411,-0.22334],[122.28338,-0.22407],[122.28289,-0.22364],[122.28221,-0.22384],[122.28211,-0.22444],[122.28338,-0.22689],[122.28403,-0.2276],[122.28467,-0.22768],[122.28505,-0.22887],[122.28602,-0.22925],[122.28688,-0.23188],[122.28616,-0.23218],[122.28634,-0.23316],[122.28551,-0.23626],[122.28573,-0.23663],[122.28476,-0.23877],[122.28534,-0.24187],[122.2843,-0.24212],[122.28469,-0.24244],[122.28554,-0.24229],[122.28801,-0.24368],[122.28969,-0.24644],[122.29118,-0.247],[122.29171,-0.24761],[122.29276,-0.24792],[122.2941,-0.24761],[122.2948,-0.24676],[122.29453,-0.24472],[122.29493,-0.24348],[122.29418,-0.24264],[122.29399,-0.24173],[122.29432,-0.24103],[122.29572,-0.24127],[122.29573,-0.24243],[122.29654,-0.24368],[122.29797,-0.2437],[122.29906,-0.24291],[122.30019,-0.24331],[122.3021,-0.24247],[122.30235,-0.24126],[122.30372,-0.24006],[122.30339,-0.23945],[122.30448,-0.23987],[122.30583,-0.23959],[122.30812,-0.23867],[122.30977,-0.23674],[122.31171,-0.2363],[122.31246,-0.23677],[122.31244,-0.23755],[122.31497,-0.23888],[122.31643,-0.24086],[122.31753,-0.2414],[122.31772,-0.24268],[122.32058,-0.24469],[122.32513,-0.24655],[122.32654,-0.24653],[122.32936,-0.24759],[122.33629,-0.24865],[122.34128,-0.25269],[122.34357,-0.25323],[122.34405,-0.25353],[122.34405,-0.25432],[122.34586,-0.25485],[122.34737,-0.25765],[122.34899,-0.25787],[122.35176,-0.257],[122.35454,-0.25745],[122.355,-0.25794],[122.35446,-0.25932],[122.35467,-0.26062],[122.35594,-0.26265],[122.35621,-0.2646],[122.35724,-0.26643],[122.35979,-0.2683],[122.36036,-0.26944],[122.35991,-0.27039],[122.36036,-0.27207],[122.36191,-0.27232],[122.3637,-0.27196],[122.36615,-0.27286],[122.36681,-0.27364],[122.3695,-0.27375],[122.37071,-0.27457],[122.37149,-0.27454],[122.37235,-0.27351],[122.37354,-0.27384],[122.37492,-0.27365],[122.37766,-0.27265],[122.38006,-0.27403],[122.37931,-0.27419],[122.37898,-0.27495],[122.37917,-0.27728],[122.38173,-0.28219],[122.38264,-0.28252],[122.38288,-0.28328],[122.38165,-0.28367],[122.37999,-0.2849],[122.3792,-0.28462],[122.37819,-0.28507],[122.37743,-0.28651],[122.3774,-0.28793],[122.38065,-0.2902],[122.38165,-0.29024],[122.38415,-0.29362],[122.3824,-0.29585],[122.38024,-0.29637],[122.37817,-0.29778],[122.37693,-0.29805],[122.37547,-0.29936],[122.37377,-0.29996],[122.37359,-0.30063],[122.37083,-0.30184],[122.36698,-0.30201],[122.36701,-0.30292],[122.3678,-0.30309],[122.36801,-0.30425],[122.37089,-0.30471],[122.37221,-0.3054],[122.37259,-0.30585],[122.37195,-0.30663],[122.37204,-0.30753],[122.37293,-0.30772],[122.37264,-0.30831],[122.37289,-0.30856],[122.3741,-0.30918],[122.37489,-0.3088],[122.37489,-0.30928],[122.37681,-0.30935],[122.37789,-0.31109],[122.37836,-0.31122],[122.37862,-0.31373],[122.37918,-0.31443],[122.37782,-0.31371],[122.37573,-0.31154],[122.37496,-0.31185],[122.37458,-0.31253],[122.37445,-0.31297],[122.37502,-0.31382],[122.37395,-0.31597],[122.37157,-0.31645],[122.37073,-0.31632],[122.3703,-0.31559],[122.36817,-0.31567],[122.36947,-0.31635],[122.36946,-0.3172],[122.36851,-0.31794],[122.37004,-0.32069],[122.3719,-0.3213],[122.37222,-0.32324],[122.37394,-0.32384],[122.37249,-0.32492],[122.3716,-0.32459],[122.36978,-0.3251],[122.36852,-0.32689],[122.37051,-0.3277],[122.3685,-0.32809],[122.36803,-0.32982],[122.36867,-0.3309],[122.36938,-0.33101],[122.36964,-0.33197],[122.37111,-0.33356],[122.37112,-0.33685],[122.37394,-0.34018],[122.37518,-0.34012],[122.37881,-0.3435],[122.38028,-0.34603],[122.38299,-0.34832],[122.38306,-0.34979],[122.38196,-0.35165],[122.38193,-0.35434],[122.3812,-0.35726],[122.38379,-0.3634],[122.38315,-0.36665],[122.38421,-0.36897],[122.38723,-0.37138],[122.38859,-0.37536],[122.39042,-0.37785],[122.39172,-0.38241],[122.3961,-0.38865],[122.3967,-0.39034],[122.3955,-0.38916],[122.39343,-0.38533],[122.39111,-0.38379],[122.38928,-0.38062],[122.3887,-0.37861],[122.38476,-0.37235],[122.3827,-0.37092],[122.3814,-0.36803],[122.37719,-0.36265],[122.37552,-0.36085],[122.37175,-0.35967],[122.3697,-0.35823],[122.36802,-0.35643],[122.36304,-0.34872],[122.36122,-0.3466],[122.35916,-0.34235],[122.35903,-0.33781],[122.3595,-0.33674],[122.35959,-0.33483],[122.35796,-0.32799],[122.35634,-0.32639],[122.35471,-0.32616],[122.35394,-0.32566],[122.35337,-0.32437],[122.35361,-0.32328],[122.35314,-0.32268],[122.35283,-0.32259],[122.35245,-0.32342],[122.35089,-0.32306],[122.34839,-0.32108],[122.34713,-0.31853],[122.34638,-0.31548],[122.34643,-0.31314],[122.3444,-0.30994],[122.34433,-0.30946],[122.34517,-0.30824],[122.34483,-0.30662],[122.34532,-0.30583],[122.34382,-0.30179],[122.344,-0.30143],[122.34318,-0.30026],[122.34374,-0.29956],[122.3436,-0.29861],[122.34429,-0.29804],[122.34427,-0.29677],[122.34535,-0.29294],[122.34505,-0.29095],[122.34366,-0.28974],[122.34297,-0.28846],[122.343,-0.28734],[122.34127,-0.28554],[122.34073,-0.28547],[122.34063,-0.28496],[122.33979,-0.28543],[122.33836,-0.2853],[122.33532,-0.28756],[122.33403,-0.2909],[122.33265,-0.2926],[122.33111,-0.29353],[122.32954,-0.29364],[122.32761,-0.29186],[122.32742,-0.29067],[122.32683,-0.28983],[122.32695,-0.28924],[122.32453,-0.28784],[122.32133,-0.28676],[122.32067,-0.28479],[122.31982,-0.2839],[122.3194,-0.28207],[122.31806,-0.28073],[122.31846,-0.28],[122.31611,-0.27891],[122.3148,-0.27593],[122.31358,-0.27501],[122.31415,-0.27346],[122.31374,-0.27251],[122.31162,-0.27344],[122.30958,-0.27308],[122.30958,-0.27437],[122.30884,-0.27514],[122.30817,-0.27339],[122.30844,-0.27289],[122.30658,-0.27196],[122.30575,-0.27035],[122.30378,-0.26891],[122.30229,-0.26482],[122.30386,-0.26358],[122.30479,-0.26374],[122.30501,-0.26171],[122.30467,-0.26101],[122.30378,-0.26069],[122.30329,-0.25952],[122.30249,-0.25917],[122.30183,-0.25799],[122.30067,-0.25712],[122.29991,-0.25721],[122.29939,-0.25784],[122.29874,-0.26112],[122.2969,-0.26325],[122.29608,-0.26337],[122.29609,-0.26395],[122.29454,-0.26531],[122.29426,-0.26666],[122.29351,-0.267],[122.29225,-0.26854],[122.29175,-0.2678],[122.2908,-0.26741],[122.288,-0.26329],[122.28713,-0.26074],[122.28769,-0.25761],[122.28736,-0.25686],[122.28659,-0.25736],[122.2865,-0.25786],[122.28536,-0.25754],[122.28515,-0.25663],[122.28457,-0.25619],[122.28372,-0.2583],[122.28029,-0.25907],[122.28023,-0.26093],[122.27965,-0.26159],[122.27835,-0.26102],[122.27818,-0.2617],[122.27666,-0.26154],[122.27631,-0.26299],[122.27579,-0.2634],[122.27617,-0.26384],[122.27408,-0.26529],[122.27451,-0.26606],[122.27522,-0.26573],[122.27484,-0.26652],[122.275,-0.26748],[122.27373,-0.2668],[122.27335,-0.26583],[122.27117,-0.26647],[122.26982,-0.26512],[122.26933,-0.26493],[122.26948,-0.26535],[122.26751,-0.2648],[122.2677,-0.26378],[122.26732,-0.26279],[122.26164,-0.25748],[122.25609,-0.25416],[122.25241,-0.25272],[122.25215,-0.25409],[122.25096,-0.25532],[122.25047,-0.25525],[122.24989,-0.25597],[122.24858,-0.2554],[122.24827,-0.25442],[122.2492,-0.25458],[122.24938,-0.25398],[122.24899,-0.25321],[122.24973,-0.25283],[122.24944,-0.25235],[122.24968,-0.25195],[122.24863,-0.25103],[122.24818,-0.24987],[122.24563,-0.24825],[122.24422,-0.24621],[122.24324,-0.24559],[122.24266,-0.24419],[122.24199,-0.24396],[122.23982,-0.24166],[122.23828,-0.2411],[122.23621,-0.23904],[122.23514,-0.23858],[122.23476,-0.2376],[122.23351,-0.23722],[122.23308,-0.23647],[122.23296,-0.23351],[122.23222,-0.2321],[122.23176,-0.22913],[122.23268,-0.22462],[122.2316,-0.22369],[122.23142,-0.22134],[122.23033,-0.21849],[122.22999,-0.21526],[122.22908,-0.21303],[122.22903,-0.21235],[122.23059,-0.21134],[122.23175,-0.21105],[122.23395,-0.21135],[122.23503,-0.211],[122.23735,-0.209],[122.23741,-0.20815],[122.23968,-0.20591],[122.24219,-0.2076],[122.24193,-0.21096]]]]}},{"type":"Feature","properties":{"NAMOBJ":"Walea Kepulauan","KODE_KAB":7209},"geometry":{"type":"MultiPolygon","coordinates":[[[[122.23405,-0.31426],[122.23318,-0.31401],[122.23406,-0.31189],[122.23436,-0.31316],[122.23405,-0.31426]]],[[[122.23449,-0.31065],[122.23426,-0.3103],[122.23466,-0.30971],[122.23494,-0.31035],[122.23449,-0.31065]]],[[[122.23809,-0.30153],[122.23816,-0.30276],[122.23743,-0.30441],[122.23825,-0.30505],[122.23741,-0.30582],[122.23755,-0.308],[122.23684,-0.3092],[122.2351,-0.30952],[122.23481,-0.30701],[122.23343,-0.30576],[122.23375,-0.30446],[122.23313,-0.30356],[122.23214,-0.30314],[122.23219,-0.30276],[122.23256,-0.30243],[122.23349,-0.30284],[122.23383,-0.30217],[122.23438,-0.30214],[122.23476,-0.30297],[122.23567,-0.30315],[122.23624,-0.30216],[122.23809,-0.30153]]],[[[122.26846,-0.28886],[122.26789,-0.28944],[122.26676,-0.28908],[122.26414,-0.28957],[122.26353,-0.28924],[122.26458,-0.28874],[122.26551,-0.28537],[122.2664,-0.28519],[122.26759,-0.2861],[122.26862,-0.28809],[122.26846,-0.28886]]],[[[122.23734,-0.28214],[122.23645,-0.2824],[122.23637,-0.28188],[122.23734,-0.28214]]],[[[122.15222,-0.26488],[122.15228,-0.26535],[122.15115,-0.26517],[122.15078,-0.26615],[122.15158,-0.2663],[122.15142,-0.26689],[122.15179,-0.26633],[122.15252,-0.26677],[122.15315,-0.26889],[122.15387,-0.26972],[122.15413,-0.27184],[122.15172,-0.27344],[122.15181,-0.27517],[122.15057,-0.2746],[122.14939,-0.2753],[122.14998,-0.27681],[122.14957,-0.2769],[122.14797,-0.27573],[122.14748,-0.27333],[122.14959,-0.27215],[122.15102,-0.27211],[122.15187,-0.27113],[122.14842,-0.26846],[122.14831,-0.2674],[122.14939,-0.26556],[122.15056,-0.26537],[122.15122,-0.26438],[122.15222,-0.26488]]],[[[122.15197,-0.26285],[122.15157,-0.26242],[122.15197,-0.26246],[122.15197,-0.26285]]],[[[122.16492,-0.25697],[122.16481,-0.25697],[122.16477,-0.2569],[122.16477,-0.25682],[122.16477,-0.25673],[122.1648,-0.25669],[122.16487,-0.25667],[122.16495,-0.25669],[122.16503,-0.25673],[122.16505,-0.25677],[122.16505,-0.25684],[122.16503,-0.25693],[122.16492,-0.25697]]],[[[122.1715,-0.25556],[122.17119,-0.25552],[122.17179,-0.25504],[122.1715,-0.25556]]],[[[122.17253,-0.2544],[122.17249,-0.25451],[122.17256,-0.25419],[122.17256,-0.25417],[122.17257,-0.2542],[122.17253,-0.2544]]],[[[122.11744,-0.25501],[122.11926,-0.2548],[122.12187,-0.25707],[122.1232,-0.25743],[122.12482,-0.25915],[122.12563,-0.25918],[122.12666,-0.26015],[122.12768,-0.26466],[122.12837,-0.26572],[122.12816,-0.26626],[122.12522,-0.26801],[122.12378,-0.26842],[122.12345,-0.26894],[122.12211,-0.26867],[122.1204,-0.27022],[122.12001,-0.27022],[122.11925,-0.26898],[122.11779,-0.26947],[122.11695,-0.26871],[122.11556,-0.26882],[122.11604,-0.2675],[122.11469,-0.2682],[122.11399,-0.26677],[122.11454,-0.26624],[122.11502,-0.26444],[122.11429,-0.26419],[122.11393,-0.26275],[122.11427,-0.25718],[122.11487,-0.25627],[122.1167,-0.25615],[122.11567,-0.25591],[122.11545,-0.25542],[122.11565,-0.25361],[122.11744,-0.25501]]],[[[122.14628,-0.25046],[122.1462,-0.25047],[122.1462,-0.25047],[122.14615,-0.25045],[122.14608,-0.25041],[122.14603,-0.25034],[122.146,-0.25025],[122.14598,-0.25018],[122.14598,-0.25011],[122.1461,-0.25006],[122.14627,-0.25012],[122.14632,-0.2502],[122.14633,-0.25032],[122.14628,-0.25046]]],[[[122.16845,-0.22727],[122.16839,-0.22727],[122.16841,-0.2272],[122.16848,-0.22709],[122.1686,-0.22705],[122.16873,-0.2271],[122.16879,-0.22717],[122.16875,-0.22718],[122.1687,-0.22719],[122.16863,-0.22723],[122.16854,-0.22726],[122.16845,-0.22727]]],[[[122.17731,-0.22173],[122.1773,-0.22173],[122.17729,-0.22173],[122.17727,-0.22172],[122.17725,-0.22167],[122.17727,-0.22163],[122.17728,-0.2216],[122.17748,-0.22147],[122.17747,-0.2215],[122.17744,-0.22157],[122.17737,-0.22169],[122.17735,-0.22171],[122.17731,-0.22173]]],[[[122.2085,-0.22289],[122.2083,-0.22325],[122.20703,-0.22285],[122.20845,-0.22162],[122.20986,-0.22138],[122.2085,-0.22289]]],[[[122.17777,-0.22132],[122.17772,-0.22134],[122.1777,-0.22133],[122.1778,-0.22126],[122.17777,-0.22132]]],[[[122.17623,-0.22143],[122.17623,-0.22147],[122.17616,-0.22143],[122.17613,-0.22137],[122.17613,-0.22132],[122.17615,-0.22128],[122.17617,-0.22127],[122.1762,-0.22125],[122.17621,-0.22127],[122.17623,-0.22143]]],[[[122.1779,-0.2212],[122.1779,-0.2212],[122.17795,-0.22117],[122.17794,-0.22118],[122.1779,-0.2212]]],[[[122.2118,-0.21529],[122.21174,-0.21531],[122.21169,-0.21527],[122.21159,-0.21505],[122.2116,-0.21499],[122.21162,-0.21492],[122.21166,-0.21488],[122.2117,-0.21487],[122.21181,-0.21493],[122.21187,-0.21502],[122.21189,-0.21514],[122.21185,-0.21524],[122.2118,-0.21529]]],[[[122.18741,-0.21462],[122.18698,-0.21404],[122.18738,-0.21394],[122.18741,-0.21462]]],[[[122.21292,-0.21426],[122.21291,-0.21426],[122.21288,-0.2142],[122.21285,-0.21404],[122.21285,-0.21388],[122.21286,-0.21383],[122.2129,-0.21384],[122.21295,-0.2139],[122.213,-0.214],[122.21303,-0.21407],[122.21303,-0.21416],[122.21301,-0.21424],[122.21292,-0.21426]]],[[[122.20192,-0.21127],[122.20192,-0.21131],[122.20189,-0.21133],[122.2018,-0.21133],[122.20173,-0.21133],[122.2017,-0.21128],[122.20173,-0.21128],[122.20179,-0.21128],[122.20187,-0.21125],[122.20188,-0.21121],[122.20187,-0.21116],[122.20184,-0.21111],[122.20183,-0.21108],[122.20188,-0.2111],[122.20192,-0.21115],[122.20192,-0.21121],[122.20192,-0.21127]]],[[[122.20963,-0.21171],[122.20974,-0.21082],[122.21,-0.21114],[122.20963,-0.21171]]],[[[122.20808,-0.21038],[122.20892,-0.21061],[122.20864,-0.21139],[122.20899,-0.21302],[122.21003,-0.21434],[122.20873,-0.21478],[122.20843,-0.21634],[122.20885,-0.21686],[122.21021,-0.21705],[122.21089,-0.21836],[122.20933,-0.21892],[122.20789,-0.21882],[122.20798,-0.21935],[122.20651,-0.2205],[122.20604,-0.22119],[122.20604,-0.22159],[122.20677,-0.22166],[122.20637,-0.22309],[122.20524,-0.22372],[122.20517,-0.22462],[122.20323,-0.22736],[122.20159,-0.22777],[122.2003,-0.23182],[122.19871,-0.23355],[122.19596,-0.23624],[122.19343,-0.23755],[122.19235,-0.23963],[122.19105,-0.24055],[122.18842,-0.24154],[122.18763,-0.24229],[122.18582,-0.24664],[122.18593,-0.24852],[122.18485,-0.2519],[122.18732,-0.25139],[122.18763,-0.25209],[122.18721,-0.25347],[122.18767,-0.25424],[122.1886,-0.25462],[122.18983,-0.25391],[122.19175,-0.25566],[122.19261,-0.25724],[122.19466,-0.25552],[122.19526,-0.25265],[122.1975,-0.24839],[122.19868,-0.2477],[122.19998,-0.2485],[122.20071,-0.24774],[122.20145,-0.24756],[122.2023,-0.24559],[122.20343,-0.24543],[122.20484,-0.24655],[122.20498,-0.24725],[122.20555,-0.24724],[122.20671,-0.2483],[122.2091,-0.24943],[122.21113,-0.2495],[122.21162,-0.24825],[122.21122,-0.24707],[122.21203,-0.247],[122.21248,-0.24796],[122.2123,-0.24927],[122.21337,-0.2495],[122.21391,-0.25059],[122.21448,-0.24974],[122.21558,-0.24988],[122.21644,-0.24896],[122.21857,-0.24863],[122.21808,-0.24978],[122.21616,-0.25066],[122.21598,-0.25141],[122.21497,-0.25219],[122.21508,-0.25287],[122.21747,-0.25448],[122.21727,-0.25659],[122.21615,-0.25861],[122.21612,-0.2601],[122.21474,-0.26134],[122.21573,-0.26257],[122.21687,-0.26236],[122.21734,-0.26281],[122.21872,-0.26302],[122.21897,-0.26271],[122.2205,-0.26283],[122.22199,-0.26143],[122.22207,-0.26003],[122.22462,-0.26109],[122.22546,-0.2602],[122.22691,-0.26003],[122.22691,-0.25907],[122.22731,-0.2593],[122.22883,-0.25883],[122.2294,-0.25775],[122.23045,-0.25732],[122.23143,-0.25815],[122.23314,-0.25848],[122.23314,-0.25904],[122.23195,-0.2602],[122.23185,-0.26135],[122.23481,-0.262],[122.23432,-0.26351],[122.23516,-0.2653],[122.232,-0.26763],[122.23231,-0.26798],[122.232,-0.26824],[122.23226,-0.26953],[122.2319,-0.27056],[122.22981,-0.26905],[122.22829,-0.26963],[122.22776,-0.27019],[122.22806,-0.27277],[122.22994,-0.27356],[122.22989,-0.27462],[122.23095,-0.27625],[122.2317,-0.27522],[122.23229,-0.27521],[122.23249,-0.27401],[122.23303,-0.27484],[122.2339,-0.27528],[122.23446,-0.27455],[122.23448,-0.27293],[122.23734,-0.27462],[122.23802,-0.27604],[122.23879,-0.27613],[122.23995,-0.27564],[122.24059,-0.27449],[122.24103,-0.27288],[122.24048,-0.27178],[122.24117,-0.27119],[122.24208,-0.27354],[122.24389,-0.27385],[122.24518,-0.27498],[122.24696,-0.2756],[122.24802,-0.27496],[122.24842,-0.27531],[122.24711,-0.27706],[122.24709,-0.27897],[122.24849,-0.28041],[122.24999,-0.28031],[122.25034,-0.28094],[122.2503,-0.28178],[122.24941,-0.28298],[122.24887,-0.28209],[122.24654,-0.28139],[122.24597,-0.28067],[122.24476,-0.28063],[122.24425,-0.28105],[122.24491,-0.28341],[122.24617,-0.28421],[122.24676,-0.28508],[122.24491,-0.2853],[122.24407,-0.28581],[122.24394,-0.28637],[122.24418,-0.28731],[122.2439,-0.28849],[122.24427,-0.28896],[122.24497,-0.2883],[122.24521,-0.28884],[122.24509,-0.29286],[122.2433,-0.29192],[122.24184,-0.29221],[122.24048,-0.29113],[122.23924,-0.29145],[122.23861,-0.29195],[122.23734,-0.29522],[122.23546,-0.29563],[122.23418,-0.29648],[122.23343,-0.29819],[122.23254,-0.29727],[122.23266,-0.29616],[122.23223,-0.2949],[122.22969,-0.29379],[122.22931,-0.29311],[122.22973,-0.29263],[122.23078,-0.29282],[122.23188,-0.29213],[122.23434,-0.28958],[122.23512,-0.28805],[122.23591,-0.28816],[122.23643,-0.28874],[122.23622,-0.28789],[122.23541,-0.28759],[122.23554,-0.28617],[122.23601,-0.28585],[122.23672,-0.28622],[122.23766,-0.28612],[122.238,-0.2858],[122.23922,-0.28332],[122.23963,-0.28122],[122.2389,-0.28105],[122.23745,-0.28197],[122.2366,-0.28057],[122.23599,-0.28272],[122.23422,-0.28306],[122.23331,-0.28378],[122.23214,-0.28396],[122.2306,-0.28341],[122.22956,-0.28352],[122.22913,-0.2828],[122.22798,-0.28235],[122.22681,-0.28325],[122.22532,-0.28365],[122.22146,-0.28352],[122.22048,-0.28427],[122.21767,-0.28481],[122.21594,-0.28616],[122.2158,-0.28781],[122.2135,-0.28777],[122.21371,-0.28925],[122.21471,-0.2907],[122.21453,-0.291],[122.21333,-0.29154],[122.21201,-0.29145],[122.20991,-0.28994],[122.20827,-0.28733],[122.20803,-0.28657],[122.20844,-0.28614],[122.20842,-0.28443],[122.20878,-0.28358],[122.20773,-0.2834],[122.20637,-0.28234],[122.20423,-0.27868],[122.20403,-0.27693],[122.20853,-0.27525],[122.20722,-0.27409],[122.20715,-0.27338],[122.20545,-0.27243],[122.20375,-0.272],[122.20194,-0.27227],[122.19802,-0.27184],[122.19563,-0.27248],[122.1926,-0.27472],[122.18967,-0.27574],[122.18751,-0.27797],[122.18493,-0.27847],[122.18051,-0.28037],[122.17888,-0.2791],[122.17767,-0.27308],[122.17679,-0.27079],[122.17728,-0.26969],[122.17653,-0.26932],[122.17683,-0.2689],[122.17596,-0.26905],[122.17474,-0.26752],[122.1725,-0.25819],[122.17365,-0.25479],[122.17534,-0.25403],[122.17618,-0.2545],[122.17713,-0.25408],[122.17712,-0.25262],[122.17761,-0.25176],[122.1766,-0.2511],[122.17691,-0.25082],[122.1767,-0.24965],[122.17489,-0.24922],[122.17415,-0.24933],[122.17324,-0.25013],[122.1716,-0.25034],[122.16884,-0.24984],[122.16742,-0.25071],[122.16338,-0.25206],[122.1627,-0.2539],[122.16308,-0.25417],[122.16293,-0.25582],[122.16349,-0.25695],[122.16293,-0.25759],[122.16233,-0.25702],[122.16222,-0.25807],[122.16267,-0.25905],[122.16211,-0.25871],[122.16132,-0.25888],[122.16056,-0.26112],[122.15933,-0.26169],[122.15895,-0.26278],[122.15827,-0.26177],[122.15926,-0.26113],[122.15933,-0.26015],[122.16033,-0.25911],[122.15967,-0.25895],[122.15967,-0.25718],[122.15967,-0.2576],[122.15888,-0.25718],[122.15907,-0.25899],[122.1581,-0.25858],[122.15806,-0.25756],[122.1578,-0.25726],[122.1575,-0.25748],[122.1575,-0.25846],[122.15561,-0.2601],[122.15555,-0.26193],[122.15361,-0.26162],[122.15224,-0.26252],[122.15211,-0.26072],[122.15286,-0.26014],[122.15307,-0.25862],[122.15294,-0.257],[122.1519,-0.25599],[122.15193,-0.25481],[122.1514,-0.25397],[122.15037,-0.25379],[122.15035,-0.25237],[122.14936,-0.25254],[122.14912,-0.25195],[122.14849,-0.25212],[122.14838,-0.2527],[122.1479,-0.25247],[122.14709,-0.25169],[122.1464,-0.25005],[122.14659,-0.24876],[122.14736,-0.24739],[122.147,-0.24624],[122.14766,-0.24562],[122.14825,-0.24283],[122.1487,-0.24259],[122.14931,-0.24287],[122.14921,-0.24241],[122.15092,-0.24213],[122.15204,-0.24048],[122.15304,-0.23978],[122.15364,-0.24012],[122.15342,-0.24189],[122.15441,-0.24171],[122.15614,-0.23909],[122.15678,-0.239],[122.15695,-0.23812],[122.1564,-0.23578],[122.15764,-0.23599],[122.15741,-0.23448],[122.15889,-0.23525],[122.16141,-0.23425],[122.16164,-0.23545],[122.16224,-0.23577],[122.16423,-0.23508],[122.16449,-0.23421],[122.16376,-0.23396],[122.16307,-0.23305],[122.1634,-0.23196],[122.16455,-0.232],[122.16452,-0.23128],[122.16545,-0.23147],[122.16556,-0.23117],[122.16452,-0.23008],[122.16519,-0.22967],[122.16612,-0.23038],[122.16646,-0.22997],[122.16724,-0.23091],[122.16773,-0.23091],[122.16784,-0.2297],[122.1687,-0.23023],[122.16926,-0.22997],[122.16918,-0.22865],[122.17002,-0.22853],[122.17099,-0.22736],[122.17153,-0.22562],[122.1725,-0.22462],[122.17231,-0.22425],[122.17364,-0.22289],[122.17548,-0.22233],[122.17663,-0.22268],[122.1772,-0.222],[122.17922,-0.22172],[122.17931,-0.22135],[122.1786,-0.22075],[122.18062,-0.21901],[122.18137,-0.21918],[122.18166,-0.21808],[122.18268,-0.21842],[122.18445,-0.21747],[122.18417,-0.21638],[122.18467,-0.21588],[122.1857,-0.21684],[122.18687,-0.2167],[122.18699,-0.21628],[122.18556,-0.21578],[122.18542,-0.21486],[122.18746,-0.21482],[122.18787,-0.21585],[122.18853,-0.21451],[122.18884,-0.21536],[122.18935,-0.21545],[122.18935,-0.21451],[122.18969,-0.21407],[122.19024,-0.21415],[122.19054,-0.21316],[122.19115,-0.21372],[122.19128,-0.21292],[122.19205,-0.21322],[122.19237,-0.21232],[122.19296,-0.21288],[122.19293,-0.2139],[122.19329,-0.21325],[122.19405,-0.21328],[122.19322,-0.21238],[122.19367,-0.21161],[122.19492,-0.21203],[122.19715,-0.21129],[122.1983,-0.21174],[122.19679,-0.21323],[122.19765,-0.21358],[122.19694,-0.21457],[122.19756,-0.21471],[122.19842,-0.21433],[122.19883,-0.21338],[122.19992,-0.21243],[122.20113,-0.21165],[122.202,-0.21159],[122.20276,-0.21041],[122.20334,-0.21103],[122.20285,-0.21187],[122.20303,-0.21239],[122.20653,-0.21326],[122.20669,-0.21295],[122.20622,-0.21265],[122.20428,-0.21191],[122.20386,-0.21038],[122.20808,-0.21038]]]]}},{"type":"Feature","properties":{"NAMOBJ":"Batudaka","KODE_KAB":7209},"geometry":{"type":"MultiPolygon","coordinates":[[[[121.68863,-0.56262],[121.68865,-0.56272],[121.68862,-0.56272],[121.68849,-0.56265],[121.68835,-0.56256],[121.68821,-0.56248],[121.68822,-0.56247],[121.68828,-0.56243],[121.68844,-0.56244],[121.68853,-0.56247],[121.68861,-0.56255],[121.68863,-0.56262]]],[[[121.68682,-0.56183],[121.68675,-0.56186],[121.6866,-0.56182],[121.6866,-0.56182],[121.6866,-0.56177],[121.68661,-0.56174],[121.68666,-0.5617],[121.68674,-0.5617],[121.68678,-0.56171],[121.68685,-0.56177],[121.68685,-0.5618],[121.68682,-0.56183]]],[[[121.65322,-0.54762],[121.65264,-0.54702],[121.65259,-0.54627],[121.65322,-0.54762]]],[[[121.65995,-0.53593],[121.65956,-0.53591],[121.65995,-0.53535],[121.65995,-0.53593]]],[[[121.66622,-0.53609],[121.66573,-0.53609],[121.6657,-0.53534],[121.66693,-0.53503],[121.66622,-0.53609]]],[[[121.66232,-0.53353],[121.66163,-0.53448],[121.66097,-0.53427],[121.66146,-0.53354],[121.66232,-0.53353]]],[[[121.82815,-0.53163],[121.8282,-0.53168],[121.82805,-0.53167],[121.82792,-0.53162],[121.82786,-0.5315],[121.82786,-0.5315],[121.82792,-0.5315],[121.82804,-0.53155],[121.82815,-0.53163]]],[[[121.82461,-0.52981],[121.82456,-0.52981],[121.82447,-0.52978],[121.82441,-0.52974],[121.82428,-0.52966],[121.82426,-0.52959],[121.82429,-0.52957],[121.82434,-0.5296],[121.82445,-0.52965],[121.82455,-0.52971],[121.82462,-0.52976],[121.82466,-0.5298],[121.82461,-0.52981]]],[[[121.72794,-0.51381],[121.72791,-0.51381],[121.72786,-0.51373],[121.72786,-0.51363],[121.72786,-0.51355],[121.72793,-0.51345],[121.72798,-0.51344],[121.72805,-0.51344],[121.72807,-0.51365],[121.72805,-0.51374],[121.728,-0.51376],[121.72794,-0.51381]]],[[[121.74514,-0.51066],[121.74514,-0.51066],[121.74499,-0.51062],[121.74486,-0.51055],[121.74481,-0.51046],[121.74478,-0.51036],[121.74479,-0.51027],[121.74481,-0.51022],[121.74484,-0.51018],[121.74489,-0.51019],[121.74493,-0.51024],[121.74495,-0.51029],[121.74502,-0.51035],[121.74508,-0.5104],[121.7451,-0.51041],[121.74514,-0.51043],[121.74516,-0.51057],[121.74514,-0.51066]]],[[[121.73082,-0.51009],[121.73048,-0.51045],[121.72993,-0.51034],[121.72991,-0.5098],[121.73092,-0.50903],[121.73133,-0.50943],[121.73082,-0.51009]]],[[[121.74487,-0.50844],[121.74486,-0.50852],[121.74479,-0.50847],[121.74465,-0.50834],[121.74462,-0.50826],[121.74462,-0.50819],[121.74463,-0.50819],[121.74468,-0.50815],[121.74479,-0.50816],[121.74483,-0.50819],[121.74488,-0.50826],[121.74489,-0.50834],[121.74487,-0.50844]]],[[[121.74559,-0.50623],[121.74556,-0.50623],[121.74555,-0.50622],[121.74543,-0.50613],[121.74537,-0.50608],[121.74532,-0.50599],[121.74526,-0.50588],[121.74522,-0.50577],[121.7452,-0.50567],[121.74518,-0.50559],[121.7452,-0.50557],[121.74531,-0.50557],[121.74543,-0.50561],[121.74553,-0.50566],[121.74558,-0.50576],[121.74566,-0.50588],[121.74567,-0.50598],[121.7457,-0.5061],[121.74565,-0.5062],[121.74559,-0.50623]]],[[[121.84773,-0.50493],[121.8475,-0.50441],[121.84818,-0.50443],[121.84773,-0.50493]]],[[[121.7441,-0.50279],[121.74407,-0.5028],[121.74404,-0.50279],[121.74399,-0.50276],[121.74394,-0.50268],[121.74392,-0.50264],[121.74389,-0.5026],[121.74387,-0.50258],[121.74383,-0.50253],[121.74383,-0.50237],[121.74385,-0.50236],[121.74388,-0.50236],[121.74392,-0.50236],[121.74395,-0.50237],[121.74398,-0.50239],[121.74402,-0.50242],[121.74405,-0.50245],[121.74409,-0.50249],[121.74412,-0.50251],[121.74416,-0.50255],[121.74417,-0.5026],[121.74417,-0.50265],[121.74415,-0.5027],[121.74413,-0.50273],[121.74411,-0.50277],[121.7441,-0.50279]]],[[[121.84501,-0.50303],[121.84465,-0.50257],[121.84483,-0.50201],[121.84528,-0.5022],[121.84501,-0.50303]]],[[[121.7453,-0.49953],[121.74503,-0.49911],[121.7455,-0.4992],[121.7453,-0.49953]]],[[[121.7444,-0.49949],[121.74416,-0.49904],[121.74453,-0.49912],[121.7444,-0.49949]]],[[[121.83364,-0.4963],[121.83352,-0.49633],[121.8332,-0.49633],[121.83312,-0.49632],[121.8332,-0.49632],[121.83322,-0.49632],[121.83344,-0.49631],[121.83344,-0.49631],[121.83363,-0.4963],[121.83364,-0.4963]]],[[[121.73918,-0.49568],[121.73824,-0.4955],[121.73868,-0.49414],[121.73942,-0.49497],[121.73918,-0.49568]]],[[[121.6933,-0.48328],[121.69296,-0.48316],[121.69317,-0.48277],[121.6933,-0.48328]]],[[[121.69382,-0.48266],[121.69346,-0.4826],[121.6935,-0.48199],[121.69394,-0.48217],[121.69382,-0.48266]]],[[[121.694,-0.48188],[121.69354,-0.48169],[121.69382,-0.48117],[121.694,-0.48188]]],[[[121.69618,-0.4797],[121.69574,-0.47958],[121.69579,-0.47922],[121.69617,-0.47921],[121.69618,-0.4797]]],[[[121.69681,-0.47931],[121.6967,-0.47931],[121.69647,-0.47921],[121.69646,-0.47911],[121.69646,-0.47901],[121.6965,-0.47891],[121.69657,-0.47886],[121.69668,-0.47886],[121.69676,-0.47888],[121.69686,-0.47898],[121.69689,-0.47906],[121.69689,-0.47915],[121.69681,-0.47931]]],[[[121.69523,-0.4794],[121.6948,-0.47935],[121.6948,-0.47885],[121.69536,-0.47899],[121.69523,-0.4794]]],[[[121.69623,-0.47888],[121.69597,-0.47821],[121.69642,-0.47837],[121.69623,-0.47888]]],[[[121.69578,-0.47791],[121.6953,-0.47798],[121.69526,-0.47759],[121.69578,-0.47791]]],[[[121.69594,-0.47726],[121.69585,-0.47727],[121.69575,-0.47726],[121.69568,-0.47716],[121.69568,-0.47703],[121.69568,-0.47696],[121.69579,-0.47693],[121.6959,-0.47693],[121.69601,-0.47707],[121.69594,-0.47726]]],[[[121.69723,-0.478],[121.69647,-0.47708],[121.69705,-0.47627],[121.69758,-0.47631],[121.69778,-0.47727],[121.69723,-0.478]]],[[[121.69733,-0.47593],[121.69723,-0.47593],[121.6972,-0.47592],[121.69724,-0.47565],[121.69727,-0.47554],[121.6973,-0.47545],[121.69731,-0.47542],[121.69734,-0.4754],[121.69739,-0.47543],[121.69746,-0.47547],[121.69751,-0.47552],[121.69753,-0.4756],[121.69753,-0.4757],[121.6975,-0.4758],[121.69743,-0.47588],[121.69733,-0.47593]]],[[[121.69857,-0.47433],[121.69738,-0.47441],[121.69692,-0.47516],[121.69571,-0.47428],[121.69649,-0.47423],[121.69712,-0.47298],[121.69766,-0.4737],[121.69862,-0.47395],[121.69857,-0.47433]]],[[[121.70013,-0.47234],[121.70053,-0.47296],[121.70004,-0.47404],[121.69721,-0.4723],[121.69844,-0.47227],[121.69918,-0.47105],[121.70013,-0.47234]]],[[[121.69832,-0.47129],[121.69799,-0.47142],[121.69787,-0.47092],[121.6983,-0.47083],[121.69832,-0.47129]]],[[[121.70376,-0.46988],[121.7027,-0.46929],[121.70344,-0.46932],[121.70393,-0.46966],[121.70376,-0.46988]]],[[[121.75536,-0.43318],[121.75531,-0.43324],[121.7553,-0.43322],[121.75525,-0.43297],[121.75522,-0.43275],[121.75522,-0.43269],[121.75529,-0.43272],[121.75542,-0.43281],[121.75546,-0.43286],[121.75542,-0.43309],[121.75536,-0.43318]]],[[[121.75865,-0.42586],[121.75842,-0.42634],[121.75728,-0.42619],[121.75714,-0.42841],[121.75658,-0.43003],[121.75604,-0.43036],[121.75525,-0.43012],[121.75499,-0.42897],[121.75546,-0.42862],[121.75569,-0.42626],[121.75721,-0.42393],[121.75917,-0.42423],[121.75933,-0.42468],[121.75877,-0.42483],[121.75865,-0.42586]]],[[[121.77028,-0.42295],[121.7703,-0.42298],[121.77029,-0.42298],[121.77021,-0.42292],[121.77021,-0.42281],[121.77023,-0.42284],[121.77028,-0.42295]]],[[[121.76949,-0.41669],[121.7695,-0.41675],[121.76934,-0.41672],[121.76924,-0.41668],[121.76923,-0.41665],[121.76926,-0.41657],[121.76935,-0.41654],[121.76941,-0.41654],[121.76944,-0.41655],[121.76948,-0.41662],[121.76949,-0.41669]]],[[[121.7744,-0.41756],[121.77639,-0.41933],[121.77877,-0.42413],[121.77984,-0.43056],[121.77977,-0.4336],[121.78261,-0.44199],[121.78279,-0.44495],[121.78349,-0.44582],[121.78304,-0.44669],[121.78314,-0.44994],[121.78347,-0.45005],[121.78424,-0.44936],[121.78411,-0.44835],[121.78503,-0.44826],[121.78566,-0.4475],[121.78637,-0.44776],[121.78771,-0.44647],[121.78737,-0.44591],[121.78671,-0.44592],[121.78621,-0.44745],[121.78573,-0.44674],[121.78578,-0.44555],[121.78483,-0.4461],[121.78451,-0.44583],[121.7853,-0.44165],[121.78689,-0.44074],[121.78729,-0.44106],[121.78681,-0.4426],[121.78853,-0.44185],[121.78968,-0.43869],[121.79137,-0.44434],[121.7911,-0.44554],[121.79202,-0.44401],[121.79345,-0.4441],[121.79358,-0.44632],[121.79215,-0.44645],[121.79164,-0.44703],[121.79256,-0.44969],[121.79365,-0.45016],[121.79345,-0.45078],[121.79185,-0.45199],[121.79228,-0.45373],[121.79195,-0.45529],[121.79271,-0.45648],[121.79473,-0.45705],[121.79768,-0.45962],[121.79959,-0.46403],[121.80111,-0.4649],[121.80189,-0.46621],[121.80211,-0.46907],[121.80107,-0.47039],[121.80149,-0.47099],[121.8032,-0.4715],[121.80209,-0.47496],[121.80459,-0.47936],[121.80676,-0.48041],[121.81778,-0.48321],[121.81952,-0.4845],[121.81893,-0.48502],[121.81847,-0.48847],[121.8197,-0.49085],[121.82086,-0.49208],[121.82331,-0.49217],[121.82519,-0.49361],[121.82652,-0.49408],[121.82789,-0.49365],[121.83009,-0.49401],[121.8308,-0.49445],[121.83125,-0.49569],[121.83184,-0.49615],[121.83132,-0.49609],[121.83016,-0.49405],[121.82937,-0.49395],[121.82936,-0.49423],[121.83026,-0.49452],[121.83137,-0.4964],[121.83388,-0.49673],[121.83666,-0.49853],[121.83708,-0.49908],[121.83682,-0.49969],[121.83711,-0.50033],[121.83753,-0.49974],[121.84072,-0.5003],[121.84298,-0.50316],[121.84456,-0.50302],[121.84447,-0.50383],[121.84394,-0.50425],[121.84429,-0.50612],[121.84464,-0.50582],[121.84641,-0.50667],[121.8477,-0.50539],[121.84873,-0.50499],[121.84902,-0.50543],[121.85177,-0.50624],[121.85243,-0.50731],[121.85187,-0.50828],[121.85229,-0.50914],[121.8519,-0.50992],[121.85285,-0.5101],[121.85295,-0.50917],[121.85444,-0.51015],[121.85508,-0.50993],[121.85435,-0.50825],[121.85417,-0.50658],[121.85335,-0.50596],[121.85246,-0.506],[121.85284,-0.50519],[121.85499,-0.50423],[121.8551,-0.50541],[121.85568,-0.50591],[121.8558,-0.50493],[121.85637,-0.5049],[121.85658,-0.50614],[121.85842,-0.50803],[121.85948,-0.50981],[121.86068,-0.51075],[121.86165,-0.51349],[121.86223,-0.51401],[121.86207,-0.51944],[121.85911,-0.52196],[121.85815,-0.52206],[121.85749,-0.52277],[121.85501,-0.52219],[121.85004,-0.52209],[121.84828,-0.52292],[121.84572,-0.52051],[121.84331,-0.52067],[121.8408,-0.52222],[121.8399,-0.52353],[121.83344,-0.52837],[121.83259,-0.52799],[121.83019,-0.52875],[121.83022,-0.52997],[121.83274,-0.52886],[121.83389,-0.52984],[121.83315,-0.53143],[121.83049,-0.53237],[121.82823,-0.53169],[121.82739,-0.53055],[121.82612,-0.52977],[121.82431,-0.52947],[121.82464,-0.52919],[121.82452,-0.52833],[121.82692,-0.52725],[121.82751,-0.52643],[121.82699,-0.52358],[121.82561,-0.52134],[121.82112,-0.519],[121.81873,-0.51821],[121.8184,-0.51751],[121.8169,-0.5163],[121.81484,-0.5152],[121.81127,-0.51459],[121.80968,-0.51547],[121.80772,-0.51576],[121.80673,-0.5163],[121.80584,-0.51612],[121.80496,-0.51511],[121.80477,-0.5141],[121.80578,-0.51396],[121.80652,-0.51451],[121.80676,-0.51406],[121.80602,-0.51386],[121.80335,-0.51034],[121.80215,-0.51029],[121.7991,-0.50671],[121.79898,-0.50608],[121.79824,-0.50682],[121.79774,-0.50586],[121.79701,-0.50548],[121.79396,-0.50604],[121.79282,-0.50517],[121.78962,-0.50409],[121.78457,-0.50142],[121.78425,-0.50048],[121.78497,-0.49767],[121.78371,-0.49792],[121.78284,-0.49678],[121.78289,-0.49591],[121.78376,-0.49461],[121.78104,-0.49453],[121.78113,-0.49544],[121.78167,-0.49582],[121.78151,-0.49688],[121.78223,-0.49716],[121.78275,-0.49796],[121.78258,-0.49921],[121.78307,-0.50052],[121.78129,-0.5005],[121.78079,-0.50201],[121.77971,-0.50195],[121.77909,-0.50279],[121.77626,-0.50314],[121.77575,-0.5014],[121.77471,-0.50112],[121.77543,-0.49909],[121.77479,-0.49811],[121.77105,-0.50105],[121.77147,-0.50184],[121.77094,-0.50225],[121.77028,-0.50195],[121.76976,-0.50071],[121.76798,-0.50116],[121.76685,-0.50101],[121.76631,-0.50048],[121.76452,-0.50144],[121.76345,-0.5008],[121.76313,-0.50099],[121.76343,-0.50155],[121.76226,-0.50246],[121.76111,-0.50305],[121.75971,-0.50298],[121.7595,-0.50347],[121.75754,-0.50401],[121.75758,-0.5045],[121.75531,-0.50541],[121.75286,-0.50765],[121.75183,-0.50778],[121.75178,-0.50824],[121.75034,-0.5077],[121.74986,-0.50856],[121.7489,-0.50901],[121.74852,-0.50996],[121.74597,-0.5111],[121.74497,-0.51003],[121.74496,-0.50825],[121.74615,-0.50659],[121.7458,-0.5055],[121.74388,-0.50329],[121.74449,-0.50288],[121.74383,-0.50223],[121.74372,-0.50027],[121.74434,-0.49961],[121.74524,-0.50045],[121.74624,-0.50023],[121.74627,-0.49823],[121.74681,-0.49803],[121.74717,-0.49867],[121.74702,-0.49784],[121.74444,-0.49652],[121.74373,-0.49564],[121.74082,-0.4947],[121.74029,-0.49581],[121.73939,-0.49566],[121.7397,-0.49493],[121.73871,-0.49392],[121.73821,-0.49486],[121.73703,-0.49517],[121.73608,-0.49623],[121.73511,-0.49625],[121.73374,-0.49769],[121.73301,-0.49809],[121.73182,-0.49806],[121.7315,-0.49855],[121.73184,-0.49926],[121.73075,-0.49949],[121.73003,-0.50179],[121.73042,-0.50246],[121.73066,-0.50495],[121.73045,-0.50688],[121.73087,-0.50742],[121.72933,-0.50925],[121.72976,-0.50998],[121.72957,-0.51038],[121.72794,-0.51205],[121.72693,-0.51601],[121.72681,-0.51808],[121.72534,-0.51942],[121.72208,-0.52473],[121.72148,-0.52504],[121.72104,-0.52433],[121.72064,-0.52485],[121.72071,-0.52562],[121.71915,-0.5264],[121.71736,-0.52667],[121.71437,-0.52644],[121.71298,-0.52817],[121.71221,-0.52977],[121.71204,-0.53203],[121.7113,-0.53311],[121.7129,-0.53325],[121.71308,-0.53594],[121.71218,-0.53654],[121.71186,-0.53632],[121.70923,-0.53845],[121.70874,-0.54125],[121.70648,-0.54352],[121.70515,-0.54555],[121.70518,-0.54675],[121.70699,-0.54977],[121.70776,-0.55215],[121.70415,-0.55512],[121.70329,-0.55779],[121.70163,-0.56043],[121.70042,-0.56156],[121.69985,-0.56318],[121.69747,-0.5632],[121.69534,-0.56262],[121.6915,-0.56381],[121.68677,-0.56163],[121.68308,-0.56225],[121.68224,-0.56162],[121.6795,-0.56158],[121.67816,-0.56252],[121.67452,-0.56843],[121.67368,-0.5685],[121.67271,-0.5699],[121.67053,-0.57459],[121.66819,-0.57454],[121.66371,-0.57527],[121.66163,-0.57635],[121.65899,-0.57686],[121.65773,-0.57231],[121.65518,-0.56721],[121.65729,-0.56457],[121.65881,-0.56151],[121.65935,-0.56149],[121.65929,-0.56247],[121.66046,-0.56145],[121.66096,-0.55999],[121.66087,-0.55867],[121.66005,-0.56068],[121.65912,-0.56106],[121.66029,-0.55807],[121.66129,-0.55771],[121.66149,-0.55694],[121.66081,-0.55622],[121.66141,-0.5549],[121.66092,-0.55301],[121.65946,-0.55054],[121.65827,-0.54974],[121.65701,-0.54996],[121.65636,-0.54907],[121.65562,-0.54953],[121.6541,-0.5472],[121.65328,-0.54707],[121.65343,-0.54661],[121.65209,-0.54507],[121.65194,-0.544],[121.65115,-0.54332],[121.65007,-0.54046],[121.65076,-0.54109],[121.65186,-0.54108],[121.65246,-0.54163],[121.6534,-0.54101],[121.65456,-0.54092],[121.65564,-0.53985],[121.65658,-0.53977],[121.65933,-0.5364],[121.66002,-0.53689],[121.66014,-0.53772],[121.65902,-0.5396],[121.65945,-0.54028],[121.65876,-0.54135],[121.6598,-0.54042],[121.66222,-0.53952],[121.66339,-0.53847],[121.66362,-0.53776],[121.66703,-0.53636],[121.66778,-0.53404],[121.66962,-0.53177],[121.67036,-0.53147],[121.67128,-0.52871],[121.67095,-0.52813],[121.67147,-0.52737],[121.67122,-0.52694],[121.67172,-0.52648],[121.67061,-0.52679],[121.67003,-0.52649],[121.67052,-0.52594],[121.67133,-0.52063],[121.67309,-0.51678],[121.67547,-0.51381],[121.67784,-0.51313],[121.6821,-0.50971],[121.68436,-0.50619],[121.68465,-0.50416],[121.68526,-0.50349],[121.68748,-0.50431],[121.68739,-0.5038],[121.68651,-0.50341],[121.68601,-0.50198],[121.68492,-0.50113],[121.68446,-0.49975],[121.68577,-0.49693],[121.6869,-0.49562],[121.68763,-0.49562],[121.68799,-0.49619],[121.68827,-0.49587],[121.68919,-0.49626],[121.69149,-0.49545],[121.69361,-0.4927],[121.69384,-0.48956],[121.69451,-0.48987],[121.69504,-0.48911],[121.69444,-0.48909],[121.69377,-0.48821],[121.69422,-0.48719],[121.69462,-0.48689],[121.69546,-0.48729],[121.69555,-0.487],[121.69681,-0.48719],[121.69712,-0.48642],[121.69666,-0.48519],[121.69498,-0.48412],[121.69361,-0.48443],[121.69356,-0.48359],[121.69484,-0.48278],[121.69398,-0.48032],[121.69446,-0.48037],[121.6948,-0.47984],[121.69614,-0.48065],[121.69692,-0.48057],[121.69746,-0.47944],[121.69739,-0.47864],[121.69873,-0.47797],[121.69942,-0.47807],[121.69992,-0.47738],[121.70077,-0.47747],[121.70085,-0.47827],[121.70297,-0.48163],[121.70399,-0.4816],[121.70439,-0.4811],[121.70657,-0.48029],[121.70687,-0.47922],[121.70443,-0.47753],[121.70294,-0.47557],[121.70301,-0.47519],[121.70194,-0.47538],[121.70101,-0.47482],[121.701,-0.47408],[121.70198,-0.47429],[121.7022,-0.47355],[121.7028,-0.47352],[121.70233,-0.47198],[121.703,-0.47153],[121.70377,-0.47223],[121.7049,-0.4721],[121.70523,-0.47251],[121.7059,-0.47227],[121.70708,-0.47276],[121.7067,-0.47196],[121.70368,-0.47065],[121.70668,-0.47125],[121.70746,-0.47063],[121.70958,-0.47171],[121.71235,-0.47232],[121.71613,-0.47159],[121.71653,-0.47087],[121.71794,-0.47087],[121.71816,-0.47133],[121.71932,-0.47181],[121.7169,-0.47181],[121.71528,-0.47273],[121.7162,-0.47445],[121.7171,-0.47478],[121.71825,-0.47445],[121.71871,-0.47347],[121.72029,-0.47366],[121.72152,-0.47308],[121.72381,-0.47049],[121.72417,-0.4694],[121.72373,-0.46865],[121.7248,-0.46831],[121.72501,-0.46746],[121.72585,-0.46673],[121.72711,-0.46655],[121.72727,-0.46572],[121.72808,-0.46502],[121.72948,-0.46447],[121.72932,-0.4638],[121.72989,-0.46163],[121.7306,-0.46192],[121.7316,-0.46143],[121.73177,-0.45984],[121.73065,-0.45947],[121.73162,-0.45828],[121.73239,-0.45844],[121.73171,-0.45812],[121.73122,-0.45667],[121.73179,-0.45615],[121.73079,-0.45346],[121.73156,-0.45185],[121.73363,-0.45172],[121.73511,-0.45027],[121.7391,-0.44879],[121.74749,-0.45098],[121.74925,-0.45208],[121.75044,-0.45209],[121.75195,-0.45077],[121.75313,-0.45138],[121.75358,-0.45078],[121.75479,-0.45229],[121.75523,-0.45151],[121.75412,-0.45058],[121.75417,-0.44955],[121.75477,-0.44925],[121.75683,-0.45087],[121.75665,-0.45165],[121.75739,-0.45311],[121.75761,-0.45821],[121.76057,-0.4624],[121.76388,-0.46392],[121.76575,-0.4628],[121.76624,-0.46206],[121.76866,-0.46082],[121.76872,-0.45856],[121.76832,-0.45766],[121.76603,-0.45691],[121.76339,-0.45518],[121.762,-0.45251],[121.76199,-0.45151],[121.76253,-0.45037],[121.76336,-0.45057],[121.76308,-0.44851],[121.76391,-0.4484],[121.76377,-0.44964],[121.76428,-0.44934],[121.76351,-0.44266],[121.75788,-0.43751],[121.75554,-0.43397],[121.75587,-0.43301],[121.75519,-0.43159],[121.75531,-0.43092],[121.75701,-0.43032],[121.75766,-0.42845],[121.76041,-0.42721],[121.76054,-0.42667],[121.75975,-0.42661],[121.75938,-0.42601],[121.76012,-0.42497],[121.75996,-0.42406],[121.76101,-0.42426],[121.76142,-0.42382],[121.76224,-0.42428],[121.76349,-0.42369],[121.76427,-0.42411],[121.76441,-0.42328],[121.76516,-0.42371],[121.76448,-0.42257],[121.76481,-0.42132],[121.76516,-0.42125],[121.766,-0.42267],[121.76661,-0.42289],[121.76702,-0.42122],[121.76673,-0.4203],[121.76593,-0.41963],[121.76613,-0.41848],[121.76724,-0.41813],[121.76851,-0.41884],[121.76837,-0.42003],[121.76749,-0.42059],[121.76745,-0.42135],[121.76896,-0.42155],[121.76901,-0.4231],[121.76993,-0.42285],[121.77016,-0.42356],[121.76928,-0.42422],[121.76932,-0.42456],[121.77032,-0.42476],[121.77073,-0.42529],[121.77091,-0.42378],[121.77235,-0.42262],[121.77187,-0.42141],[121.77018,-0.41985],[121.77091,-0.41947],[121.77206,-0.4179],[121.77142,-0.41803],[121.77039,-0.41683],[121.77143,-0.41608],[121.77272,-0.41612],[121.7744,-0.41756]]]]}}]}