{"type":"FeatureCollection","features":[{"type":"Feature","properties":{"NAMOBJ":"Basidondo","KODE_KAB":7205},"geometry":{"type":"MultiPolygon","coordinates":[[[[120.57546,0.75711],[120.57421,0.7564],[120.57448,0.75709],[120.57546,0.75711]]],[[[120.5855,0.75855],[120.5855,0.75853],[120.58546,0.75853],[120.58539,0.75854],[120.58532,0.75857],[120.58522,0.75861],[120.58512,0.75865],[120.58503,0.75872],[120.585,0.75878],[120.58499,0.75887],[120.58509,0.75884],[120.58512,0.75883],[120.58518,0.75881],[120.58522,0.75879],[120.58526,0.75878],[120.58531,0.75875],[120.58543,0.75865],[120.58547,0.75862],[120.58549,0.75858],[120.5855,0.75855]]],[[[120.58879,0.75993],[120.58793,0.7602],[120.58796,0.76075],[120.58895,0.76073],[120.58879,0.75993]]],[[[120.57467,0.76262],[120.57461,0.76261],[120.57453,0.76265],[120.5745,0.76274],[120.5745,0.76282],[120.57454,0.76282],[120.57455,0.76282],[120.57462,0.76282],[120.57465,0.76281],[120.57467,0.76279],[120.57469,0.76277],[120.5747,0.76276],[120.57471,0.76274],[120.57471,0.76271],[120.5747,0.76267],[120.57468,0.76263],[120.57467,0.76262],[120.57467,0.76262]]],[[[120.57962,0.7652],[120.58105,0.76382],[120.58104,0.76332],[120.57953,0.76391],[120.57845,0.76389],[120.57685,0.76481],[120.57717,0.7654],[120.57962,0.7652]]],[[[120.57083,0.76398],[120.57045,0.76483],[120.57085,0.76562],[120.57118,0.76495],[120.57083,0.76398]]],[[[120.57204,0.76758],[120.57156,0.76856],[120.5728,0.76893],[120.57204,0.76758]]],[[[120.75973,0.83747],[120.76477,0.83767],[120.76585,0.83812],[120.76655,0.8373],[120.76896,0.83662],[120.77131,0.83782],[120.77197,0.8374],[120.77233,0.83652],[120.77237,0.83547],[120.77137,0.83234],[120.77014,0.83255],[120.76892,0.83224],[120.76832,0.83125],[120.76745,0.83135],[120.76531,0.82993],[120.76577,0.82934],[120.76638,0.82997],[120.76689,0.82968],[120.76666,0.82868],[120.76701,0.82636],[120.76635,0.82481],[120.76679,0.82231],[120.76575,0.82169],[120.76571,0.82039],[120.7651,0.82028],[120.76472,0.8211],[120.76422,0.82124],[120.76317,0.8197],[120.76443,0.81987],[120.76678,0.81933],[120.76776,0.81996],[120.77005,0.8189],[120.77323,0.81625],[120.77482,0.81562],[120.77614,0.81631],[120.77832,0.81639],[120.7797,0.81624],[120.78293,0.81495],[120.7844,0.81616],[120.78822,0.81551],[120.79159,0.8159],[120.79379,0.81654],[120.79652,0.81798],[120.79803,0.81715],[120.79922,0.81719],[120.80143,0.81456],[120.80368,0.81355],[120.80741,0.81391],[120.81366,0.81358],[120.81612,0.81221],[120.82213,0.81122],[120.82414,0.81157],[120.82636,0.81127],[120.82899,0.81052],[120.83126,0.80858],[120.83396,0.80847],[120.83417,0.80394],[120.83259,0.80143],[120.83196,0.79925],[120.83077,0.79764],[120.83024,0.79477],[120.82771,0.79144],[120.82827,0.78604],[120.82487,0.78358],[120.82409,0.78229],[120.82375,0.78048],[120.82387,0.77942],[120.82454,0.77868],[120.82877,0.77548],[120.82864,0.77263],[120.82787,0.77037],[120.82853,0.76478],[120.83007,0.76136],[120.82677,0.75989],[120.82607,0.75911],[120.82561,0.75764],[120.82327,0.75533],[120.82167,0.75031],[120.82011,0.74847],[120.81941,0.74664],[120.81726,0.74362],[120.81721,0.74229],[120.81779,0.74051],[120.81775,0.7388],[120.81693,0.73563],[120.81745,0.73115],[120.81709,0.73001],[120.81746,0.72893],[120.81717,0.72723],[120.81747,0.72612],[120.81668,0.72458],[120.81451,0.72215],[120.81463,0.72081],[120.81369,0.71999],[120.81408,0.71766],[120.81605,0.7143],[120.81582,0.71172],[120.81785,0.71195],[120.8186,0.71077],[120.82021,0.71001],[120.82119,0.70839],[120.82054,0.70661],[120.82222,0.705],[120.82311,0.70169],[120.82285,0.70034],[120.82314,0.69804],[120.82636,0.69529],[120.82723,0.69332],[120.82918,0.69159],[120.82988,0.69053],[120.82971,0.69021],[120.82565,0.68796],[120.82462,0.68674],[120.82039,0.68528],[120.81831,0.68266],[120.81754,0.67876],[120.81645,0.67742],[120.81343,0.67529],[120.81277,0.67547],[120.81222,0.67736],[120.81119,0.67882],[120.80865,0.68022],[120.8072,0.6804],[120.80356,0.67979],[120.79993,0.68004],[120.79636,0.67918],[120.79261,0.6797],[120.7903,0.67945],[120.78783,0.67842],[120.7848,0.6786],[120.78317,0.67829],[120.78243,0.67804],[120.78037,0.67603],[120.77669,0.67415],[120.77268,0.6742],[120.76663,0.67067],[120.76312,0.66945],[120.76112,0.66732],[120.7567,0.66488],[120.75561,0.66305],[120.75429,0.66202],[120.75272,0.66208],[120.74605,0.6641],[120.74385,0.66424],[120.74005,0.66305],[120.73657,0.66125],[120.73582,0.66125],[120.72956,0.6634],[120.72357,0.66325],[120.72123,0.66457],[120.70932,0.66823],[120.70629,0.66872],[120.70519,0.66719],[120.70546,0.66512],[120.70606,0.6639],[120.70605,0.66238],[120.70529,0.66155],[120.70433,0.66107],[120.69758,0.66134],[120.69682,0.66085],[120.69483,0.65815],[120.68946,0.65455],[120.68616,0.64984],[120.68128,0.64727],[120.67501,0.64561],[120.67398,0.64475],[120.66787,0.63717],[120.66639,0.63254],[120.66708,0.63074],[120.66701,0.62887],[120.66598,0.62727],[120.66377,0.62568],[120.66185,0.62291],[120.66164,0.61848],[120.66096,0.61709],[120.65946,0.61654],[120.65643,0.61723],[120.65347,0.61668],[120.64953,0.61681],[120.64174,0.61171],[120.6394,0.60838],[120.63685,0.60582],[120.63665,0.60381],[120.63782,0.59924],[120.63775,0.59799],[120.63115,0.59536],[120.62839,0.59113],[120.62654,0.58919],[120.62523,0.5885],[120.61961,0.58767],[120.61534,0.5894],[120.61451,0.59182],[120.6152,0.5948],[120.61513,0.59771],[120.6133,0.60079],[120.61052,0.60193],[120.60493,0.60054],[120.60225,0.59625],[120.60115,0.59555],[120.60034,0.59542],[120.59875,0.5959],[120.5971,0.59687],[120.59448,0.59922],[120.5928,0.60175],[120.59229,0.60787],[120.59212,0.62069],[120.59153,0.62496],[120.59081,0.62696],[120.58857,0.63046],[120.58595,0.63913],[120.58491,0.64433],[120.58529,0.64923],[120.58476,0.65216],[120.58364,0.65413],[120.58136,0.65612],[120.57786,0.66235],[120.57867,0.66778],[120.57684,0.67333],[120.57742,0.67547],[120.57396,0.67857],[120.57015,0.68557],[120.56583,0.69852],[120.56406,0.72072],[120.56361,0.72245],[120.56831,0.73261],[120.56912,0.73551],[120.56851,0.73643],[120.56904,0.73752],[120.56965,0.73779],[120.57231,0.74744],[120.56895,0.75272],[120.57012,0.75266],[120.57023,0.75314],[120.57396,0.75549],[120.57443,0.75436],[120.57376,0.75321],[120.57397,0.75271],[120.5755,0.75189],[120.57523,0.75045],[120.57673,0.74958],[120.57741,0.74971],[120.57718,0.75086],[120.57814,0.75006],[120.57967,0.75169],[120.58279,0.75099],[120.5835,0.75113],[120.58385,0.75166],[120.58651,0.75219],[120.58639,0.75105],[120.58769,0.74983],[120.58874,0.74959],[120.58946,0.74997],[120.59013,0.74925],[120.59069,0.74984],[120.59258,0.74859],[120.59276,0.74943],[120.5944,0.7499],[120.59579,0.75096],[120.59592,0.75201],[120.59675,0.75335],[120.59653,0.75401],[120.59537,0.75473],[120.59363,0.75693],[120.59233,0.75728],[120.59141,0.75704],[120.59108,0.75754],[120.59101,0.75811],[120.59184,0.75909],[120.59196,0.76074],[120.59268,0.76146],[120.59231,0.76157],[120.59205,0.76281],[120.59242,0.76519],[120.59072,0.76422],[120.59033,0.76428],[120.59021,0.76498],[120.58795,0.76541],[120.58569,0.76484],[120.58483,0.7657],[120.58463,0.76706],[120.58355,0.76686],[120.58213,0.76768],[120.57981,0.76775],[120.57951,0.7684],[120.58205,0.76949],[120.58213,0.77022],[120.58081,0.7708],[120.57974,0.77076],[120.58002,0.77198],[120.57923,0.7724],[120.57892,0.7734],[120.57825,0.77167],[120.57715,0.77174],[120.57713,0.77027],[120.57785,0.77006],[120.57722,0.76822],[120.57559,0.76784],[120.57446,0.76823],[120.57383,0.76946],[120.57435,0.77002],[120.57463,0.77204],[120.57555,0.77382],[120.57642,0.77377],[120.57652,0.77469],[120.57575,0.77607],[120.577,0.77659],[120.57995,0.77901],[120.58342,0.78266],[120.58548,0.78177],[120.5887,0.78213],[120.59042,0.78135],[120.59237,0.78159],[120.59296,0.78255],[120.59579,0.7824],[120.5986,0.78028],[120.60113,0.78124],[120.60232,0.78116],[120.60335,0.78176],[120.60459,0.78166],[120.60483,0.78071],[120.6062,0.78053],[120.60758,0.7789],[120.61187,0.77695],[120.61343,0.7769],[120.61456,0.77785],[120.61477,0.77932],[120.61278,0.78195],[120.6182,0.78781],[120.61905,0.79137],[120.61842,0.79314],[120.61876,0.79443],[120.6186,0.79829],[120.61742,0.79908],[120.6184,0.79981],[120.62147,0.7998],[120.62209,0.79927],[120.62333,0.79924],[120.6245,0.79993],[120.6249,0.80087],[120.62923,0.80059],[120.6307,0.80148],[120.63182,0.80073],[120.63307,0.80068],[120.63555,0.80154],[120.63732,0.80077],[120.63747,0.79986],[120.64023,0.80036],[120.64145,0.801],[120.64185,0.80031],[120.64353,0.79994],[120.64438,0.7972],[120.64519,0.7967],[120.64606,0.79705],[120.64702,0.79811],[120.65376,0.79744],[120.65511,0.79943],[120.65881,0.80099],[120.66007,0.80229],[120.6618,0.80328],[120.66475,0.8029],[120.66577,0.79941],[120.66819,0.79968],[120.6715,0.80265],[120.68167,0.80667],[120.68384,0.80851],[120.68522,0.80837],[120.6872,0.80696],[120.68788,0.80513],[120.68832,0.80488],[120.68933,0.80696],[120.68924,0.80904],[120.68716,0.81455],[120.68931,0.81811],[120.69062,0.8174],[120.69476,0.81786],[120.69716,0.8193],[120.69726,0.82329],[120.69852,0.82354],[120.69958,0.82327],[120.70003,0.82404],[120.70102,0.82366],[120.70163,0.82474],[120.7037,0.82506],[120.70487,0.82737],[120.70561,0.82783],[120.70903,0.82881],[120.70916,0.82815],[120.71004,0.82782],[120.71185,0.82925],[120.71459,0.82899],[120.71851,0.83029],[120.72564,0.828],[120.72921,0.8282],[120.73376,0.82992],[120.73607,0.83125],[120.73756,0.83137],[120.74034,0.82994],[120.74106,0.83087],[120.74395,0.83202],[120.74706,0.83426],[120.75074,0.83351],[120.75301,0.83358],[120.75384,0.83396],[120.75473,0.83518],[120.75595,0.83558],[120.75723,0.83795],[120.75868,0.83834],[120.75973,0.83747]]]]}},{"type":"Feature","properties":{"NAMOBJ":"Dondo","KODE_KAB":7205},"geometry":{"type":"MultiPolygon","coordinates":[[[[120.43353,0.7887],[120.4335,0.78864],[120.4335,0.78865],[120.43346,0.78868],[120.43341,0.78872],[120.43337,0.78876],[120.43332,0.78881],[120.4333,0.78883],[120.43327,0.78885],[120.43325,0.78888],[120.43324,0.78891],[120.43325,0.78892],[120.43326,0.78894],[120.43328,0.78894],[120.43332,0.78894],[120.43335,0.78893],[120.43338,0.78892],[120.43344,0.78889],[120.43347,0.78887],[120.43348,0.78887],[120.43353,0.7887]]],[[[120.33734,0.84404],[120.33601,0.84384],[120.33556,0.84416],[120.33678,0.84439],[120.33734,0.84404]]],[[[120.37391,0.84538],[120.37348,0.84528],[120.37314,0.84415],[120.37383,0.84214],[120.37369,0.83931],[120.37432,0.83709],[120.37382,0.8369],[120.37355,0.83575],[120.37378,0.83241],[120.37443,0.83048],[120.37551,0.83015],[120.37479,0.82884],[120.37543,0.82799],[120.37625,0.82789],[120.37618,0.82645],[120.38022,0.82355],[120.38114,0.82192],[120.38114,0.82086],[120.3827,0.81928],[120.38314,0.8175],[120.38367,0.81697],[120.38385,0.81561],[120.38313,0.815],[120.38401,0.81504],[120.38412,0.81454],[120.38335,0.81359],[120.38454,0.81279],[120.38415,0.81162],[120.3845,0.80984],[120.3838,0.80683],[120.38498,0.80599],[120.38531,0.80415],[120.38683,0.80305],[120.38661,0.80181],[120.38734,0.8005],[120.38885,0.80019],[120.39046,0.79911],[120.39137,0.7965],[120.39408,0.7953],[120.3947,0.79412],[120.39839,0.79129],[120.40188,0.79024],[120.40478,0.7901],[120.41074,0.79068],[120.4141,0.79195],[120.41637,0.79194],[120.41688,0.79189],[120.418,0.79065],[120.41753,0.78917],[120.41794,0.78932],[120.41837,0.79041],[120.41754,0.79182],[120.42979,0.79],[120.43257,0.78908],[120.43336,0.78814],[120.43337,0.78749],[120.43387,0.78852],[120.43851,0.78527],[120.44648,0.78249],[120.45766,0.77959],[120.4623,0.77873],[120.46716,0.7786],[120.46601,0.77837],[120.46684,0.77799],[120.46635,0.77782],[120.46837,0.77735],[120.46927,0.77773],[120.46822,0.77755],[120.46663,0.77824],[120.46794,0.77849],[120.47347,0.77782],[120.47799,0.77926],[120.47923,0.78133],[120.48003,0.7816],[120.47991,0.78235],[120.48177,0.78429],[120.48224,0.78581],[120.48404,0.78625],[120.4854,0.78709],[120.48625,0.78854],[120.4876,0.78945],[120.48764,0.78992],[120.49046,0.79089],[120.49126,0.79064],[120.49219,0.79095],[120.49303,0.79194],[120.49412,0.79201],[120.49614,0.79327],[120.49916,0.79334],[120.49982,0.79272],[120.50091,0.79257],[120.52052,0.79294],[120.52703,0.79114],[120.52933,0.79086],[120.53238,0.7911],[120.53068,0.78981],[120.53068,0.78941],[120.53155,0.78871],[120.53143,0.7881],[120.53196,0.7886],[120.53106,0.78979],[120.53206,0.78997],[120.53333,0.79094],[120.53597,0.79073],[120.53949,0.78744],[120.54281,0.78298],[120.54926,0.77886],[120.55273,0.7759],[120.55715,0.76781],[120.55588,0.76849],[120.55627,0.76932],[120.55536,0.76995],[120.55481,0.77152],[120.55316,0.77218],[120.55174,0.77186],[120.55042,0.77382],[120.54931,0.77326],[120.54937,0.77386],[120.55011,0.77426],[120.54954,0.77507],[120.54916,0.77678],[120.54898,0.77507],[120.54949,0.77433],[120.5487,0.77386],[120.54892,0.772],[120.5504,0.77331],[120.5515,0.77145],[120.55366,0.77167],[120.55486,0.7707],[120.55464,0.77008],[120.55388,0.77001],[120.5533,0.7687],[120.55189,0.76743],[120.55135,0.76579],[120.54975,0.76493],[120.55042,0.76437],[120.54998,0.76258],[120.54919,0.76262],[120.5476,0.76108],[120.54633,0.75802],[120.54669,0.75748],[120.5467,0.75604],[120.54813,0.75502],[120.55184,0.7565],[120.55336,0.75618],[120.55365,0.75574],[120.55598,0.75609],[120.55659,0.75564],[120.55852,0.75531],[120.55879,0.75453],[120.56255,0.75466],[120.56419,0.75352],[120.56649,0.75324],[120.56732,0.75256],[120.56895,0.75272],[120.57231,0.74744],[120.56965,0.73779],[120.56904,0.73752],[120.56851,0.73643],[120.56912,0.73551],[120.56831,0.73261],[120.56361,0.72245],[120.56406,0.72072],[120.56583,0.69852],[120.57015,0.68557],[120.57396,0.67857],[120.57742,0.67547],[120.57684,0.67333],[120.57867,0.66778],[120.57786,0.66235],[120.58136,0.65612],[120.58364,0.65413],[120.58476,0.65216],[120.58529,0.64923],[120.58491,0.64433],[120.58595,0.63913],[120.58857,0.63046],[120.59081,0.62696],[120.59153,0.62496],[120.59212,0.62069],[120.59229,0.60787],[120.5928,0.60175],[120.59097,0.60345],[120.5887,0.60476],[120.58113,0.60531],[120.57624,0.60905],[120.5737,0.60932],[120.57039,0.60843],[120.5684,0.60704],[120.56661,0.60635],[120.56303,0.60552],[120.55973,0.60109],[120.55698,0.59472],[120.55217,0.59548],[120.54743,0.5952],[120.54564,0.59658],[120.54495,0.59887],[120.54474,0.6015],[120.54233,0.60655],[120.54109,0.61209],[120.54109,0.61424],[120.54357,0.62003],[120.54168,0.62578],[120.54092,0.63201],[120.54016,0.63374],[120.53817,0.63512],[120.53693,0.63547],[120.52881,0.63664],[120.52756,0.63657],[120.5222,0.63332],[120.51676,0.63643],[120.51446,0.63609],[120.51105,0.63432],[120.50802,0.63447],[120.50485,0.63604],[120.50299,0.63535],[120.49547,0.63639],[120.49451,0.63693],[120.49321,0.63942],[120.49181,0.64364],[120.49187,0.64504],[120.49299,0.64889],[120.49283,0.65029],[120.49224,0.65132],[120.49073,0.65219],[120.48643,0.65224],[120.48482,0.65294],[120.48143,0.65305],[120.48008,0.65467],[120.47847,0.65937],[120.47743,0.66],[120.47141,0.66032],[120.46689,0.66129],[120.46528,0.6633],[120.46339,0.66687],[120.46216,0.66789],[120.45823,0.66659],[120.45307,0.66691],[120.4504,0.66631],[120.44767,0.66745],[120.44494,0.66659],[120.44202,0.66678],[120.44088,0.66659],[120.4391,0.66413],[120.43836,0.66394],[120.43092,0.66422],[120.42367,0.66194],[120.41935,0.66203],[120.4169,0.66165],[120.41389,0.66241],[120.41201,0.66345],[120.40974,0.66809],[120.40805,0.66913],[120.40443,0.66905],[120.4017,0.66971],[120.39539,0.66951],[120.38974,0.67008],[120.38918,0.67046],[120.38222,0.67055],[120.38005,0.67102],[120.37478,0.6748],[120.37308,0.67537],[120.35676,0.678],[120.35365,0.67781],[120.35223,0.67733],[120.35138,0.67676],[120.35054,0.67383],[120.3448,0.66833],[120.34195,0.66823],[120.33822,0.67238],[120.33541,0.6809],[120.33421,0.68975],[120.33934,0.69644],[120.3439,0.70435],[120.3466,0.70629],[120.3474,0.70746],[120.35059,0.72069],[120.35765,0.74356],[120.35403,0.75002],[120.34961,0.75445],[120.34879,0.75989],[120.34773,0.76111],[120.34674,0.76139],[120.3464,0.76294],[120.34542,0.76333],[120.34421,0.76572],[120.34297,0.76659],[120.34286,0.76874],[120.342,0.77069],[120.34203,0.77211],[120.34055,0.77614],[120.3407,0.77912],[120.33787,0.77978],[120.3348,0.77898],[120.33187,0.7792],[120.33179,0.78373],[120.33308,0.78458],[120.33445,0.78688],[120.33285,0.78955],[120.33289,0.79541],[120.33129,0.79631],[120.33004,0.79797],[120.33065,0.79891],[120.33009,0.80044],[120.33011,0.80168],[120.32888,0.80381],[120.32708,0.80537],[120.3269,0.80627],[120.32759,0.80724],[120.32683,0.80914],[120.32569,0.8096],[120.3248,0.80841],[120.32414,0.80858],[120.32394,0.80991],[120.32451,0.81273],[120.32341,0.81388],[120.3235,0.81506],[120.3223,0.815],[120.32197,0.81545],[120.32244,0.81722],[120.32385,0.81697],[120.32481,0.81758],[120.32516,0.81904],[120.32404,0.82151],[120.32553,0.82232],[120.32533,0.82281],[120.32356,0.82386],[120.32375,0.82471],[120.32451,0.82532],[120.32398,0.82633],[120.32468,0.82722],[120.32349,0.83036],[120.32504,0.83064],[120.3264,0.83024],[120.32638,0.83116],[120.32585,0.83185],[120.32601,0.83242],[120.32781,0.83232],[120.32796,0.83376],[120.32838,0.8343],[120.33045,0.83429],[120.33076,0.83629],[120.33253,0.83568],[120.33259,0.8363],[120.33125,0.83749],[120.33211,0.83857],[120.33205,0.83917],[120.33079,0.8398],[120.33303,0.84038],[120.33368,0.84219],[120.33332,0.84387],[120.33456,0.84413],[120.33659,0.84327],[120.33792,0.84388],[120.33855,0.84366],[120.3387,0.84408],[120.33987,0.84365],[120.34226,0.84153],[120.34399,0.8407],[120.35003,0.83971],[120.35242,0.83757],[120.36021,0.83678],[120.36031,0.83559],[120.35871,0.83478],[120.35738,0.83328],[120.35672,0.8333],[120.35718,0.83296],[120.35735,0.83145],[120.35686,0.82949],[120.35815,0.82812],[120.3609,0.82894],[120.36132,0.82883],[120.36128,0.82836],[120.36304,0.82872],[120.36356,0.82822],[120.36582,0.83019],[120.36531,0.83369],[120.36583,0.83643],[120.36532,0.8372],[120.3654,0.83944],[120.36445,0.83998],[120.36382,0.84104],[120.36227,0.84087],[120.36202,0.84176],[120.36503,0.84418],[120.3658,0.84664],[120.36589,0.85028],[120.36516,0.85201],[120.36759,0.85726],[120.36728,0.85986],[120.36772,0.8648],[120.36903,0.86655],[120.37129,0.86716],[120.37327,0.86667],[120.37553,0.86379],[120.37598,0.86201],[120.37588,0.86147],[120.37531,0.86116],[120.37559,0.85842],[120.37512,0.85756],[120.37522,0.85655],[120.37465,0.85619],[120.37489,0.85468],[120.37439,0.85422],[120.37462,0.85309],[120.37434,0.85242],[120.37519,0.84952],[120.37422,0.84822],[120.37391,0.84538]]]]}},{"type":"Feature","properties":{"NAMOBJ":"Dampal Selatan","KODE_KAB":7205},"geometry":{"type":"MultiPolygon","coordinates":[[[[120.33009,0.80044],[120.33065,0.79891],[120.33004,0.79797],[120.33129,0.79631],[120.33289,0.79541],[120.33285,0.78955],[120.33445,0.78688],[120.33308,0.78458],[120.33179,0.78373],[120.33187,0.7792],[120.3348,0.77898],[120.33787,0.77978],[120.3407,0.77912],[120.34055,0.77614],[120.34203,0.77211],[120.342,0.77069],[120.34286,0.76874],[120.34297,0.76659],[120.34421,0.76572],[120.34542,0.76333],[120.3464,0.76294],[120.34674,0.76139],[120.34773,0.76111],[120.34879,0.75989],[120.34961,0.75445],[120.35403,0.75002],[120.35765,0.74356],[120.35059,0.72069],[120.3474,0.70746],[120.3466,0.70629],[120.3439,0.70435],[120.33934,0.69644],[120.33421,0.68975],[120.33541,0.6809],[120.33822,0.67238],[120.34195,0.66823],[120.33145,0.66814],[120.32673,0.66624],[120.32448,0.66482],[120.31346,0.66643],[120.30723,0.66989],[120.29963,0.67542],[120.28925,0.68165],[120.27612,0.68718],[120.26229,0.69202],[120.24915,0.69409],[120.21803,0.69409],[120.19968,0.69822],[120.19247,0.70296],[120.18926,0.70534],[120.18858,0.70628],[120.1875,0.70665],[120.18014,0.71145],[120.17785,0.71335],[120.17433,0.71466],[120.17119,0.72227],[120.16539,0.72735],[120.15959,0.73315],[120.15524,0.7404],[120.14792,0.74974],[120.15645,0.75319],[120.15856,0.75369],[120.16317,0.7542],[120.17071,0.75389],[120.17463,0.75506],[120.18134,0.75865],[120.18234,0.75854],[120.1862,0.76203],[120.18831,0.76466],[120.18952,0.76458],[120.18991,0.76571],[120.19619,0.76857],[120.19878,0.77041],[120.19942,0.77042],[120.20474,0.77394],[120.20839,0.77744],[120.2091,0.77739],[120.21515,0.78238],[120.22084,0.78521],[120.22317,0.78722],[120.22406,0.78723],[120.22459,0.78838],[120.22668,0.78945],[120.23198,0.79425],[120.23253,0.79415],[120.23279,0.79492],[120.23677,0.79921],[120.23911,0.80255],[120.24045,0.80543],[120.24116,0.80821],[120.2421,0.8157],[120.24384,0.81758],[120.24474,0.81997],[120.24471,0.82675],[120.24591,0.83388],[120.24577,0.83706],[120.24444,0.83962],[120.24495,0.83995],[120.24302,0.84136],[120.24282,0.85718],[120.24197,0.86374],[120.24234,0.86593],[120.24116,0.87045],[120.24097,0.87544],[120.24014,0.87859],[120.23884,0.88025],[120.23832,0.88036],[120.2381,0.88097],[120.23776,0.88079],[120.23678,0.88139],[120.23615,0.88106],[120.23566,0.88151],[120.23544,0.88516],[120.23504,0.88576],[120.23517,0.88725],[120.23628,0.88836],[120.23669,0.89005],[120.23717,0.89527],[120.23736,0.89565],[120.23781,0.89523],[120.23888,0.8957],[120.23974,0.89737],[120.23983,0.89863],[120.24045,0.89924],[120.24202,0.89917],[120.24332,0.89982],[120.24446,0.89981],[120.24558,0.90061],[120.24679,0.90037],[120.24753,0.89932],[120.24859,0.89913],[120.25,0.8965],[120.25543,0.89254],[120.2587,0.88713],[120.25999,0.88716],[120.26066,0.88814],[120.2628,0.88754],[120.26491,0.88794],[120.26543,0.88677],[120.26721,0.88567],[120.26735,0.8833],[120.26771,0.88312],[120.26855,0.8831],[120.26861,0.88275],[120.27097,0.88272],[120.27356,0.88423],[120.27396,0.88415],[120.27425,0.88337],[120.27543,0.88367],[120.27749,0.88339],[120.27862,0.88267],[120.28101,0.88243],[120.28324,0.87876],[120.28449,0.87538],[120.29056,0.87206],[120.29144,0.87028],[120.29132,0.86967],[120.28707,0.86817],[120.28569,0.86718],[120.2845,0.86526],[120.28346,0.86034],[120.28257,0.85867],[120.28103,0.85821],[120.28144,0.85586],[120.28303,0.85212],[120.28597,0.84978],[120.2866,0.84877],[120.28585,0.84798],[120.28198,0.84652],[120.28133,0.8458],[120.28074,0.84381],[120.28098,0.84184],[120.2832,0.83787],[120.28462,0.83352],[120.28478,0.82779],[120.2856,0.82721],[120.288,0.82661],[120.2923,0.82826],[120.29677,0.82911],[120.29733,0.82847],[120.29824,0.82426],[120.2988,0.82342],[120.30067,0.82232],[120.3057,0.82057],[120.30959,0.81653],[120.31715,0.80585],[120.32024,0.80027],[120.32296,0.79645],[120.32653,0.79568],[120.32726,0.79694],[120.32911,0.79865],[120.33009,0.80044]]]]}},{"type":"Feature","properties":{"NAMOBJ":"Ogodeide","KODE_KAB":7205},"geometry":{"type":"MultiPolygon","coordinates":[[[[120.60159,0.80792],[120.60135,0.80826],[120.60172,0.8082],[120.60159,0.80792]]],[[[120.65539,0.94581],[120.65608,0.94585],[120.65732,0.94437],[120.65675,0.94427],[120.65592,0.94506],[120.65411,0.94475],[120.65447,0.94571],[120.65539,0.94581]]],[[[120.67357,0.96422],[120.67317,0.96389],[120.67292,0.9642],[120.67357,0.96422]]],[[[120.72412,0.96645],[120.7243,0.96584],[120.72392,0.96612],[120.72412,0.96645]]],[[[120.71225,0.97788],[120.71204,0.97838],[120.71237,0.97884],[120.71225,0.97788]]],[[[120.71297,0.97962],[120.71291,0.9796],[120.71285,0.97962],[120.7128,0.97967],[120.71276,0.97977],[120.71274,0.97988],[120.71272,0.97998],[120.71272,0.98007],[120.71274,0.98013],[120.71276,0.98014],[120.71283,0.98015],[120.7129,0.98015],[120.71294,0.98015],[120.71298,0.98013],[120.71299,0.98012],[120.71301,0.98008],[120.71303,0.98001],[120.71303,0.97992],[120.71302,0.97967],[120.71297,0.97962]]],[[[120.70863,0.98019],[120.70857,0.98019],[120.70851,0.98022],[120.70846,0.98027],[120.70843,0.98035],[120.70843,0.98045],[120.70844,0.9805],[120.70849,0.98051],[120.70855,0.98052],[120.70863,0.98052],[120.70867,0.98051],[120.7087,0.98049],[120.70873,0.98045],[120.70877,0.9804],[120.70877,0.98036],[120.70877,0.98028],[120.70877,0.98028],[120.70876,0.98024],[120.70871,0.9802],[120.70863,0.98019]]],[[[120.71924,0.98261],[120.71814,0.98333],[120.71821,0.98368],[120.71928,0.98376],[120.71954,0.98283],[120.71924,0.98261]]],[[[120.71699,0.98412],[120.71666,0.98454],[120.71706,0.98445],[120.71699,0.98412]]],[[[120.72766,0.98576],[120.72729,0.98611],[120.72781,0.98596],[120.72766,0.98576]]],[[[120.69815,0.98677],[120.69976,0.98579],[120.69985,0.98536],[120.69915,0.98303],[120.6994,0.98203],[120.69827,0.98095],[120.69766,0.97943],[120.69997,0.97766],[120.69999,0.97726],[120.69912,0.9767],[120.69961,0.97621],[120.70028,0.97643],[120.70097,0.97555],[120.70075,0.97464],[120.70015,0.97498],[120.69977,0.97446],[120.69889,0.97437],[120.69927,0.97338],[120.70009,0.97421],[120.70082,0.97365],[120.70105,0.97478],[120.70215,0.97659],[120.70172,0.97782],[120.70219,0.97907],[120.70124,0.97895],[120.70109,0.98011],[120.70049,0.9803],[120.70096,0.98104],[120.70075,0.98153],[120.70161,0.9827],[120.7011,0.98319],[120.70119,0.9837],[120.70256,0.98443],[120.70383,0.98612],[120.70358,0.98432],[120.70503,0.98331],[120.70554,0.98196],[120.70527,0.98163],[120.70431,0.98228],[120.7034,0.98131],[120.70368,0.9798],[120.70485,0.97916],[120.70535,0.97811],[120.70711,0.97967],[120.7081,0.97943],[120.70796,0.97792],[120.70664,0.97747],[120.70571,0.97607],[120.70615,0.97658],[120.70692,0.97504],[120.7064,0.973],[120.7075,0.97406],[120.70927,0.97361],[120.71115,0.97431],[120.7119,0.97403],[120.71232,0.9746],[120.7117,0.97524],[120.71212,0.9764],[120.71271,0.97629],[120.7143,0.9747],[120.71528,0.97614],[120.7174,0.97514],[120.71781,0.97563],[120.7178,0.97659],[120.71707,0.97797],[120.71861,0.97724],[120.71871,0.97601],[120.72115,0.97519],[120.72114,0.97405],[120.72234,0.9729],[120.72179,0.97214],[120.72091,0.97275],[120.71999,0.97275],[120.72108,0.97199],[120.7202,0.97025],[120.7198,0.96282],[120.71912,0.96179],[120.71627,0.96052],[120.71191,0.95934],[120.70549,0.96148],[120.70534,0.96311],[120.70448,0.96412],[120.70388,0.96395],[120.7032,0.9627],[120.70232,0.96255],[120.70081,0.96335],[120.69976,0.96496],[120.6991,0.9653],[120.6965,0.96395],[120.69486,0.96431],[120.69598,0.96601],[120.69518,0.9661],[120.69404,0.96472],[120.69358,0.96574],[120.69292,0.96562],[120.69287,0.96487],[120.6934,0.9643],[120.69285,0.96341],[120.69214,0.96404],[120.69206,0.96508],[120.69063,0.96391],[120.68976,0.96513],[120.69018,0.96694],[120.68908,0.96879],[120.68845,0.96813],[120.68809,0.9683],[120.68782,0.9705],[120.68673,0.9716],[120.68559,0.97086],[120.686,0.97033],[120.68539,0.96972],[120.68455,0.96988],[120.68386,0.97056],[120.68412,0.96939],[120.68314,0.96917],[120.68233,0.96848],[120.67911,0.96964],[120.67895,0.97051],[120.67976,0.97236],[120.68006,0.97271],[120.68148,0.97281],[120.68154,0.97394],[120.68229,0.97426],[120.68247,0.97546],[120.68622,0.97599],[120.68664,0.97878],[120.68759,0.9797],[120.68854,0.97983],[120.6908,0.98105],[120.69175,0.98222],[120.69174,0.98376],[120.69442,0.98428],[120.69447,0.98527],[120.69646,0.98681],[120.69815,0.98677]]],[[[120.72637,0.98687],[120.72693,0.98669],[120.72697,0.98613],[120.72583,0.98665],[120.72637,0.98687]]],[[[120.7322,0.98617],[120.73176,0.98649],[120.73206,0.98762],[120.73245,0.98732],[120.7322,0.98617]]],[[[120.6881,0.98764],[120.68913,0.98747],[120.68988,0.98663],[120.69069,0.98684],[120.69087,0.98599],[120.69012,0.98599],[120.68941,0.98507],[120.68783,0.98455],[120.68738,0.98744],[120.6881,0.98764]]],[[[120.74688,0.99346],[120.74742,0.99324],[120.74784,0.99068],[120.7475,0.98975],[120.74551,0.988],[120.74628,0.9851],[120.74582,0.98382],[120.74785,0.98211],[120.7506,0.98126],[120.74926,0.97838],[120.7502,0.97599],[120.74885,0.9748],[120.74787,0.97279],[120.74806,0.97209],[120.74997,0.97077],[120.74933,0.96877],[120.74831,0.96828],[120.74797,0.96612],[120.74819,0.965],[120.7491,0.96452],[120.7505,0.96275],[120.75208,0.96229],[120.75297,0.96046],[120.75151,0.95937],[120.75078,0.95806],[120.75112,0.95672],[120.74998,0.95438],[120.75039,0.95094],[120.75106,0.94939],[120.75103,0.94754],[120.75022,0.94623],[120.75036,0.94441],[120.74893,0.9441],[120.74549,0.942],[120.74437,0.94051],[120.7406,0.93878],[120.73679,0.93436],[120.73583,0.93387],[120.73447,0.93236],[120.73265,0.93165],[120.73203,0.93003],[120.73058,0.92797],[120.72812,0.92607],[120.72742,0.92429],[120.72585,0.92369],[120.72213,0.91927],[120.72174,0.91796],[120.71942,0.91601],[120.71649,0.91532],[120.71509,0.91753],[120.71233,0.91909],[120.71075,0.91762],[120.70665,0.9158],[120.70467,0.91395],[120.70304,0.91332],[120.69995,0.90566],[120.70146,0.90362],[120.70431,0.90202],[120.70576,0.90181],[120.70708,0.90213],[120.70763,0.90095],[120.70884,0.89988],[120.71155,0.8993],[120.71345,0.89933],[120.71746,0.8979],[120.71941,0.89875],[120.72193,0.89864],[120.72291,0.89911],[120.72426,0.8976],[120.72701,0.89656],[120.72797,0.8935],[120.72961,0.89302],[120.73096,0.89309],[120.73213,0.89413],[120.73308,0.89272],[120.73447,0.89317],[120.7364,0.89302],[120.73726,0.89282],[120.73885,0.89152],[120.74141,0.89091],[120.74246,0.88953],[120.7438,0.88563],[120.74688,0.8844],[120.74838,0.8828],[120.74883,0.88131],[120.74943,0.88071],[120.7485,0.87717],[120.74969,0.87405],[120.74985,0.87073],[120.74904,0.86889],[120.74573,0.86479],[120.7411,0.85059],[120.74043,0.84601],[120.74197,0.84243],[120.74493,0.83956],[120.74639,0.83725],[120.74741,0.83431],[120.74395,0.83202],[120.74106,0.83087],[120.74034,0.82994],[120.73756,0.83137],[120.73607,0.83125],[120.73376,0.82992],[120.72921,0.8282],[120.72564,0.828],[120.71851,0.83029],[120.71459,0.82899],[120.71185,0.82925],[120.71004,0.82782],[120.70916,0.82815],[120.70903,0.82881],[120.70513,0.8276],[120.7037,0.82506],[120.70163,0.82474],[120.70102,0.82366],[120.70003,0.82404],[120.69958,0.82327],[120.69852,0.82354],[120.69726,0.82329],[120.69716,0.8193],[120.69476,0.81786],[120.69062,0.8174],[120.68931,0.81811],[120.68716,0.81455],[120.68924,0.80904],[120.68933,0.80696],[120.68832,0.80488],[120.68788,0.80513],[120.6872,0.80696],[120.68522,0.80837],[120.68384,0.80851],[120.68167,0.80667],[120.6715,0.80265],[120.66819,0.79968],[120.66577,0.79941],[120.66475,0.8029],[120.6618,0.80328],[120.66007,0.80229],[120.65881,0.80099],[120.65511,0.79943],[120.65376,0.79744],[120.64702,0.79811],[120.64606,0.79705],[120.64519,0.7967],[120.64438,0.7972],[120.64353,0.79994],[120.64185,0.80031],[120.64145,0.801],[120.64023,0.80036],[120.63747,0.79986],[120.63732,0.80077],[120.63555,0.80154],[120.63307,0.80068],[120.63182,0.80073],[120.6307,0.80148],[120.62923,0.80059],[120.6249,0.80087],[120.6245,0.79993],[120.62333,0.79924],[120.62209,0.79927],[120.62147,0.7998],[120.6184,0.79981],[120.61742,0.79908],[120.6186,0.79829],[120.61876,0.79443],[120.61842,0.79314],[120.61905,0.79137],[120.6182,0.78781],[120.61278,0.78195],[120.61477,0.77932],[120.61456,0.77785],[120.61343,0.7769],[120.61187,0.77695],[120.60758,0.7789],[120.6062,0.78053],[120.60483,0.78071],[120.60459,0.78166],[120.60335,0.78176],[120.60232,0.78116],[120.60113,0.78124],[120.5986,0.78028],[120.59579,0.7824],[120.59296,0.78255],[120.59237,0.78159],[120.59042,0.78135],[120.5887,0.78213],[120.58548,0.78177],[120.58342,0.78266],[120.58372,0.78422],[120.58567,0.7854],[120.58594,0.78672],[120.58678,0.78749],[120.58695,0.78868],[120.58993,0.79173],[120.59025,0.79294],[120.591,0.7938],[120.59353,0.79483],[120.59442,0.79573],[120.59549,0.79582],[120.59671,0.79515],[120.59712,0.79241],[120.59784,0.79166],[120.59901,0.79131],[120.59878,0.79227],[120.59799,0.79273],[120.59771,0.79367],[120.59937,0.7975],[120.60066,0.79864],[120.60065,0.79982],[120.60158,0.80102],[120.60148,0.80218],[120.60064,0.80279],[120.59961,0.80293],[120.59816,0.80485],[120.59723,0.8054],[120.59599,0.80821],[120.59595,0.80907],[120.59729,0.80935],[120.59944,0.8074],[120.59984,0.80739],[120.60026,0.80804],[120.60059,0.80746],[120.6023,0.80707],[120.60239,0.80786],[120.60036,0.80972],[120.60091,0.8094],[120.60373,0.80951],[120.60348,0.81037],[120.60378,0.81067],[120.60447,0.81059],[120.60585,0.80955],[120.60602,0.80764],[120.60677,0.80675],[120.60796,0.80681],[120.60828,0.80738],[120.60914,0.8075],[120.61014,0.80847],[120.60969,0.80985],[120.60998,0.81058],[120.60973,0.81155],[120.60848,0.81305],[120.60738,0.81335],[120.60715,0.81465],[120.60969,0.81524],[120.61058,0.81684],[120.61024,0.81762],[120.61218,0.81864],[120.61302,0.8202],[120.61288,0.82114],[120.61228,0.82212],[120.61091,0.82233],[120.61066,0.82291],[120.60865,0.82305],[120.60806,0.82492],[120.6073,0.82551],[120.60555,0.82335],[120.60339,0.82221],[120.60204,0.82251],[120.6006,0.82542],[120.60048,0.82704],[120.59993,0.82807],[120.6001,0.82917],[120.60074,0.83038],[120.6031,0.83092],[120.60483,0.83212],[120.60472,0.83242],[120.60289,0.83144],[120.60081,0.83192],[120.60028,0.83232],[120.60099,0.83282],[120.60073,0.83462],[120.6002,0.83501],[120.59916,0.83486],[120.59811,0.83554],[120.59753,0.83691],[120.59837,0.83924],[120.60083,0.84207],[120.60154,0.84397],[120.60239,0.84451],[120.60292,0.84554],[120.6047,0.84565],[120.60522,0.84635],[120.60609,0.84876],[120.60551,0.85204],[120.60607,0.85325],[120.6069,0.85397],[120.60744,0.8555],[120.61007,0.85629],[120.61187,0.85897],[120.61155,0.85945],[120.61103,0.8591],[120.60943,0.8599],[120.60849,0.85983],[120.60997,0.86229],[120.60851,0.86186],[120.60508,0.86363],[120.605,0.86484],[120.60383,0.86538],[120.60362,0.86605],[120.60371,0.86834],[120.6032,0.8707],[120.60505,0.87429],[120.60661,0.87572],[120.60766,0.87603],[120.6086,0.87561],[120.60919,0.87598],[120.61022,0.87498],[120.61118,0.87551],[120.61065,0.87625],[120.61063,0.8788],[120.6102,0.87975],[120.61381,0.88247],[120.61482,0.88401],[120.61493,0.88566],[120.61643,0.88619],[120.61604,0.88651],[120.61583,0.88877],[120.61619,0.88977],[120.61685,0.88993],[120.61695,0.89189],[120.61972,0.89174],[120.62046,0.89248],[120.62041,0.89407],[120.61984,0.89506],[120.62097,0.89569],[120.61984,0.89828],[120.62186,0.90071],[120.62198,0.90338],[120.62161,0.90423],[120.62321,0.90369],[120.62411,0.90486],[120.62479,0.90678],[120.6243,0.90683],[120.62324,0.91002],[120.62293,0.91239],[120.62683,0.9125],[120.62844,0.9116],[120.62925,0.91042],[120.63098,0.91086],[120.63181,0.91059],[120.63248,0.91319],[120.6342,0.9142],[120.63472,0.91361],[120.63497,0.91379],[120.63488,0.91666],[120.6353,0.91794],[120.63655,0.91881],[120.63805,0.91891],[120.63794,0.91956],[120.6383,0.91995],[120.63782,0.92123],[120.63801,0.92191],[120.63708,0.92292],[120.63738,0.92511],[120.63668,0.92549],[120.63627,0.92697],[120.63567,0.92742],[120.63577,0.9299],[120.63495,0.93212],[120.63532,0.93274],[120.63475,0.93324],[120.63506,0.93509],[120.63559,0.9353],[120.63563,0.93654],[120.63511,0.93699],[120.63574,0.93832],[120.63548,0.93918],[120.6386,0.9384],[120.63967,0.93932],[120.64103,0.9421],[120.64235,0.94225],[120.64447,0.94322],[120.64626,0.94224],[120.64708,0.94108],[120.64658,0.94053],[120.64938,0.94144],[120.65023,0.94082],[120.65096,0.9409],[120.65073,0.9417],[120.65101,0.94213],[120.65315,0.9428],[120.65397,0.94242],[120.65468,0.94322],[120.65625,0.94261],[120.65614,0.94203],[120.65672,0.94216],[120.65791,0.94127],[120.65786,0.94238],[120.65881,0.94229],[120.65828,0.94354],[120.6586,0.94405],[120.65788,0.94426],[120.65759,0.94533],[120.65961,0.94501],[120.661,0.94607],[120.66322,0.94672],[120.6653,0.94798],[120.66619,0.94745],[120.6662,0.94633],[120.66659,0.94727],[120.66766,0.94748],[120.66767,0.949],[120.67106,0.94886],[120.67236,0.95031],[120.67077,0.95081],[120.67064,0.95148],[120.66885,0.95122],[120.66861,0.95271],[120.66775,0.9517],[120.66595,0.95131],[120.66414,0.95175],[120.66365,0.95218],[120.66346,0.95319],[120.66483,0.95512],[120.66577,0.95545],[120.66625,0.95487],[120.66707,0.95533],[120.66796,0.95744],[120.67003,0.95777],[120.66983,0.95871],[120.66885,0.96007],[120.66916,0.96109],[120.67051,0.96084],[120.67112,0.96117],[120.66978,0.96346],[120.67012,0.96543],[120.67087,0.96507],[120.67205,0.96575],[120.673,0.96384],[120.67504,0.96465],[120.67612,0.96409],[120.67637,0.96323],[120.67534,0.96175],[120.67553,0.96068],[120.67499,0.95954],[120.67622,0.95838],[120.67643,0.95684],[120.67737,0.95547],[120.67595,0.9542],[120.67613,0.95325],[120.67666,0.95264],[120.67734,0.95312],[120.67863,0.95317],[120.67947,0.95169],[120.67852,0.95058],[120.68139,0.94966],[120.6822,0.95],[120.68237,0.9506],[120.68207,0.95173],[120.68138,0.95232],[120.68155,0.95292],[120.68245,0.95287],[120.68345,0.95216],[120.68477,0.95291],[120.68705,0.95242],[120.68771,0.953],[120.68874,0.95288],[120.68951,0.95344],[120.68898,0.95328],[120.68842,0.95368],[120.6876,0.95524],[120.68874,0.95528],[120.68873,0.95626],[120.68632,0.9573],[120.68544,0.95652],[120.68379,0.95742],[120.68294,0.95689],[120.68373,0.95806],[120.68355,0.95899],[120.683,0.95976],[120.68173,0.96008],[120.68094,0.96104],[120.68207,0.96168],[120.68357,0.96153],[120.68472,0.96018],[120.68596,0.95968],[120.68761,0.96001],[120.68833,0.95883],[120.68884,0.95914],[120.68982,0.95891],[120.69215,0.95671],[120.69272,0.95767],[120.6926,0.95929],[120.69125,0.9608],[120.69264,0.96082],[120.6946,0.95896],[120.69481,0.96034],[120.69745,0.96124],[120.69637,0.96175],[120.69487,0.96116],[120.69381,0.96218],[120.69387,0.96312],[120.69456,0.96373],[120.69643,0.96365],[120.69753,0.96406],[120.69779,0.96455],[120.6991,0.96515],[120.70036,0.96318],[120.70122,0.96255],[120.70236,0.96206],[120.70343,0.96225],[120.70427,0.96391],[120.70504,0.96282],[120.70538,0.96128],[120.71154,0.95869],[120.71095,0.95755],[120.70974,0.95733],[120.71053,0.95692],[120.70937,0.9556],[120.7103,0.95605],[120.71176,0.95773],[120.71424,0.95863],[120.71752,0.95783],[120.72014,0.96026],[120.72116,0.96176],[120.72362,0.96359],[120.72355,0.964],[120.72418,0.96405],[120.72478,0.9651],[120.7261,0.96387],[120.72854,0.96274],[120.72929,0.9628],[120.72987,0.96185],[120.73158,0.96122],[120.732,0.962],[120.73006,0.96277],[120.7288,0.96375],[120.72967,0.96374],[120.73011,0.96425],[120.73102,0.96401],[120.73152,0.96442],[120.73221,0.9643],[120.73221,0.96462],[120.73093,0.96578],[120.72887,0.96497],[120.72756,0.9653],[120.72733,0.96758],[120.72558,0.96923],[120.72528,0.97104],[120.72547,0.97134],[120.72639,0.97123],[120.7282,0.96994],[120.7282,0.96909],[120.72879,0.9687],[120.72938,0.96883],[120.72948,0.96932],[120.73027,0.96828],[120.73077,0.96901],[120.73188,0.96895],[120.73189,0.9707],[120.73055,0.9707],[120.73046,0.9718],[120.72993,0.97195],[120.72925,0.97179],[120.72864,0.97085],[120.72847,0.97179],[120.72736,0.97287],[120.72837,0.97266],[120.72974,0.97371],[120.72957,0.97558],[120.73024,0.97646],[120.7299,0.97743],[120.73124,0.97756],[120.73196,0.97813],[120.73234,0.97783],[120.73308,0.97915],[120.73417,0.9786],[120.73346,0.97671],[120.73477,0.97582],[120.73367,0.97567],[120.73332,0.97524],[120.73499,0.97368],[120.73517,0.9745],[120.73619,0.97506],[120.73677,0.9761],[120.73743,0.9758],[120.73782,0.97449],[120.74102,0.97485],[120.74281,0.97456],[120.74416,0.97532],[120.74385,0.97606],[120.7424,0.97542],[120.74142,0.97566],[120.74124,0.97763],[120.74208,0.97972],[120.73956,0.97889],[120.73749,0.97944],[120.7371,0.98022],[120.73795,0.98092],[120.73761,0.98247],[120.73845,0.98336],[120.73741,0.98307],[120.73697,0.98378],[120.73832,0.98474],[120.73992,0.98498],[120.74101,0.98564],[120.74079,0.98606],[120.7396,0.98622],[120.73877,0.98706],[120.73821,0.98909],[120.73899,0.98938],[120.73947,0.9892],[120.73954,0.98861],[120.74021,0.98866],[120.74081,0.99002],[120.74175,0.9906],[120.74182,0.99221],[120.74237,0.99303],[120.74527,0.99224],[120.74573,0.99341],[120.74688,0.99346]]],[[[120.74168,0.99391],[120.74161,0.99261],[120.74012,0.9938],[120.73864,0.99368],[120.74105,0.99507],[120.74161,0.99484],[120.74168,0.99391]]],[[[120.72806,1.00194],[120.72951,1.00024],[120.73101,0.99996],[120.73229,0.99794],[120.73305,0.99828],[120.73427,0.99782],[120.73573,0.99795],[120.73496,0.99692],[120.73455,0.99335],[120.73335,0.99199],[120.73202,0.9923],[120.73167,0.9931],[120.73114,0.99308],[120.73129,0.99099],[120.73039,0.98993],[120.72979,0.99021],[120.72957,0.99118],[120.7285,0.99226],[120.72793,0.99198],[120.72833,0.99021],[120.72767,0.9896],[120.72709,0.98963],[120.727,0.9912],[120.72597,0.99132],[120.72504,0.99218],[120.72494,0.99278],[120.72453,0.99239],[120.72527,0.99114],[120.72515,0.99048],[120.72387,0.99069],[120.7233,0.99167],[120.72284,0.99168],[120.72229,0.98983],[120.72433,0.98906],[120.72455,0.98814],[120.72539,0.98724],[120.72503,0.98645],[120.72339,0.98639],[120.72291,0.98544],[120.72181,0.98556],[120.72154,0.98624],[120.72075,0.98672],[120.72098,0.98782],[120.7178,0.99017],[120.71774,0.98931],[120.71915,0.98819],[120.71909,0.98772],[120.7196,0.98727],[120.71995,0.98595],[120.71964,0.98563],[120.71829,0.98572],[120.717,0.98652],[120.71688,0.98795],[120.71548,0.98854],[120.71483,0.9899],[120.71447,0.98927],[120.71519,0.98772],[120.71504,0.98734],[120.71422,0.98727],[120.71321,0.98796],[120.71146,0.98685],[120.71016,0.98849],[120.71065,0.98925],[120.71061,0.9911],[120.71014,0.99118],[120.70979,0.98938],[120.70921,0.98883],[120.70921,0.99017],[120.70854,0.99104],[120.70844,0.99195],[120.70748,0.9898],[120.70812,0.9886],[120.70733,0.98795],[120.70753,0.98635],[120.70662,0.98598],[120.70627,0.9868],[120.70502,0.9869],[120.70503,0.98764],[120.70437,0.98821],[120.70276,0.98746],[120.70258,0.98954],[120.70172,0.99088],[120.7001,0.99181],[120.69972,0.99262],[120.703,0.99578],[120.70491,0.99701],[120.70807,0.99857],[120.71217,0.99975],[120.71273,1.00087],[120.7134,1.0013],[120.71816,1.00195],[120.72348,1.00179],[120.72517,1.00226],[120.72806,1.00194]]],[[[120.61658,1.05028],[120.61664,1.04975],[120.61563,1.04978],[120.61638,1.0506],[120.61658,1.05028]]],[[[120.66764,1.04958],[120.66745,1.04779],[120.66667,1.04625],[120.66648,1.0479],[120.66502,1.04956],[120.66639,1.05065],[120.66764,1.04958]]],[[[120.60557,1.06641],[120.6061,1.06589],[120.60487,1.06396],[120.60496,1.06312],[120.60364,1.0625],[120.6034,1.06128],[120.60286,1.06122],[120.60225,1.06253],[120.60138,1.06219],[120.60128,1.06095],[120.60184,1.06012],[120.60129,1.05851],[120.6015,1.05804],[120.60006,1.05685],[120.59953,1.05528],[120.59858,1.05452],[120.59838,1.05493],[120.59954,1.05764],[120.60036,1.06113],[120.5998,1.06206],[120.60023,1.06343],[120.59926,1.06434],[120.6005,1.06403],[120.60131,1.06505],[120.60211,1.06488],[120.60315,1.06531],[120.60493,1.06691],[120.60557,1.06641]]],[[[120.61061,1.06806],[120.61064,1.06769],[120.61151,1.06741],[120.6152,1.068],[120.61806,1.06725],[120.62256,1.06559],[120.62309,1.06444],[120.62534,1.06334],[120.62864,1.06286],[120.62827,1.06141],[120.62879,1.06026],[120.62867,1.05904],[120.6339,1.05453],[120.63889,1.05244],[120.63889,1.05189],[120.64032,1.05114],[120.64063,1.04989],[120.6441,1.04791],[120.64425,1.04682],[120.6453,1.04603],[120.64474,1.04531],[120.6448,1.04407],[120.64587,1.0432],[120.64609,1.04248],[120.64794,1.04118],[120.64972,1.04093],[120.65011,1.04046],[120.65522,1.03991],[120.65669,1.04004],[120.65983,1.04163],[120.66042,1.04117],[120.66144,1.04138],[120.66226,1.04089],[120.66353,1.04121],[120.66492,1.04058],[120.66694,1.0349],[120.66593,1.03071],[120.66456,1.02794],[120.6646,1.02584],[120.66544,1.023],[120.66664,1.0206],[120.6707,1.01707],[120.67169,1.01665],[120.67239,1.01687],[120.67364,1.01617],[120.67408,1.01636],[120.67471,1.01281],[120.67405,1.01275],[120.67378,1.01341],[120.67192,1.01502],[120.66905,1.01652],[120.66771,1.01626],[120.66671,1.01698],[120.66642,1.01561],[120.66598,1.01539],[120.66492,1.01611],[120.66438,1.01606],[120.66542,1.01792],[120.66447,1.0205],[120.66346,1.022],[120.66119,1.02322],[120.65891,1.02381],[120.65697,1.02305],[120.65581,1.02703],[120.65459,1.02824],[120.6532,1.03154],[120.65184,1.03298],[120.64707,1.03248],[120.64605,1.03307],[120.64516,1.03248],[120.64467,1.03318],[120.64351,1.03372],[120.64316,1.03433],[120.64375,1.03504],[120.64341,1.03637],[120.64565,1.0382],[120.64527,1.04083],[120.64423,1.04322],[120.64177,1.04387],[120.64144,1.04586],[120.6399,1.04794],[120.63787,1.04832],[120.63546,1.05015],[120.63314,1.05031],[120.6301,1.04938],[120.62652,1.04908],[120.62588,1.04855],[120.62595,1.04762],[120.62519,1.04709],[120.62348,1.04845],[120.62158,1.0518],[120.61937,1.05207],[120.61903,1.05466],[120.61639,1.05388],[120.61642,1.05296],[120.61561,1.05142],[120.61453,1.05154],[120.61376,1.05258],[120.61448,1.05413],[120.61461,1.0564],[120.61309,1.05939],[120.61255,1.05978],[120.61254,1.06074],[120.6114,1.06117],[120.61144,1.0622],[120.60752,1.06436],[120.60657,1.06635],[120.60681,1.06705],[120.60794,1.06766],[120.60819,1.0682],[120.60924,1.0681],[120.61017,1.0687],[120.61061,1.06806]]],[[[120.6151,1.06992],[120.61504,1.06992],[120.61503,1.06992],[120.61499,1.06993],[120.61495,1.06996],[120.61493,1.06997],[120.61491,1.06999],[120.61488,1.07],[120.61489,1.07],[120.61501,1.07],[120.61514,1.06998],[120.61516,1.06995],[120.6151,1.06992]]],[[[120.61524,1.07013],[120.61462,1.07063],[120.61522,1.07053],[120.61524,1.07013]]],[[[120.6737,1.07788],[120.67456,1.07775],[120.67492,1.07717],[120.67434,1.07404],[120.67354,1.07222],[120.67222,1.07144],[120.67009,1.06878],[120.66941,1.07055],[120.66855,1.07073],[120.66815,1.07169],[120.66836,1.07259],[120.66911,1.07259],[120.669,1.07356],[120.67011,1.07346],[120.67033,1.07431],[120.67006,1.07518],[120.66904,1.07561],[120.66917,1.07661],[120.67069,1.07644],[120.67277,1.07748],[120.67307,1.07801],[120.6737,1.07788]]],[[[120.66579,1.0791],[120.66588,1.07833],[120.66517,1.0768],[120.66546,1.07645],[120.6649,1.07575],[120.66355,1.07594],[120.66306,1.07668],[120.66301,1.07779],[120.66567,1.07984],[120.66579,1.0791]]],[[[120.6866,1.08327],[120.68645,1.08327],[120.68632,1.0833],[120.68627,1.08333],[120.68624,1.08335],[120.68621,1.08344],[120.6862,1.08353],[120.68622,1.08359],[120.68623,1.08363],[120.6863,1.08369],[120.68637,1.0837],[120.68646,1.0837],[120.68655,1.08366],[120.68662,1.08358],[120.68664,1.08349],[120.68666,1.08338],[120.68665,1.0833],[120.68664,1.08327],[120.6866,1.08327]]]]}},{"type":"Feature","properties":{"NAMOBJ":"Dampal Utara","KODE_KAB":7205},"geometry":{"type":"MultiPolygon","coordinates":[[[[120.24385,0.96682],[120.24342,0.96782],[120.2442,0.96841],[120.24385,0.96682]]],[[[120.28925,0.98438],[120.29565,0.98206],[120.30067,0.98125],[120.3064,0.98136],[120.31312,0.98249],[120.31847,0.98439],[120.32021,0.98549],[120.32069,0.98518],[120.32258,0.98523],[120.32245,0.98408],[120.32301,0.98375],[120.32505,0.98339],[120.3292,0.98361],[120.33266,0.9821],[120.33589,0.98135],[120.33915,0.98215],[120.34168,0.98421],[120.34299,0.98346],[120.34591,0.98447],[120.34883,0.98475],[120.34999,0.984],[120.35373,0.9841],[120.35469,0.98232],[120.35409,0.98064],[120.3523,0.98062],[120.35,0.97997],[120.34885,0.97898],[120.3476,0.97655],[120.34677,0.97572],[120.34648,0.97397],[120.34769,0.97305],[120.34894,0.97303],[120.35204,0.97471],[120.35433,0.97457],[120.35501,0.97416],[120.35504,0.97365],[120.35451,0.97348],[120.3531,0.96898],[120.3479,0.97004],[120.34613,0.9692],[120.3454,0.96762],[120.3451,0.96582],[120.34529,0.96623],[120.34585,0.96503],[120.34592,0.96211],[120.34666,0.9618],[120.34907,0.96266],[120.34981,0.96204],[120.34911,0.96069],[120.34908,0.95923],[120.34775,0.95942],[120.34661,0.95903],[120.34558,0.95937],[120.34506,0.95897],[120.34506,0.95864],[120.34571,0.95879],[120.34597,0.95801],[120.34577,0.95351],[120.34725,0.95154],[120.34672,0.95123],[120.34607,0.94929],[120.34486,0.94841],[120.3434,0.94544],[120.34155,0.94552],[120.34137,0.94519],[120.3421,0.94437],[120.34094,0.94397],[120.34033,0.94299],[120.34061,0.94008],[120.34211,0.93665],[120.34124,0.93535],[120.34167,0.93407],[120.34174,0.93093],[120.33914,0.92866],[120.3393,0.92832],[120.33868,0.9271],[120.33899,0.92556],[120.34038,0.9238],[120.34014,0.92267],[120.34148,0.91911],[120.34089,0.91797],[120.34005,0.91235],[120.33926,0.91178],[120.33837,0.91176],[120.33761,0.9093],[120.33962,0.90504],[120.34013,0.90269],[120.34024,0.89864],[120.33924,0.89716],[120.33959,0.89595],[120.33952,0.89362],[120.34037,0.89229],[120.33866,0.89282],[120.33811,0.89158],[120.33882,0.89071],[120.33683,0.88798],[120.33716,0.88694],[120.33644,0.88631],[120.33626,0.88465],[120.33353,0.88274],[120.33352,0.88215],[120.33287,0.88166],[120.33198,0.87986],[120.32994,0.87823],[120.32956,0.877],[120.33045,0.87458],[120.33044,0.87215],[120.33106,0.86972],[120.33074,0.86504],[120.32889,0.86289],[120.32733,0.86208],[120.32695,0.86054],[120.32683,0.85497],[120.32834,0.85162],[120.33712,0.84504],[120.33678,0.84439],[120.33556,0.84416],[120.33496,0.84453],[120.33365,0.84448],[120.33367,0.84419],[120.33456,0.84413],[120.3333,0.84381],[120.33368,0.84219],[120.33303,0.84038],[120.33079,0.83985],[120.33205,0.83917],[120.33211,0.83857],[120.33125,0.83749],[120.33259,0.8363],[120.33253,0.83568],[120.33076,0.83629],[120.33045,0.83429],[120.32838,0.8343],[120.32796,0.83376],[120.32781,0.83232],[120.32601,0.83242],[120.32585,0.83185],[120.32638,0.83116],[120.3264,0.83024],[120.32504,0.83064],[120.32349,0.83036],[120.32468,0.82722],[120.32398,0.82633],[120.32451,0.82532],[120.32375,0.82471],[120.32356,0.82386],[120.32533,0.82281],[120.32553,0.82232],[120.32404,0.82151],[120.32516,0.81904],[120.32481,0.81758],[120.32385,0.81697],[120.32244,0.81722],[120.32197,0.81545],[120.3223,0.815],[120.3235,0.81506],[120.32341,0.81388],[120.32451,0.81273],[120.32394,0.80991],[120.32425,0.80839],[120.3248,0.80841],[120.32569,0.8096],[120.32683,0.80914],[120.32759,0.80724],[120.3269,0.80627],[120.32708,0.80537],[120.32888,0.80381],[120.33022,0.80108],[120.32911,0.79865],[120.32726,0.79694],[120.32653,0.79568],[120.32296,0.79645],[120.32024,0.80027],[120.31715,0.80585],[120.31221,0.81294],[120.30644,0.82001],[120.2988,0.82342],[120.29824,0.82426],[120.29768,0.82749],[120.29698,0.82897],[120.29572,0.82903],[120.2923,0.82826],[120.288,0.82661],[120.2856,0.82721],[120.28478,0.82779],[120.28462,0.83352],[120.2832,0.83787],[120.28098,0.84184],[120.28074,0.84381],[120.28133,0.8458],[120.28198,0.84652],[120.28585,0.84798],[120.2866,0.84877],[120.28597,0.84978],[120.28303,0.85212],[120.28144,0.85586],[120.28103,0.85821],[120.28257,0.85867],[120.28346,0.86034],[120.2845,0.86526],[120.28569,0.86718],[120.28707,0.86817],[120.29132,0.86967],[120.29144,0.87028],[120.29056,0.87206],[120.28449,0.87538],[120.28324,0.87876],[120.28101,0.88243],[120.27862,0.88267],[120.27749,0.88339],[120.27543,0.88367],[120.27425,0.88337],[120.27396,0.88415],[120.27356,0.88423],[120.27097,0.88272],[120.26861,0.88275],[120.26855,0.8831],[120.26771,0.88312],[120.26735,0.8833],[120.26721,0.88567],[120.26543,0.88677],[120.26491,0.88794],[120.2628,0.88754],[120.26066,0.88814],[120.25999,0.88716],[120.2587,0.88713],[120.25543,0.89254],[120.25,0.8965],[120.24859,0.89913],[120.24753,0.89932],[120.24679,0.90037],[120.24558,0.90061],[120.24446,0.89981],[120.24332,0.89982],[120.24202,0.89917],[120.24045,0.89924],[120.24111,0.90054],[120.24199,0.90587],[120.24037,0.92114],[120.24263,0.92152],[120.24425,0.92271],[120.24426,0.92351],[120.24506,0.92437],[120.2474,0.92933],[120.24886,0.9309],[120.25,0.93353],[120.25147,0.93459],[120.25214,0.93634],[120.25143,0.94211],[120.24883,0.95208],[120.24744,0.95593],[120.24727,0.95737],[120.24796,0.95763],[120.24825,0.95941],[120.25663,0.95654],[120.25778,0.95665],[120.26079,0.95807],[120.26315,0.96014],[120.26435,0.96321],[120.26579,0.96504],[120.26586,0.9666],[120.26483,0.96737],[120.26527,0.96797],[120.26479,0.9687],[120.26599,0.96789],[120.27002,0.96834],[120.27396,0.96778],[120.27568,0.96881],[120.27662,0.97168],[120.27747,0.97774],[120.27802,0.97867],[120.27814,0.97966],[120.27783,0.97974],[120.27936,0.98035],[120.28026,0.97957],[120.28234,0.97892],[120.28247,0.97796],[120.28368,0.97653],[120.2858,0.97642],[120.28634,0.97672],[120.28457,0.97783],[120.28416,0.98122],[120.28279,0.9822],[120.28267,0.9834],[120.28211,0.9842],[120.28015,0.98371],[120.28007,0.98414],[120.28127,0.98563],[120.28257,0.98632],[120.28406,0.98622],[120.28724,0.98474],[120.28925,0.98438]]],[[[120.24617,0.98645],[120.24783,0.98633],[120.24968,0.98526],[120.25012,0.98547],[120.25032,0.9849],[120.24764,0.98325],[120.24697,0.9817],[120.24497,0.98055],[120.24466,0.977],[120.24226,0.9774],[120.24066,0.97676],[120.2382,0.97471],[120.23714,0.97321],[120.2372,0.97273],[120.23594,0.97072],[120.2354,0.9679],[120.23365,0.9685],[120.23236,0.96768],[120.23184,0.96778],[120.23155,0.96854],[120.23217,0.9703],[120.23179,0.97387],[120.23275,0.97406],[120.23409,0.97525],[120.23505,0.97718],[120.23634,0.97845],[120.23881,0.97921],[120.24062,0.98069],[120.24166,0.98308],[120.24139,0.98485],[120.24278,0.98504],[120.24308,0.98546],[120.24474,0.98548],[120.24566,0.98666],[120.24617,0.98645]]],[[[120.3755,0.99721],[120.37401,0.99728],[120.3738,0.99821],[120.37556,1.00165],[120.37672,1.00242],[120.37791,1.00225],[120.37808,1.00155],[120.37693,0.99879],[120.3755,0.99721]]],[[[120.39851,1.04761],[120.39694,1.04753],[120.39641,1.04622],[120.39711,1.04515],[120.39772,1.0455],[120.39849,1.04528],[120.39905,1.04389],[120.39836,1.03994],[120.39762,1.03809],[120.39794,1.03358],[120.39733,1.03297],[120.39506,1.03247],[120.39416,1.031],[120.39436,1.02929],[120.39562,1.02578],[120.39549,1.02542],[120.39407,1.0251],[120.39391,1.02291],[120.39408,1.02235],[120.39496,1.02216],[120.39623,1.02326],[120.39656,1.02097],[120.39486,1.02034],[120.39356,1.01911],[120.39302,1.01693],[120.39299,1.01422],[120.39147,1.00974],[120.39044,1.00867],[120.38559,1.00701],[120.38334,1.00825],[120.37894,1.00875],[120.37531,1.00966],[120.37365,1.01086],[120.37097,1.01407],[120.36988,1.01664],[120.36884,1.01793],[120.36803,1.02019],[120.36754,1.02471],[120.36644,1.02784],[120.36628,1.02998],[120.36837,1.0384],[120.3679,1.04023],[120.36836,1.04902],[120.37115,1.06068],[120.37386,1.0663],[120.37632,1.06986],[120.37801,1.07317],[120.37956,1.07499],[120.38186,1.07637],[120.38409,1.077],[120.38912,1.07736],[120.39084,1.07674],[120.39409,1.07433],[120.39762,1.07263],[120.39901,1.07151],[120.40065,1.06774],[120.40097,1.06545],[120.40189,1.06328],[120.40148,1.06108],[120.4004,1.05982],[120.40054,1.05906],[120.40201,1.05791],[120.40203,1.0571],[120.40167,1.05441],[120.40088,1.05213],[120.40023,1.05093],[120.39834,1.0499],[120.39851,1.04761]]]]}},{"type":"Feature","properties":{"NAMOBJ":"Lampasio","KODE_KAB":7205},"geometry":{"type":"MultiPolygon","coordinates":[[[[121.00356,0.8807],[121.0045,0.87902],[121.00718,0.87754],[121.00855,0.87595],[121.00986,0.87106],[121.00939,0.86757],[121.008,0.86602],[121.00803,0.86053],[121.0063,0.859],[121.0038,0.86006],[121.00245,0.8595],[121.00104,0.85707],[121.00014,0.85321],[120.99866,0.85226],[120.99736,0.84946],[120.99498,0.84634],[120.99494,0.84478],[120.99308,0.84161],[120.99236,0.84115],[120.99042,0.8424],[120.98928,0.84251],[120.9872,0.84217],[120.98472,0.84067],[120.98063,0.84085],[120.97487,0.83674],[120.96898,0.83631],[120.9652,0.83556],[120.96247,0.83315],[120.95589,0.82962],[120.95475,0.8277],[120.95275,0.82678],[120.94781,0.82602],[120.94532,0.82726],[120.94211,0.82694],[120.9414,0.8264],[120.94065,0.82654],[120.93988,0.82567],[120.93598,0.82675],[120.93486,0.82656],[120.93449,0.82488],[120.93561,0.82357],[120.93654,0.82133],[120.93635,0.8204],[120.93543,0.81891],[120.9328,0.81847],[120.93108,0.81564],[120.92948,0.81616],[120.92873,0.81599],[120.92865,0.81529],[120.92967,0.81334],[120.9239,0.80637],[120.92019,0.80356],[120.9191,0.79762],[120.91736,0.79546],[120.91307,0.79367],[120.91049,0.79347],[120.90961,0.79305],[120.90734,0.79319],[120.90599,0.79425],[120.90302,0.79379],[120.89993,0.79095],[120.89543,0.78797],[120.89488,0.78722],[120.89488,0.7861],[120.89562,0.78124],[120.89339,0.77675],[120.88944,0.76417],[120.88509,0.75216],[120.8837,0.74939],[120.87877,0.74294],[120.87287,0.73406],[120.85991,0.71603],[120.85135,0.7032],[120.84834,0.69782],[120.8447,0.69536],[120.83872,0.68833],[120.83753,0.68797],[120.8351,0.69095],[120.82971,0.69021],[120.82988,0.69053],[120.82918,0.69159],[120.82723,0.69332],[120.82636,0.69529],[120.82324,0.69789],[120.82285,0.70034],[120.82311,0.70169],[120.82222,0.705],[120.82054,0.70661],[120.82119,0.70839],[120.82021,0.71001],[120.8186,0.71077],[120.81785,0.71195],[120.81582,0.71172],[120.81605,0.7143],[120.81408,0.71766],[120.81369,0.71999],[120.81463,0.72081],[120.81451,0.72215],[120.81668,0.72458],[120.81747,0.72612],[120.81717,0.72723],[120.81746,0.72893],[120.81709,0.73001],[120.81745,0.73115],[120.81693,0.73563],[120.81775,0.7388],[120.81779,0.74051],[120.81721,0.74229],[120.81726,0.74362],[120.81941,0.74664],[120.82011,0.74847],[120.82167,0.75031],[120.82327,0.75533],[120.82561,0.75764],[120.82607,0.75911],[120.82677,0.75989],[120.83007,0.76136],[120.82853,0.76478],[120.82787,0.77037],[120.82864,0.77263],[120.82877,0.77548],[120.82454,0.77868],[120.82387,0.77942],[120.82375,0.78048],[120.82409,0.78229],[120.82487,0.78358],[120.82827,0.78604],[120.82771,0.79144],[120.83024,0.79477],[120.83077,0.79764],[120.83196,0.79925],[120.83259,0.80143],[120.83417,0.80394],[120.83396,0.80847],[120.83126,0.80858],[120.82899,0.81052],[120.82636,0.81127],[120.82414,0.81157],[120.82213,0.81122],[120.81612,0.81221],[120.81366,0.81358],[120.80741,0.81391],[120.80368,0.81355],[120.80143,0.81456],[120.79922,0.81719],[120.79803,0.81715],[120.79652,0.81798],[120.79379,0.81654],[120.79159,0.8159],[120.78822,0.81551],[120.7844,0.81616],[120.78293,0.81495],[120.7797,0.81624],[120.77832,0.81639],[120.77614,0.81631],[120.77482,0.81562],[120.77323,0.81625],[120.77005,0.8189],[120.76776,0.81996],[120.76678,0.81933],[120.76443,0.81987],[120.76317,0.8197],[120.76422,0.82124],[120.76472,0.8211],[120.7651,0.82028],[120.76571,0.82039],[120.76575,0.82169],[120.76679,0.82231],[120.76635,0.82481],[120.76701,0.82636],[120.76666,0.82868],[120.76689,0.82968],[120.76638,0.82997],[120.76577,0.82934],[120.76528,0.82988],[120.76739,0.83132],[120.76832,0.83125],[120.76892,0.83224],[120.77143,0.8324],[120.77237,0.83547],[120.77197,0.8374],[120.77131,0.83782],[120.76896,0.83662],[120.76655,0.8373],[120.76585,0.83812],[120.76477,0.83767],[120.76016,0.83745],[120.75926,0.83761],[120.75868,0.83834],[120.75809,0.83827],[120.75695,0.83769],[120.75609,0.83573],[120.75473,0.83518],[120.75362,0.83376],[120.74949,0.8337],[120.74741,0.83431],[120.74639,0.83725],[120.74493,0.83956],[120.74197,0.84243],[120.74043,0.84601],[120.7411,0.85059],[120.74573,0.86479],[120.74904,0.86889],[120.74985,0.87073],[120.74969,0.87405],[120.7485,0.87717],[120.74943,0.88071],[120.74883,0.88131],[120.74838,0.8828],[120.74688,0.8844],[120.7438,0.88563],[120.74246,0.88953],[120.74141,0.89091],[120.73885,0.89152],[120.73726,0.89282],[120.7364,0.89302],[120.73447,0.89317],[120.73308,0.89272],[120.73213,0.89413],[120.73096,0.89309],[120.72961,0.89302],[120.72797,0.8935],[120.72701,0.89656],[120.72426,0.8976],[120.72291,0.89911],[120.72193,0.89864],[120.71941,0.89875],[120.71746,0.8979],[120.71345,0.89933],[120.71155,0.8993],[120.70884,0.89988],[120.70763,0.90095],[120.70708,0.90213],[120.70576,0.90181],[120.70431,0.90202],[120.70146,0.90362],[120.69995,0.90566],[120.70304,0.91332],[120.70467,0.91395],[120.70665,0.9158],[120.71075,0.91762],[120.71233,0.91909],[120.71509,0.91753],[120.71649,0.91532],[120.71825,0.91552],[120.71973,0.91624],[120.72174,0.91796],[120.72213,0.91927],[120.72585,0.92369],[120.72742,0.92429],[120.72812,0.92607],[120.73058,0.92797],[120.73214,0.93024],[120.73247,0.93148],[120.73447,0.93236],[120.73583,0.93387],[120.73679,0.93436],[120.7406,0.93878],[120.74437,0.94051],[120.74549,0.942],[120.74893,0.9441],[120.75373,0.94487],[120.75416,0.94433],[120.75503,0.94487],[120.75742,0.94446],[120.75801,0.9451],[120.7602,0.94608],[120.76068,0.94697],[120.76192,0.94736],[120.76266,0.94863],[120.76342,0.94878],[120.76389,0.94944],[120.76558,0.9483],[120.76675,0.94805],[120.7676,0.94843],[120.76804,0.94891],[120.76828,0.95068],[120.76935,0.9522],[120.77132,0.95221],[120.77319,0.95432],[120.77415,0.95442],[120.77568,0.95377],[120.77773,0.95382],[120.77806,0.95506],[120.78095,0.95581],[120.78199,0.95392],[120.78256,0.95165],[120.78474,0.95095],[120.78582,0.95137],[120.78742,0.951],[120.78782,0.9503],[120.78931,0.94967],[120.79084,0.94797],[120.79204,0.94747],[120.79392,0.94793],[120.79564,0.94931],[120.79674,0.94947],[120.79704,0.95061],[120.7979,0.95079],[120.79985,0.95234],[120.80385,0.95364],[120.80401,0.95165],[120.8046,0.95116],[120.80754,0.95237],[120.80956,0.95462],[120.81093,0.95466],[120.8123,0.95529],[120.8131,0.9546],[120.81473,0.95478],[120.81549,0.95438],[120.81719,0.95493],[120.81895,0.95278],[120.82044,0.9525],[120.82164,0.95088],[120.82574,0.94908],[120.8281,0.95051],[120.83174,0.95577],[120.83601,0.95621],[120.83719,0.95567],[120.83783,0.95489],[120.83923,0.95506],[120.84086,0.95621],[120.84228,0.96007],[120.84921,0.96023],[120.8519,0.96094],[120.85191,0.96279],[120.8526,0.96397],[120.85186,0.96631],[120.85018,0.96867],[120.85029,0.96984],[120.85076,0.97035],[120.85179,0.96925],[120.85344,0.96846],[120.85511,0.9685],[120.85683,0.96914],[120.85955,0.9684],[120.86117,0.96865],[120.86279,0.9651],[120.86412,0.96508],[120.86667,0.96319],[120.86874,0.96661],[120.87094,0.96861],[120.8709,0.97022],[120.87253,0.971],[120.87317,0.97175],[120.87494,0.9713],[120.87632,0.9715],[120.87634,0.97247],[120.8792,0.97299],[120.88188,0.97519],[120.88286,0.97551],[120.88488,0.97252],[120.88845,0.97139],[120.89041,0.9686],[120.89551,0.97007],[120.89709,0.96896],[120.89795,0.96754],[120.89988,0.96902],[120.90143,0.9693],[120.90251,0.96902],[120.90299,0.96763],[120.90285,0.96589],[120.90364,0.96503],[120.90541,0.96437],[120.90808,0.96468],[120.90959,0.96444],[120.91144,0.96225],[120.91253,0.96204],[120.91295,0.95953],[120.91418,0.95646],[120.91324,0.95545],[120.91495,0.95472],[120.91544,0.95378],[120.91539,0.9525],[120.91728,0.95059],[120.91995,0.95276],[120.92198,0.95326],[120.92224,0.95237],[120.92408,0.95146],[120.92426,0.9501],[120.92716,0.94739],[120.92836,0.94715],[120.92866,0.94524],[120.9278,0.94224],[120.9285,0.93975],[120.92761,0.93841],[120.92716,0.93456],[120.92865,0.93325],[120.92776,0.93202],[120.92774,0.92901],[120.92801,0.9279],[120.92902,0.92706],[120.92961,0.92407],[120.92935,0.92141],[120.92997,0.92118],[120.93003,0.91986],[120.93106,0.9175],[120.93249,0.91615],[120.93386,0.91523],[120.93556,0.91544],[120.9387,0.91654],[120.94387,0.91947],[120.94493,0.91815],[120.94708,0.91754],[120.94992,0.91609],[120.95803,0.91623],[120.95841,0.91448],[120.95918,0.91393],[120.96258,0.91457],[120.96315,0.91304],[120.96533,0.91187],[120.9671,0.9121],[120.96811,0.91315],[120.97172,0.9142],[120.97435,0.91456],[120.97609,0.91384],[120.97757,0.91058],[120.97839,0.90969],[120.97938,0.90939],[120.97854,0.90714],[120.97682,0.90626],[120.97808,0.90337],[120.97801,0.90222],[120.97468,0.90169],[120.97444,0.90052],[120.97503,0.9],[120.97438,0.89781],[120.97335,0.89638],[120.97631,0.89464],[120.97685,0.89521],[120.97785,0.89505],[120.9788,0.89544],[120.97946,0.89426],[120.98093,0.89404],[120.98176,0.89258],[120.98802,0.89154],[120.98705,0.88799],[120.98737,0.88662],[120.98853,0.88542],[120.99232,0.88571],[120.99298,0.88365],[120.99817,0.88295],[121.00185,0.88082],[121.00356,0.8807]]]]}},{"type":"Feature","properties":{"NAMOBJ":"Baolan","KODE_KAB":7205},"geometry":{"type":"MultiPolygon","coordinates":[[[[120.77427,1.04229],[120.77399,1.04091],[120.77287,1.04042],[120.77178,1.04116],[120.77146,1.04221],[120.77088,1.04238],[120.77181,1.04363],[120.77244,1.04795],[120.77435,1.04943],[120.77718,1.04392],[120.77684,1.04338],[120.77504,1.04297],[120.77427,1.04229]]],[[[121.03203,1.08066],[121.03356,1.07933],[121.03696,1.07867],[121.0404,1.07738],[121.04165,1.07557],[121.04282,1.07464],[121.04501,1.07317],[121.04727,1.07249],[121.04863,1.06945],[121.05021,1.06905],[121.05132,1.06749],[121.04845,1.06524],[121.04679,1.06139],[121.04359,1.05948],[121.04335,1.05821],[121.04411,1.05417],[121.04374,1.05237],[121.04255,1.04999],[121.04317,1.04757],[121.04188,1.04592],[121.03677,1.04441],[121.03566,1.04323],[121.0345,1.04085],[121.0316,1.03923],[121.02955,1.03701],[121.02574,1.03686],[121.02418,1.03599],[121.02345,1.03601],[121.02328,1.03532],[121.02117,1.03357],[121.01865,1.03381],[121.0147,1.03245],[121.0135,1.03149],[121.01005,1.03012],[121.00914,1.02831],[121.01003,1.02705],[121.01181,1.02605],[121.01456,1.0226],[121.01502,1.02124],[121.01512,1.01761],[121.01668,1.01489],[121.01709,1.01343],[121.01794,1.01385],[121.02082,1.01372],[121.02409,1.01447],[121.02528,1.01405],[121.02612,1.01313],[121.02776,1.00856],[121.02771,1.0052],[121.02932,1],[121.02885,0.99779],[121.02627,0.99683],[121.02364,0.99345],[121.0228,0.99152],[121.02181,0.987],[121.02207,0.98409],[121.02344,0.98126],[121.02143,0.98014],[121.02097,0.97507],[121.02155,0.97314],[121.02114,0.97046],[121.01945,0.96446],[121.01846,0.95923],[121.01745,0.95807],[121.01795,0.95631],[121.0174,0.9532],[121.0124,0.92734],[121.01177,0.92249],[121.01086,0.92186],[121.01116,0.91691],[121.00936,0.90853],[121.00853,0.90079],[121.00813,0.89885],[121.00661,0.89677],[121.00718,0.89404],[121.0063,0.89086],[121.0077,0.88674],[121.00707,0.88515],[121.00569,0.88487],[121.00451,0.88371],[121.00388,0.8807],[121.00185,0.88082],[120.99817,0.88295],[120.99298,0.88365],[120.99232,0.88571],[120.98853,0.88542],[120.98737,0.88662],[120.98705,0.88799],[120.98802,0.89154],[120.98176,0.89258],[120.98093,0.89404],[120.97946,0.89426],[120.9788,0.89544],[120.97785,0.89505],[120.97685,0.89521],[120.97631,0.89464],[120.97335,0.89638],[120.97438,0.89781],[120.97503,0.9],[120.97444,0.90052],[120.97468,0.90169],[120.97801,0.90222],[120.97808,0.90337],[120.97682,0.90626],[120.97854,0.90714],[120.97938,0.90939],[120.97839,0.90969],[120.97757,0.91058],[120.97609,0.91384],[120.97435,0.91456],[120.97172,0.9142],[120.96811,0.91315],[120.9671,0.9121],[120.96533,0.91187],[120.96315,0.91304],[120.96258,0.91457],[120.95918,0.91393],[120.95841,0.91448],[120.95803,0.91623],[120.94992,0.91609],[120.94708,0.91754],[120.94493,0.91815],[120.94387,0.91947],[120.9387,0.91654],[120.93556,0.91544],[120.93386,0.91523],[120.93249,0.91615],[120.93106,0.9175],[120.93003,0.91986],[120.92997,0.92118],[120.92935,0.92141],[120.92961,0.92407],[120.92902,0.92706],[120.92801,0.9279],[120.92774,0.92901],[120.92776,0.93202],[120.92865,0.93325],[120.92716,0.93456],[120.92761,0.93841],[120.9285,0.93975],[120.9278,0.94224],[120.92866,0.94524],[120.92836,0.94715],[120.92716,0.94739],[120.92426,0.9501],[120.92408,0.95146],[120.92224,0.95237],[120.92198,0.95326],[120.91995,0.95276],[120.91728,0.95059],[120.91539,0.9525],[120.91544,0.95378],[120.91495,0.95472],[120.91324,0.95545],[120.91418,0.95646],[120.91295,0.95953],[120.91253,0.96204],[120.91144,0.96225],[120.90959,0.96444],[120.90808,0.96468],[120.90541,0.96437],[120.90364,0.96503],[120.90285,0.96589],[120.90299,0.96763],[120.90251,0.96902],[120.90143,0.9693],[120.89988,0.96902],[120.89795,0.96754],[120.89709,0.96896],[120.89551,0.97007],[120.89041,0.9686],[120.88845,0.97139],[120.88488,0.97252],[120.88286,0.97551],[120.88188,0.97519],[120.8792,0.97299],[120.87634,0.97247],[120.87632,0.9715],[120.87494,0.9713],[120.87317,0.97175],[120.87253,0.971],[120.8709,0.97022],[120.87094,0.96861],[120.86874,0.96661],[120.86667,0.96319],[120.86412,0.96508],[120.86279,0.9651],[120.86117,0.96865],[120.85955,0.9684],[120.85683,0.96914],[120.85511,0.9685],[120.85344,0.96846],[120.85179,0.96925],[120.85076,0.97035],[120.85029,0.96984],[120.85018,0.96867],[120.85186,0.96631],[120.8526,0.96397],[120.85191,0.96279],[120.8519,0.96094],[120.84921,0.96023],[120.84228,0.96007],[120.84086,0.95621],[120.83923,0.95506],[120.83783,0.95489],[120.83719,0.95567],[120.83601,0.95621],[120.83174,0.95577],[120.8281,0.95051],[120.82574,0.94908],[120.82164,0.95088],[120.82044,0.9525],[120.81895,0.95278],[120.81719,0.95493],[120.81549,0.95438],[120.81473,0.95478],[120.8131,0.9546],[120.8123,0.95529],[120.81093,0.95466],[120.80941,0.95456],[120.80754,0.95237],[120.80494,0.95121],[120.80436,0.95115],[120.80401,0.95165],[120.80385,0.95364],[120.80004,0.95242],[120.7979,0.95079],[120.79704,0.95061],[120.79674,0.94947],[120.79564,0.94931],[120.79392,0.94793],[120.79196,0.94747],[120.79084,0.94797],[120.78886,0.95],[120.78789,0.95023],[120.78742,0.951],[120.78582,0.95137],[120.78474,0.95095],[120.78256,0.95165],[120.78199,0.95392],[120.78095,0.95581],[120.77806,0.95506],[120.77773,0.95382],[120.77568,0.95377],[120.77415,0.95442],[120.77313,0.95429],[120.77132,0.95221],[120.76935,0.9522],[120.76824,0.95059],[120.76768,0.94848],[120.76675,0.94805],[120.76578,0.94825],[120.76389,0.94944],[120.76342,0.94878],[120.76266,0.94863],[120.76192,0.94736],[120.76068,0.94697],[120.7602,0.94608],[120.75801,0.9451],[120.75742,0.94446],[120.75503,0.94487],[120.75416,0.94433],[120.75373,0.94487],[120.75036,0.94441],[120.75022,0.94623],[120.75103,0.94754],[120.75106,0.94939],[120.75039,0.95094],[120.74998,0.95438],[120.75112,0.95672],[120.75078,0.95806],[120.75151,0.95937],[120.75297,0.96046],[120.75208,0.96229],[120.7505,0.96275],[120.7491,0.96452],[120.74819,0.965],[120.74796,0.96617],[120.74825,0.9681],[120.74933,0.96877],[120.74997,0.97077],[120.74806,0.97209],[120.74787,0.97279],[120.74885,0.9748],[120.7502,0.97599],[120.74926,0.97838],[120.7506,0.98126],[120.74785,0.98211],[120.74586,0.98374],[120.74628,0.9851],[120.74551,0.988],[120.7475,0.98975],[120.74782,0.99053],[120.74742,0.99324],[120.74818,0.99348],[120.7482,0.99381],[120.74679,0.99581],[120.74789,0.99865],[120.74866,0.99929],[120.74866,1.00033],[120.7491,1.00097],[120.74873,1.00193],[120.7506,1.00089],[120.75181,1.00078],[120.75218,1.00122],[120.75282,1.00118],[120.75316,1.00353],[120.75445,1.00354],[120.75527,1.00426],[120.75487,1.00568],[120.75706,1.00431],[120.7599,1.00403],[120.76096,1.00596],[120.76019,1.0068],[120.75966,1.00887],[120.75858,1.00973],[120.75858,1.01039],[120.76046,1.01095],[120.76195,1.01087],[120.76408,1.01256],[120.76629,1.01284],[120.76926,1.01552],[120.76982,1.01521],[120.76975,1.01435],[120.76907,1.01379],[120.77001,1.01306],[120.77147,1.01528],[120.775,1.01893],[120.77553,1.02118],[120.77718,1.02138],[120.77656,1.02275],[120.7766,1.02372],[120.78039,1.02468],[120.78191,1.02619],[120.7837,1.02702],[120.78447,1.02888],[120.78627,1.03041],[120.78734,1.0307],[120.78839,1.02896],[120.78956,1.02952],[120.79401,1.0295],[120.79546,1.02888],[120.79667,1.0289],[120.79751,1.02807],[120.79967,1.02817],[120.80206,1.02729],[120.8046,1.02776],[120.80591,1.02869],[120.80836,1.02805],[120.80866,1.02834],[120.80971,1.03307],[120.81094,1.03531],[120.8109,1.03617],[120.81011,1.03715],[120.81024,1.03489],[120.80963,1.03463],[120.80881,1.03548],[120.80941,1.03705],[120.80907,1.03856],[120.80954,1.03855],[120.80978,1.0394],[120.81019,1.04483],[120.80906,1.04612],[120.80904,1.04652],[120.80975,1.04694],[120.80992,1.04818],[120.80873,1.05007],[120.80981,1.05075],[120.8094,1.05142],[120.80848,1.05146],[120.80747,1.05217],[120.80757,1.0528],[120.80725,1.053],[120.80593,1.05269],[120.80435,1.05412],[120.80343,1.05394],[120.80273,1.0543],[120.80139,1.05402],[120.80129,1.05195],[120.80072,1.05094],[120.79951,1.05071],[120.79887,1.05122],[120.79782,1.05126],[120.79709,1.05191],[120.79631,1.05372],[120.79716,1.05682],[120.79727,1.05878],[120.79833,1.06172],[120.79753,1.06495],[120.79772,1.06619],[120.79896,1.06547],[120.80114,1.06617],[120.80176,1.06601],[120.80339,1.06258],[120.80449,1.06261],[120.80527,1.06201],[120.80687,1.06197],[120.80735,1.06268],[120.81179,1.06232],[120.81331,1.06297],[120.81405,1.0625],[120.81466,1.0628],[120.82064,1.06272],[120.82377,1.06686],[120.82521,1.06779],[120.82611,1.06791],[120.82768,1.06924],[120.83053,1.06975],[120.83262,1.0695],[120.83418,1.06773],[120.83678,1.06758],[120.83806,1.0666],[120.83997,1.0667],[120.84131,1.0661],[120.84237,1.06704],[120.84433,1.06783],[120.84489,1.06772],[120.84724,1.07182],[120.84885,1.0711],[120.84957,1.07117],[120.85107,1.06832],[120.85175,1.06799],[120.85464,1.06784],[120.85552,1.06844],[120.85751,1.06806],[120.86022,1.06877],[120.86292,1.06699],[120.86409,1.06694],[120.86458,1.06652],[120.86597,1.06669],[120.86751,1.06587],[120.86847,1.06591],[120.87461,1.06393],[120.8763,1.06254],[120.88162,1.06144],[120.88469,1.06121],[120.88644,1.06013],[120.88727,1.06026],[120.88797,1.0597],[120.8879,1.05849],[120.88852,1.05714],[120.89026,1.05501],[120.89187,1.05394],[120.89658,1.05314],[120.898,1.05243],[120.90099,1.05262],[120.90332,1.05186],[120.90529,1.05073],[120.90792,1.0483],[120.91042,1.04757],[120.91338,1.04578],[120.91467,1.04832],[120.91569,1.0484],[120.91615,1.04933],[120.91813,1.05034],[120.91878,1.05116],[120.92074,1.05116],[120.92239,1.05494],[120.92454,1.05627],[120.92621,1.05632],[120.92731,1.05736],[120.93161,1.05813],[120.93257,1.05902],[120.93402,1.05953],[120.93452,1.06021],[120.93516,1.05982],[120.93561,1.05837],[120.93616,1.05825],[120.93712,1.05694],[120.93763,1.05475],[120.93936,1.05544],[120.9424,1.05509],[120.94493,1.05548],[120.94587,1.05484],[120.94684,1.057],[120.9487,1.05705],[120.94972,1.05759],[120.95088,1.05878],[120.95152,1.06046],[120.95316,1.05988],[120.95441,1.06],[120.95799,1.0622],[120.95969,1.06245],[120.96418,1.06432],[120.96675,1.06731],[120.971,1.06698],[120.97509,1.06894],[120.97686,1.06905],[120.97774,1.06962],[120.97818,1.07046],[120.97941,1.0707],[120.98201,1.07244],[120.98382,1.07221],[120.98605,1.07262],[120.99104,1.0775],[120.99507,1.07512],[121.00359,1.07672],[121.0065,1.07806],[121.0112,1.07713],[121.01258,1.07636],[121.01345,1.0767],[121.01482,1.07657],[121.01825,1.07759],[121.01963,1.07898],[121.02274,1.0806],[121.0237,1.08072],[121.028,1.08351],[121.03203,1.08066]]]]}},{"type":"Feature","properties":{"NAMOBJ":"Galang","KODE_KAB":7205},"geometry":{"type":"MultiPolygon","coordinates":[[[[120.78617,1.16796],[120.78768,1.16693],[120.78785,1.16613],[120.78512,1.16767],[120.78381,1.16758],[120.78323,1.16806],[120.7849,1.16843],[120.78617,1.16796]]],[[[120.86259,1.21937],[120.86476,1.21753],[120.86605,1.21518],[120.86695,1.21542],[120.86931,1.21493],[120.87134,1.21608],[120.87454,1.21531],[120.87664,1.21408],[120.8786,1.21181],[120.88034,1.21142],[120.88204,1.20924],[120.88135,1.20832],[120.8814,1.20458],[120.88322,1.20323],[120.8847,1.20087],[120.88633,1.20065],[120.88763,1.19906],[120.89011,1.19747],[120.89217,1.197],[120.89325,1.1956],[120.89338,1.19354],[120.89515,1.19385],[120.89664,1.19322],[120.898,1.19226],[120.89892,1.19099],[120.9007,1.19072],[120.90226,1.18949],[120.90578,1.1903],[120.90769,1.18935],[120.91386,1.18855],[120.91508,1.18803],[120.91731,1.18545],[120.91678,1.18441],[120.91649,1.18129],[120.91842,1.1789],[120.919,1.17684],[120.91958,1.17653],[120.92014,1.17656],[120.92296,1.17853],[120.92345,1.17955],[120.92455,1.18046],[120.92699,1.18001],[120.92848,1.18066],[120.93005,1.18058],[120.93709,1.1818],[120.93816,1.18171],[120.93938,1.18067],[120.94117,1.18238],[120.94416,1.18199],[120.9451,1.18228],[120.94686,1.1809],[120.95093,1.18225],[120.95241,1.18213],[120.95347,1.1829],[120.95562,1.18228],[120.95624,1.18149],[120.95853,1.18228],[120.95956,1.18164],[120.96004,1.1819],[120.96069,1.18386],[120.96362,1.18367],[120.96556,1.18431],[120.96779,1.1839],[120.9684,1.18434],[120.96899,1.18294],[120.97051,1.1819],[120.9718,1.182],[120.97237,1.18108],[120.9755,1.18265],[120.97815,1.1811],[120.98019,1.18185],[120.98259,1.1814],[120.98425,1.18192],[120.98623,1.18176],[120.98797,1.18253],[120.99,1.18253],[120.99144,1.18353],[120.99212,1.18325],[120.99408,1.18062],[120.99457,1.18118],[120.99477,1.18248],[120.99562,1.1826],[120.9972,1.18438],[120.99928,1.18527],[121.0006,1.1854],[121.0027,1.18458],[121.00632,1.18449],[121.00837,1.18392],[121.0125,1.18528],[121.01361,1.18638],[121.01588,1.18665],[121.01702,1.18771],[121.01918,1.18704],[121.01989,1.18582],[121.02132,1.1854],[121.02287,1.18379],[121.02702,1.18136],[121.02862,1.17994],[121.02924,1.1784],[121.03066,1.17823],[121.03166,1.17552],[121.03491,1.1706],[121.03527,1.16885],[121.03784,1.16519],[121.03706,1.16144],[121.03894,1.15668],[121.03759,1.15571],[121.0362,1.15529],[121.03408,1.15284],[121.03298,1.15239],[121.0299,1.14933],[121.02748,1.14785],[121.02702,1.14728],[121.02838,1.14644],[121.02903,1.14492],[121.03032,1.14429],[121.03319,1.14427],[121.03771,1.14289],[121.04045,1.14305],[121.04174,1.14441],[121.04419,1.1454],[121.04752,1.14751],[121.05034,1.14686],[121.0519,1.1469],[121.05279,1.14558],[121.06026,1.14521],[121.06405,1.14366],[121.06762,1.14334],[121.06794,1.14199],[121.06969,1.14112],[121.06981,1.13775],[121.07516,1.13369],[121.07739,1.13294],[121.07977,1.13332],[121.08082,1.13392],[121.08246,1.13383],[121.08517,1.13554],[121.08815,1.13424],[121.09073,1.1295],[121.0936,1.12771],[121.09505,1.12625],[121.096,1.12467],[121.09612,1.12097],[121.09682,1.12044],[121.09771,1.116],[121.09971,1.11203],[121.10002,1.11033],[121.09895,1.10681],[121.09499,1.10436],[121.09663,1.10208],[121.09794,1.09685],[121.09788,1.0956],[121.09563,1.09041],[121.09497,1.08934],[121.09352,1.08837],[121.08475,1.08607],[121.08172,1.08601],[121.07919,1.08415],[121.07593,1.08077],[121.07401,1.08045],[121.06945,1.08075],[121.06202,1.07706],[121.05887,1.07591],[121.05713,1.07428],[121.05654,1.07228],[121.05307,1.06851],[121.05281,1.06737],[121.05132,1.06749],[121.05021,1.06905],[121.04863,1.06945],[121.04727,1.07249],[121.04501,1.07317],[121.04282,1.07464],[121.04165,1.07557],[121.0404,1.07738],[121.03696,1.07867],[121.03356,1.07933],[121.03034,1.08207],[121.028,1.08351],[121.0237,1.08072],[121.02274,1.0806],[121.01963,1.07898],[121.01825,1.07759],[121.01482,1.07657],[121.01345,1.0767],[121.01258,1.07636],[121.0112,1.07713],[121.0065,1.07806],[121.00359,1.07672],[120.99507,1.07512],[120.99104,1.0775],[120.98605,1.07262],[120.98382,1.07221],[120.98201,1.07244],[120.97941,1.0707],[120.97818,1.07046],[120.97774,1.06962],[120.97686,1.06905],[120.97509,1.06894],[120.971,1.06698],[120.96675,1.06731],[120.96418,1.06432],[120.95969,1.06245],[120.95799,1.0622],[120.95441,1.06],[120.95316,1.05988],[120.95152,1.06046],[120.95088,1.05878],[120.94972,1.05759],[120.9487,1.05705],[120.94684,1.057],[120.94587,1.05484],[120.94493,1.05548],[120.9424,1.05509],[120.93936,1.05544],[120.93763,1.05475],[120.93712,1.05694],[120.93616,1.05825],[120.93561,1.05837],[120.93516,1.05982],[120.93452,1.06021],[120.93402,1.05953],[120.93257,1.05902],[120.93161,1.05813],[120.92731,1.05736],[120.92621,1.05632],[120.92454,1.05627],[120.92239,1.05494],[120.92074,1.05116],[120.91878,1.05116],[120.91813,1.05034],[120.91615,1.04933],[120.91569,1.0484],[120.91467,1.04832],[120.91338,1.04578],[120.91042,1.04757],[120.90792,1.0483],[120.90529,1.05073],[120.90332,1.05186],[120.90099,1.05262],[120.898,1.05243],[120.89658,1.05314],[120.89187,1.05394],[120.89026,1.05501],[120.88852,1.05714],[120.8879,1.05849],[120.88797,1.0597],[120.88727,1.06026],[120.88644,1.06013],[120.88469,1.06121],[120.88162,1.06144],[120.8763,1.06254],[120.87461,1.06393],[120.86847,1.06591],[120.86751,1.06587],[120.86597,1.06669],[120.86458,1.06652],[120.86409,1.06694],[120.86292,1.06699],[120.86022,1.06877],[120.85751,1.06806],[120.85552,1.06844],[120.85464,1.06784],[120.85175,1.06799],[120.85107,1.06832],[120.84957,1.07117],[120.84885,1.0711],[120.84724,1.07182],[120.84489,1.06772],[120.84433,1.06783],[120.84237,1.06704],[120.84131,1.0661],[120.83997,1.0667],[120.83806,1.0666],[120.83678,1.06758],[120.83418,1.06773],[120.83275,1.06945],[120.83053,1.06975],[120.82768,1.06924],[120.82611,1.06791],[120.82389,1.06697],[120.82064,1.06272],[120.81466,1.0628],[120.81405,1.0625],[120.81331,1.06297],[120.81194,1.06235],[120.80995,1.06225],[120.80735,1.06268],[120.80669,1.06195],[120.8052,1.06203],[120.80443,1.06262],[120.80344,1.06255],[120.80176,1.06601],[120.80114,1.06617],[120.79871,1.06552],[120.79772,1.06619],[120.79709,1.06766],[120.80039,1.07144],[120.79956,1.07196],[120.80052,1.07314],[120.80059,1.07521],[120.799,1.07806],[120.79851,1.07998],[120.79802,1.08525],[120.79884,1.08729],[120.80074,1.08678],[120.80089,1.08728],[120.79905,1.08777],[120.7973,1.08876],[120.79718,1.08927],[120.79804,1.09024],[120.79778,1.09148],[120.79683,1.09168],[120.79349,1.09433],[120.79337,1.09648],[120.789,1.1036],[120.78781,1.10381],[120.78765,1.10449],[120.78661,1.10516],[120.78413,1.10339],[120.78434,1.10465],[120.78284,1.10399],[120.7824,1.10561],[120.78135,1.10683],[120.78065,1.10673],[120.77966,1.1073],[120.7777,1.10712],[120.77719,1.10745],[120.77752,1.1105],[120.7802,1.11228],[120.78344,1.11793],[120.78554,1.12318],[120.78706,1.13013],[120.79053,1.13883],[120.79052,1.14002],[120.78971,1.14175],[120.78816,1.14237],[120.78784,1.14454],[120.78873,1.14763],[120.78973,1.15472],[120.78925,1.15579],[120.78974,1.15766],[120.78977,1.16172],[120.7888,1.1637],[120.79299,1.16264],[120.79384,1.16071],[120.79639,1.15768],[120.79692,1.15731],[120.79819,1.15738],[120.79916,1.15785],[120.80326,1.16152],[120.80654,1.16337],[120.80664,1.16404],[120.80723,1.16385],[120.80825,1.16441],[120.80819,1.16477],[120.80885,1.16528],[120.81032,1.1658],[120.81489,1.17029],[120.82125,1.17189],[120.82338,1.1734],[120.82467,1.17503],[120.82653,1.18042],[120.82756,1.18768],[120.82776,1.20249],[120.82697,1.2045],[120.82629,1.2051],[120.82451,1.20568],[120.82103,1.20483],[120.82006,1.20561],[120.81974,1.20657],[120.8176,1.2079],[120.81648,1.21159],[120.81719,1.21232],[120.8175,1.21389],[120.81838,1.21524],[120.82011,1.21602],[120.82038,1.21666],[120.82441,1.2154],[120.82528,1.21465],[120.83129,1.2149],[120.83411,1.21544],[120.83534,1.21399],[120.84192,1.21208],[120.84496,1.21249],[120.84544,1.21351],[120.84701,1.21367],[120.84725,1.21462],[120.84808,1.21529],[120.8542,1.21776],[120.85494,1.21943],[120.85582,1.21918],[120.85758,1.21987],[120.85929,1.22223],[120.86022,1.22233],[120.86132,1.2219],[120.86259,1.21937]]]]}},{"type":"Feature","properties":{"NAMOBJ":"Dako Pemean","KODE_KAB":7205},"geometry":{"type":"MultiPolygon","coordinates":[[[[120.80454,1.28169],[120.80596,1.28176],[120.8062,1.28105],[120.80717,1.28062],[120.80446,1.28054],[120.80388,1.27961],[120.80268,1.27953],[120.80181,1.28001],[120.80081,1.27948],[120.80073,1.28121],[120.80224,1.28311],[120.80311,1.28198],[120.80454,1.28169]]],[[[120.82604,1.32332],[120.82666,1.32211],[120.82931,1.32082],[120.83136,1.31926],[120.83158,1.31828],[120.83268,1.31686],[120.83248,1.31513],[120.83308,1.31387],[120.83403,1.31357],[120.83518,1.31402],[120.83546,1.31341],[120.83659,1.3136],[120.83774,1.31256],[120.83886,1.31231],[120.8415,1.31281],[120.84307,1.31376],[120.84532,1.31424],[120.84646,1.31521],[120.84615,1.31633],[120.84662,1.31768],[120.84789,1.31889],[120.84905,1.31878],[120.84989,1.31747],[120.85006,1.316],[120.85182,1.31677],[120.85296,1.31621],[120.85664,1.31703],[120.85727,1.31654],[120.85745,1.31685],[120.8584,1.31679],[120.85847,1.31736],[120.86114,1.31952],[120.86289,1.32172],[120.86536,1.31852],[120.86672,1.31766],[120.86847,1.31733],[120.86924,1.31808],[120.86996,1.32061],[120.87083,1.32045],[120.873,1.32114],[120.8754,1.32254],[120.88003,1.32171],[120.88115,1.32185],[120.88358,1.32313],[120.88445,1.32057],[120.88392,1.31966],[120.88052,1.3174],[120.87759,1.31704],[120.87535,1.31603],[120.87513,1.31393],[120.87545,1.31394],[120.87695,1.31101],[120.87718,1.30786],[120.87691,1.30735],[120.87727,1.30594],[120.87893,1.30425],[120.88178,1.30436],[120.8823,1.30377],[120.88138,1.30141],[120.88123,1.29994],[120.87967,1.29906],[120.87933,1.29789],[120.88204,1.29441],[120.88317,1.29017],[120.88527,1.28921],[120.8852,1.28859],[120.88422,1.28745],[120.88453,1.28565],[120.88618,1.28379],[120.88815,1.28025],[120.89205,1.27717],[120.8939,1.27624],[120.8945,1.27541],[120.89454,1.27355],[120.89715,1.27173],[120.89831,1.26984],[120.90061,1.26967],[120.90186,1.26785],[120.90256,1.26758],[120.90232,1.2659],[120.90146,1.26421],[120.90156,1.2619],[120.90028,1.2612],[120.89988,1.26007],[120.90295,1.26026],[120.90424,1.26242],[120.90574,1.2617],[120.90673,1.26169],[120.9074,1.26056],[120.90666,1.25937],[120.90658,1.25834],[120.90803,1.25775],[120.90859,1.25851],[120.90965,1.25903],[120.91073,1.25832],[120.91365,1.25904],[120.91572,1.25835],[120.91745,1.25933],[120.92071,1.26012],[120.92395,1.25997],[120.92549,1.25962],[120.92699,1.25869],[120.92886,1.25633],[120.93157,1.25653],[120.93271,1.25582],[120.93585,1.25507],[120.93907,1.25494],[120.94376,1.25349],[120.9456,1.25053],[120.94718,1.24973],[120.94844,1.24589],[120.95443,1.23855],[120.95674,1.23824],[120.95909,1.23717],[120.96021,1.23619],[120.96083,1.23655],[120.96202,1.23537],[120.96305,1.23276],[120.96217,1.23149],[120.96253,1.22962],[120.96207,1.22909],[120.96066,1.22885],[120.96051,1.2281],[120.96109,1.22715],[120.96019,1.22527],[120.95989,1.22323],[120.95929,1.22308],[120.95874,1.22348],[120.95811,1.22294],[120.95795,1.2215],[120.95737,1.2207],[120.95756,1.21977],[120.95654,1.21999],[120.95654,1.219],[120.95594,1.21821],[120.95642,1.21733],[120.95631,1.21629],[120.95786,1.21375],[120.96052,1.21107],[120.95812,1.20943],[120.95684,1.20772],[120.95617,1.20587],[120.95745,1.20537],[120.95828,1.20327],[120.95777,1.20215],[120.95764,1.19815],[120.957,1.19748],[120.95663,1.19498],[120.95743,1.1937],[120.95963,1.19298],[120.96065,1.19167],[120.95914,1.18721],[120.9591,1.18519],[120.9599,1.18418],[120.96069,1.18386],[120.95997,1.1818],[120.95937,1.18164],[120.95853,1.18228],[120.95624,1.18149],[120.95562,1.18228],[120.95347,1.1829],[120.95241,1.18213],[120.95093,1.18225],[120.94686,1.1809],[120.9451,1.18228],[120.94416,1.18199],[120.94117,1.18238],[120.93938,1.18067],[120.93816,1.18171],[120.93709,1.1818],[120.93005,1.18058],[120.92848,1.18066],[120.92699,1.18001],[120.92465,1.18048],[120.92345,1.17955],[120.92296,1.17853],[120.92014,1.17656],[120.91953,1.17654],[120.919,1.17684],[120.91842,1.1789],[120.91646,1.18142],[120.91678,1.18441],[120.91731,1.18545],[120.91508,1.18803],[120.91386,1.18855],[120.90769,1.18935],[120.90578,1.1903],[120.90226,1.18949],[120.9007,1.19072],[120.89892,1.19099],[120.898,1.19226],[120.89664,1.19322],[120.89515,1.19385],[120.89338,1.19354],[120.89325,1.1956],[120.89217,1.197],[120.89011,1.19747],[120.88763,1.19906],[120.88633,1.20065],[120.8847,1.20087],[120.88322,1.20323],[120.8814,1.20458],[120.88135,1.20832],[120.88204,1.20924],[120.88034,1.21142],[120.8786,1.21181],[120.87664,1.21408],[120.87454,1.21531],[120.87134,1.21608],[120.86931,1.21493],[120.86695,1.21542],[120.86605,1.21518],[120.86476,1.21753],[120.8627,1.21916],[120.86164,1.2216],[120.86045,1.22228],[120.8591,1.22209],[120.8575,1.21982],[120.85582,1.21918],[120.85494,1.21943],[120.8542,1.21776],[120.84768,1.21505],[120.84701,1.21367],[120.84544,1.21351],[120.84505,1.21254],[120.84207,1.2121],[120.83534,1.21399],[120.83411,1.21544],[120.83129,1.2149],[120.82528,1.21465],[120.82441,1.2154],[120.82038,1.21666],[120.82011,1.21602],[120.81838,1.21524],[120.8175,1.21389],[120.81719,1.21232],[120.81648,1.21159],[120.8154,1.2133],[120.81378,1.21395],[120.81092,1.21661],[120.8105,1.21783],[120.81081,1.21985],[120.80995,1.22038],[120.81097,1.22039],[120.81155,1.22334],[120.81725,1.24154],[120.82008,1.25166],[120.82049,1.25693],[120.81917,1.25936],[120.81797,1.26007],[120.81711,1.26017],[120.81696,1.25956],[120.8155,1.25967],[120.81458,1.25864],[120.81223,1.25939],[120.8109,1.2622],[120.80948,1.26298],[120.8092,1.26541],[120.80836,1.26576],[120.8082,1.26682],[120.80911,1.26839],[120.81048,1.26915],[120.81124,1.27108],[120.81123,1.28102],[120.81196,1.28156],[120.8137,1.28037],[120.81444,1.28078],[120.81673,1.28019],[120.81776,1.28101],[120.81786,1.28168],[120.8183,1.28174],[120.81818,1.28225],[120.81885,1.2835],[120.82034,1.28322],[120.82047,1.28451],[120.81987,1.28562],[120.81971,1.28701],[120.82047,1.28831],[120.82025,1.28967],[120.82155,1.29207],[120.82157,1.29354],[120.82083,1.29446],[120.82088,1.29528],[120.82046,1.29578],[120.81943,1.29592],[120.81639,1.29779],[120.81248,1.29851],[120.81132,1.29976],[120.81068,1.30346],[120.81079,1.30708],[120.80972,1.30829],[120.80998,1.31224],[120.80902,1.31371],[120.80936,1.31684],[120.80842,1.3184],[120.8075,1.31888],[120.8079,1.32319],[120.80743,1.32502],[120.80781,1.32532],[120.80943,1.32514],[120.81611,1.32347],[120.82109,1.32327],[120.82258,1.32337],[120.82343,1.32474],[120.82446,1.32545],[120.82539,1.32476],[120.82604,1.32332]]],[[[120.79675,1.33661],[120.79598,1.33549],[120.7958,1.33611],[120.79675,1.33661]]],[[[120.79213,1.33794],[120.79215,1.33794],[120.79218,1.33794],[120.79221,1.33795],[120.79223,1.33795],[120.79226,1.33794],[120.79228,1.33794],[120.79231,1.33793],[120.79232,1.33792],[120.79235,1.33789],[120.79237,1.33786],[120.79237,1.33784],[120.79238,1.33781],[120.79238,1.33777],[120.79238,1.33771],[120.79237,1.33766],[120.79228,1.33763],[120.79224,1.33766],[120.7922,1.33772],[120.79216,1.33776],[120.79214,1.3378],[120.79207,1.33785],[120.79205,1.3379],[120.79205,1.33795],[120.79208,1.33795],[120.7921,1.33795],[120.79213,1.33794]]]]}},{"type":"Feature","properties":{"NAMOBJ":"Tolitoli Utara","KODE_KAB":7205},"geometry":{"type":"MultiPolygon","coordinates":[[[[121.05993,1.31626],[121.05983,1.31766],[121.06104,1.31833],[121.06095,1.31712],[121.05993,1.31626]]],[[[121.06188,1.31933],[121.06167,1.3199],[121.06236,1.32099],[121.06256,1.32026],[121.06188,1.31933]]],[[[120.91064,1.34945],[120.91258,1.34617],[120.91428,1.34218],[120.91359,1.34168],[120.91403,1.34012],[120.91382,1.33795],[120.91425,1.33713],[120.91379,1.33728],[120.91302,1.33902],[120.91369,1.33985],[120.91336,1.3406],[120.91107,1.33994],[120.90965,1.33905],[120.90645,1.33968],[120.90453,1.33847],[120.90387,1.33866],[120.90259,1.33787],[120.90153,1.33775],[120.90085,1.337],[120.90064,1.33603],[120.89952,1.33532],[120.89827,1.33472],[120.89753,1.3349],[120.89723,1.33452],[120.89601,1.33442],[120.89716,1.33424],[120.89782,1.3333],[120.89741,1.33243],[120.89823,1.33148],[120.89823,1.33086],[120.8968,1.32957],[120.89702,1.32871],[120.89865,1.32775],[120.90012,1.3279],[120.89951,1.32483],[120.90017,1.32367],[120.9055,1.32206],[120.9051,1.31884],[120.90402,1.31837],[120.90392,1.31911],[120.90341,1.31924],[120.90223,1.31867],[120.90174,1.31958],[120.90118,1.31968],[120.89999,1.31921],[120.89904,1.31812],[120.89952,1.32092],[120.89827,1.32195],[120.89811,1.32404],[120.89734,1.32455],[120.89635,1.32442],[120.89592,1.32537],[120.89443,1.32507],[120.89268,1.32548],[120.89168,1.32645],[120.89017,1.32576],[120.88975,1.32443],[120.89087,1.3236],[120.89293,1.32335],[120.89425,1.32252],[120.89527,1.31988],[120.8949,1.31893],[120.89553,1.31785],[120.89352,1.31788],[120.89274,1.3187],[120.89327,1.31973],[120.89295,1.32072],[120.89018,1.32134],[120.88769,1.31997],[120.88529,1.31696],[120.88543,1.31612],[120.88632,1.31594],[120.88837,1.31799],[120.88976,1.31762],[120.89026,1.31484],[120.89154,1.31508],[120.89283,1.31412],[120.8928,1.31224],[120.89476,1.31285],[120.89806,1.31233],[120.89975,1.31317],[120.90116,1.31267],[120.90151,1.30941],[120.90095,1.30947],[120.90056,1.30901],[120.89983,1.30941],[120.89914,1.30926],[120.89885,1.30851],[120.89851,1.30851],[120.89663,1.30894],[120.8961,1.30942],[120.89456,1.30951],[120.89364,1.3089],[120.89285,1.30624],[120.8921,1.30643],[120.89137,1.30743],[120.8904,1.30745],[120.89121,1.30699],[120.89205,1.30565],[120.89352,1.30495],[120.89394,1.30434],[120.89381,1.3037],[120.89605,1.30413],[120.89666,1.306],[120.89736,1.30685],[120.90015,1.30679],[120.90128,1.30609],[120.90164,1.30536],[120.90263,1.30524],[120.90556,1.30728],[120.90721,1.30683],[120.90882,1.30776],[120.90886,1.30831],[120.91087,1.3087],[120.91174,1.31004],[120.91208,1.31192],[120.90979,1.31277],[120.90873,1.31436],[120.91124,1.31694],[120.91265,1.31696],[120.9134,1.31856],[120.91593,1.31928],[120.91643,1.32103],[120.9162,1.32256],[120.91652,1.32367],[120.91718,1.32387],[120.91824,1.32574],[120.9194,1.32586],[120.9204,1.32517],[120.91985,1.32291],[120.91979,1.31976],[120.9203,1.31907],[120.92205,1.31856],[120.92245,1.31713],[120.92365,1.31685],[120.92473,1.31709],[120.9247,1.31922],[120.92645,1.31777],[120.92717,1.3179],[120.92816,1.31879],[120.92774,1.31799],[120.9281,1.31784],[120.92868,1.31902],[120.92819,1.31994],[120.92857,1.32123],[120.92787,1.32166],[120.92694,1.3216],[120.92529,1.32301],[120.9251,1.32363],[120.92574,1.32384],[120.92794,1.32277],[120.9294,1.32363],[120.93024,1.32464],[120.93002,1.32592],[120.92917,1.32719],[120.93003,1.32809],[120.9298,1.32932],[120.93052,1.33062],[120.93011,1.33093],[120.92971,1.3302],[120.9287,1.33043],[120.92773,1.32971],[120.9264,1.32966],[120.92565,1.32819],[120.92411,1.32833],[120.9218,1.32941],[120.92156,1.32872],[120.92099,1.3284],[120.9214,1.33],[120.9222,1.33094],[120.92854,1.33384],[120.92957,1.33467],[120.93118,1.33735],[120.93112,1.33943],[120.93455,1.34124],[120.93921,1.34502],[120.93947,1.34589],[120.94067,1.34656],[120.9413,1.34751],[120.94195,1.35014],[120.94553,1.34936],[120.94693,1.34828],[120.9512,1.34649],[120.95757,1.34538],[120.96555,1.342],[120.9687,1.34236],[120.97299,1.34423],[120.9829,1.33853],[120.99036,1.33578],[120.99269,1.33566],[120.99367,1.33599],[120.99416,1.33732],[120.99478,1.33782],[120.99501,1.33913],[120.99572,1.33993],[120.99606,1.33737],[120.99684,1.33634],[120.99768,1.33371],[120.99878,1.33193],[121.00024,1.3308],[121.00517,1.32875],[121.00728,1.329],[121.00822,1.32809],[121.00863,1.32663],[121.0133,1.32485],[121.01684,1.32503],[121.01849,1.32551],[121.01879,1.32462],[121.01928,1.32527],[121.01912,1.32697],[121.02068,1.32823],[121.02054,1.32914],[121.02117,1.32922],[121.02169,1.32834],[121.02231,1.32813],[121.02336,1.32814],[121.02424,1.32881],[121.02531,1.32761],[121.02515,1.3268],[121.0245,1.32653],[121.02417,1.32568],[121.02453,1.32306],[121.02533,1.32158],[121.02887,1.32052],[121.02984,1.3209],[121.03368,1.32083],[121.03719,1.32222],[121.0381,1.32205],[121.03981,1.31982],[121.03976,1.31903],[121.03859,1.31852],[121.03782,1.31717],[121.03814,1.31487],[121.03878,1.31361],[121.04062,1.31285],[121.04181,1.31346],[121.04362,1.31281],[121.04534,1.31319],[121.04603,1.31407],[121.04716,1.31384],[121.04733,1.31245],[121.04646,1.3109],[121.04921,1.3089],[121.05263,1.30964],[121.05327,1.31046],[121.05454,1.3107],[121.05459,1.30902],[121.05537,1.30819],[121.05484,1.3077],[121.05488,1.30701],[121.05663,1.30467],[121.05898,1.3032],[121.06244,1.3021],[121.06422,1.30213],[121.06626,1.30303],[121.06433,1.30171],[121.06437,1.30138],[121.06641,1.3027],[121.06909,1.30567],[121.06883,1.30688],[121.06931,1.30676],[121.06876,1.30744],[121.06958,1.30847],[121.07385,1.30929],[121.07621,1.31168],[121.07723,1.31384],[121.07781,1.3179],[121.07831,1.31903],[121.08065,1.31922],[121.0887,1.31557],[121.09117,1.31491],[121.09288,1.31487],[121.09633,1.31642],[121.09721,1.31599],[121.098,1.31627],[121.10117,1.3157],[121.10213,1.31468],[121.1035,1.31422],[121.11289,1.30835],[121.12462,1.30176],[121.12503,1.30098],[121.13391,1.29679],[121.13545,1.29543],[121.13674,1.29538],[121.14004,1.29401],[121.14172,1.29279],[121.14263,1.2914],[121.14526,1.29115],[121.14628,1.29067],[121.16759,1.27375],[121.17312,1.27034],[121.17738,1.2688],[121.17737,1.26574],[121.17818,1.26412],[121.17667,1.26289],[121.17644,1.26144],[121.17458,1.26047],[121.17408,1.25959],[121.1762,1.2559],[121.17568,1.25219],[121.17616,1.25057],[121.17575,1.2488],[121.17472,1.24851],[121.17479,1.2474],[121.17366,1.24551],[121.1727,1.24506],[121.17213,1.24565],[121.17154,1.2456],[121.16906,1.24343],[121.16564,1.24213],[121.16367,1.24241],[121.16192,1.24386],[121.15905,1.24536],[121.15796,1.24521],[121.15533,1.24333],[121.152,1.24355],[121.14966,1.24308],[121.14753,1.2432],[121.14828,1.24093],[121.15021,1.23806],[121.15081,1.2365],[121.15074,1.23429],[121.14833,1.23137],[121.14843,1.22678],[121.14599,1.22204],[121.14523,1.21966],[121.14332,1.2178],[121.14203,1.2147],[121.13796,1.20933],[121.13649,1.20603],[121.13545,1.20519],[121.13348,1.20484],[121.13033,1.20596],[121.12952,1.2059],[121.12356,1.20168],[121.12315,1.19898],[121.12255,1.19759],[121.11908,1.19571],[121.11494,1.19129],[121.11223,1.19161],[121.11018,1.18972],[121.10779,1.18875],[121.10538,1.18702],[121.10386,1.18649],[121.10188,1.18689],[121.10032,1.18573],[121.0988,1.18525],[121.09885,1.18285],[121.09797,1.18033],[121.09844,1.17813],[121.09828,1.17676],[121.09742,1.17614],[121.09511,1.17552],[121.0923,1.17704],[121.09228,1.17472],[121.09159,1.17309],[121.09246,1.17252],[121.09239,1.1685],[121.09073,1.16422],[121.08712,1.15914],[121.08549,1.15586],[121.08134,1.15164],[121.08066,1.14793],[121.07974,1.14698],[121.08137,1.14213],[121.08288,1.14003],[121.08368,1.13782],[121.085,1.13636],[121.08517,1.13554],[121.08246,1.13383],[121.08082,1.13392],[121.07977,1.13332],[121.07781,1.13297],[121.07615,1.13316],[121.06981,1.13775],[121.06969,1.14112],[121.06794,1.14199],[121.06762,1.14334],[121.06405,1.14366],[121.06026,1.14521],[121.05279,1.14558],[121.0519,1.1469],[121.04715,1.1475],[121.04419,1.1454],[121.04174,1.14441],[121.04045,1.14305],[121.03789,1.14286],[121.03319,1.14427],[121.03032,1.14429],[121.02903,1.14492],[121.02838,1.14644],[121.02702,1.14728],[121.02787,1.14822],[121.0299,1.14933],[121.03298,1.15239],[121.03408,1.15284],[121.0362,1.15529],[121.03759,1.15571],[121.03894,1.15668],[121.03706,1.16144],[121.03771,1.16564],[121.03527,1.16885],[121.03491,1.1706],[121.03166,1.17552],[121.03066,1.17823],[121.02924,1.1784],[121.02862,1.17994],[121.02702,1.18136],[121.02287,1.18379],[121.02132,1.1854],[121.01989,1.18582],[121.01918,1.18704],[121.01702,1.18771],[121.01588,1.18665],[121.01361,1.18638],[121.0125,1.18528],[121.00837,1.18392],[121.00632,1.18449],[121.0027,1.18458],[121.0006,1.1854],[120.99912,1.18523],[120.9972,1.18438],[120.99562,1.1826],[120.99477,1.18248],[120.99457,1.18118],[120.99408,1.18062],[120.99212,1.18325],[120.99144,1.18353],[120.99,1.18253],[120.98797,1.18253],[120.98623,1.18176],[120.98425,1.18192],[120.98259,1.1814],[120.98019,1.18185],[120.97815,1.1811],[120.9755,1.18265],[120.97237,1.18108],[120.9718,1.182],[120.97051,1.1819],[120.96899,1.18294],[120.9684,1.18434],[120.96779,1.1839],[120.96556,1.18431],[120.96343,1.18366],[120.96002,1.18409],[120.9591,1.18519],[120.95914,1.18721],[120.96065,1.19167],[120.95963,1.19298],[120.95743,1.1937],[120.95663,1.19498],[120.957,1.19748],[120.95764,1.19815],[120.95777,1.20215],[120.95828,1.20327],[120.95745,1.20537],[120.95617,1.20587],[120.95684,1.20772],[120.95812,1.20943],[120.96052,1.21107],[120.95786,1.21375],[120.95631,1.21629],[120.95642,1.21733],[120.95594,1.21821],[120.95654,1.219],[120.95654,1.21999],[120.95756,1.21977],[120.95737,1.2207],[120.95795,1.2215],[120.95811,1.22294],[120.95874,1.22348],[120.95929,1.22308],[120.95989,1.22323],[120.96019,1.22527],[120.96109,1.22715],[120.96051,1.2281],[120.96066,1.22885],[120.96207,1.22909],[120.96253,1.22962],[120.96217,1.23149],[120.96305,1.23276],[120.96177,1.23577],[120.96083,1.23655],[120.96011,1.23623],[120.95909,1.23717],[120.95662,1.23829],[120.95443,1.23855],[120.94844,1.24589],[120.94718,1.24973],[120.9456,1.25053],[120.94437,1.25294],[120.94299,1.25379],[120.94091,1.25413],[120.93907,1.25494],[120.93585,1.25507],[120.93271,1.25582],[120.93157,1.25653],[120.92886,1.25633],[120.92699,1.25869],[120.92549,1.25962],[120.92395,1.25997],[120.92071,1.26012],[120.91745,1.25933],[120.91572,1.25835],[120.91365,1.25904],[120.91073,1.25832],[120.90965,1.25903],[120.90859,1.25851],[120.90803,1.25775],[120.90658,1.25834],[120.90666,1.25937],[120.9074,1.26056],[120.90673,1.26169],[120.90574,1.2617],[120.90424,1.26242],[120.90295,1.26026],[120.90003,1.25995],[120.89976,1.26022],[120.90028,1.2612],[120.90156,1.2619],[120.90146,1.26421],[120.90232,1.2659],[120.90256,1.26758],[120.90186,1.26785],[120.90061,1.26967],[120.89831,1.26984],[120.89715,1.27173],[120.89454,1.27355],[120.8945,1.27541],[120.8939,1.27624],[120.89205,1.27717],[120.88815,1.28025],[120.88618,1.28379],[120.88453,1.28565],[120.88422,1.28745],[120.8852,1.28859],[120.88527,1.28921],[120.88317,1.29017],[120.88204,1.29441],[120.87933,1.29789],[120.87967,1.29906],[120.88123,1.29994],[120.88138,1.30141],[120.8823,1.30377],[120.88178,1.30436],[120.87893,1.30425],[120.87717,1.30608],[120.87705,1.31062],[120.87545,1.31394],[120.87513,1.31393],[120.87524,1.31582],[120.87726,1.31695],[120.88052,1.3174],[120.88322,1.31904],[120.8844,1.32044],[120.88358,1.32313],[120.88465,1.32415],[120.88563,1.32445],[120.887,1.32597],[120.88832,1.32764],[120.88875,1.32895],[120.88807,1.32968],[120.88876,1.33145],[120.88836,1.33201],[120.88865,1.33326],[120.88833,1.33499],[120.89113,1.33836],[120.89372,1.34055],[120.89454,1.34078],[120.8958,1.34223],[120.89567,1.34663],[120.89489,1.3501],[120.89778,1.34944],[120.89867,1.34959],[120.90048,1.35187],[120.90228,1.3531],[120.90223,1.35544],[120.90353,1.35574],[120.90532,1.35524],[120.90781,1.35384],[120.90957,1.35201],[120.91064,1.34945]]],[[[120.88704,1.35852],[120.88682,1.35805],[120.88589,1.3577],[120.88224,1.35859],[120.88129,1.36012],[120.88153,1.36368],[120.88256,1.36881],[120.88233,1.37003],[120.88481,1.37322],[120.88846,1.37428],[120.89059,1.37229],[120.89179,1.36986],[120.89222,1.36724],[120.89085,1.36386],[120.88986,1.36348],[120.88918,1.36227],[120.88922,1.36056],[120.88704,1.35852]]]]}}]}