{
"type": "FeatureCollection",
"name": "tolitoli",
"crs": { "type": "name", "properties": { "name": "urn:ogc:def:crs:OGC:1.3:CRS84" } },
"features": [
{ "type": "Feature", "properties": { "GID_0": "IDN", "NAME_0": "Indonesia", "GID_1": "IDN.27_1", "NAME_1": "Sulawesi Tengah", "GID_2": "IDN.27.11_1", "NAME_2": "Toli Toli", "GID_3": "IDN.27.11.1_1", "NAME_3": "Baolan", "GID_4": "IDN.27.11.1.1_1", "NAME_4": "Baru", "VARNAME_4": null, "TYPE_4": "Desa", "ENGTYPE_4": "Village", "CC_4": "7206040016" }, "geometry": { "type": "MultiPolygon", "coordinates": [ [ [ [ 120.84014892578125, 1.032540321350211 ], [ 120.839752197265625, 1.031735420227051 ], [ 120.838020324707145, 1.029754281044006 ], [ 120.837745666503906, 1.029526948928947 ], [ 120.837539672851562, 1.029352784156913 ], [ 120.836044311523665, 1.028114676475639 ], [ 120.835517883300895, 1.027669906616325 ], [ 120.83528137207054, 1.027472019195557 ], [ 120.834869384765625, 1.027167320251408 ], [ 120.834121704101562, 1.026605844497738 ], [ 120.833198547363395, 1.025926828384513 ], [ 120.832321166992188, 1.02531719207775 ], [ 120.831977844238281, 1.025085210800171 ], [ 120.831909179687614, 1.025033712387199 ], [ 120.831726074218864, 1.024910807609615 ], [ 120.831459045410156, 1.024785876274109 ], [ 120.828155517578125, 1.022968649864254 ], [ 120.826705932617415, 1.022596478462276 ], [ 120.821952819824332, 1.023138999939079 ], [ 120.818878173828352, 1.024151682853699 ], [ 120.815963745117188, 1.026006221771297 ], [ 120.815681457519645, 1.026187896728516 ], [ 120.815376281738281, 1.026365399360657 ], [ 120.814971923828125, 1.026584267616272 ], [ 120.814743041992301, 1.026708126068115 ], [ 120.814651489257812, 1.026873230934257 ], [ 120.81427001953125, 1.027096152305603 ], [ 120.813003540039176, 1.027612328529472 ], [ 120.812911987304688, 1.027505040168876 ], [ 120.812553405761719, 1.027525782585201 ], [ 120.811958312988281, 1.027765274047965 ], [ 120.811126708984489, 1.027608752250671 ], [ 120.810729980468864, 1.027897715568656 ], [ 120.810409545898438, 1.028578758239803 ], [ 120.810226440429688, 1.028739690780696 ], [ 120.80987548828125, 1.028724789619503 ], [ 120.80936431884777, 1.028463363647575 ], [ 120.808761596679688, 1.028474092483521 ], [ 120.808876037597656, 1.028811931610164 ], [ 120.808731079101562, 1.028868556022701 ], [ 120.808242797851676, 1.029057979583797 ], [ 120.808258056640739, 1.02948713302618 ], [ 120.808464050293082, 1.030250549316349 ], [ 120.808975219726676, 1.031438469886837 ], [ 120.809410095214957, 1.033399105072021 ], [ 120.810119628906364, 1.034265637397766 ], [ 120.809677124023438, 1.034517407417354 ], [ 120.808616638183707, 1.03508305549633 ], [ 120.809333801269531, 1.037022590637321 ], [ 120.808242797851676, 1.037580013275146 ], [ 120.808296203613281, 1.03845489025116 ], [ 120.808403015136832, 1.038644671440181 ], [ 120.809310913085938, 1.038462877273616 ], [ 120.80936431884777, 1.039330363273621 ], [ 120.808616638183707, 1.03936338424694 ], [ 120.808624267578239, 1.039975285530204 ], [ 120.809501647949219, 1.039945125579891 ], [ 120.809463500976562, 1.041395783424434 ], [ 120.808517456054688, 1.041399002075195 ], [ 120.808540344238281, 1.042715191841069 ], [ 120.809677124023438, 1.042720913887024 ], [ 120.809906005859375, 1.044492602348384 ], [ 120.810813903808594, 1.044980764389152 ], [ 120.811470031738395, 1.045516848564262 ], [ 120.812530517578125, 1.046081066131649 ], [ 120.812850952148551, 1.046249151229858 ], [ 120.813133239746094, 1.046181917190552 ], [ 120.814170837402457, 1.045497059822196 ], [ 120.814659118652344, 1.044831395149345 ], [ 120.815040588378906, 1.04443204402935 ], [ 120.815055847167969, 1.043918609619141 ], [ 120.815155029296875, 1.043652415275574 ], [ 120.815742492675781, 1.043214917182922 ], [ 120.815986633300781, 1.043119788169975 ], [ 120.816154479980469, 1.042853593826408 ], [ 120.816497802734375, 1.042682290077266 ], [ 120.816947937011719, 1.042815327644405 ], [ 120.817344665527344, 1.043050765991268 ], [ 120.817779541015739, 1.043309450149593 ], [ 120.818138122558707, 1.043309330940247 ], [ 120.818260192871094, 1.04344999790186 ], [ 120.818550109863395, 1.043801546096859 ], [ 120.818733215332145, 1.044229865074158 ], [ 120.818962097167969, 1.044455289840812 ], [ 120.819190979003906, 1.044664144516048 ], [ 120.819435119628906, 1.044879913330078 ], [ 120.819580078125, 1.044658422470093 ], [ 120.819702148437614, 1.04444944858551 ], [ 120.819831848144759, 1.04425835609436 ], [ 120.81983947753929, 1.044070363044796 ], [ 120.819900512695426, 1.0437508821488 ], [ 120.819969177246094, 1.043640494346619 ], [ 120.820053100586051, 1.043634533882141 ], [ 120.820213317871321, 1.043276309967098 ], [ 120.820846557617301, 1.040986895561332 ], [ 120.821510314941406, 1.038700461387748 ], [ 120.821746826172102, 1.037891507148856 ], [ 120.822425842285156, 1.038070440292358 ], [ 120.82254791259777, 1.037828564643974 ], [ 120.822753906250114, 1.037649512290955 ], [ 120.822959899902457, 1.037536025047359 ], [ 120.823188781738281, 1.037437438964957 ], [ 120.823486328125114, 1.037431359291077 ], [ 120.823654174804915, 1.037237286567688 ], [ 120.823760986328125, 1.037088036537227 ], [ 120.823921203613281, 1.036888122558707 ], [ 120.824119567871094, 1.037028431892452 ], [ 120.825561523437727, 1.037346839904785 ], [ 120.830162048339957, 1.037303447723389 ], [ 120.840057373047102, 1.032582402229252 ], [ 120.84014892578125, 1.032540321350211 ] ] ] ] } },
{ "type": "Feature", "properties": { "GID_0": "IDN", "NAME_0": "Indonesia", "GID_1": "IDN.27_1", "NAME_1": "Sulawesi Tengah", "GID_2": "IDN.27.11_1", "NAME_2": "Toli Toli", "GID_3": "IDN.27.11.1_1", "NAME_3": "Baolan", "GID_4": "IDN.27.11.1.2_1", "NAME_4": "Buntuna", "VARNAME_4": null, "TYPE_4": "Desa", "ENGTYPE_4": "Village", "CC_4": "7206040019" }, "geometry": { "type": "MultiPolygon", "coordinates": [ [ [ [ 120.799468994140739, 0.959178686141968 ], [ 120.79608154296875, 0.960314095020351 ], [ 120.795616149902571, 0.960289597511235 ], [ 120.785758972168082, 0.959885895252285 ], [ 120.78564453125, 0.959763526916504 ], [ 120.785087585449219, 0.959746599197388 ], [ 120.785911560058707, 0.96521711349493 ], [ 120.785995483398438, 0.965438723564262 ], [ 120.786514282226676, 0.967077553272304 ], [ 120.786705017089957, 0.967786312103271 ], [ 120.786872863769645, 0.968567728996277 ], [ 120.787368774414062, 0.970322430133876 ], [ 120.78950500488304, 0.977947056293488 ], [ 120.789680480957031, 0.978719770908469 ], [ 120.789993286132812, 0.980503082275504 ], [ 120.790328979492301, 0.981608033180294 ], [ 120.790115356445426, 0.983052015304565 ], [ 120.7900390625, 0.98342543840414 ], [ 120.789474487304688, 0.984698235988617 ], [ 120.788993835449332, 0.984994411468506 ], [ 120.787933349609375, 0.985613524913788 ], [ 120.786857604980582, 0.987628638744411 ], [ 120.785873413085938, 0.991162538528442 ], [ 120.785408020019531, 0.993362069130001 ], [ 120.784988403320426, 0.995297074317932 ], [ 120.785346984863395, 1.001192212104911 ], [ 120.785453796386719, 1.001312375068721 ], [ 120.78932189941429, 1.006069183349723 ], [ 120.792243957519645, 1.005390048027152 ], [ 120.791923522949219, 1.002340555191097 ], [ 120.791870117187614, 1.001525044441337 ], [ 120.794830322265625, 0.999848544597683 ], [ 120.795837402343864, 1.000199079513607 ], [ 120.80039215087902, 1.001947164535579 ], [ 120.804954528808821, 1.003375053405875 ], [ 120.808723449707031, 1.000929355621281 ], [ 120.808601379394645, 1.000684976577702 ], [ 120.807464599609489, 0.995864987373352 ], [ 120.8043212890625, 0.981442332267761 ], [ 120.801422119140625, 0.968161463737488 ], [ 120.801345825195426, 0.96780872344965 ], [ 120.799575805664062, 0.959143996238765 ], [ 120.799468994140739, 0.959178686141968 ] ] ] ] } },
{ "type": "Feature", "properties": { "GID_0": "IDN", "NAME_0": "Indonesia", "GID_1": "IDN.27_1", "NAME_1": "Sulawesi Tengah", "GID_2": "IDN.27.11_1", "NAME_2": "Toli Toli", "GID_3": "IDN.27.11.1_1", "NAME_3": "Baolan", "GID_4": "IDN.27.11.1.3_1", "NAME_4": "Dadakitan", "VARNAME_4": null, "TYPE_4": "Desa", "ENGTYPE_4": "Village", "CC_4": "7206040012" }, "geometry": { "type": "MultiPolygon", "coordinates": [ [ [ [ 120.853652954101676, 0.949709475040493 ], [ 120.848716735839844, 0.950228214263973 ], [ 120.834037780761719, 0.951222896575985 ], [ 120.820816040039176, 0.95315808057785 ], [ 120.816680908203125, 0.953592896461544 ], [ 120.799354553222656, 0.958502173423767 ], [ 120.799468994140739, 0.959178686141968 ], [ 120.799575805664062, 0.959143996238765 ], [ 120.801345825195426, 0.96780872344965 ], [ 120.801422119140625, 0.968161463737488 ], [ 120.8043212890625, 0.981442332267761 ], [ 120.807464599609489, 0.995864987373352 ], [ 120.808601379394645, 1.000684976577702 ], [ 120.808723449707031, 1.000929355621281 ], [ 120.812705993652344, 1.009049296379146 ], [ 120.81510162353527, 1.008258819580078 ], [ 120.817008972168082, 1.008894801139945 ], [ 120.817459106445312, 1.009418010711784 ], [ 120.818229675292969, 1.010280251503104 ], [ 120.819374084472656, 1.011648654937744 ], [ 120.820693969726562, 1.013294935226554 ], [ 120.821052551269645, 1.013781189918518 ], [ 120.821235656738395, 1.014019012451229 ], [ 120.821327209472656, 1.014213442802486 ], [ 120.821723937988281, 1.015053153038082 ], [ 120.822349548339957, 1.015379428863639 ], [ 120.822967529296875, 1.015888929367122 ], [ 120.82370758056652, 1.017124652862549 ], [ 120.824134826660156, 1.017816662788505 ], [ 120.825004577636832, 1.018816232681331 ], [ 120.825485229492188, 1.019363999366874 ], [ 120.825767517089957, 1.019904136657829 ], [ 120.826133728027571, 1.020585179328975 ], [ 120.826744079589957, 1.021469712257499 ], [ 120.826820373535156, 1.021685004234428 ], [ 120.826972961425781, 1.022108316421509 ], [ 120.826828002929688, 1.022360563278198 ], [ 120.826705932617415, 1.022596478462276 ], [ 120.828155517578125, 1.022968649864254 ], [ 120.831459045410156, 1.024785876274109 ], [ 120.831726074218864, 1.024910807609615 ], [ 120.831909179687614, 1.025033712387199 ], [ 120.831977844238281, 1.025085210800171 ], [ 120.832321166992188, 1.02531719207775 ], [ 120.833198547363395, 1.025926828384513 ], [ 120.834121704101562, 1.026605844497738 ], [ 120.834869384765625, 1.027167320251408 ], [ 120.83528137207054, 1.027472019195557 ], [ 120.835517883300895, 1.027669906616325 ], [ 120.836044311523665, 1.028114676475639 ], [ 120.837539672851562, 1.029352784156913 ], [ 120.837745666503906, 1.029526948928947 ], [ 120.838020324707145, 1.029754281044006 ], [ 120.839752197265625, 1.031735420227051 ], [ 120.84014892578125, 1.032540321350211 ], [ 120.841461181640739, 1.031949996948242 ], [ 120.841896057128906, 1.03172075748455 ], [ 120.844963073730469, 1.029472351074332 ], [ 120.849052429199332, 1.028278231620902 ], [ 120.854080200195312, 1.025972604751587 ], [ 120.870361328125, 1.029145002365169 ], [ 120.890571594238281, 1.028689622879028 ], [ 120.896331787109489, 1.028156161308289 ], [ 120.910667419433707, 1.02682280540472 ], [ 120.912223815918082, 1.026437640190181 ], [ 120.932327270507812, 1.021380901336727 ], [ 120.955795288085938, 1.016703248024044 ], [ 120.962409973144531, 1.015383124351615 ], [ 120.992645263672102, 1.009352445602531 ], [ 120.999153137207145, 1.010294795036373 ], [ 120.992172241210938, 1.008710622787532 ], [ 120.970046997070312, 0.996955335140228 ], [ 120.968643188476676, 0.996256291866302 ], [ 120.961990356445426, 0.992670178413391 ], [ 120.931900024414062, 0.977947592735347 ], [ 120.921073913574219, 0.972554862499294 ], [ 120.900978088378906, 0.96048462390894 ], [ 120.886589050293196, 0.949484944343567 ], [ 120.878494262695312, 0.94252854585659 ], [ 120.877983093261719, 0.942910194396916 ], [ 120.870529174804688, 0.947937190532741 ], [ 120.870407104492301, 0.947949826717434 ], [ 120.853652954101676, 0.949709475040493 ] ] ] ] } },
{ "type": "Feature", "properties": { "GID_0": "IDN", "NAME_0": "Indonesia", "GID_1": "IDN.27_1", "NAME_1": "Sulawesi Tengah", "GID_2": "IDN.27.11_1", "NAME_2": "Toli Toli", "GID_3": "IDN.27.11.1_1", "NAME_3": "Baolan", "GID_4": "IDN.27.11.1.4_1", "NAME_4": "Lelean Nono", "VARNAME_4": null, "TYPE_4": "Desa", "ENGTYPE_4": "Village", "CC_4": "7206040020" }, "geometry": { "type": "MultiPolygon", "coordinates": [ [ [ [ 120.78564453125, 0.959763526916504 ], [ 120.778839111328239, 0.952417492866516 ], [ 120.77569580078125, 0.948729693889732 ], [ 120.775398254394759, 0.948702752590236 ], [ 120.775123596191406, 0.948401391506195 ], [ 120.751853942871094, 0.946572542190665 ], [ 120.748466491699219, 0.971781849861202 ], [ 120.74948883056652, 1.001351594924927 ], [ 120.752182006836051, 1.001244544983024 ], [ 120.75341796875, 1.003755092620906 ], [ 120.754898071289062, 1.004126667976436 ], [ 120.754867553711051, 1.005583524703979 ], [ 120.759605407714957, 1.003952980041447 ], [ 120.776298522949219, 0.994202494621334 ], [ 120.778404235839844, 0.997146725654716 ], [ 120.779251098632926, 0.998324453830833 ], [ 120.784988403320426, 0.995297074317932 ], [ 120.785408020019531, 0.993362069130001 ], [ 120.785873413085938, 0.991162538528442 ], [ 120.786857604980582, 0.987628638744411 ], [ 120.787933349609375, 0.985613524913788 ], [ 120.788993835449332, 0.984994411468506 ], [ 120.789474487304688, 0.984698235988617 ], [ 120.7900390625, 0.98342543840414 ], [ 120.790115356445426, 0.983052015304565 ], [ 120.790328979492301, 0.981608033180294 ], [ 120.789993286132812, 0.980503082275504 ], [ 120.789680480957031, 0.978719770908469 ], [ 120.78950500488304, 0.977947056293488 ], [ 120.787368774414062, 0.970322430133876 ], [ 120.786872863769645, 0.968567728996277 ], [ 120.786705017089957, 0.967786312103271 ], [ 120.786514282226676, 0.967077553272304 ], [ 120.785995483398438, 0.965438723564262 ], [ 120.785911560058707, 0.96521711349493 ], [ 120.785087585449219, 0.959746599197388 ], [ 120.78564453125, 0.959763526916504 ] ] ] ] } },
{ "type": "Feature", "properties": { "GID_0": "IDN", "NAME_0": "Indonesia", "GID_1": "IDN.27_1", "NAME_1": "Sulawesi Tengah", "GID_2": "IDN.27.11_1", "NAME_2": "Toli Toli", "GID_3": "IDN.27.11.1_1", "NAME_3": "Baolan", "GID_4": "IDN.27.11.1.5_1", "NAME_4": "Nalu", "VARNAME_4": null, "TYPE_4": "Desa", "ENGTYPE_4": "Village", "CC_4": "7206040017" }, "geometry": { "type": "MultiPolygon", "coordinates": [ [ [ [ 120.773963928222656, 1.040983319282645 ], [ 120.772857666015625, 1.040296435356197 ], [ 120.771430969238395, 1.040726304054374 ], [ 120.770439147949446, 1.042444586753959 ], [ 120.770980834960938, 1.044048070907593 ], [ 120.77146148681652, 1.048142790794486 ], [ 120.774024963378906, 1.050089359283447 ], [ 120.77487945556652, 1.048141956329346 ], [ 120.776298522949219, 1.046366214752311 ], [ 120.776870727539062, 1.045277953147888 ], [ 120.776985168457145, 1.043588399887028 ], [ 120.775817871093864, 1.042958736419735 ], [ 120.774505615234489, 1.042701363563538 ], [ 120.773963928222656, 1.040983319282645 ] ] ], [ [ [ 120.808723449707031, 1.000929355621281 ], [ 120.804954528808821, 1.003375053405875 ], [ 120.80039215087902, 1.001947164535579 ], [ 120.795837402343864, 1.000199079513607 ], [ 120.794830322265625, 0.999848544597683 ], [ 120.791870117187614, 1.001525044441337 ], [ 120.791923522949219, 1.002340555191097 ], [ 120.792243957519645, 1.005390048027152 ], [ 120.78932189941429, 1.006069183349723 ], [ 120.788589477539176, 1.006649494171143 ], [ 120.788124084472656, 1.006993651390133 ], [ 120.787025451660384, 1.008156180381775 ], [ 120.787078857421989, 1.009911656379757 ], [ 120.787094116211051, 1.010889410972595 ], [ 120.785942077636832, 1.011778831481934 ], [ 120.785064697265625, 1.012435436248779 ], [ 120.776557922363395, 1.014402985572758 ], [ 120.771858215332031, 1.015407681465149 ], [ 120.770111083984489, 1.013564705848751 ], [ 120.76995849609375, 1.013414025306759 ], [ 120.768783569336051, 1.012183308601493 ], [ 120.767127990722656, 1.010402441024894 ], [ 120.765548706054801, 1.011680603027401 ], [ 120.765419006347656, 1.012180805206299 ], [ 120.765190124511719, 1.012946724891663 ], [ 120.772750854492301, 1.019240856170768 ], [ 120.775299072265625, 1.021564364433345 ], [ 120.777145385742301, 1.021663665771541 ], [ 120.776557922363395, 1.023720502853507 ], [ 120.779281616211051, 1.024310111999569 ], [ 120.781036376953125, 1.025486946106014 ], [ 120.783561706542969, 1.027546048164481 ], [ 120.785118103027571, 1.030290126800594 ], [ 120.78745269775402, 1.030683636665458 ], [ 120.788619995117301, 1.029508829116821 ], [ 120.793563842773551, 1.030371546745357 ], [ 120.797683715820312, 1.028956413269157 ], [ 120.799652099609489, 1.029144406318721 ], [ 120.803207397460938, 1.028153657913265 ], [ 120.806159973144645, 1.029472708702031 ], [ 120.807846069336051, 1.028953790664787 ], [ 120.808731079101562, 1.028868556022701 ], [ 120.808876037597656, 1.028811931610164 ], [ 120.808761596679688, 1.028474092483521 ], [ 120.80936431884777, 1.028463363647575 ], [ 120.80987548828125, 1.028724789619503 ], [ 120.810226440429688, 1.028739690780696 ], [ 120.810409545898438, 1.028578758239803 ], [ 120.810729980468864, 1.027897715568656 ], [ 120.811126708984489, 1.027608752250671 ], [ 120.811958312988281, 1.027765274047965 ], [ 120.812553405761719, 1.027525782585201 ], [ 120.812911987304688, 1.027505040168876 ], [ 120.813003540039176, 1.027612328529472 ], [ 120.81427001953125, 1.027096152305603 ], [ 120.814651489257812, 1.026873230934257 ], [ 120.814743041992301, 1.026708126068115 ], [ 120.814971923828125, 1.026584267616272 ], [ 120.815376281738281, 1.026365399360657 ], [ 120.815681457519645, 1.026187896728516 ], [ 120.815963745117188, 1.026006221771297 ], [ 120.818878173828352, 1.024151682853699 ], [ 120.821952819824332, 1.023138999939079 ], [ 120.826705932617415, 1.022596478462276 ], [ 120.826828002929688, 1.022360563278198 ], [ 120.826972961425781, 1.022108316421509 ], [ 120.826820373535156, 1.021685004234428 ], [ 120.826744079589957, 1.021469712257499 ], [ 120.826133728027571, 1.020585179328975 ], [ 120.825767517089957, 1.019904136657829 ], [ 120.825485229492188, 1.019363999366874 ], [ 120.825004577636832, 1.018816232681331 ], [ 120.824134826660156, 1.017816662788505 ], [ 120.82370758056652, 1.017124652862549 ], [ 120.822967529296875, 1.015888929367122 ], [ 120.822349548339957, 1.015379428863639 ], [ 120.821723937988281, 1.015053153038082 ], [ 120.821327209472656, 1.014213442802486 ], [ 120.821235656738395, 1.014019012451229 ], [ 120.821052551269645, 1.013781189918518 ], [ 120.820693969726562, 1.013294935226554 ], [ 120.819374084472656, 1.011648654937744 ], [ 120.818229675292969, 1.010280251503104 ], [ 120.817459106445312, 1.009418010711784 ], [ 120.817008972168082, 1.008894801139945 ], [ 120.81510162353527, 1.008258819580078 ], [ 120.812705993652344, 1.009049296379146 ], [ 120.808723449707031, 1.000929355621281 ] ] ] ] } },
{ "type": "Feature", "properties": { "GID_0": "IDN", "NAME_0": "Indonesia", "GID_1": "IDN.27_1", "NAME_1": "Sulawesi Tengah", "GID_2": "IDN.27.11_1", "NAME_2": "Toli Toli", "GID_3": "IDN.27.11.1_1", "NAME_3": "Baolan", "GID_4": "IDN.27.11.1.6_1", "NAME_4": "Panasakan", "VARNAME_4": null, "TYPE_4": "Desa", "ENGTYPE_4": "Village", "CC_4": "7206040014" }, "geometry": { "type": "MultiPolygon", "coordinates": [ [ [ [ 120.810813903808594, 1.044980764389152 ], [ 120.809898376464844, 1.044639348983878 ], [ 120.809654235839844, 1.045176267623901 ], [ 120.809150695801009, 1.046275377273616 ], [ 120.809730529785384, 1.047941207885685 ], [ 120.808502197265625, 1.05001246929163 ], [ 120.808219909668082, 1.050478696823063 ], [ 120.808685302734375, 1.050478458404541 ], [ 120.809059143066406, 1.050395011901855 ], [ 120.809806823730469, 1.050551533699149 ], [ 120.811027526855469, 1.04982960224163 ], [ 120.811111450195426, 1.049838900566215 ], [ 120.811309814453239, 1.04990291595459 ], [ 120.811416625976562, 1.049885153770504 ], [ 120.811546325683594, 1.04989767074585 ], [ 120.811660766601676, 1.049908161163273 ], [ 120.811882019043082, 1.049958944320736 ], [ 120.812103271484375, 1.049908041954097 ], [ 120.812248229980582, 1.05005156993866 ], [ 120.812301635742188, 1.050241470336971 ], [ 120.81239318847679, 1.050241351127625 ], [ 120.812431335449332, 1.050537705421448 ], [ 120.812385559082031, 1.050601720809993 ], [ 120.81241607666027, 1.050769209861755 ], [ 120.812286376953125, 1.050838708877563 ], [ 120.812286376953125, 1.050935983657951 ], [ 120.812309265136719, 1.051102638244629 ], [ 120.812400817871321, 1.051181316375846 ], [ 120.812911987304688, 1.052023649215755 ], [ 120.819358825683594, 1.062741041183415 ], [ 120.819580078125, 1.062920212745667 ], [ 120.826751708984489, 1.068722367286625 ], [ 120.829483032226562, 1.069318056106681 ], [ 120.831428527832031, 1.069914698600883 ], [ 120.831710815429801, 1.069803595542908 ], [ 120.831802368164062, 1.069743394851741 ], [ 120.833465576171875, 1.068978667259159 ], [ 120.833618164062614, 1.06854259967804 ], [ 120.835411071777344, 1.067356944084224 ], [ 120.840957641601562, 1.066381216049137 ], [ 120.840988159179688, 1.066105008125419 ], [ 120.841163635253906, 1.064615488052425 ], [ 120.841873168945312, 1.058625459671077 ], [ 120.840225219726562, 1.049187898635978 ], [ 120.837585449218864, 1.048697948455811 ], [ 120.833381652832259, 1.047467947006339 ], [ 120.828224182129134, 1.046778559684867 ], [ 120.819686889648551, 1.045008063316345 ], [ 120.819541931152344, 1.04497849941265 ], [ 120.819435119628906, 1.044879913330078 ], [ 120.819190979003906, 1.044664144516048 ], [ 120.818962097167969, 1.044455289840812 ], [ 120.818733215332145, 1.044229865074158 ], [ 120.818550109863395, 1.043801546096859 ], [ 120.818260192871094, 1.04344999790186 ], [ 120.818138122558707, 1.043309330940247 ], [ 120.817779541015739, 1.043309450149593 ], [ 120.817344665527344, 1.043050765991268 ], [ 120.816947937011719, 1.042815327644405 ], [ 120.816497802734375, 1.042682290077266 ], [ 120.816154479980469, 1.042853593826408 ], [ 120.815986633300781, 1.043119788169975 ], [ 120.815742492675781, 1.043214917182922 ], [ 120.815155029296875, 1.043652415275574 ], [ 120.815055847167969, 1.043918609619141 ], [ 120.815040588378906, 1.04443204402935 ], [ 120.814659118652344, 1.044831395149345 ], [ 120.814170837402457, 1.045497059822196 ], [ 120.813133239746094, 1.046181917190552 ], [ 120.812850952148551, 1.046249151229858 ], [ 120.812530517578125, 1.046081066131649 ], [ 120.811470031738395, 1.045516848564262 ], [ 120.810813903808594, 1.044980764389152 ] ] ] ] } },
{ "type": "Feature", "properties": { "GID_0": "IDN", "NAME_0": "Indonesia", "GID_1": "IDN.27_1", "NAME_1": "Sulawesi Tengah", "GID_2": "IDN.27.11_1", "NAME_2": "Toli Toli", "GID_3": "IDN.27.11.1_1", "NAME_3": "Baolan", "GID_4": "IDN.27.11.1.7_1", "NAME_4": "Sidoarjo", "VARNAME_4": null, "TYPE_4": "Desa", "ENGTYPE_4": "Village", "CC_4": "7206040015" }, "geometry": { "type": "MultiPolygon", "coordinates": [ [ [ [ 120.808219909668082, 1.050478696823063 ], [ 120.80755615234375, 1.0511252880097 ], [ 120.807067871093864, 1.051638722419739 ], [ 120.806732177734489, 1.051962137222404 ], [ 120.806480407715071, 1.052095293998832 ], [ 120.805877685546875, 1.052380681038017 ], [ 120.804634094238395, 1.052837252616939 ], [ 120.803955078125, 1.053122639656124 ], [ 120.80344390869152, 1.053141832351741 ], [ 120.802253723144531, 1.052742838859615 ], [ 120.801422119140625, 1.052495837211666 ], [ 120.801345825195426, 1.051507115364188 ], [ 120.80100250244152, 1.050727725028935 ], [ 120.800445556640739, 1.050394296646118 ], [ 120.799530029296875, 1.050157666206417 ], [ 120.798736572265739, 1.051108598709106 ], [ 120.798339843750114, 1.05084240436554 ], [ 120.797607421875, 1.050956726074276 ], [ 120.796775817871207, 1.051812529563847 ], [ 120.796302795410156, 1.052630305290279 ], [ 120.795753479003906, 1.053524017334041 ], [ 120.796989440918082, 1.057171463966426 ], [ 120.79730224609375, 1.058858752250785 ], [ 120.798385620117188, 1.061765074730033 ], [ 120.797515869140852, 1.064888715744132 ], [ 120.797821044921875, 1.065972924232426 ], [ 120.798225402832031, 1.066137909889221 ], [ 120.798698425293082, 1.066333413124141 ], [ 120.799331665039062, 1.066300511360168 ], [ 120.801048278808594, 1.066553354263419 ], [ 120.801300048828125, 1.06612324714672 ], [ 120.80173492431652, 1.065775752067623 ], [ 120.801940917968864, 1.065196037292594 ], [ 120.802108764648551, 1.064749002456779 ], [ 120.802375793457031, 1.064294815063477 ], [ 120.804061889648551, 1.062558174133414 ], [ 120.807319641113395, 1.061960697174129 ], [ 120.808563232421875, 1.062402486801204 ], [ 120.808906555175781, 1.062574863433838 ], [ 120.811447143554915, 1.062618613243103 ], [ 120.812446594238395, 1.062864065170345 ], [ 120.814231872558594, 1.063396453857422 ], [ 120.814788818359375, 1.063633680343742 ], [ 120.816513061523438, 1.062922358512935 ], [ 120.818473815917969, 1.062823057174796 ], [ 120.819580078125, 1.062920212745667 ], [ 120.819358825683594, 1.062741041183415 ], [ 120.812911987304688, 1.052023649215755 ], [ 120.812400817871321, 1.051181316375846 ], [ 120.812309265136719, 1.051102638244629 ], [ 120.812286376953125, 1.050935983657951 ], [ 120.812286376953125, 1.050838708877563 ], [ 120.81241607666027, 1.050769209861755 ], [ 120.812385559082031, 1.050601720809993 ], [ 120.812431335449332, 1.050537705421448 ], [ 120.81239318847679, 1.050241351127625 ], [ 120.812301635742188, 1.050241470336971 ], [ 120.812248229980582, 1.05005156993866 ], [ 120.812103271484375, 1.049908041954097 ], [ 120.811882019043082, 1.049958944320736 ], [ 120.811660766601676, 1.049908161163273 ], [ 120.811546325683594, 1.04989767074585 ], [ 120.811416625976562, 1.049885153770504 ], [ 120.811309814453239, 1.04990291595459 ], [ 120.811111450195426, 1.049838900566215 ], [ 120.811027526855469, 1.04982960224163 ], [ 120.809806823730469, 1.050551533699149 ], [ 120.809059143066406, 1.050395011901855 ], [ 120.808685302734375, 1.050478458404541 ], [ 120.808219909668082, 1.050478696823063 ] ] ] ] } },
{ "type": "Feature", "properties": { "GID_0": "IDN", "NAME_0": "Indonesia", "GID_1": "IDN.27_1", "NAME_1": "Sulawesi Tengah", "GID_2": "IDN.27.11_1", "NAME_2": "Toli Toli", "GID_3": "IDN.27.11.1_1", "NAME_3": "Baolan", "GID_4": "IDN.27.11.1.8_1", "NAME_4": "Tambun", "VARNAME_4": null, "TYPE_4": "Desa", "ENGTYPE_4": "Village", "CC_4": "7206040018" }, "geometry": { "type": "MultiPolygon", "coordinates": [ [ [ [ 120.784988403320426, 0.995297074317932 ], [ 120.779251098632926, 0.998324453830833 ], [ 120.778404235839844, 0.997146725654716 ], [ 120.776298522949219, 0.994202494621334 ], [ 120.759605407714957, 1.003952980041447 ], [ 120.760894775390852, 1.005795955658016 ], [ 120.758506774902344, 1.010596513748283 ], [ 120.762298583984489, 1.011253952980042 ], [ 120.764236450195312, 1.013233542442379 ], [ 120.765190124511719, 1.012946724891663 ], [ 120.765419006347656, 1.012180805206299 ], [ 120.765548706054801, 1.011680603027401 ], [ 120.767127990722656, 1.010402441024894 ], [ 120.768783569336051, 1.012183308601493 ], [ 120.76995849609375, 1.013414025306759 ], [ 120.770111083984489, 1.013564705848751 ], [ 120.771858215332031, 1.015407681465149 ], [ 120.776557922363395, 1.014402985572758 ], [ 120.785064697265625, 1.012435436248779 ], [ 120.785942077636832, 1.011778831481934 ], [ 120.787094116211051, 1.010889410972595 ], [ 120.787078857421989, 1.009911656379757 ], [ 120.787025451660384, 1.008156180381775 ], [ 120.788124084472656, 1.006993651390133 ], [ 120.788589477539176, 1.006649494171143 ], [ 120.78932189941429, 1.006069183349723 ], [ 120.785453796386719, 1.001312375068721 ], [ 120.785346984863395, 1.001192212104911 ], [ 120.784988403320426, 0.995297074317932 ] ] ] ] } },
{ "type": "Feature", "properties": { "GID_0": "IDN", "NAME_0": "Indonesia", "GID_1": "IDN.27_1", "NAME_1": "Sulawesi Tengah", "GID_2": "IDN.27.11_1", "NAME_2": "Toli Toli", "GID_3": "IDN.27.11.1_1", "NAME_3": "Baolan", "GID_4": "IDN.27.11.1.9_1", "NAME_4": "Tuweley", "VARNAME_4": null, "TYPE_4": "Desa", "ENGTYPE_4": "Village", "CC_4": "7206040013" }, "geometry": { "type": "MultiPolygon", "coordinates": [ [ [ [ 121.018638610839957, 1.014713764190731 ], [ 120.999153137207145, 1.010294795036373 ], [ 120.992645263672102, 1.009352445602531 ], [ 120.962409973144531, 1.015383124351615 ], [ 120.955795288085938, 1.016703248024044 ], [ 120.932327270507812, 1.021380901336727 ], [ 120.912223815918082, 1.026437640190181 ], [ 120.910667419433707, 1.02682280540472 ], [ 120.896331787109489, 1.028156161308289 ], [ 120.890571594238281, 1.028689622879028 ], [ 120.870361328125, 1.029145002365169 ], [ 120.854080200195312, 1.025972604751587 ], [ 120.849052429199332, 1.028278231620902 ], [ 120.844963073730469, 1.029472351074332 ], [ 120.841896057128906, 1.03172075748455 ], [ 120.841461181640739, 1.031949996948242 ], [ 120.84014892578125, 1.032540321350211 ], [ 120.840057373047102, 1.032582402229252 ], [ 120.830162048339957, 1.037303447723389 ], [ 120.825561523437727, 1.037346839904785 ], [ 120.824119567871094, 1.037028431892452 ], [ 120.823921203613281, 1.036888122558707 ], [ 120.823760986328125, 1.037088036537227 ], [ 120.823654174804915, 1.037237286567688 ], [ 120.823486328125114, 1.037431359291077 ], [ 120.823188781738281, 1.037437438964957 ], [ 120.822959899902457, 1.037536025047359 ], [ 120.822753906250114, 1.037649512290955 ], [ 120.82254791259777, 1.037828564643974 ], [ 120.822425842285156, 1.038070440292358 ], [ 120.821746826172102, 1.037891507148856 ], [ 120.821510314941406, 1.038700461387748 ], [ 120.820846557617301, 1.040986895561332 ], [ 120.820213317871321, 1.043276309967098 ], [ 120.820053100586051, 1.043634533882141 ], [ 120.819969177246094, 1.043640494346619 ], [ 120.819900512695426, 1.0437508821488 ], [ 120.81983947753929, 1.044070363044796 ], [ 120.819831848144759, 1.04425835609436 ], [ 120.819702148437614, 1.04444944858551 ], [ 120.819580078125, 1.044658422470093 ], [ 120.819435119628906, 1.044879913330078 ], [ 120.819541931152344, 1.04497849941265 ], [ 120.819686889648551, 1.045008063316345 ], [ 120.828224182129134, 1.046778559684867 ], [ 120.833381652832259, 1.047467947006339 ], [ 120.837585449218864, 1.048697948455811 ], [ 120.840225219726562, 1.049187898635978 ], [ 120.841873168945312, 1.058625459671077 ], [ 120.841163635253906, 1.064615488052425 ], [ 120.840988159179688, 1.066105008125419 ], [ 120.843902587890739, 1.068011045456046 ], [ 120.845161437988281, 1.06944668293005 ], [ 120.846847534179688, 1.068969845771846 ], [ 120.847663879394531, 1.069840431213436 ], [ 120.847747802734489, 1.070768475532532 ], [ 120.850814819335938, 1.070828557014522 ], [ 120.851661682128906, 1.072134137153625 ], [ 120.85493469238304, 1.073963403701839 ], [ 120.856109619140739, 1.074622154235954 ], [ 120.857315063476562, 1.075193047523612 ], [ 120.858604431152457, 1.075824975967407 ], [ 120.860107421875114, 1.076257944107169 ], [ 120.861595153808594, 1.076722979545593 ], [ 120.861785888671875, 1.076792716980037 ], [ 120.862472534179688, 1.077390551567078 ], [ 120.863006591796989, 1.079043745994625 ], [ 120.863433837890625, 1.079392194748038 ], [ 120.864570617675781, 1.079653978347835 ], [ 120.865303039550895, 1.079790353775024 ], [ 120.865730285644531, 1.07988178730011 ], [ 120.866790771484489, 1.079753398895321 ], [ 120.867813110351562, 1.080042958259583 ], [ 120.868682861328239, 1.080294489860592 ], [ 120.869583129882812, 1.080378651619071 ], [ 120.870712280273438, 1.080767154693604 ], [ 120.871398925781364, 1.081048965454102 ], [ 120.872116088867301, 1.081041812896785 ], [ 120.87253570556652, 1.081034541130123 ], [ 120.873046875000227, 1.081042528152523 ], [ 120.873817443847884, 1.080601096153316 ], [ 120.874626159668082, 1.080154061317501 ], [ 120.875389099121207, 1.079691052436829 ], [ 120.875946044921989, 1.079714179039001 ], [ 120.876991271972656, 1.079357624054012 ], [ 120.878616333007926, 1.078081607818547 ], [ 120.87918853759777, 1.077663898468074 ], [ 120.880592346191406, 1.076767921447868 ], [ 120.881614685058594, 1.076449275016842 ], [ 120.88278961181652, 1.075788736343497 ], [ 120.883728027343977, 1.07496082782751 ], [ 120.884788513183594, 1.074559688568115 ], [ 120.88716125488304, 1.072837710380668 ], [ 120.887741088867415, 1.072576522827148 ], [ 120.888984680175781, 1.071763992309627 ], [ 120.88986968994152, 1.071186780929565 ], [ 120.891311645507812, 1.07026040554058 ], [ 120.892234802246094, 1.069295525550956 ], [ 120.893669128418082, 1.067791342735347 ], [ 120.894721984863281, 1.065959930420036 ], [ 120.89630126953125, 1.063315510749931 ], [ 120.898254394531364, 1.062252521515006 ], [ 120.899200439453239, 1.061728596687374 ], [ 120.900466918945312, 1.061022520065308 ], [ 120.901489257812614, 1.059692859649772 ], [ 120.902320861816406, 1.057731986045837 ], [ 120.903221130371207, 1.056668400764465 ], [ 120.904800415039062, 1.055339097976798 ], [ 120.906181335449219, 1.05414879322052 ], [ 120.909301757812614, 1.053730130195561 ], [ 120.912017822265739, 1.051731109619141 ], [ 120.912307739257812, 1.051619052887077 ], [ 120.913497924804801, 1.050645709037781 ], [ 120.915679931640625, 1.049039602279663 ], [ 120.920112609863281, 1.050928711891117 ], [ 120.92181396484375, 1.054359197616691 ], [ 120.932876586914062, 1.061053872108573 ], [ 120.934974670410156, 1.05964815616619 ], [ 120.935508728027344, 1.059746265411377 ], [ 120.936302185058594, 1.059708714485282 ], [ 120.937339782714957, 1.059124112129211 ], [ 120.938560485839844, 1.05808341503149 ], [ 120.940032958984489, 1.057240486145133 ], [ 120.94073486328125, 1.056473135948238 ], [ 120.941841125488281, 1.055607199668941 ], [ 120.942192077636719, 1.05544292926794 ], [ 120.947021484375, 1.054890394210929 ], [ 120.952278137207145, 1.058183670043945 ], [ 120.954856872558594, 1.057467699050903 ], [ 120.969497680664062, 1.068965911865291 ], [ 120.973587036132926, 1.069311618804988 ], [ 120.975799560546875, 1.071713685989437 ], [ 120.980567932128906, 1.073431611061153 ], [ 120.986190795898551, 1.072920918464661 ], [ 120.99163818359375, 1.077039837837333 ], [ 121.000328063964957, 1.076188206672668 ], [ 121.007820129394531, 1.077907919883785 ], [ 121.014129638671875, 1.076711773872375 ], [ 121.028434753417969, 1.082722783088798 ], [ 121.029098510742301, 1.081851720809937 ], [ 121.030471801757926, 1.080028414726257 ], [ 121.030876159667969, 1.080256104469413 ], [ 121.031326293945312, 1.080397248268071 ], [ 121.031929016113509, 1.080202698707637 ], [ 121.033248901367188, 1.079326152801571 ], [ 121.035148620605469, 1.077930092811641 ], [ 121.036010742187614, 1.077324032783508 ], [ 121.036865234375, 1.076674699783325 ], [ 121.038101196289176, 1.076231360435543 ], [ 121.039443969726676, 1.075928926467896 ], [ 121.040336608886832, 1.075626254081726 ], [ 121.041404724121094, 1.075031161308402 ], [ 121.042709350585938, 1.074176311492977 ], [ 121.045013427734375, 1.072650432586727 ], [ 121.046043395996321, 1.071946978568974 ], [ 121.047210693359489, 1.071265339851436 ], [ 121.04837799072277, 1.070583701133728 ], [ 121.049316406250114, 1.070064306259212 ], [ 121.050033569335938, 1.069663047790641 ], [ 121.049530029296989, 1.069683909416312 ], [ 121.049003601074219, 1.069820761680603 ], [ 121.048667907714844, 1.069934964180106 ], [ 121.048057556152344, 1.069755077362174 ], [ 121.047462463378906, 1.068859100341911 ], [ 121.046257019043082, 1.06725728511816 ], [ 121.045761108398438, 1.066662311554069 ], [ 121.045372009277344, 1.065838694572506 ], [ 121.044784545898551, 1.064328670501766 ], [ 121.044601440429688, 1.063779592514038 ], [ 121.043785095214957, 1.063115835189933 ], [ 121.042739868164062, 1.062497615814323 ], [ 121.041923522949332, 1.061925292015133 ], [ 121.041671752929801, 1.061673521995544 ], [ 121.04144287109375, 1.061353087425289 ], [ 121.041488647461051, 1.060758471489066 ], [ 121.041465759277571, 1.059866428375187 ], [ 121.041496276855582, 1.058082342147827 ], [ 121.041221618652344, 1.055726408958492 ], [ 121.041130065918082, 1.055291771888676 ], [ 121.040313720703125, 1.054010391235352 ], [ 121.039970397949332, 1.05304944515234 ], [ 121.03974914550804, 1.052500367164612 ], [ 121.039840698242188, 1.052180290222225 ], [ 121.039886474609375, 1.051699995994568 ], [ 121.040084838867188, 1.051311254501343 ], [ 121.040428161621094, 1.050785422325134 ], [ 121.040679931640625, 1.050190925598258 ], [ 121.040679931640625, 1.049733400344849 ], [ 121.040657043457031, 1.049390316009521 ], [ 121.040496826171875, 1.049207210540771 ], [ 121.040184020996207, 1.04879534244543 ], [ 121.03977203369152, 1.048474431037903 ], [ 121.036590576171875, 1.04739785194397 ], [ 121.035026550293082, 1.047259688377494 ], [ 121.03436279296875, 1.046961903572139 ], [ 121.033935546875, 1.046824336051941 ], [ 121.033340454101676, 1.046343684196529 ], [ 121.03293609619152, 1.04600036144268 ], [ 121.032798767089844, 1.045634269714355 ], [ 121.032432556152344, 1.044284582138118 ], [ 121.03214263916027, 1.043941378593559 ], [ 121.031364440918196, 1.043003082275447 ], [ 121.03061676025402, 1.042545199394283 ], [ 121.029731750488281, 1.042132854461727 ], [ 121.029052734375, 1.041560649871883 ], [ 121.028007507324219, 1.040599346160889 ], [ 121.027305603027344, 1.039935588836784 ], [ 121.026435852050895, 1.039294600486755 ], [ 121.026008605957031, 1.039202928543091 ], [ 121.025665283203239, 1.039179801940975 ], [ 121.023483276367188, 1.039109826087952 ], [ 121.022880554199219, 1.038948655128536 ], [ 121.022758483886719, 1.038917779922485 ], [ 121.021896362304801, 1.038742899894714 ], [ 121.02125549316429, 1.03828501701355 ], [ 121.019966125488395, 1.037277817726192 ], [ 121.018806457519645, 1.036316514015255 ], [ 121.018325805664062, 1.036087393760795 ], [ 121.017829895019645, 1.036018490791378 ], [ 121.016212463378906, 1.035994648933467 ], [ 121.015899658203125, 1.036017298698368 ], [ 121.015419006347656, 1.036085605621338 ], [ 121.014419555664176, 1.036016345024109 ], [ 121.011352539062614, 1.034962296485844 ], [ 121.011123657226562, 1.03489351272583 ], [ 121.010765075683821, 1.034367203712577 ], [ 121.010604858398551, 1.034138441085815 ], [ 121.009422302246321, 1.033474445343131 ], [ 121.008354187011832, 1.033244967460746 ], [ 121.007240295410156, 1.032878398895377 ], [ 121.00681304931652, 1.03216910362255 ], [ 121.0068359375, 1.03150582313549 ], [ 121.007240295410156, 1.030797004699707 ], [ 121.007400512695426, 1.030408263206482 ], [ 121.007881164550781, 1.029653787613029 ], [ 121.008834838867188, 1.028350710868949 ], [ 121.011474609375, 1.025127410888729 ], [ 121.011703491210938, 1.024693012237663 ], [ 121.011993408203125, 1.024167060852108 ], [ 121.012016296386719, 1.023366570472717 ], [ 121.012069702148438, 1.020713448524589 ], [ 121.012115478515739, 1.020370364189262 ], [ 121.012611389160156, 1.018906950950679 ], [ 121.013206481933594, 1.017809391021672 ], [ 121.013565063476562, 1.017283558845463 ], [ 121.014434814453239, 1.016235828399601 ], [ 121.014793395996207, 1.016026377677974 ], [ 121.015274047851562, 1.015958070755005 ], [ 121.016159057617301, 1.01595854759222 ], [ 121.017639160156364, 1.015868067741451 ], [ 121.017959594726562, 1.015902400016785 ], [ 121.018638610839957, 1.014713764190731 ] ] ] ] } },
{ "type": "Feature", "properties": { "GID_0": "IDN", "NAME_0": "Indonesia", "GID_1": "IDN.27_1", "NAME_1": "Sulawesi Tengah", "GID_2": "IDN.27.11_1", "NAME_2": "Toli Toli", "GID_3": "IDN.27.11.2_1", "NAME_3": "Basidondo", "GID_4": "IDN.27.11.2.1_1", "NAME_4": "Galandau", "VARNAME_4": null, "TYPE_4": "Desa", "ENGTYPE_4": "Village", "CC_4": "7206032008" }, "geometry": { "type": "MultiPolygon", "coordinates": [ [ [ [ 120.735923767089957, 0.823937952518463 ], [ 120.738845825195426, 0.817292690277213 ], [ 120.739830017089844, 0.815053582191581 ], [ 120.739723205566634, 0.814899682998657 ], [ 120.739570617675895, 0.81480979919445 ], [ 120.739433288574219, 0.814494252205009 ], [ 120.739471435546875, 0.814320504665432 ], [ 120.739402770996207, 0.814149916172084 ], [ 120.739265441894531, 0.813929975032806 ], [ 120.73907470703125, 0.813863098621368 ], [ 120.739051818847656, 0.813783466816062 ], [ 120.739501953125, 0.813239574432487 ], [ 120.739372253418082, 0.812781155109519 ], [ 120.739341735840071, 0.812708556652183 ], [ 120.7392578125, 0.812671661377067 ], [ 120.738716125488281, 0.812555670738277 ], [ 120.738723754882812, 0.812442600727138 ], [ 120.738739013671875, 0.812176525592747 ], [ 120.738761901855469, 0.81184279918682 ], [ 120.738090515136719, 0.812014698982352 ], [ 120.737869262695426, 0.811608970165253 ], [ 120.73773193359375, 0.811518847942466 ], [ 120.737556457519531, 0.811789393425045 ], [ 120.737510681152457, 0.811949014663753 ], [ 120.73760986328125, 0.812082648277226 ], [ 120.738121032714844, 0.812708795070705 ], [ 120.737930297851562, 0.812708854675293 ], [ 120.737686157226676, 0.812781274318695 ], [ 120.737556457519531, 0.812375485897178 ], [ 120.737106323242301, 0.812330484390316 ], [ 120.736839294433594, 0.812195301055908 ], [ 120.736839294433594, 0.812060058116913 ], [ 120.736030578613281, 0.812330722808838 ], [ 120.735946655273551, 0.812269508838767 ], [ 120.735847473144531, 0.812220633029938 ], [ 120.735687255859375, 0.812089145183563 ], [ 120.735267639160156, 0.811789810657501 ], [ 120.734909057617188, 0.811339020729065 ], [ 120.735000610351676, 0.810852825641689 ], [ 120.73492431640625, 0.810852825641689 ], [ 120.734329223632812, 0.810927331447658 ], [ 120.734451293945426, 0.811169981956596 ], [ 120.734504699707031, 0.811248898506165 ], [ 120.734359741210938, 0.811330437660274 ], [ 120.733901977539062, 0.811634719371909 ], [ 120.733787536621094, 0.811654806137028 ], [ 120.733474731445426, 0.811158895492611 ], [ 120.733421325683594, 0.811048567295188 ], [ 120.733749389648438, 0.810884594917241 ], [ 120.733749389648438, 0.810663998126984 ], [ 120.733207702636719, 0.810753166675624 ], [ 120.733161926269531, 0.810076892375946 ], [ 120.73325347900402, 0.810053825378418 ], [ 120.733665466308707, 0.809806525707359 ], [ 120.733566284179688, 0.809445619583187 ], [ 120.733406066894531, 0.809380412101802 ], [ 120.7330322265625, 0.809680640697593 ], [ 120.73286437988304, 0.809680640697593 ], [ 120.732398986816406, 0.809716343879643 ], [ 120.731552124023551, 0.809716463089046 ], [ 120.731330871582259, 0.809445977211055 ], [ 120.731292724609375, 0.809258401393947 ], [ 120.730972290039176, 0.809355914592743 ], [ 120.73065185546875, 0.808950185775757 ], [ 120.730422973632926, 0.808766484260616 ], [ 120.730026245117301, 0.808606326580104 ], [ 120.729949951171875, 0.808731198310795 ], [ 120.729850769043082, 0.809130668640137 ], [ 120.729507446289062, 0.809323370456809 ], [ 120.729446411132926, 0.809379518032074 ], [ 120.729537963867188, 0.81046295166027 ], [ 120.729446411132926, 0.810370266437531 ], [ 120.728866577148551, 0.809852242469844 ], [ 120.728507995605582, 0.809626877307892 ], [ 120.728729248046989, 0.809266149997654 ], [ 120.72882080078125, 0.809085786342621 ], [ 120.729087829589957, 0.808860301971549 ], [ 120.729179382324219, 0.808499574661312 ], [ 120.729064941406364, 0.808441877365112 ], [ 120.728713989257926, 0.808500111103115 ], [ 120.728569030761719, 0.808602213859615 ], [ 120.728271484375, 0.808899819851035 ], [ 120.727966308593864, 0.808905541896763 ], [ 120.727920532226676, 0.808048903942051 ], [ 120.727699279785156, 0.807598114013672 ], [ 120.727027893066406, 0.807643294334468 ], [ 120.727012634277457, 0.80792289972311 ], [ 120.727195739746207, 0.80857348442089 ], [ 120.727333068847884, 0.808862209320125 ], [ 120.727401733398551, 0.808997690677643 ], [ 120.727096557617188, 0.80892151594162 ], [ 120.726982116699332, 0.808950841426963 ], [ 120.726875305175781, 0.808664321899357 ], [ 120.726722717285156, 0.808411538600922 ], [ 120.726432800293082, 0.808411538600922 ], [ 120.726127624511719, 0.808455049991665 ], [ 120.725776672363281, 0.808590352535248 ], [ 120.72541809082054, 0.808680593967495 ], [ 120.725364685058594, 0.808607161045188 ], [ 120.72523498535179, 0.808365046978111 ], [ 120.72541809082054, 0.808274149894828 ], [ 120.725753784179688, 0.808020830154533 ], [ 120.725837707519645, 0.807509899139518 ], [ 120.725845336914176, 0.80742156505579 ], [ 120.725761413574219, 0.806924402713776 ], [ 120.725456237793082, 0.806426227092857 ], [ 120.725364685058594, 0.806262075900975 ], [ 120.725753784179688, 0.805871129036063 ], [ 120.726097106933594, 0.805590212345066 ], [ 120.725616455078352, 0.805310964584351 ], [ 120.72507476806652, 0.805689215660152 ], [ 120.72507476806652, 0.805962800979728 ], [ 120.72507476806652, 0.806131720543021 ], [ 120.72507476806652, 0.806359827518463 ], [ 120.724586486816406, 0.807043910026607 ], [ 120.724319458007926, 0.806778848171291 ], [ 120.724250793457031, 0.806742072105351 ], [ 120.72409820556652, 0.80655544996273 ], [ 120.724227905273438, 0.806110322475547 ], [ 120.72415924072277, 0.805840373039189 ], [ 120.723861694335938, 0.805696487426815 ], [ 120.723533630371207, 0.805795371532497 ], [ 120.723129272461165, 0.80588561296463 ], [ 120.722908020019531, 0.805795490741843 ], [ 120.722908020019531, 0.805660247802678 ], [ 120.72281646728527, 0.805389702320156 ], [ 120.723007202148551, 0.805260479450226 ], [ 120.723030090332031, 0.80518764257431 ], [ 120.723442077636719, 0.805118620395774 ], [ 120.72370910644554, 0.804938673973197 ], [ 120.723991394042969, 0.80483520030981 ], [ 120.724197387695312, 0.804698884487152 ], [ 120.723907470703239, 0.804601192474479 ], [ 120.723793029785156, 0.804545700550193 ], [ 120.723442077636719, 0.804578065872306 ], [ 120.723175048828239, 0.804533004760856 ], [ 120.72308349609375, 0.804307579994202 ], [ 120.722862243652344, 0.803901851177216 ], [ 120.722770690918082, 0.803572595119419 ], [ 120.722618103027457, 0.803557395935115 ], [ 120.722335815429688, 0.803661167621669 ], [ 120.722160339355469, 0.804112970829124 ], [ 120.72235107421875, 0.804601490497589 ], [ 120.722259521484375, 0.805090069770813 ], [ 120.721870422363395, 0.805187880992833 ], [ 120.721801757812727, 0.805136203765926 ], [ 120.721519470214844, 0.805254697799683 ], [ 120.721519470214844, 0.805029273033199 ], [ 120.721527099609375, 0.804931282997188 ], [ 120.721542358398438, 0.804835438728333 ], [ 120.721565246582031, 0.804623484611511 ], [ 120.721786499023438, 0.804262697696686 ], [ 120.721694946289062, 0.803947150707245 ], [ 120.721565246582031, 0.80381190776825 ], [ 120.721435546875114, 0.803860366344452 ], [ 120.720932006835938, 0.804127633571625 ], [ 120.720443725585938, 0.804127693176383 ], [ 120.720115661621207, 0.804164171218815 ], [ 120.719978332519531, 0.804233610630035 ], [ 120.719856262207031, 0.804353237152043 ], [ 120.719146728515739, 0.804623901844138 ], [ 120.71878814697277, 0.804533779621238 ], [ 120.718559265136946, 0.804443657398281 ], [ 120.71826171875, 0.804614484310207 ], [ 120.718177795410384, 0.804699957370815 ], [ 120.717903137207031, 0.804700016975403 ], [ 120.717620849609489, 0.804984867572898 ], [ 120.717498779296875, 0.804993212223053 ], [ 120.717170715332031, 0.804984927177486 ], [ 120.716636657714844, 0.804759621620178 ], [ 120.716590881347656, 0.804489076137656 ], [ 120.716789245605469, 0.804198026657104 ], [ 120.716720581054801, 0.803918480873108 ], [ 120.7169189453125, 0.803723037242889 ], [ 120.717231750488395, 0.80340617895132 ], [ 120.717185974121094, 0.803258061409053 ], [ 120.71697998046875, 0.803134381771144 ], [ 120.716812133789062, 0.803181529045162 ], [ 120.716232299804688, 0.803407073020992 ], [ 120.715469360351562, 0.803677737712917 ], [ 120.715019226074219, 0.803632676601467 ], [ 120.714889526367188, 0.803497493267059 ], [ 120.71466064453125, 0.803272068500576 ], [ 120.714599609375114, 0.803080439567566 ], [ 120.71453857421875, 0.802997946739197 ], [ 120.714080810546875, 0.802956581115723 ], [ 120.713905334472656, 0.802941858768463 ], [ 120.713859558105582, 0.802866458892822 ], [ 120.713813781738395, 0.802453279495239 ], [ 120.714004516601676, 0.802257835865078 ], [ 120.71439361572277, 0.801964640617427 ], [ 120.714103698730469, 0.801476120948848 ], [ 120.714035034179801, 0.801423609256744 ], [ 120.713981628418196, 0.801319122314453 ], [ 120.713813781738395, 0.801085352897644 ], [ 120.713821411132926, 0.800997614860535 ], [ 120.713722229003906, 0.800792455673331 ], [ 120.713768005371094, 0.800521910190582 ], [ 120.713363647460938, 0.800702333450374 ], [ 120.712959289550781, 0.801198363304195 ], [ 120.712913513183594, 0.801255643367767 ], [ 120.712837219238509, 0.801476359367371 ], [ 120.712753295898438, 0.80144190788269 ], [ 120.712692260742301, 0.801514029502982 ], [ 120.712203979492188, 0.801378846168575 ], [ 120.71197509765625, 0.801108360290641 ], [ 120.711868286132812, 0.801108419895229 ], [ 120.7117919921875, 0.801108419895229 ], [ 120.711570739746207, 0.801108419895229 ], [ 120.710853576660156, 0.801514327526093 ], [ 120.710189819336051, 0.802301645278988 ], [ 120.709877014160156, 0.802530765533447 ], [ 120.709602355957145, 0.802641749382076 ], [ 120.709465026855582, 0.803128123283386 ], [ 120.708572387695312, 0.805595755577087 ], [ 120.706657409667969, 0.807497382163945 ], [ 120.705436706543082, 0.808458685874882 ], [ 120.702095031738281, 0.811784744262752 ], [ 120.701911926269531, 0.811965584755001 ], [ 120.707389831542969, 0.822788894176483 ], [ 120.712791442871094, 0.822076022625026 ], [ 120.713058471679801, 0.822028577327728 ], [ 120.715385437011832, 0.821577250957489 ], [ 120.717849731445426, 0.821621894836483 ], [ 120.719367980957145, 0.821711838245506 ], [ 120.721832275390739, 0.821891725063438 ], [ 120.723808288574219, 0.821936428547019 ], [ 120.725151062011719, 0.822026371955872 ], [ 120.726043701171989, 0.82202619314188 ], [ 120.727973937988395, 0.822476744651794 ], [ 120.729362487792969, 0.822792053222656 ], [ 120.731033325195312, 0.823204815387726 ], [ 120.735923767089957, 0.823937952518463 ] ] ] ] } },
{ "type": "Feature", "properties": { "GID_0": "IDN", "NAME_0": "Indonesia", "GID_1": "IDN.27_1", "NAME_1": "Sulawesi Tengah", "GID_2": "IDN.27.11_1", "NAME_2": "Toli Toli", "GID_3": "IDN.27.11.2_1", "NAME_3": "Basidondo", "GID_4": "IDN.27.11.2.2_1", "NAME_4": "Kayulompa", "VARNAME_4": null, "TYPE_4": "Desa", "ENGTYPE_4": "Village", "CC_4": "7206032003" }, "geometry": { "type": "MultiPolygon", "coordinates": [ [ [ [ 120.756401062011719, 0.664345562458095 ], [ 120.755630493164176, 0.663052916526794 ], [ 120.754295349121207, 0.662016987800712 ], [ 120.753570556640625, 0.661955714225883 ], [ 120.75272369384777, 0.66207712888712 ], [ 120.751754760742301, 0.662381231784877 ], [ 120.750617980957145, 0.662733852863312 ], [ 120.744400024414062, 0.663773834705466 ], [ 120.736228942871094, 0.660778641700745 ], [ 120.734855651855469, 0.661459147930259 ], [ 120.733825683593864, 0.661804914474544 ], [ 120.732856750488509, 0.662289202213344 ], [ 120.731552124023551, 0.662911891937313 ], [ 120.72955322265625, 0.663395702838841 ], [ 120.728591918945312, 0.663533806800899 ], [ 120.727493286132812, 0.663533270359096 ], [ 120.726455688476562, 0.663186550140495 ], [ 120.724876403808707, 0.663185834884757 ], [ 120.723564147949332, 0.663254439830837 ], [ 120.722740173339844, 0.663738846778983 ], [ 120.721229553222884, 0.664569139480591 ], [ 120.719779968261719, 0.664983987808341 ], [ 120.717025756836165, 0.665605962276572 ], [ 120.716163635253906, 0.665926814079285 ], [ 120.713508605957031, 0.666498064994812 ], [ 120.706428527832031, 0.668572604656333 ], [ 120.705207824707259, 0.666284382343349 ], [ 120.705467224121207, 0.665115773677883 ], [ 120.7060546875, 0.663974523544368 ], [ 120.706062316894531, 0.66238176822668 ], [ 120.705535888671875, 0.661807119846401 ], [ 120.694877624511719, 0.673333883285636 ], [ 120.681739807129134, 0.678079068660736 ], [ 120.675788879394531, 0.684273779392299 ], [ 120.668395996093977, 0.698318004608154 ], [ 120.666748046875114, 0.709266126155796 ], [ 120.666351318359489, 0.715262472629604 ], [ 120.666877746582145, 0.717463791370392 ], [ 120.667556762695312, 0.719065308570862 ], [ 120.667022705078125, 0.721472322940883 ], [ 120.666885375976676, 0.722758531570435 ], [ 120.668304443359375, 0.725286483764705 ], [ 120.66796875, 0.725918650627193 ], [ 120.66770172119152, 0.726990759372768 ], [ 120.666938781738395, 0.727839529514426 ], [ 120.665885925292969, 0.729807615280265 ], [ 120.664627075195426, 0.73192214965826 ], [ 120.66412353515625, 0.733128905296439 ], [ 120.661720275879134, 0.73682892322546 ], [ 120.659263610839957, 0.742673277855033 ], [ 120.65811920166027, 0.750486016273555 ], [ 120.657333374023665, 0.751884818077144 ], [ 120.656539916992188, 0.753873944282589 ], [ 120.657592773437614, 0.757962048053855 ], [ 120.657798767089844, 0.758744299411774 ], [ 120.659072875976676, 0.759889781475067 ], [ 120.661697387695312, 0.762353003024998 ], [ 120.678703308105582, 0.767284512519836 ], [ 120.680717468261719, 0.768072783946991 ], [ 120.686820983886719, 0.767440915107784 ], [ 120.692413330078125, 0.76577532291418 ], [ 120.697509765625, 0.766670763492584 ], [ 120.705703735351562, 0.760393500328007 ], [ 120.707138061523551, 0.75937652587902 ], [ 120.710578918457145, 0.759120643138942 ], [ 120.716255187988281, 0.759278118610382 ], [ 120.720458984375227, 0.760645508766174 ], [ 120.724838256835938, 0.762207925319785 ], [ 120.724906921386832, 0.762091994285583 ], [ 120.725067138671989, 0.761814594268856 ], [ 120.734519958496094, 0.745587825775203 ], [ 120.737335205078125, 0.739270985126552 ], [ 120.740310668945426, 0.733021318912506 ], [ 120.749603271484375, 0.725441157817784 ], [ 120.755210876464957, 0.716095149517002 ], [ 120.76187896728527, 0.704809188842717 ], [ 120.762481689453239, 0.703423798084373 ], [ 120.763069152832145, 0.702443361282405 ], [ 120.775344848632812, 0.674152016639766 ], [ 120.775596618652457, 0.673564314842281 ], [ 120.76706695556652, 0.670942127704677 ], [ 120.76663970947277, 0.670670807361603 ], [ 120.765678405761832, 0.670304954051971 ], [ 120.764106750488281, 0.669895589351597 ], [ 120.762069702148551, 0.668458223343009 ], [ 120.761138916015739, 0.667318642139549 ], [ 120.760047912597656, 0.666587293148041 ], [ 120.758834838867301, 0.666038632392997 ], [ 120.758407592773438, 0.665874302387238 ], [ 120.756515502929915, 0.664538085460777 ], [ 120.756401062011719, 0.664345562458095 ] ] ] ] } },
{ "type": "Feature", "properties": { "GID_0": "IDN", "NAME_0": "Indonesia", "GID_1": "IDN.27_1", "NAME_1": "Sulawesi Tengah", "GID_2": "IDN.27.11_1", "NAME_2": "Toli Toli", "GID_3": "IDN.27.11.2_1", "NAME_3": "Basidondo", "GID_4": "IDN.27.11.2.3_1", "NAME_4": "Kinapasan", "VARNAME_4": null, "TYPE_4": "Desa", "ENGTYPE_4": "Village", "CC_4": "7206032005" }, "geometry": { "type": "MultiPolygon", "coordinates": [ [ [ [ 120.849998474121207, 0.700630545616264 ], [ 120.848045349121094, 0.696792602539176 ], [ 120.844291687011832, 0.693208932876644 ], [ 120.838485717773438, 0.687672913074607 ], [ 120.838088989257812, 0.688040256500301 ], [ 120.8375244140625, 0.687970936298484 ], [ 120.837188720703352, 0.68814039230358 ], [ 120.837043762207145, 0.688214361667747 ], [ 120.836555480957031, 0.68900591135025 ], [ 120.836082458496207, 0.689894020557404 ], [ 120.835296630859489, 0.690624296665248 ], [ 120.83249664306652, 0.690690159797612 ], [ 120.830741882324332, 0.69040405750269 ], [ 120.829933166503906, 0.690255165100098 ], [ 120.82938385009777, 0.690147221088523 ], [ 120.824317932128906, 0.696408033371029 ], [ 120.823013305664062, 0.698011994361877 ], [ 120.822593688964844, 0.702035307884216 ], [ 120.82199859619152, 0.708191275596675 ], [ 120.821937561035384, 0.708231508731899 ], [ 120.8218994140625, 0.708591699600333 ], [ 120.815139770507926, 0.713210225105286 ], [ 120.814804077148438, 0.714551508426666 ], [ 120.813873291015625, 0.718969583511296 ], [ 120.817771911621207, 0.724852621555385 ], [ 120.817169189453352, 0.741997420787811 ], [ 120.817161560058821, 0.743381023406982 ], [ 120.819320678711051, 0.747487783432007 ], [ 120.824844360351676, 0.756692349910793 ], [ 120.824844360351676, 0.757992744445744 ], [ 120.825065612792969, 0.758405745029563 ], [ 120.825119018554688, 0.770276784896907 ], [ 120.810897827148551, 0.774703025817871 ], [ 120.807495117187614, 0.779112696647644 ], [ 120.806053161621094, 0.78104442358017 ], [ 120.805488586425781, 0.781153440475578 ], [ 120.785385131836051, 0.787014067173118 ], [ 120.781326293945426, 0.786075830459595 ], [ 120.774749755859375, 0.788652837276572 ], [ 120.779083251953239, 0.791730463504734 ], [ 120.779266357421989, 0.791863858699912 ], [ 120.780021667480582, 0.792403161525783 ], [ 120.781806945800781, 0.794843316078129 ], [ 120.781944274902457, 0.797421813011283 ], [ 120.782341003417969, 0.798239111900443 ], [ 120.78033447265625, 0.798398554325217 ], [ 120.77880859375, 0.798654139042014 ], [ 120.778282165527457, 0.801227271556911 ], [ 120.777633666992188, 0.802079796791134 ], [ 120.776321411132812, 0.804396092891807 ], [ 120.774482727050895, 0.806741535663718 ], [ 120.774574279785156, 0.806839227676448 ], [ 120.774856567382926, 0.808018386364097 ], [ 120.775451660156364, 0.809369683265686 ], [ 120.775253295898551, 0.809672713279724 ], [ 120.772148132324446, 0.813484072685242 ], [ 120.771469116210938, 0.813777387142238 ], [ 120.770774841308594, 0.814033567905426 ], [ 120.76983642578125, 0.814653515815849 ], [ 120.76914215087902, 0.815243482589779 ], [ 120.767967224121207, 0.815931797027588 ], [ 120.767776489257926, 0.816227793693656 ], [ 120.767074584961051, 0.817686855793056 ], [ 120.764503479003906, 0.818732023239193 ], [ 120.764389038086051, 0.818859755993003 ], [ 120.762832641601676, 0.823775887489376 ], [ 120.762344360351562, 0.825593292713165 ], [ 120.762550354003906, 0.825484156608582 ], [ 120.767463684082031, 0.824499070644492 ], [ 120.767906188964844, 0.824249446392002 ], [ 120.777610778808594, 0.819095075130463 ], [ 120.791900634765625, 0.815915644168967 ], [ 120.792549133300781, 0.815596282482147 ], [ 120.792945861816634, 0.815502941608486 ], [ 120.795989990234602, 0.814142525196075 ], [ 120.803009033203125, 0.810407459735927 ], [ 120.804626464843864, 0.809607446193752 ], [ 120.820297241210938, 0.804560482501984 ], [ 120.825813293457145, 0.802918314933834 ], [ 120.825828552246094, 0.803363084793205 ], [ 120.8355712890625, 0.791969001293182 ], [ 120.84641265869152, 0.788407266139984 ], [ 120.846572875976676, 0.788213551044464 ], [ 120.847267150878906, 0.787353932857513 ], [ 120.865394592285156, 0.765123546123618 ], [ 120.874572753906477, 0.759100317955131 ], [ 120.881317138671989, 0.754671633243561 ], [ 120.880935668945426, 0.753688156604767 ], [ 120.879875183105469, 0.750838518142814 ], [ 120.879432678222656, 0.749936699867305 ], [ 120.878730773925781, 0.748930096626395 ], [ 120.873710632324219, 0.741472005844059 ], [ 120.870964050293082, 0.737537026405448 ], [ 120.867881774902344, 0.733144462108612 ], [ 120.866676330566406, 0.731497228145713 ], [ 120.862998962402457, 0.72641837596899 ], [ 120.857795715332259, 0.719371974468288 ], [ 120.855583190917969, 0.716314375400486 ], [ 120.851737976074332, 0.710678577423039 ], [ 120.849197387695312, 0.706583678722382 ], [ 120.846557617187614, 0.703334987163601 ], [ 120.845901489257812, 0.702534258365688 ], [ 120.845359802246094, 0.701436221599636 ], [ 120.844154357910156, 0.699354529380855 ], [ 120.842269897460938, 0.695900321006775 ], [ 120.844924926757812, 0.698600172996578 ], [ 120.845474243164062, 0.699195086956081 ], [ 120.846153259277571, 0.699492692947501 ], [ 120.848037719726562, 0.700065314769802 ], [ 120.849540710449219, 0.700523376464844 ], [ 120.849998474121207, 0.700630545616264 ] ] ] ] } },
{ "type": "Feature", "properties": { "GID_0": "IDN", "NAME_0": "Indonesia", "GID_1": "IDN.27_1", "NAME_1": "Sulawesi Tengah", "GID_2": "IDN.27.11_1", "NAME_2": "Toli Toli", "GID_3": "IDN.27.11.2_1", "NAME_3": "Basidondo", "GID_4": "IDN.27.11.2.4_1", "NAME_4": "Konkomos", "VARNAME_4": null, "TYPE_4": "Desa", "ENGTYPE_4": "Village", "CC_4": "7206032007" }, "geometry": { "type": "MultiPolygon", "coordinates": [ [ [ [ 120.73968505859375, 0.768204271793365 ], [ 120.73862457275402, 0.767611145973262 ], [ 120.730964660644645, 0.76406192779541 ], [ 120.724906921386832, 0.762091994285583 ], [ 120.724838256835938, 0.762207925319785 ], [ 120.720458984375227, 0.760645508766174 ], [ 120.716255187988281, 0.759278118610382 ], [ 120.710578918457145, 0.759120643138942 ], [ 120.707138061523551, 0.75937652587902 ], [ 120.705703735351562, 0.760393500328007 ], [ 120.697509765625, 0.766670763492584 ], [ 120.692413330078125, 0.76577532291418 ], [ 120.686820983886719, 0.767440915107784 ], [ 120.680717468261719, 0.768072783946991 ], [ 120.678703308105582, 0.767284512519836 ], [ 120.661697387695312, 0.762353003024998 ], [ 120.659072875976676, 0.759889781475067 ], [ 120.657798767089844, 0.758744299411774 ], [ 120.657592773437614, 0.757962048053855 ], [ 120.655616760254134, 0.754159510135707 ], [ 120.649093627929688, 0.758059024810791 ], [ 120.648262023925781, 0.758002340793666 ], [ 120.648178100586165, 0.758047461509705 ], [ 120.644256591796875, 0.75883507728588 ], [ 120.64347076416027, 0.759226739406529 ], [ 120.64013671875, 0.769398689270133 ], [ 120.640106201171875, 0.769504666328544 ], [ 120.638130187988395, 0.770963430404663 ], [ 120.63217926025402, 0.775605916976872 ], [ 120.639434814453239, 0.782584488391876 ], [ 120.640434265136719, 0.783014833927211 ], [ 120.641487121582031, 0.783880591392574 ], [ 120.642013549804688, 0.784655392169896 ], [ 120.656654357910156, 0.793324649333954 ], [ 120.664192199707259, 0.795113027095738 ], [ 120.670349121093864, 0.79644513130188 ], [ 120.681114196777344, 0.801312744617519 ], [ 120.682304382324219, 0.801822841167564 ], [ 120.683616638183594, 0.802445828914642 ], [ 120.691825866699219, 0.806156814098358 ], [ 120.691810607910156, 0.806232392787933 ], [ 120.694961547851676, 0.807622611522731 ], [ 120.702095031738281, 0.811784744262752 ], [ 120.705436706543082, 0.808458685874882 ], [ 120.706657409667969, 0.807497382163945 ], [ 120.708572387695312, 0.805595755577087 ], [ 120.709465026855582, 0.803128123283386 ], [ 120.709602355957145, 0.802641749382076 ], [ 120.709877014160156, 0.802530765533447 ], [ 120.710189819336051, 0.802301645278988 ], [ 120.710853576660156, 0.801514327526093 ], [ 120.711570739746207, 0.801108419895229 ], [ 120.7117919921875, 0.801108419895229 ], [ 120.711868286132812, 0.801108419895229 ], [ 120.714103698730469, 0.798544704914093 ], [ 120.714874267578125, 0.798544585704917 ], [ 120.715980529785156, 0.797989010810909 ], [ 120.720466613769759, 0.794591844081879 ], [ 120.7239990234375, 0.791703045368195 ], [ 120.729141235351562, 0.783787429332847 ], [ 120.730644226074332, 0.781843662261963 ], [ 120.730712890625, 0.781732976436672 ], [ 120.733566284179688, 0.777674913406372 ], [ 120.73968505859375, 0.768204271793365 ] ] ] ] } },
{ "type": "Feature", "properties": { "GID_0": "IDN", "NAME_0": "Indonesia", "GID_1": "IDN.27_1", "NAME_1": "Sulawesi Tengah", "GID_2": "IDN.27.11_1", "NAME_2": "Toli Toli", "GID_3": "IDN.27.11.2_1", "NAME_3": "Basidondo", "GID_4": "IDN.27.11.2.5_1", "NAME_4": "Labonu", "VARNAME_4": null, "TYPE_4": "Desa", "ENGTYPE_4": "Village", "CC_4": "7206032001" }, "geometry": { "type": "MultiPolygon", "coordinates": [ [ [ [ 120.596130371093864, 0.597609341144675 ], [ 120.595062255859375, 0.603686928749028 ], [ 120.592712402343864, 0.617096066474915 ], [ 120.592521667480582, 0.617740690708217 ], [ 120.592193603515625, 0.62233537435543 ], [ 120.591354370117301, 0.626151740550938 ], [ 120.58880615234375, 0.630930483341217 ], [ 120.588684082031364, 0.631106376647892 ], [ 120.58502197265625, 0.643844664096946 ], [ 120.58502197265625, 0.643960118293705 ], [ 120.585166931152344, 0.645092368125916 ], [ 120.585296630859489, 0.646172106266079 ], [ 120.585861206054801, 0.650745749473685 ], [ 120.583755493164176, 0.654561460018215 ], [ 120.582115173339844, 0.654795110225677 ], [ 120.580192565917969, 0.660018801689205 ], [ 120.58038330078125, 0.660496890545005 ], [ 120.578964233398551, 0.663355231285095 ], [ 120.578712463378906, 0.664026498794613 ], [ 120.579376220703239, 0.668869316578025 ], [ 120.585792541503906, 0.6709379553796 ], [ 120.589759826660156, 0.678029716014862 ], [ 120.590011596679801, 0.678447127342224 ], [ 120.59177398681652, 0.68111389875412 ], [ 120.596115112304801, 0.686550438404197 ], [ 120.597190856933594, 0.687746584415436 ], [ 120.601089477539176, 0.691673457622642 ], [ 120.604125976562614, 0.694300889968815 ], [ 120.60540771484375, 0.695306122303009 ], [ 120.613258361816406, 0.697658061981201 ], [ 120.617500305175895, 0.697465956211204 ], [ 120.6177978515625, 0.697479665279388 ], [ 120.618881225585938, 0.697381138801575 ], [ 120.62686920166027, 0.697155416011924 ], [ 120.627006530761946, 0.697677373886165 ], [ 120.627143859863281, 0.697677433490753 ], [ 120.630218505859375, 0.708214581012783 ], [ 120.631271362304801, 0.709686815738735 ], [ 120.632644653320312, 0.711413443088645 ], [ 120.637100219726562, 0.71590381860733 ], [ 120.638839721679801, 0.716588914394379 ], [ 120.643241882324332, 0.717703282833156 ], [ 120.649444580078125, 0.717359542846793 ], [ 120.65576171875, 0.717786908149776 ], [ 120.662559509277344, 0.721592724323273 ], [ 120.66440582275402, 0.722166359424648 ], [ 120.666717529296989, 0.722457706928253 ], [ 120.666778564453125, 0.722577214241085 ], [ 120.666885375976676, 0.722758531570435 ], [ 120.667022705078125, 0.721472322940883 ], [ 120.667556762695312, 0.719065308570862 ], [ 120.666877746582145, 0.717463791370392 ], [ 120.666351318359489, 0.715262472629604 ], [ 120.666748046875114, 0.709266126155796 ], [ 120.668395996093977, 0.698318004608154 ], [ 120.675788879394531, 0.684273779392299 ], [ 120.681739807129134, 0.678079068660736 ], [ 120.694877624511719, 0.673333883285636 ], [ 120.705535888671875, 0.661807119846401 ], [ 120.705307006835938, 0.661552429199162 ], [ 120.700035095214844, 0.661426723003501 ], [ 120.699104309082259, 0.661478281021118 ], [ 120.698020935058707, 0.661378622055054 ], [ 120.696937561035156, 0.661352634429988 ], [ 120.694473266601562, 0.658252656459865 ], [ 120.689552307128906, 0.655564725399017 ], [ 120.685241699218864, 0.650191426277274 ], [ 120.675392150878906, 0.645848572254238 ], [ 120.674964904785156, 0.645299255847988 ], [ 120.674758911132926, 0.645250558853093 ], [ 120.674697875976676, 0.645345568657035 ], [ 120.674339294433707, 0.645054697990474 ], [ 120.673721313476562, 0.643946468830109 ], [ 120.67254638671875, 0.642630159854889 ], [ 120.670623779296875, 0.640482604503745 ], [ 120.669013977050895, 0.638496041297856 ], [ 120.668014526367415, 0.636479914188328 ], [ 120.665916442871321, 0.633819580078182 ], [ 120.666336059570426, 0.627882301807404 ], [ 120.661285400390625, 0.623638987541199 ], [ 120.660949707031477, 0.617199122905674 ], [ 120.660942077636719, 0.61707907915121 ], [ 120.660865783691406, 0.615580856800023 ], [ 120.656509399414062, 0.617222666740474 ], [ 120.656425476074332, 0.617231190204734 ], [ 120.655258178711051, 0.617161452770233 ], [ 120.654640197753906, 0.61695343255991 ], [ 120.653465270996094, 0.616675913334007 ], [ 120.652435302734489, 0.616675436496791 ], [ 120.651405334472656, 0.616813480854091 ], [ 120.650230407714844, 0.616951465606746 ], [ 120.649543762207145, 0.616812646389121 ], [ 120.648033142089957, 0.615704059600887 ], [ 120.645935058593864, 0.614457488059941 ], [ 120.645507812500227, 0.613863408565578 ], [ 120.64402008056652, 0.611756503582114 ], [ 120.642410278320312, 0.612160980701447 ], [ 120.642181396484375, 0.612004578113499 ], [ 120.640884399414062, 0.610513269901332 ], [ 120.639411926269645, 0.60838371515274 ], [ 120.636863708496094, 0.605820477008876 ], [ 120.636695861816406, 0.604173302650565 ], [ 120.637519836425895, 0.600308060646057 ], [ 120.637832641601562, 0.599242389202175 ], [ 120.637763977050781, 0.597995936870575 ], [ 120.637283325195312, 0.59764951467514 ], [ 120.636772155761832, 0.597460389137325 ], [ 120.635971069336165, 0.597164213657436 ], [ 120.634666442871207, 0.596609652042503 ], [ 120.634559631347656, 0.596572458744106 ], [ 120.633071899414062, 0.595211982727108 ], [ 120.629600524902344, 0.592988491058463 ], [ 120.629440307617188, 0.592729568481559 ], [ 120.628410339355582, 0.591136455536002 ], [ 120.627525329589844, 0.59021532535553 ], [ 120.626335144042969, 0.587575435638541 ], [ 120.622962951660156, 0.587149918079433 ], [ 120.620079040527344, 0.587148666381836 ], [ 120.618751525878906, 0.587148070335388 ], [ 120.617355346679688, 0.588394701480922 ], [ 120.61692047119152, 0.58856874704361 ], [ 120.615341186523438, 0.5893989801408 ], [ 120.614654541015739, 0.590922117233333 ], [ 120.614517211914062, 0.591822266578788 ], [ 120.614517211914062, 0.592860937118587 ], [ 120.615203857421989, 0.594800114631767 ], [ 120.61521148681652, 0.594998359680233 ], [ 120.614700317382812, 0.598358094692173 ], [ 120.614440917968864, 0.598746776580811 ], [ 120.613891601562614, 0.599687814712524 ], [ 120.611160278320312, 0.600715637206974 ], [ 120.607627868652344, 0.601109504699764 ], [ 120.607261657714844, 0.601070880890006 ], [ 120.603836059570312, 0.598947107792014 ], [ 120.602264404296989, 0.596248626708984 ], [ 120.601158142089844, 0.595555663108883 ], [ 120.600334167480582, 0.595416843891257 ], [ 120.5987548828125, 0.59590083360672 ], [ 120.598236083984489, 0.596204876899662 ], [ 120.596839904785156, 0.595620274543819 ], [ 120.596504211425895, 0.5973277688027 ], [ 120.596130371093864, 0.597609341144675 ] ] ] ] } },
{ "type": "Feature", "properties": { "GID_0": "IDN", "NAME_0": "Indonesia", "GID_1": "IDN.27_1", "NAME_1": "Sulawesi Tengah", "GID_2": "IDN.27.11_1", "NAME_2": "Toli Toli", "GID_3": "IDN.27.11.2_1", "NAME_3": "Basidondo", "GID_4": "IDN.27.11.2.6_1", "NAME_4": "Ogosipat", "VARNAME_4": null, "TYPE_4": "Desa", "ENGTYPE_4": "Village", "CC_4": "7206032006" }, "geometry": { "type": "MultiPolygon", "coordinates": [ [ [ [ 120.797294616699219, 0.676144242286796 ], [ 120.796653747558594, 0.679167628288269 ], [ 120.796142578125, 0.679208397865295 ], [ 120.790603637695312, 0.678409457206783 ], [ 120.788780212402457, 0.678775966167564 ], [ 120.787406921386946, 0.678084492683411 ], [ 120.787139892578125, 0.678060472011566 ], [ 120.787094116211051, 0.678476333618221 ], [ 120.786949157714844, 0.678484082222099 ], [ 120.784805297851676, 0.678596615791434 ], [ 120.783172607421875, 0.678291320800895 ], [ 120.782440185546875, 0.67804741859436 ], [ 120.78171539306652, 0.67743802070629 ], [ 120.781112670898665, 0.67652416229248 ], [ 120.780387878418082, 0.676036596298331 ], [ 120.779594421386946, 0.675549030303955 ], [ 120.778892517089957, 0.675336599350089 ], [ 120.775856018066406, 0.672888875007743 ], [ 120.775596618652457, 0.673564314842281 ], [ 120.775344848632812, 0.674152016639766 ], [ 120.763069152832145, 0.702443361282405 ], [ 120.762481689453239, 0.703423798084373 ], [ 120.76187896728527, 0.704809188842717 ], [ 120.755210876464957, 0.716095149517002 ], [ 120.749603271484375, 0.725441157817784 ], [ 120.740310668945426, 0.733021318912506 ], [ 120.737335205078125, 0.739270985126552 ], [ 120.734519958496094, 0.745587825775203 ], [ 120.725067138671989, 0.761814594268856 ], [ 120.724906921386832, 0.762091994285583 ], [ 120.730964660644645, 0.76406192779541 ], [ 120.73862457275402, 0.767611145973262 ], [ 120.73968505859375, 0.768204271793365 ], [ 120.739875793457031, 0.76831096410757 ], [ 120.741424560546875, 0.769128322601318 ], [ 120.7423095703125, 0.769670188426971 ], [ 120.747123718261719, 0.772360265255088 ], [ 120.763061523437614, 0.783481538295746 ], [ 120.774475097656364, 0.788792371749992 ], [ 120.774749755859375, 0.788652837276572 ], [ 120.781326293945426, 0.786075830459595 ], [ 120.785385131836051, 0.787014067173118 ], [ 120.805488586425781, 0.781153440475578 ], [ 120.806053161621094, 0.78104442358017 ], [ 120.807495117187614, 0.779112696647644 ], [ 120.810897827148551, 0.774703025817871 ], [ 120.825119018554688, 0.770276784896907 ], [ 120.825065612792969, 0.758405745029563 ], [ 120.824844360351676, 0.757992744445744 ], [ 120.824844360351676, 0.756692349910793 ], [ 120.819320678711051, 0.747487783432007 ], [ 120.817161560058821, 0.743381023406982 ], [ 120.817169189453352, 0.741997420787811 ], [ 120.817771911621207, 0.724852621555385 ], [ 120.813873291015625, 0.718969583511296 ], [ 120.814804077148438, 0.714551508426666 ], [ 120.815139770507926, 0.713210225105286 ], [ 120.8218994140625, 0.708591699600333 ], [ 120.821937561035384, 0.708231508731899 ], [ 120.82199859619152, 0.708191275596675 ], [ 120.822593688964844, 0.702035307884216 ], [ 120.823013305664062, 0.698011994361877 ], [ 120.824317932128906, 0.696408033371029 ], [ 120.82938385009777, 0.690147221088523 ], [ 120.830116271972656, 0.689244508743286 ], [ 120.819412231445312, 0.684186160564423 ], [ 120.818756103515739, 0.683272659778652 ], [ 120.8182373046875, 0.68212050199503 ], [ 120.818832397460938, 0.678846478462219 ], [ 120.814620971679688, 0.675875544548035 ], [ 120.813987731933707, 0.676511347293967 ], [ 120.810714721679801, 0.677193820476646 ], [ 120.802947998046875, 0.677452623844204 ], [ 120.796997070312614, 0.679264485836029 ], [ 120.797294616699219, 0.676144242286796 ] ] ] ] } },
{ "type": "Feature", "properties": { "GID_0": "IDN", "NAME_0": "Indonesia", "GID_1": "IDN.27_1", "NAME_1": "Sulawesi Tengah", "GID_2": "IDN.27.11_1", "NAME_2": "Toli Toli", "GID_3": "IDN.27.11.2_1", "NAME_3": "Basidondo", "GID_4": "IDN.27.11.2.7_1", "NAME_4": "Sibaluton", "VARNAME_4": null, "TYPE_4": "Desa", "ENGTYPE_4": "Village", "CC_4": "7206032002" }, "geometry": { "type": "MultiPolygon", "coordinates": [ [ [ [ 120.666885375976676, 0.722758531570435 ], [ 120.666778564453125, 0.722577214241085 ], [ 120.666717529296989, 0.722457706928253 ], [ 120.66440582275402, 0.722166359424648 ], [ 120.662559509277344, 0.721592724323273 ], [ 120.65576171875, 0.717786908149776 ], [ 120.649444580078125, 0.717359542846793 ], [ 120.643241882324332, 0.717703282833156 ], [ 120.638839721679801, 0.716588914394379 ], [ 120.637100219726562, 0.71590381860733 ], [ 120.632644653320312, 0.711413443088645 ], [ 120.631271362304801, 0.709686815738735 ], [ 120.630218505859375, 0.708214581012783 ], [ 120.627143859863281, 0.697677433490753 ], [ 120.627006530761946, 0.697677373886165 ], [ 120.62686920166027, 0.697155416011924 ], [ 120.618881225585938, 0.697381138801575 ], [ 120.6177978515625, 0.697479665279388 ], [ 120.617500305175895, 0.697465956211204 ], [ 120.613258361816406, 0.697658061981201 ], [ 120.60540771484375, 0.695306122303009 ], [ 120.604125976562614, 0.694300889968815 ], [ 120.601089477539176, 0.691673457622642 ], [ 120.597190856933594, 0.687746584415436 ], [ 120.596115112304801, 0.686550438404197 ], [ 120.59177398681652, 0.68111389875412 ], [ 120.590011596679801, 0.678447127342224 ], [ 120.589759826660156, 0.678029716014862 ], [ 120.585792541503906, 0.6709379553796 ], [ 120.579376220703239, 0.668869316578025 ], [ 120.579391479492301, 0.668956756591797 ], [ 120.578254699707031, 0.676908791065216 ], [ 120.57354736328125, 0.678044855594749 ], [ 120.566734313965071, 0.6965190172196 ], [ 120.565246582031364, 0.707711279392299 ], [ 120.564079284668082, 0.722400009632054 ], [ 120.569030761718864, 0.736888110637722 ], [ 120.571250915527344, 0.742701232433376 ], [ 120.570968627929801, 0.750790834426994 ], [ 120.570991516113395, 0.753503561019897 ], [ 120.572967529296875, 0.754805326461792 ], [ 120.57437896728527, 0.755387961864471 ], [ 120.57437896728527, 0.753270208835715 ], [ 120.576011657714844, 0.752212226390952 ], [ 120.575668334960938, 0.750211894512177 ], [ 120.577186584472656, 0.749624490738029 ], [ 120.577415466308821, 0.750918805599326 ], [ 120.57859039306652, 0.750566482544002 ], [ 120.579872131347656, 0.751626133918819 ], [ 120.58349609375, 0.751157522201538 ], [ 120.586532592773438, 0.752335727214927 ], [ 120.587471008300781, 0.75045382976532 ], [ 120.59098052978527, 0.749867498874664 ], [ 120.592926025390739, 0.749324023723716 ], [ 120.59588623046875, 0.751046717166901 ], [ 120.596939086914176, 0.75340044498455 ], [ 120.5941162109375, 0.75619196891796 ], [ 120.591438293457031, 0.757044672966117 ], [ 120.591003417968864, 0.758057653904018 ], [ 120.592018127441406, 0.760949730873222 ], [ 120.592254638671875, 0.764339685440063 ], [ 120.588249206542969, 0.765224575996456 ], [ 120.58524322509777, 0.764806330204124 ], [ 120.583694458007812, 0.766788184642905 ], [ 120.579391479492301, 0.767990529537315 ], [ 120.582023620605582, 0.770100355148429 ], [ 120.57975006103527, 0.770942389965057 ], [ 120.578910827636719, 0.77323096990591 ], [ 120.577835083007926, 0.768953442573547 ], [ 120.576065063476562, 0.767709374427795 ], [ 120.574424743652457, 0.768228650093135 ], [ 120.573883056640625, 0.769613802433128 ], [ 120.575614929199219, 0.774072468280849 ], [ 120.576202392578125, 0.773716390132904 ], [ 120.576576232910156, 0.774795830249786 ], [ 120.576118469238395, 0.776095867157039 ], [ 120.580520629882926, 0.779677450656891 ], [ 120.58351135253929, 0.783052563667297 ], [ 120.586151123046875, 0.786795020103568 ], [ 120.587783813476676, 0.78572005033493 ], [ 120.599960327148551, 0.777521431446075 ], [ 120.611869812011719, 0.770331621170044 ], [ 120.612716674804801, 0.771579623222294 ], [ 120.617568969726562, 0.777971088886261 ], [ 120.626220703125, 0.777298808097839 ], [ 120.630668640136832, 0.776781558990479 ], [ 120.63217926025402, 0.775605916976872 ], [ 120.638130187988395, 0.770963430404663 ], [ 120.640106201171875, 0.769504666328544 ], [ 120.64013671875, 0.769398689270133 ], [ 120.64347076416027, 0.759226739406529 ], [ 120.644256591796875, 0.75883507728588 ], [ 120.648178100586165, 0.758047461509705 ], [ 120.648262023925781, 0.758002340793666 ], [ 120.649093627929688, 0.758059024810791 ], [ 120.655616760254134, 0.754159510135707 ], [ 120.657592773437614, 0.757962048053855 ], [ 120.656539916992188, 0.753873944282589 ], [ 120.657333374023665, 0.751884818077144 ], [ 120.65811920166027, 0.750486016273555 ], [ 120.659263610839957, 0.742673277855033 ], [ 120.661720275879134, 0.73682892322546 ], [ 120.66412353515625, 0.733128905296439 ], [ 120.664627075195426, 0.73192214965826 ], [ 120.665885925292969, 0.729807615280265 ], [ 120.666938781738395, 0.727839529514426 ], [ 120.66770172119152, 0.726990759372768 ], [ 120.66796875, 0.725918650627193 ], [ 120.668304443359375, 0.725286483764705 ], [ 120.666885375976676, 0.722758531570435 ] ] ] ] } },
{ "type": "Feature", "properties": { "GID_0": "IDN", "NAME_0": "Indonesia", "GID_1": "IDN.27_1", "NAME_1": "Sulawesi Tengah", "GID_2": "IDN.27.11_1", "NAME_2": "Toli Toli", "GID_3": "IDN.27.11.2_1", "NAME_3": "Basidondo", "GID_4": "IDN.27.11.2.8_1", "NAME_4": "Silondou", "VARNAME_4": null, "TYPE_4": "Desa", "ENGTYPE_4": "Village", "CC_4": "7206032004" }, "geometry": { "type": "MultiPolygon", "coordinates": [ [ [ [ 120.774749755859375, 0.788652837276572 ], [ 120.774475097656364, 0.788792371749992 ], [ 120.763061523437614, 0.783481538295746 ], [ 120.747123718261719, 0.772360265255088 ], [ 120.7423095703125, 0.769670188426971 ], [ 120.741424560546875, 0.769128322601318 ], [ 120.739875793457031, 0.76831096410757 ], [ 120.73968505859375, 0.768204271793365 ], [ 120.733566284179688, 0.777674913406372 ], [ 120.730712890625, 0.781732976436672 ], [ 120.730644226074332, 0.781843662261963 ], [ 120.729141235351562, 0.783787429332847 ], [ 120.7239990234375, 0.791703045368195 ], [ 120.720466613769759, 0.794591844081879 ], [ 120.715980529785156, 0.797989010810909 ], [ 120.714874267578125, 0.798544585704917 ], [ 120.714103698730469, 0.798544704914093 ], [ 120.711868286132812, 0.801108419895229 ], [ 120.71197509765625, 0.801108360290641 ], [ 120.712203979492188, 0.801378846168575 ], [ 120.712692260742301, 0.801514029502982 ], [ 120.712753295898438, 0.80144190788269 ], [ 120.712837219238509, 0.801476359367371 ], [ 120.712913513183594, 0.801255643367767 ], [ 120.712959289550781, 0.801198363304195 ], [ 120.713363647460938, 0.800702333450374 ], [ 120.713768005371094, 0.800521910190582 ], [ 120.713722229003906, 0.800792455673331 ], [ 120.713821411132926, 0.800997614860535 ], [ 120.713813781738395, 0.801085352897644 ], [ 120.713981628418196, 0.801319122314453 ], [ 120.714035034179801, 0.801423609256744 ], [ 120.714103698730469, 0.801476120948848 ], [ 120.71439361572277, 0.801964640617427 ], [ 120.714004516601676, 0.802257835865078 ], [ 120.713813781738395, 0.802453279495239 ], [ 120.713859558105582, 0.802866458892822 ], [ 120.713905334472656, 0.802941858768463 ], [ 120.714080810546875, 0.802956581115723 ], [ 120.71453857421875, 0.802997946739197 ], [ 120.714599609375114, 0.803080439567566 ], [ 120.71466064453125, 0.803272068500576 ], [ 120.714889526367188, 0.803497493267059 ], [ 120.715019226074219, 0.803632676601467 ], [ 120.715469360351562, 0.803677737712917 ], [ 120.716232299804688, 0.803407073020992 ], [ 120.716812133789062, 0.803181529045162 ], [ 120.71697998046875, 0.803134381771144 ], [ 120.717185974121094, 0.803258061409053 ], [ 120.717231750488395, 0.80340617895132 ], [ 120.7169189453125, 0.803723037242889 ], [ 120.716720581054801, 0.803918480873108 ], [ 120.716789245605469, 0.804198026657104 ], [ 120.716590881347656, 0.804489076137656 ], [ 120.716636657714844, 0.804759621620178 ], [ 120.717170715332031, 0.804984927177486 ], [ 120.717498779296875, 0.804993212223053 ], [ 120.717620849609489, 0.804984867572898 ], [ 120.717903137207031, 0.804700016975403 ], [ 120.718177795410384, 0.804699957370815 ], [ 120.71826171875, 0.804614484310207 ], [ 120.718559265136946, 0.804443657398281 ], [ 120.71878814697277, 0.804533779621238 ], [ 120.719146728515739, 0.804623901844138 ], [ 120.719856262207031, 0.804353237152043 ], [ 120.719978332519531, 0.804233610630035 ], [ 120.720115661621207, 0.804164171218815 ], [ 120.720443725585938, 0.804127693176383 ], [ 120.720932006835938, 0.804127633571625 ], [ 120.721435546875114, 0.803860366344452 ], [ 120.721565246582031, 0.80381190776825 ], [ 120.721694946289062, 0.803947150707245 ], [ 120.721786499023438, 0.804262697696686 ], [ 120.721565246582031, 0.804623484611511 ], [ 120.721542358398438, 0.804835438728333 ], [ 120.721527099609375, 0.804931282997188 ], [ 120.721519470214844, 0.805029273033199 ], [ 120.721519470214844, 0.805254697799683 ], [ 120.721801757812727, 0.805136203765926 ], [ 120.721870422363395, 0.805187880992833 ], [ 120.722259521484375, 0.805090069770813 ], [ 120.72235107421875, 0.804601490497589 ], [ 120.722160339355469, 0.804112970829124 ], [ 120.722335815429688, 0.803661167621669 ], [ 120.722618103027457, 0.803557395935115 ], [ 120.722770690918082, 0.803572595119419 ], [ 120.722862243652344, 0.803901851177216 ], [ 120.72308349609375, 0.804307579994202 ], [ 120.723175048828239, 0.804533004760856 ], [ 120.723442077636719, 0.804578065872306 ], [ 120.723793029785156, 0.804545700550193 ], [ 120.723907470703239, 0.804601192474479 ], [ 120.724197387695312, 0.804698884487152 ], [ 120.723991394042969, 0.80483520030981 ], [ 120.72370910644554, 0.804938673973197 ], [ 120.723442077636719, 0.805118620395774 ], [ 120.723030090332031, 0.80518764257431 ], [ 120.723007202148551, 0.805260479450226 ], [ 120.72281646728527, 0.805389702320156 ], [ 120.722908020019531, 0.805660247802678 ], [ 120.722908020019531, 0.805795490741843 ], [ 120.723129272461165, 0.80588561296463 ], [ 120.723533630371207, 0.805795371532497 ], [ 120.723861694335938, 0.805696487426815 ], [ 120.72415924072277, 0.805840373039189 ], [ 120.724227905273438, 0.806110322475547 ], [ 120.72409820556652, 0.80655544996273 ], [ 120.724250793457031, 0.806742072105351 ], [ 120.724319458007926, 0.806778848171291 ], [ 120.724586486816406, 0.807043910026607 ], [ 120.72507476806652, 0.806359827518463 ], [ 120.72507476806652, 0.806131720543021 ], [ 120.72507476806652, 0.805962800979728 ], [ 120.72507476806652, 0.805689215660152 ], [ 120.725616455078352, 0.805310964584351 ], [ 120.726097106933594, 0.805590212345066 ], [ 120.725753784179688, 0.805871129036063 ], [ 120.725364685058594, 0.806262075900975 ], [ 120.725456237793082, 0.806426227092857 ], [ 120.725761413574219, 0.806924402713776 ], [ 120.725845336914176, 0.80742156505579 ], [ 120.725837707519645, 0.807509899139518 ], [ 120.725753784179688, 0.808020830154533 ], [ 120.72541809082054, 0.808274149894828 ], [ 120.72523498535179, 0.808365046978111 ], [ 120.725364685058594, 0.808607161045188 ], [ 120.72541809082054, 0.808680593967495 ], [ 120.725776672363281, 0.808590352535248 ], [ 120.726127624511719, 0.808455049991665 ], [ 120.726432800293082, 0.808411538600922 ], [ 120.726722717285156, 0.808411538600922 ], [ 120.726875305175781, 0.808664321899357 ], [ 120.726982116699332, 0.808950841426963 ], [ 120.727096557617188, 0.80892151594162 ], [ 120.727401733398551, 0.808997690677643 ], [ 120.727333068847884, 0.808862209320125 ], [ 120.727195739746207, 0.80857348442089 ], [ 120.727012634277457, 0.80792289972311 ], [ 120.727027893066406, 0.807643294334468 ], [ 120.727699279785156, 0.807598114013672 ], [ 120.727920532226676, 0.808048903942051 ], [ 120.727966308593864, 0.808905541896763 ], [ 120.728271484375, 0.808899819851035 ], [ 120.728569030761719, 0.808602213859615 ], [ 120.728713989257926, 0.808500111103115 ], [ 120.729064941406364, 0.808441877365112 ], [ 120.729179382324219, 0.808499574661312 ], [ 120.729087829589957, 0.808860301971549 ], [ 120.72882080078125, 0.809085786342621 ], [ 120.728729248046989, 0.809266149997654 ], [ 120.728507995605582, 0.809626877307892 ], [ 120.728866577148551, 0.809852242469844 ], [ 120.729446411132926, 0.810370266437531 ], [ 120.729537963867188, 0.81046295166027 ], [ 120.729446411132926, 0.809379518032074 ], [ 120.729507446289062, 0.809323370456809 ], [ 120.729850769043082, 0.809130668640137 ], [ 120.729949951171875, 0.808731198310795 ], [ 120.730026245117301, 0.808606326580104 ], [ 120.730422973632926, 0.808766484260616 ], [ 120.73065185546875, 0.808950185775757 ], [ 120.730972290039176, 0.809355914592743 ], [ 120.731292724609375, 0.809258401393947 ], [ 120.731330871582259, 0.809445977211055 ], [ 120.731552124023551, 0.809716463089046 ], [ 120.732398986816406, 0.809716343879643 ], [ 120.73286437988304, 0.809680640697593 ], [ 120.7330322265625, 0.809680640697593 ], [ 120.733406066894531, 0.809380412101802 ], [ 120.733566284179688, 0.809445619583187 ], [ 120.733665466308707, 0.809806525707359 ], [ 120.73325347900402, 0.810053825378418 ], [ 120.733161926269531, 0.810076892375946 ], [ 120.733207702636719, 0.810753166675624 ], [ 120.733749389648438, 0.810663998126984 ], [ 120.733749389648438, 0.810884594917241 ], [ 120.733421325683594, 0.811048567295188 ], [ 120.733474731445426, 0.811158895492611 ], [ 120.733787536621094, 0.811654806137028 ], [ 120.733901977539062, 0.811634719371909 ], [ 120.734359741210938, 0.811330437660274 ], [ 120.734504699707031, 0.811248898506165 ], [ 120.734451293945426, 0.811169981956596 ], [ 120.734329223632812, 0.810927331447658 ], [ 120.73492431640625, 0.810852825641689 ], [ 120.735000610351676, 0.810852825641689 ], [ 120.734909057617188, 0.811339020729065 ], [ 120.735267639160156, 0.811789810657501 ], [ 120.735687255859375, 0.812089145183563 ], [ 120.735847473144531, 0.812220633029938 ], [ 120.735946655273551, 0.812269508838767 ], [ 120.736030578613281, 0.812330722808838 ], [ 120.736839294433594, 0.812060058116913 ], [ 120.736839294433594, 0.812195301055908 ], [ 120.737106323242301, 0.812330484390316 ], [ 120.737556457519531, 0.812375485897178 ], [ 120.737686157226676, 0.812781274318695 ], [ 120.737930297851562, 0.812708854675293 ], [ 120.738121032714844, 0.812708795070705 ], [ 120.73760986328125, 0.812082648277226 ], [ 120.737510681152457, 0.811949014663753 ], [ 120.737556457519531, 0.811789393425045 ], [ 120.73773193359375, 0.811518847942466 ], [ 120.737869262695426, 0.811608970165253 ], [ 120.738090515136719, 0.812014698982352 ], [ 120.738761901855469, 0.81184279918682 ], [ 120.738739013671875, 0.812176525592747 ], [ 120.738723754882812, 0.812442600727138 ], [ 120.738716125488281, 0.812555670738277 ], [ 120.7392578125, 0.812671661377067 ], [ 120.739341735840071, 0.812708556652183 ], [ 120.739372253418082, 0.812781155109519 ], [ 120.739501953125, 0.813239574432487 ], [ 120.739051818847656, 0.813783466816062 ], [ 120.73907470703125, 0.813863098621368 ], [ 120.739265441894531, 0.813929975032806 ], [ 120.739402770996207, 0.814149916172084 ], [ 120.739471435546875, 0.814320504665432 ], [ 120.739433288574219, 0.814494252205009 ], [ 120.739570617675895, 0.81480979919445 ], [ 120.739723205566634, 0.814899682998657 ], [ 120.739830017089844, 0.815053582191581 ], [ 120.738845825195426, 0.817292690277213 ], [ 120.735923767089957, 0.823937952518463 ], [ 120.73636627197277, 0.824003517627716 ], [ 120.744308471679915, 0.827796995639801 ], [ 120.746223449707145, 0.828708887100277 ], [ 120.749595642089844, 0.829897761345023 ], [ 120.752914428711051, 0.830793261528015 ], [ 120.753654479980696, 0.830971956253165 ], [ 120.753768920898438, 0.83107960224163 ], [ 120.755142211914062, 0.831539690494651 ], [ 120.757316589355582, 0.830415248870906 ], [ 120.758331298828125, 0.829891622066611 ], [ 120.758659362793082, 0.828632056713104 ], [ 120.758857727050895, 0.827459454536495 ], [ 120.762344360351562, 0.825593292713165 ], [ 120.762832641601676, 0.823775887489376 ], [ 120.764389038086051, 0.818859755993003 ], [ 120.764503479003906, 0.818732023239193 ], [ 120.767074584961051, 0.817686855793056 ], [ 120.767776489257926, 0.816227793693656 ], [ 120.767967224121207, 0.815931797027588 ], [ 120.76914215087902, 0.815243482589779 ], [ 120.76983642578125, 0.814653515815849 ], [ 120.770774841308594, 0.814033567905426 ], [ 120.771469116210938, 0.813777387142238 ], [ 120.772148132324446, 0.813484072685242 ], [ 120.775253295898551, 0.809672713279724 ], [ 120.775451660156364, 0.809369683265686 ], [ 120.774856567382926, 0.808018386364097 ], [ 120.774574279785156, 0.806839227676448 ], [ 120.774482727050895, 0.806741535663718 ], [ 120.776321411132812, 0.804396092891807 ], [ 120.777633666992188, 0.802079796791134 ], [ 120.778282165527457, 0.801227271556911 ], [ 120.77880859375, 0.798654139042014 ], [ 120.78033447265625, 0.798398554325217 ], [ 120.782341003417969, 0.798239111900443 ], [ 120.781944274902457, 0.797421813011283 ], [ 120.781806945800781, 0.794843316078129 ], [ 120.780021667480582, 0.792403161525783 ], [ 120.779266357421989, 0.791863858699912 ], [ 120.779083251953239, 0.791730463504734 ], [ 120.774749755859375, 0.788652837276572 ] ] ] ] } },
{ "type": "Feature", "properties": { "GID_0": "IDN", "NAME_0": "Indonesia", "GID_1": "IDN.27_1", "NAME_1": "Sulawesi Tengah", "GID_2": "IDN.27.11_1", "NAME_2": "Toli Toli", "GID_3": "IDN.27.11.3_1", "NAME_3": "Dako Pamean", "GID_4": "IDN.27.11.3.1_1", "NAME_4": "Dungingis", "VARNAME_4": null, "TYPE_4": "Desa", "ENGTYPE_4": "Village", "CC_4": "7206061002" }, "geometry": { "type": "MultiPolygon", "coordinates": [ [ [ [ 120.816909790039062, 1.240891456604004 ], [ 120.816940307617188, 1.245699644088802 ], [ 120.818222045898438, 1.247880697250366 ], [ 120.818717956543082, 1.24996292591095 ], [ 120.819602966308594, 1.253730773925895 ], [ 120.819999694824219, 1.256705522537231 ], [ 120.818916320800895, 1.258193254470939 ], [ 120.818321228027457, 1.258887529373226 ], [ 120.813400268554801, 1.258336901664848 ], [ 120.808372497558594, 1.262559652328434 ], [ 120.808250427246207, 1.266694784164542 ], [ 120.810150146484489, 1.271086931228695 ], [ 120.811141967773438, 1.278245329856873 ], [ 120.81195068359375, 1.278155326843319 ], [ 120.812721252441406, 1.277848482132072 ], [ 120.816848754882926, 1.276362895965633 ], [ 120.81760406494152, 1.275994300842285 ], [ 120.82578277587902, 1.274939417839107 ], [ 120.832901000976562, 1.274016261100883 ], [ 120.842926025390739, 1.272962808609066 ], [ 120.84515380859375, 1.272583961486873 ], [ 120.848861694336051, 1.271507740020752 ], [ 120.851234436035156, 1.271907925605888 ], [ 120.852424621582031, 1.271908879280204 ], [ 120.85809326171875, 1.270719051361141 ], [ 120.858474731445312, 1.270685911178646 ], [ 120.860633850097656, 1.270117044448909 ], [ 120.863021850585938, 1.270287871360836 ], [ 120.863998413085938, 1.270288705825749 ], [ 120.864921569824332, 1.270239949226493 ], [ 120.868133544921989, 1.270563840866203 ], [ 120.870124816894531, 1.270737290382442 ], [ 120.87255859375, 1.270817518234367 ], [ 120.873214721679688, 1.27086687088007 ], [ 120.874305725097656, 1.270903944969291 ], [ 120.880912780761832, 1.271534442901554 ], [ 120.885467529296989, 1.269628286361751 ], [ 120.88700103759777, 1.268898844719047 ], [ 120.887245178222656, 1.268884778022766 ], [ 120.887542724609602, 1.268918991088924 ], [ 120.896354675293082, 1.269245624542179 ], [ 120.89794921875, 1.269421219825745 ], [ 120.906509399414062, 1.268835425376892 ], [ 120.921073913574219, 1.269952774047908 ], [ 120.925025939941406, 1.268773317337093 ], [ 120.927871704101562, 1.268571734428519 ], [ 120.944313049316406, 1.267405986785946 ], [ 120.9527587890625, 1.266539335250854 ], [ 120.956634521484489, 1.266337633132935 ], [ 120.969673156738281, 1.264798521995544 ], [ 120.9698486328125, 1.264778494835014 ], [ 120.969871520996094, 1.264867544174251 ], [ 120.970504760742188, 1.265188097953853 ], [ 120.970504760742188, 1.264578700065613 ], [ 120.970512390136946, 1.255431771278438 ], [ 120.969703674316406, 1.252359986305237 ], [ 120.966239929199219, 1.241618871688786 ], [ 120.966606140136719, 1.239427566528377 ], [ 120.967582702636719, 1.233624577522221 ], [ 120.967582702636719, 1.232099056243896 ], [ 120.96784973144554, 1.232017040252742 ], [ 120.967918395996207, 1.231620311737061 ], [ 120.960189819335938, 1.232505917549247 ], [ 120.950637817382812, 1.233805537223873 ], [ 120.950546264648551, 1.233801007270927 ], [ 120.949958801269645, 1.233759164810238 ], [ 120.942474365234602, 1.233251214027462 ], [ 120.934333801269645, 1.234914779663086 ], [ 120.926605224609375, 1.235900163650513 ], [ 120.924217224121207, 1.235841035842952 ], [ 120.91965484619152, 1.235766768455505 ], [ 120.916107177734375, 1.236007571220455 ], [ 120.911521911621094, 1.23637664318079 ], [ 120.909896850586051, 1.236519694328251 ], [ 120.908317565917969, 1.236732363700867 ], [ 120.901618957519531, 1.23768055439001 ], [ 120.891769409179801, 1.238977313041801 ], [ 120.890800476074332, 1.23906862735754 ], [ 120.881477355957145, 1.239977836608887 ], [ 120.873893737792969, 1.241227388382072 ], [ 120.865425109863509, 1.242999911308345 ], [ 120.862899780273438, 1.243040680885429 ], [ 120.85772705078125, 1.243187427520866 ], [ 120.852210998535156, 1.243692636489925 ], [ 120.848609924316406, 1.244029641151428 ], [ 120.848480224609489, 1.244010925293082 ], [ 120.848083496093864, 1.243615031242371 ], [ 120.847198486328125, 1.242915630340576 ], [ 120.845558166503906, 1.24257409572607 ], [ 120.843673706054915, 1.241071581840515 ], [ 120.841011047363509, 1.23963475227356 ], [ 120.838279724121094, 1.236760139465332 ], [ 120.834320068359375, 1.235911846160889 ], [ 120.828414916992415, 1.235913634300346 ], [ 120.825912475585938, 1.236953973770198 ], [ 120.825370788574446, 1.237190127372799 ], [ 120.824874877929688, 1.237483143806514 ], [ 120.822441101074219, 1.23898708820343 ], [ 120.820663452148551, 1.24053680896759 ], [ 120.820426940918082, 1.240752220153922 ], [ 120.819450378418196, 1.241275310516414 ], [ 120.818412780761719, 1.241863846778983 ], [ 120.817039489746207, 1.240974307060299 ], [ 120.816909790039062, 1.240891456604004 ] ] ] ] } },
{ "type": "Feature", "properties": { "GID_0": "IDN", "NAME_0": "Indonesia", "GID_1": "IDN.27_1", "NAME_1": "Sulawesi Tengah", "GID_2": "IDN.27.11_1", "NAME_2": "Toli Toli", "GID_3": "IDN.27.11.3_1", "NAME_3": "Dako Pamean", "GID_4": "IDN.27.11.3.2_1", "NAME_4": "Galumpang", "VARNAME_4": null, "TYPE_4": "Desa", "ENGTYPE_4": "Village", "CC_4": "7206061001" }, "geometry": { "type": "MultiPolygon", "coordinates": [ [ [ [ 121.00009918212902, 1.227197408676204 ], [ 121.000038146972656, 1.227033495903072 ], [ 121.000816345214844, 1.22196984291088 ], [ 120.99991607666027, 1.217353224754333 ], [ 120.999481201171875, 1.214236140251273 ], [ 120.999336242675895, 1.21347987651825 ], [ 120.998870849609375, 1.209845066070557 ], [ 120.996444702148438, 1.192480683326778 ], [ 120.992408752441406, 1.183010697364807 ], [ 120.991691589355696, 1.183371067047176 ], [ 120.9910888671875, 1.183267951011658 ], [ 120.990768432617301, 1.183412313461304 ], [ 120.989570617675781, 1.183089852333069 ], [ 120.988693237304801, 1.18285429477703 ], [ 120.982994079589844, 1.181870460510368 ], [ 120.98211669921875, 1.182086825370789 ], [ 120.981086730957031, 1.181967496872062 ], [ 120.976150512695312, 1.183064103126583 ], [ 120.971946716308594, 1.181719779968375 ], [ 120.967994689941406, 1.183640241622982 ], [ 120.962188720703239, 1.184050798416138 ], [ 120.961456298828125, 1.183778524398747 ], [ 120.9609375, 1.183786988258419 ], [ 120.960723876953125, 1.183506965637321 ], [ 120.957771301269645, 1.182410836219901 ], [ 120.954368591308707, 1.18287372589117 ], [ 120.95395660400402, 1.182997465133667 ], [ 120.953483581542969, 1.182994008064384 ], [ 120.95172119140625, 1.18323290348053 ], [ 120.936431884765739, 1.182037591934261 ], [ 120.934432983398438, 1.18229436874384 ], [ 120.929649353027344, 1.18070459365839 ], [ 120.924530029296875, 1.179681062698364 ], [ 120.921035766601562, 1.178035616874638 ], [ 120.920196533203239, 1.177978277206535 ], [ 120.918655395507926, 1.177378892898673 ], [ 120.918418884277344, 1.177949786186332 ], [ 120.91831207275402, 1.180193781852779 ], [ 120.917167663574332, 1.1809197664262 ], [ 120.916847229003906, 1.181673049926815 ], [ 120.916526794433594, 1.183187961578426 ], [ 120.917037963867188, 1.184505820274353 ], [ 120.917228698730469, 1.184999108314457 ], [ 120.91741943359375, 1.185481667518616 ], [ 120.916427612304688, 1.186330914497489 ], [ 120.915794372558707, 1.18737864494318 ], [ 120.914505004882926, 1.188680648803825 ], [ 120.913375854492188, 1.189359545707703 ], [ 120.91291809082054, 1.189346313476562 ], [ 120.912849426269531, 1.189404845237846 ], [ 120.905998229980469, 1.18930375576025 ], [ 120.902359008789062, 1.190452694892883 ], [ 120.902191162109375, 1.190529823303223 ], [ 120.900932312011832, 1.191332697868461 ], [ 120.900093078613281, 1.191275477409306 ], [ 120.893783569335938, 1.193298816680908 ], [ 120.89353179931652, 1.193412423133907 ], [ 120.892982482910156, 1.19473659992218 ], [ 120.892944335937614, 1.194952011108512 ], [ 120.892799377441406, 1.195188641548214 ], [ 120.892387390136832, 1.196188807487601 ], [ 120.889434814453125, 1.198006153106633 ], [ 120.884292602539062, 1.202407598495597 ], [ 120.8812255859375, 1.205486178398246 ], [ 120.881660461425895, 1.207307577133179 ], [ 120.882286071777344, 1.209014177322388 ], [ 120.882110595703125, 1.209209442138786 ], [ 120.882179260253906, 1.209502100944576 ], [ 120.881614685058594, 1.209753870964164 ], [ 120.880760192871094, 1.21069431304943 ], [ 120.880546569824332, 1.211086869239864 ], [ 120.880424499511719, 1.211061596870422 ], [ 120.880287170410156, 1.211215376854 ], [ 120.87908935546875, 1.211127996444759 ], [ 120.87872314453125, 1.211379408836478 ], [ 120.878250122070426, 1.21190166473383 ], [ 120.877281188964957, 1.21380341053009 ], [ 120.87558746337902, 1.214991688728389 ], [ 120.87542724609375, 1.215035200118962 ], [ 120.875335693359602, 1.215137958526611 ], [ 120.874168395996094, 1.215377092361507 ], [ 120.87058258056652, 1.216347217559814 ], [ 120.870208740234489, 1.216185212135429 ], [ 120.868392944335938, 1.215524554252738 ], [ 120.866592407226676, 1.215358138084412 ], [ 120.866096496582031, 1.215472817421016 ], [ 120.861534118652344, 1.22183084487915 ], [ 120.860656738281477, 1.222270965576172 ], [ 120.860557556152344, 1.222400426864624 ], [ 120.859207153320312, 1.223135709762687 ], [ 120.859100341796875, 1.222803354263249 ], [ 120.856330871582145, 1.219560980796871 ], [ 120.855895996093864, 1.219364643096981 ], [ 120.851264953613281, 1.217512965202388 ], [ 120.850318908691406, 1.216861128807068 ], [ 120.849136352539062, 1.216330051422119 ], [ 120.846549987793082, 1.214345455169621 ], [ 120.844451904296989, 1.213302135467529 ], [ 120.842674255371094, 1.212529659271297 ], [ 120.841484069824219, 1.212528705596981 ], [ 120.841171264648438, 1.212537765502873 ], [ 120.838027954101676, 1.213144063949699 ], [ 120.837425231933707, 1.213171839714164 ], [ 120.836479187011832, 1.213431000709591 ], [ 120.833541870117188, 1.215525507926998 ], [ 120.833473205566406, 1.215583324432373 ], [ 120.833328247070312, 1.215563535690364 ], [ 120.83197021484375, 1.215806484222412 ], [ 120.8262939453125, 1.214725613594055 ], [ 120.824935913085938, 1.215460896492061 ], [ 120.822578430175895, 1.216025471687374 ], [ 120.817451477050781, 1.216701030731258 ], [ 120.815132141113395, 1.214163780212459 ], [ 120.81463623046875, 1.214035749435538 ], [ 120.8148193359375, 1.213818550109977 ], [ 120.81439208984375, 1.213348269462642 ], [ 120.811904907226562, 1.21595287322998 ], [ 120.810585021972656, 1.218111515045166 ], [ 120.810333251953239, 1.219324827194214 ], [ 120.810234069824219, 1.220316410064811 ], [ 120.810333251953239, 1.221506357192993 ], [ 120.810531616211051, 1.223092794418335 ], [ 120.810920715332145, 1.224084377288875 ], [ 120.811645507812614, 1.22575938701641 ], [ 120.812103271484375, 1.227554559707642 ], [ 120.813781738281364, 1.232908844947872 ], [ 120.81681060791027, 1.240831255912838 ], [ 120.816909790039062, 1.240891456604004 ], [ 120.817039489746207, 1.240974307060299 ], [ 120.818412780761719, 1.241863846778983 ], [ 120.819450378418196, 1.241275310516414 ], [ 120.820426940918082, 1.240752220153922 ], [ 120.820663452148551, 1.24053680896759 ], [ 120.822441101074219, 1.23898708820343 ], [ 120.824874877929688, 1.237483143806514 ], [ 120.825370788574446, 1.237190127372799 ], [ 120.825912475585938, 1.236953973770198 ], [ 120.828414916992415, 1.235913634300346 ], [ 120.834320068359375, 1.235911846160889 ], [ 120.838279724121094, 1.236760139465332 ], [ 120.841011047363509, 1.23963475227356 ], [ 120.843673706054915, 1.241071581840515 ], [ 120.845558166503906, 1.24257409572607 ], [ 120.847198486328125, 1.242915630340576 ], [ 120.848083496093864, 1.243615031242371 ], [ 120.848480224609489, 1.244010925293082 ], [ 120.848609924316406, 1.244029641151428 ], [ 120.852210998535156, 1.243692636489925 ], [ 120.85772705078125, 1.243187427520866 ], [ 120.862899780273438, 1.243040680885429 ], [ 120.865425109863509, 1.242999911308345 ], [ 120.873893737792969, 1.241227388382072 ], [ 120.881477355957145, 1.239977836608887 ], [ 120.890800476074332, 1.23906862735754 ], [ 120.891769409179801, 1.238977313041801 ], [ 120.901618957519531, 1.23768055439001 ], [ 120.908317565917969, 1.236732363700867 ], [ 120.909896850586051, 1.236519694328251 ], [ 120.911521911621094, 1.23637664318079 ], [ 120.916107177734375, 1.236007571220455 ], [ 120.91965484619152, 1.235766768455505 ], [ 120.924217224121207, 1.235841035842952 ], [ 120.926605224609375, 1.235900163650513 ], [ 120.934333801269645, 1.234914779663086 ], [ 120.942474365234602, 1.233251214027462 ], [ 120.949958801269645, 1.233759164810238 ], [ 120.950546264648551, 1.233801007270927 ], [ 120.950637817382812, 1.233805537223873 ], [ 120.960189819335938, 1.232505917549247 ], [ 120.967918395996207, 1.231620311737061 ], [ 120.968048095703239, 1.231605172157344 ], [ 120.97666168212902, 1.231611847877616 ], [ 120.981216430664176, 1.230828166007996 ], [ 120.983551025390739, 1.230714559555054 ], [ 120.988998413085938, 1.230266213417053 ], [ 121.00009918212902, 1.227197408676204 ] ] ] ] } },
{ "type": "Feature", "properties": { "GID_0": "IDN", "NAME_0": "Indonesia", "GID_1": "IDN.27_1", "NAME_1": "Sulawesi Tengah", "GID_2": "IDN.27.11_1", "NAME_2": "Toli Toli", "GID_3": "IDN.27.11.3_1", "NAME_3": "Dako Pamean", "GID_4": "IDN.27.11.3.3_1", "NAME_4": "Kapas", "VARNAME_4": null, "TYPE_4": "Desa", "ENGTYPE_4": "Village", "CC_4": "7206061003" }, "geometry": { "type": "MultiPolygon", "coordinates": [ [ [ [ 120.789916992187614, 1.333404779434204 ], [ 120.790199279785156, 1.335952162742558 ], [ 120.79300689697277, 1.334818959236259 ], [ 120.791603088379134, 1.332271933555603 ], [ 120.789916992187614, 1.333404779434204 ] ] ], [ [ [ 120.81195068359375, 1.278155326843319 ], [ 120.811019897460938, 1.278526186943054 ], [ 120.811210632324219, 1.280972123146171 ], [ 120.811531066894531, 1.281628608703613 ], [ 120.812202453613509, 1.281509876251334 ], [ 120.812637329101676, 1.281052947044486 ], [ 120.812973022461165, 1.280774831771794 ], [ 120.8138427734375, 1.280596613884086 ], [ 120.814254760742188, 1.280954837799129 ], [ 120.815422058105469, 1.280518412590084 ], [ 120.816192626953125, 1.280499219894523 ], [ 120.816940307617188, 1.28083789348608 ], [ 120.817474365234375, 1.281037211418209 ], [ 120.817710876464844, 1.281097054481506 ], [ 120.81787109375, 1.281793117523193 ], [ 120.818367004394645, 1.28280770778656 ], [ 120.818778991699219, 1.283364772796688 ], [ 120.819236755371094, 1.283583879470825 ], [ 120.819747924804688, 1.283445239067134 ], [ 120.820182800292969, 1.283127427101192 ], [ 120.820457458496207, 1.283227086067257 ], [ 120.820434570312614, 1.284559369087333 ], [ 120.819900512695426, 1.285612702369804 ], [ 120.819625854492188, 1.28674590587616 ], [ 120.819923400878906, 1.287760257720947 ], [ 120.820610046386832, 1.288258075714168 ], [ 120.820037841796989, 1.290325522422791 ], [ 120.820335388183594, 1.290803074836731 ], [ 120.821159362792969, 1.290962815284843 ], [ 120.821556091308821, 1.292076706886348 ], [ 120.821594238281364, 1.293886184692326 ], [ 120.820861816406364, 1.29444241523754 ], [ 120.8209228515625, 1.295237779617366 ], [ 120.820587158203125, 1.295754551887512 ], [ 120.819877624511832, 1.295714139938354 ], [ 120.816375732421875, 1.297958016395626 ], [ 120.815727233886719, 1.297798395156917 ], [ 120.814956665039062, 1.29783749580389 ], [ 120.814559936523551, 1.297976374626273 ], [ 120.813629150390625, 1.298472642898616 ], [ 120.81259918212902, 1.298372387886161 ], [ 120.811378479003906, 1.299623966217098 ], [ 120.810981750488281, 1.300916194915885 ], [ 120.810562133789176, 1.303958177566585 ], [ 120.810813903808594, 1.306682586670036 ], [ 120.810775756835938, 1.307159781456107 ], [ 120.810478210449219, 1.307636737823486 ], [ 120.810005187988281, 1.307795405387935 ], [ 120.809669494628906, 1.308272242546138 ], [ 120.80963134765625, 1.309306263923645 ], [ 120.809669494628906, 1.310022115707511 ], [ 120.809783935546989, 1.311215281486511 ], [ 120.810005187988281, 1.312329053878841 ], [ 120.809707641601562, 1.31244802474987 ], [ 120.809722900390852, 1.312746405601615 ], [ 120.809349060058821, 1.31324315071106 ], [ 120.809013366699332, 1.313541173934937 ], [ 120.809051513671875, 1.313859343528861 ], [ 120.809028625488395, 1.314594984054622 ], [ 120.80926513671875, 1.315148115158195 ], [ 120.809089660644531, 1.316205739975089 ], [ 120.809303283691406, 1.316702961921692 ], [ 120.809288024902344, 1.317398905754033 ], [ 120.808494567871094, 1.317696571350211 ], [ 120.808570861816406, 1.318213582038879 ], [ 120.808433532714957, 1.318412303924617 ], [ 120.808219909668082, 1.318451881408805 ], [ 120.807701110839957, 1.318630337715263 ], [ 120.807426452636719, 1.319246530532894 ], [ 120.807502746582145, 1.320260763168392 ], [ 120.8077392578125, 1.321414232254142 ], [ 120.80780029296875, 1.322229623794556 ], [ 120.80792236328125, 1.322969794273433 ], [ 120.807777404785156, 1.3238401412965 ], [ 120.807243347168196, 1.324297070503349 ], [ 120.807380676269531, 1.325132369995117 ], [ 120.8076171875, 1.325391054153499 ], [ 120.808380126953125, 1.324814200401363 ], [ 120.809020996093864, 1.324325799942073 ], [ 120.810379028320312, 1.323340892791748 ], [ 120.811660766601676, 1.322962760925293 ], [ 120.8121337890625, 1.322020292282104 ], [ 120.8123779296875, 1.321565508842582 ], [ 120.813255310058594, 1.320697665214652 ], [ 120.813278198242188, 1.320546269416923 ], [ 120.813438415527344, 1.32038855552679 ], [ 120.813568115234489, 1.319369673729 ], [ 120.814765930175781, 1.316841006278992 ], [ 120.815567016601562, 1.315510869026184 ], [ 120.81597900390625, 1.314755916595516 ], [ 120.816284179687614, 1.314168810844478 ], [ 120.817375183105582, 1.312611103057861 ], [ 120.81829833984375, 1.312012434005794 ], [ 120.819099426269645, 1.312097072601262 ], [ 120.82073974609375, 1.311114549636955 ], [ 120.822601318359375, 1.31038069725048 ], [ 120.823616027832031, 1.30994558334362 ], [ 120.824302673339844, 1.309715151786918 ], [ 120.827262878417969, 1.30838763713848 ], [ 120.828804016113509, 1.307166099548283 ], [ 120.828933715820312, 1.307070255279598 ], [ 120.830390930175895, 1.304889440536613 ], [ 120.832458496093864, 1.303140878677368 ], [ 120.833953857422102, 1.302063107490596 ], [ 120.835411071777344, 1.301297068595886 ], [ 120.836105346679801, 1.300806164741573 ], [ 120.83868408203125, 1.298444986343384 ], [ 120.844154357910156, 1.29576230049139 ], [ 120.844558715820312, 1.295615673065299 ], [ 120.847129821777457, 1.295001029968375 ], [ 120.848320007324332, 1.294471025466919 ], [ 120.850166320801009, 1.293808937072868 ], [ 120.852676391601676, 1.293236732483024 ], [ 120.853363037109375, 1.293264031410217 ], [ 120.855628967285156, 1.292659044265747 ], [ 120.856788635253906, 1.292354464530945 ], [ 120.857818603515739, 1.292355298996085 ], [ 120.859062194824219, 1.291855335235539 ], [ 120.860977172851562, 1.292056798934993 ], [ 120.861129760742188, 1.292038321495113 ], [ 120.861640930175895, 1.292093038559074 ], [ 120.86322021484375, 1.292094469070435 ], [ 120.864677429199332, 1.291564702987671 ], [ 120.866783142089957, 1.289973616600093 ], [ 120.869163513183594, 1.288780927658138 ], [ 120.870872497558594, 1.287720441818237 ], [ 120.873779296875, 1.287324666977042 ], [ 120.875885009765625, 1.287591934204045 ], [ 120.878486633300781, 1.2873632907868 ], [ 120.879974365234489, 1.287329792976379 ], [ 120.88006591796875, 1.287224292755241 ], [ 120.880371093750114, 1.287197470665092 ], [ 120.880393981933594, 1.287455320358333 ], [ 120.883834838867188, 1.282850980758781 ], [ 120.88409423828125, 1.282496571540889 ], [ 120.885131835937614, 1.282217621803284 ], [ 120.888305664062727, 1.281363010406494 ], [ 120.890579223632812, 1.280167937278748 ], [ 120.892623901367188, 1.279092311859074 ], [ 120.89326477050804, 1.274916052818298 ], [ 120.894065856933707, 1.269686579704342 ], [ 120.894172668457031, 1.269679665565604 ], [ 120.89794921875, 1.269421219825745 ], [ 120.896354675293082, 1.269245624542179 ], [ 120.887542724609602, 1.268918991088924 ], [ 120.887245178222656, 1.268884778022766 ], [ 120.88700103759777, 1.268898844719047 ], [ 120.885467529296989, 1.269628286361751 ], [ 120.880912780761832, 1.271534442901554 ], [ 120.874305725097656, 1.270903944969291 ], [ 120.873214721679688, 1.27086687088007 ], [ 120.87255859375, 1.270817518234367 ], [ 120.870124816894531, 1.270737290382442 ], [ 120.868133544921989, 1.270563840866203 ], [ 120.864921569824332, 1.270239949226493 ], [ 120.863998413085938, 1.270288705825749 ], [ 120.863021850585938, 1.270287871360836 ], [ 120.860633850097656, 1.270117044448909 ], [ 120.858474731445312, 1.270685911178646 ], [ 120.85809326171875, 1.270719051361141 ], [ 120.852424621582031, 1.271908879280204 ], [ 120.851234436035156, 1.271907925605888 ], [ 120.848861694336051, 1.271507740020752 ], [ 120.84515380859375, 1.272583961486873 ], [ 120.842926025390739, 1.272962808609066 ], [ 120.832901000976562, 1.274016261100883 ], [ 120.82578277587902, 1.274939417839107 ], [ 120.81760406494152, 1.275994300842285 ], [ 120.816848754882926, 1.276362895965633 ], [ 120.812721252441406, 1.277848482132072 ], [ 120.81195068359375, 1.278155326843319 ] ] ], [ [ [ 120.804023742675895, 1.282917141914425 ], [ 120.805648803710938, 1.282662153244075 ], [ 120.807449340820426, 1.280631303787288 ], [ 120.803924560546875, 1.278616547584534 ], [ 120.799880981445426, 1.279126763343754 ], [ 120.799705505371094, 1.281798720359802 ], [ 120.801445007324219, 1.284062981605643 ], [ 120.804023742675895, 1.282917141914425 ] ] ] ] } },
{ "type": "Feature", "properties": { "GID_0": "IDN", "NAME_0": "Indonesia", "GID_1": "IDN.27_1", "NAME_1": "Sulawesi Tengah", "GID_2": "IDN.27.11_1", "NAME_2": "Toli Toli", "GID_3": "IDN.27.11.3_1", "NAME_3": "Dako Pamean", "GID_4": "IDN.27.11.3.4_1", "NAME_4": "Lingadan", "VARNAME_4": null, "TYPE_4": "Desa", "ENGTYPE_4": "Village", "CC_4": "7206061004" }, "geometry": { "type": "MultiPolygon", "coordinates": [ [ [ [ 120.808380126953125, 1.324814200401363 ], [ 120.808677673339844, 1.324868321418876 ], [ 120.809310913085938, 1.324892759323234 ], [ 120.810096740722656, 1.324701666832027 ], [ 120.8114013671875, 1.324403166770935 ], [ 120.81186676025402, 1.324283599853516 ], [ 120.81256103515625, 1.32413923740387 ], [ 120.813728332519759, 1.323985576629639 ], [ 120.814994812011719, 1.323639035224971 ], [ 120.816566467285156, 1.323172807693538 ], [ 120.816879272460938, 1.323173046112061 ], [ 120.817192077636832, 1.323173403739986 ], [ 120.818168640136832, 1.323354125022888 ], [ 120.818412780761719, 1.323678016662598 ], [ 120.819076538086165, 1.32382249832159 ], [ 120.819328308105582, 1.323498964309749 ], [ 120.820671081543082, 1.323104500770569 ], [ 120.821464538574219, 1.323153138160706 ], [ 120.822151184082145, 1.323069810867366 ], [ 120.822868347167969, 1.323238372802791 ], [ 120.823356628417969, 1.324090003967342 ], [ 120.823822021484375, 1.324558019638175 ], [ 120.824249267578239, 1.324905991554317 ], [ 120.824760437011719, 1.324990391731319 ], [ 120.825386047363395, 1.324271678924561 ], [ 120.82594299316429, 1.323229074478206 ], [ 120.826522827148551, 1.321946740150395 ], [ 120.82730865478527, 1.321587800979614 ], [ 120.827377319335938, 1.321839570999202 ], [ 120.827735900878906, 1.321839928627071 ], [ 120.828063964843864, 1.321696281433162 ], [ 120.828125, 1.32136070728302 ], [ 120.830718994140739, 1.319696426391602 ], [ 120.831504821777457, 1.319373488426208 ], [ 120.831748962402344, 1.319025993347225 ], [ 120.831710815429801, 1.318762183189335 ], [ 120.831329345703239, 1.318557977676392 ], [ 120.832412719726562, 1.317228198051509 ], [ 120.832649230957145, 1.316485047340393 ], [ 120.832199096679688, 1.315897226333618 ], [ 120.832237243652571, 1.315549492835942 ], [ 120.832450866699332, 1.314878344535828 ], [ 120.833030700683707, 1.314591050148067 ], [ 120.832763671875, 1.314159274101314 ], [ 120.832893371582031, 1.313998699188346 ], [ 120.833358764648438, 1.313800096511784 ], [ 120.833885192871094, 1.313800573349056 ], [ 120.834495544433594, 1.314304590225277 ], [ 120.834991455078125, 1.314281105995235 ], [ 120.83548736572277, 1.313801884651241 ], [ 120.835662841797102, 1.313814043998718 ], [ 120.836044311523665, 1.313982248306274 ], [ 120.836799621582031, 1.31347930431366 ], [ 120.837509155273438, 1.312808632850761 ], [ 120.837837219238395, 1.312964677810669 ], [ 120.838142395019759, 1.312976956367493 ], [ 120.838516235351562, 1.312629580497742 ], [ 120.83880615234375, 1.312629818916434 ], [ 120.839179992675781, 1.312870025634766 ], [ 120.839683532714957, 1.312834501266423 ], [ 120.840728759765625, 1.31313514709484 ], [ 120.841476440429688, 1.313219666481018 ], [ 120.842330932617188, 1.313568115234432 ], [ 120.842330932617188, 1.313867807388363 ], [ 120.842857360839844, 1.314060091972351 ], [ 120.843345642089957, 1.313928723335323 ], [ 120.843864440918196, 1.314144968986568 ], [ 120.845130920410156, 1.314721465110836 ], [ 120.845367431640625, 1.314997434616203 ], [ 120.846008300781364, 1.315525531768856 ], [ 120.84561920166027, 1.315752983093319 ], [ 120.845558166503906, 1.316388368606567 ], [ 120.845832824707145, 1.317215919494686 ], [ 120.846191406250114, 1.317863583564758 ], [ 120.847259521484375, 1.318787693977299 ], [ 120.848052978515625, 1.31889629364008 ], [ 120.848541259765625, 1.318645000457764 ], [ 120.848777770996094, 1.317746043205261 ], [ 120.849258422851676, 1.317362785339469 ], [ 120.849159240722656, 1.316883087158203 ], [ 120.849456787109489, 1.316679477691707 ], [ 120.849433898925895, 1.316259860992432 ], [ 120.850128173828125, 1.31621253490448 ], [ 120.850585937500114, 1.316740512848014 ], [ 120.851104736328125, 1.316800832748527 ], [ 120.851509094238395, 1.316561460494938 ], [ 120.851844787597656, 1.316597700119075 ], [ 120.852218627929688, 1.316178321838322 ], [ 120.854797363281364, 1.316684126854 ], [ 120.855331420898551, 1.31688845157629 ], [ 120.855926513671989, 1.317044854164237 ], [ 120.856239318847656, 1.316817283630428 ], [ 120.85630035400402, 1.316577553749141 ], [ 120.856475830078239, 1.316601753234977 ], [ 120.85666656494152, 1.31679368019104 ], [ 120.856407165527344, 1.317130208015499 ], [ 120.856521606445426, 1.317452430725154 ], [ 120.857307434082031, 1.317614316940364 ], [ 120.857696533203125, 1.318097949028015 ], [ 120.859504699707259, 1.31837368011486 ], [ 120.86016845703125, 1.319967150688285 ], [ 120.861747741699219, 1.320499539375362 ], [ 120.863327026367415, 1.321961045265198 ], [ 120.864120483398551, 1.319837808609009 ], [ 120.864173889160156, 1.318862318992672 ], [ 120.864936828613281, 1.3182035684585 ], [ 120.866104125976562, 1.318644881248588 ], [ 120.869003295898438, 1.317718267440853 ], [ 120.870056152343864, 1.320772171020621 ], [ 120.875991821289062, 1.322635650634822 ], [ 120.88153076171875, 1.322640419006461 ], [ 120.881523132324219, 1.322234272956848 ], [ 120.881286621093864, 1.322085738182182 ], [ 120.880393981933594, 1.287455320358333 ], [ 120.880371093750114, 1.287197470665092 ], [ 120.88006591796875, 1.287224292755241 ], [ 120.879974365234489, 1.287329792976379 ], [ 120.878486633300781, 1.2873632907868 ], [ 120.875885009765625, 1.287591934204045 ], [ 120.873779296875, 1.287324666977042 ], [ 120.870872497558594, 1.287720441818237 ], [ 120.869163513183594, 1.288780927658138 ], [ 120.866783142089957, 1.289973616600093 ], [ 120.864677429199332, 1.291564702987671 ], [ 120.86322021484375, 1.292094469070435 ], [ 120.861640930175895, 1.292093038559074 ], [ 120.861129760742188, 1.292038321495113 ], [ 120.860977172851562, 1.292056798934993 ], [ 120.859062194824219, 1.291855335235539 ], [ 120.857818603515739, 1.292355298996085 ], [ 120.856788635253906, 1.292354464530945 ], [ 120.855628967285156, 1.292659044265747 ], [ 120.853363037109375, 1.293264031410217 ], [ 120.852676391601676, 1.293236732483024 ], [ 120.850166320801009, 1.293808937072868 ], [ 120.848320007324332, 1.294471025466919 ], [ 120.847129821777457, 1.295001029968375 ], [ 120.844558715820312, 1.295615673065299 ], [ 120.844154357910156, 1.29576230049139 ], [ 120.83868408203125, 1.298444986343384 ], [ 120.836105346679801, 1.300806164741573 ], [ 120.835411071777344, 1.301297068595886 ], [ 120.833953857422102, 1.302063107490596 ], [ 120.832458496093864, 1.303140878677368 ], [ 120.830390930175895, 1.304889440536613 ], [ 120.828933715820312, 1.307070255279598 ], [ 120.828804016113509, 1.307166099548283 ], [ 120.827262878417969, 1.30838763713848 ], [ 120.824302673339844, 1.309715151786918 ], [ 120.823616027832031, 1.30994558334362 ], [ 120.822601318359375, 1.31038069725048 ], [ 120.82073974609375, 1.311114549636955 ], [ 120.819099426269645, 1.312097072601262 ], [ 120.81829833984375, 1.312012434005794 ], [ 120.817375183105582, 1.312611103057861 ], [ 120.816284179687614, 1.314168810844478 ], [ 120.81597900390625, 1.314755916595516 ], [ 120.815567016601562, 1.315510869026184 ], [ 120.814765930175781, 1.316841006278992 ], [ 120.813568115234489, 1.319369673729 ], [ 120.813438415527344, 1.32038855552679 ], [ 120.813278198242188, 1.320546269416923 ], [ 120.813255310058594, 1.320697665214652 ], [ 120.8123779296875, 1.321565508842582 ], [ 120.8121337890625, 1.322020292282104 ], [ 120.811660766601676, 1.322962760925293 ], [ 120.810379028320312, 1.323340892791748 ], [ 120.809020996093864, 1.324325799942073 ], [ 120.808380126953125, 1.324814200401363 ] ] ] ] } },
{ "type": "Feature", "properties": { "GID_0": "IDN", "NAME_0": "Indonesia", "GID_1": "IDN.27_1", "NAME_1": "Sulawesi Tengah", "GID_2": "IDN.27.11_1", "NAME_2": "Toli Toli", "GID_3": "IDN.27.11.4_1", "NAME_3": "Dampal Selatan", "GID_4": "IDN.27.11.4.1_1", "NAME_4": "Abbajareng", "VARNAME_4": null, "TYPE_4": "Desa", "ENGTYPE_4": "Village", "CC_4": "7206010007" }, "geometry": { "type": "MultiPolygon", "coordinates": [ [ [ [ 120.235420227051009, 0.611109316349086 ], [ 120.235145568847656, 0.611810564994869 ], [ 120.235107421875114, 0.611917436123008 ], [ 120.234786987304688, 0.612698256969566 ], [ 120.234603881835938, 0.613214850425777 ], [ 120.234428405761719, 0.613707005977631 ], [ 120.234146118164176, 0.614473640918732 ], [ 120.233879089355469, 0.61508280038845 ], [ 120.21903228759777, 0.653458118438664 ], [ 120.218833923340071, 0.653976082801819 ], [ 120.2164306640625, 0.660310983657951 ], [ 120.21514892578125, 0.663498640060425 ], [ 120.215095520019531, 0.663627445697898 ], [ 120.210006713867188, 0.676781892776546 ], [ 120.209739685058707, 0.677500009536743 ], [ 120.208419799804688, 0.680970072746277 ], [ 120.206535339355469, 0.685812056064606 ], [ 120.206085205078239, 0.686927556991577 ], [ 120.202743530273438, 0.695552110672054 ], [ 120.202445983886832, 0.696343362331447 ], [ 120.201705932617301, 0.698246955871696 ], [ 120.198493957519645, 0.70653361082077 ], [ 120.198196411132812, 0.707358896732387 ], [ 120.197845458984602, 0.707880318164769 ], [ 120.190376281738281, 0.719446480274257 ], [ 120.190261840820426, 0.719625353813171 ], [ 120.19000244140625, 0.720016837120113 ], [ 120.187202453613395, 0.724354386329708 ], [ 120.186050415039176, 0.726162075996456 ], [ 120.184410095214844, 0.728784859180507 ], [ 120.182960510253906, 0.730916023254338 ], [ 120.181625366210938, 0.732985913753566 ], [ 120.181159973144531, 0.733707606792564 ], [ 120.1767578125, 0.743472278118134 ], [ 120.173828125000114, 0.749968647956791 ], [ 120.173622131347884, 0.750446796417179 ], [ 120.172462463378906, 0.753199517726955 ], [ 120.171684265136719, 0.755045235157013 ], [ 120.175422668457031, 0.756195187568721 ], [ 120.177879333496207, 0.756608724594173 ], [ 120.18149566650402, 0.759050726890507 ], [ 120.184753417968864, 0.754641830921173 ], [ 120.208015441894645, 0.716345787048397 ], [ 120.210624694824446, 0.711287736892757 ], [ 120.21085357666027, 0.710897445678825 ], [ 120.212669372558594, 0.707342505455074 ], [ 120.21274566650402, 0.707192778587341 ], [ 120.224235534668082, 0.684951782226619 ], [ 120.22474670410179, 0.684063434600944 ], [ 120.225868225097656, 0.68181049823761 ], [ 120.22798156738304, 0.677729845046997 ], [ 120.228622436523551, 0.676724195480347 ], [ 120.229949951171989, 0.673941850662345 ], [ 120.232269287109375, 0.669471025466919 ], [ 120.233062744140625, 0.668123602867126 ], [ 120.234237670898438, 0.665685594081879 ], [ 120.238922119140739, 0.656653702259177 ], [ 120.238983154296875, 0.656541407108421 ], [ 120.239189147949219, 0.656145632267055 ], [ 120.25677490234375, 0.622264564037323 ], [ 120.256904602050781, 0.622013926506156 ], [ 120.256637573242301, 0.621963322162685 ], [ 120.256050109863395, 0.621852278709468 ], [ 120.254447937011719, 0.621567428112144 ], [ 120.253799438476676, 0.620974659919739 ], [ 120.253402709961051, 0.62059193849575 ], [ 120.251441955566634, 0.620296657085419 ], [ 120.250877380371321, 0.619994223117942 ], [ 120.250007629394531, 0.619467973709106 ], [ 120.249603271484489, 0.619164466857967 ], [ 120.249359130859489, 0.618967294692993 ], [ 120.249069213867188, 0.618788003921622 ], [ 120.248802185058707, 0.618519127368927 ], [ 120.247772216796875, 0.617701530456657 ], [ 120.247467041015739, 0.617488503456173 ], [ 120.24700927734375, 0.617159783840179 ], [ 120.246658325195312, 0.616916298866329 ], [ 120.246376037597656, 0.616718471050319 ], [ 120.246009826660156, 0.616520583629722 ], [ 120.245590209961051, 0.61626189947134 ], [ 120.244613647461051, 0.615639865398407 ], [ 120.24442291259777, 0.615500926971436 ], [ 120.243988037109375, 0.615211784839687 ], [ 120.243560791015625, 0.614892244339103 ], [ 120.243186950683594, 0.614618360996246 ], [ 120.242835998535156, 0.61439007520687 ], [ 120.242523193359489, 0.61419224739069 ], [ 120.2421875, 0.61399435997015 ], [ 120.241783142089957, 0.613735675811768 ], [ 120.241386413574332, 0.613507330417633 ], [ 120.241073608398438, 0.613324701786098 ], [ 120.240707397460938, 0.613111615181026 ], [ 120.240486145019531, 0.612992823123989 ], [ 120.24039459228527, 0.612934470176754 ], [ 120.240287780761719, 0.612883329391479 ], [ 120.23984527587902, 0.612685382366294 ], [ 120.239486694336051, 0.612533152103424 ], [ 120.239051818847884, 0.612347126007194 ], [ 120.238853454590071, 0.612255752086696 ], [ 120.238609313964844, 0.612149178981838 ], [ 120.238174438476562, 0.611951291561127 ], [ 120.23785400390625, 0.611829459667206 ], [ 120.23758697509777, 0.611722886562347 ], [ 120.23715972900402, 0.611585795879364 ], [ 120.236679077148438, 0.611479103565216 ], [ 120.236228942871207, 0.611326813697929 ], [ 120.23587799072277, 0.611246168613491 ], [ 120.23563385009777, 0.61118966341013 ], [ 120.235420227051009, 0.611109316349086 ] ] ] ] } },
{ "type": "Feature", "properties": { "GID_0": "IDN", "NAME_0": "Indonesia", "GID_1": "IDN.27_1", "NAME_1": "Sulawesi Tengah", "GID_2": "IDN.27.11_1", "NAME_2": "Toli Toli", "GID_3": "IDN.27.11.4_1", "NAME_3": "Dampal Selatan", "GID_4": "IDN.27.11.4.2_1", "NAME_4": "Bangkir", "VARNAME_4": null, "TYPE_4": "Desa", "ENGTYPE_4": "Village", "CC_4": "7206010004" }, "geometry": { "type": "MultiPolygon", "coordinates": [ [ [ [ 120.314666748046875, 0.659865200519562 ], [ 120.313728332519531, 0.660877346992493 ], [ 120.31172180175804, 0.663308501243591 ], [ 120.309349060058594, 0.665616929531211 ], [ 120.308311462402457, 0.666703283786831 ], [ 120.290267944335938, 0.686095178127289 ], [ 120.288795471191406, 0.687931478023586 ], [ 120.287185668945426, 0.689407587051505 ], [ 120.284614562988281, 0.692172348499355 ], [ 120.284378051757812, 0.692462801933289 ], [ 120.282173156738395, 0.695027709007377 ], [ 120.279823303222656, 0.69732594490057 ], [ 120.27850341796875, 0.698744177818298 ], [ 120.276992797851562, 0.700499475002346 ], [ 120.275001525878906, 0.702509760856572 ], [ 120.27402496337902, 0.703557133674735 ], [ 120.272758483886719, 0.704930722713527 ], [ 120.271865844726676, 0.705882430076599 ], [ 120.26920318603527, 0.708743929863033 ], [ 120.268218994140625, 0.709825575351772 ], [ 120.267143249511832, 0.710956692695731 ], [ 120.265083312988281, 0.71316975355154 ], [ 120.2635498046875, 0.714828014373893 ], [ 120.261329650878906, 0.717208266258183 ], [ 120.248603820800895, 0.730885446071625 ], [ 120.24627685546875, 0.733451962471008 ], [ 120.239608764648438, 0.745932757854519 ], [ 120.237106323242188, 0.750687360763607 ], [ 120.234580993652344, 0.755352139473018 ], [ 120.232490539550781, 0.759293496608791 ], [ 120.231117248535156, 0.761857390403861 ], [ 120.229553222656364, 0.764779925346431 ], [ 120.229057312011719, 0.765688300132865 ], [ 120.224044799804801, 0.775074183941001 ], [ 120.223335266113281, 0.776416122913361 ], [ 120.223197937011719, 0.776667773723602 ], [ 120.2225341796875, 0.777909278869743 ], [ 120.219940185546875, 0.782251894474086 ], [ 120.219848632812614, 0.782458364963531 ], [ 120.219650268554801, 0.782781124115047 ], [ 120.219436645507926, 0.783098280429897 ], [ 120.219367980957031, 0.783211708068961 ], [ 120.219223022461051, 0.783552050590572 ], [ 120.218986511230469, 0.783847391605491 ], [ 120.21882629394554, 0.784113883972168 ], [ 120.218742370605469, 0.784248650074062 ], [ 120.219154357910156, 0.78441268205637 ], [ 120.2200927734375, 0.784932553768101 ], [ 120.220878601074219, 0.785256564617214 ], [ 120.222640991211165, 0.786546051502285 ], [ 120.223602294922102, 0.787567913532314 ], [ 120.224563598632926, 0.788356721401271 ], [ 120.225028991699219, 0.78871530294424 ], [ 120.225311279297102, 0.78887665271759 ], [ 120.225509643554915, 0.78903800249094 ], [ 120.225631713867188, 0.789145588874874 ], [ 120.225990295410156, 0.789378643035889 ], [ 120.226310729980582, 0.789557874202671 ], [ 120.226882934570426, 0.789952278137264 ], [ 120.228096008300781, 0.790669381618557 ], [ 120.229248046875, 0.791386485099906 ], [ 120.230422973632812, 0.792031884193534 ], [ 120.231353759765625, 0.793053746223507 ], [ 120.231887817382812, 0.793412327766475 ], [ 120.231956481933594, 0.793968081474418 ], [ 120.232192993164176, 0.794111549854335 ], [ 120.232673645019531, 0.794147372245789 ], [ 120.232925415039062, 0.794449329376221 ], [ 120.233184814453239, 0.794324457645473 ], [ 120.233726501464957, 0.794014334678707 ], [ 120.23410797119152, 0.793859362602291 ], [ 120.234649658203125, 0.793394029140586 ], [ 120.235038757324446, 0.793006241321677 ], [ 120.235496520996207, 0.792618453502712 ], [ 120.236351013183594, 0.791668534278926 ], [ 120.236442565918082, 0.791601240635032 ], [ 120.236557006835938, 0.791458249092159 ], [ 120.23712158203125, 0.790863096714077 ], [ 120.23748779296875, 0.790666222572384 ], [ 120.242561340332031, 0.788003861904087 ], [ 120.24603271484375, 0.786461234092826 ], [ 120.24936676025402, 0.785292804241294 ], [ 120.25238037109375, 0.784082055091858 ], [ 120.253883361816406, 0.78332507610321 ], [ 120.255126953125114, 0.782156407833099 ], [ 120.25626373291027, 0.781438112258968 ], [ 120.257804870605582, 0.780750572681541 ], [ 120.258132934570426, 0.780612111091614 ], [ 120.258415222167969, 0.780541956424827 ], [ 120.25870513916027, 0.780372202396393 ], [ 120.259613037109375, 0.779993772506828 ], [ 120.261268615722656, 0.778933703899384 ], [ 120.262107849121094, 0.778300642967338 ], [ 120.263389587402344, 0.777481436729545 ], [ 120.266242980957031, 0.776663005352134 ], [ 120.266532897949332, 0.77644407749176 ], [ 120.266639709472656, 0.776412189006805 ], [ 120.269042968750114, 0.774657785892487 ], [ 120.269706726074219, 0.774239778518734 ], [ 120.270103454589844, 0.77328813076025 ], [ 120.270408630371094, 0.772861659526825 ], [ 120.272529602050781, 0.770968079566956 ], [ 120.274169921875114, 0.769868433475608 ], [ 120.274696350097656, 0.769576847553253 ], [ 120.278076171875, 0.768220722675437 ], [ 120.27850341796875, 0.768040537834167 ], [ 120.278884887695312, 0.767892837524414 ], [ 120.279090881347656, 0.767794370651359 ], [ 120.281539916992188, 0.766767621040344 ], [ 120.283851623535156, 0.765512108802909 ], [ 120.284767150878906, 0.765054166316986 ], [ 120.284965515136719, 0.76490950584423 ], [ 120.285110473632812, 0.76482945680624 ], [ 120.286323547363281, 0.763916730880851 ], [ 120.287353515625114, 0.763160884380454 ], [ 120.289199829101562, 0.761767745018005 ], [ 120.289382934570312, 0.761651158332768 ], [ 120.291053771972656, 0.760600268840903 ], [ 120.292152404785156, 0.760176837444305 ], [ 120.294151306152344, 0.759171545505524 ], [ 120.295829772949219, 0.758665680885315 ], [ 120.296836853027571, 0.757445812225342 ], [ 120.299575805664176, 0.756688714027518 ], [ 120.299919128418082, 0.756557762622776 ], [ 120.301010131835938, 0.756300151348057 ], [ 120.304397583007812, 0.754936993122158 ], [ 120.307861328125, 0.754656374454441 ], [ 120.315864562988281, 0.751847624778748 ], [ 120.318084716796989, 0.75165498256689 ], [ 120.3211669921875, 0.750201523304099 ], [ 120.324577331542969, 0.749673306942043 ], [ 120.324935913086051, 0.749551117420253 ], [ 120.325531005859375, 0.749348402023429 ], [ 120.328109741210938, 0.748471438884735 ], [ 120.328399658203125, 0.748370110988617 ], [ 120.332420349121094, 0.746132433414516 ], [ 120.336502075195312, 0.744081199169102 ], [ 120.340812683105469, 0.742258250713462 ], [ 120.341255187988281, 0.742048025131282 ], [ 120.34295654296875, 0.741365849971885 ], [ 120.344329833984602, 0.740583002567405 ], [ 120.345123291015739, 0.740207135677451 ], [ 120.348518371582031, 0.739524602890015 ], [ 120.352371215820426, 0.738385975360814 ], [ 120.356285095214844, 0.738805711269436 ], [ 120.35626220703125, 0.738730669021663 ], [ 120.353134155273551, 0.728193581104222 ], [ 120.352180480957145, 0.725266098976249 ], [ 120.3507080078125, 0.721104621887264 ], [ 120.350112915039176, 0.718726813793182 ], [ 120.3505859375, 0.71689218282711 ], [ 120.34952545166027, 0.714748024940491 ], [ 120.349006652832031, 0.711770176887569 ], [ 120.339385986328239, 0.696616411209163 ], [ 120.337554931640625, 0.693875014782009 ], [ 120.33542633056652, 0.691615223884639 ], [ 120.334838867187614, 0.691020488739071 ], [ 120.334503173828125, 0.690260410308838 ], [ 120.334320068359375, 0.69004541635519 ], [ 120.334335327148438, 0.689881324768123 ], [ 120.334129333496094, 0.689415335655212 ], [ 120.334579467773438, 0.687652051448936 ], [ 120.3349609375, 0.684119880199546 ], [ 120.3349609375, 0.682699501514492 ], [ 120.335189819336051, 0.682014286518097 ], [ 120.335227966308707, 0.681902050972099 ], [ 120.33579254150402, 0.68020361661911 ], [ 120.337623596191406, 0.674795925617275 ], [ 120.33856201171875, 0.671120882034415 ], [ 120.339050292968864, 0.668655514717159 ], [ 120.339195251464957, 0.668644785881042 ], [ 120.339279174804688, 0.668318271636963 ], [ 120.337615966796875, 0.668010711669922 ], [ 120.337089538574446, 0.667952001094875 ], [ 120.335258483886719, 0.668056428432578 ], [ 120.334312438964844, 0.668180048465729 ], [ 120.332565307617301, 0.668309450149593 ], [ 120.331565856933707, 0.668138325214386 ], [ 120.331443786621094, 0.668138265609798 ], [ 120.331192016601676, 0.668074607849121 ], [ 120.329811096191406, 0.667838394641933 ], [ 120.32868957519554, 0.66708159446722 ], [ 120.326744079589844, 0.666242420673484 ], [ 120.326202392578125, 0.665892481803951 ], [ 120.324127197265739, 0.664846539497489 ], [ 120.321929931640625, 0.664111256599483 ], [ 120.321754455566406, 0.664062380790824 ], [ 120.321388244628906, 0.663834810257015 ], [ 120.32089996337902, 0.663564383983669 ], [ 120.318748474121094, 0.66214919090271 ], [ 120.318183898925781, 0.661801993846893 ], [ 120.314819335937614, 0.659918010234946 ], [ 120.314666748046875, 0.659865200519562 ] ] ] ] } },
{ "type": "Feature", "properties": { "GID_0": "IDN", "NAME_0": "Indonesia", "GID_1": "IDN.27_1", "NAME_1": "Sulawesi Tengah", "GID_2": "IDN.27.11_1", "NAME_2": "Toli Toli", "GID_3": "IDN.27.11.4_1", "NAME_3": "Dampal Selatan", "GID_4": "IDN.27.11.4.3_1", "NAME_4": "Dongko", "VARNAME_4": null, "TYPE_4": "Desa", "ENGTYPE_4": "Village", "CC_4": "7206010005" }, "geometry": { "type": "MultiPolygon", "coordinates": [ [ [ [ 120.357566833496207, 0.743892371654624 ], [ 120.357666015625, 0.743447184562797 ], [ 120.356285095214844, 0.738805711269436 ], [ 120.352371215820426, 0.738385975360814 ], [ 120.348518371582031, 0.739524602890015 ], [ 120.345123291015739, 0.740207135677451 ], [ 120.344329833984602, 0.740583002567405 ], [ 120.34295654296875, 0.741365849971885 ], [ 120.341255187988281, 0.742048025131282 ], [ 120.340812683105469, 0.742258250713462 ], [ 120.336502075195312, 0.744081199169102 ], [ 120.332420349121094, 0.746132433414516 ], [ 120.328399658203125, 0.748370110988617 ], [ 120.328109741210938, 0.748471438884735 ], [ 120.325531005859375, 0.749348402023429 ], [ 120.324935913086051, 0.749551117420253 ], [ 120.324577331542969, 0.749673306942043 ], [ 120.3211669921875, 0.750201523304099 ], [ 120.318084716796989, 0.75165498256689 ], [ 120.315864562988281, 0.751847624778748 ], [ 120.307861328125, 0.754656374454441 ], [ 120.304397583007812, 0.754936993122158 ], [ 120.301010131835938, 0.756300151348057 ], [ 120.299919128418082, 0.756557762622776 ], [ 120.299575805664176, 0.756688714027518 ], [ 120.296836853027571, 0.757445812225342 ], [ 120.295829772949219, 0.758665680885315 ], [ 120.294151306152344, 0.759171545505524 ], [ 120.292152404785156, 0.760176837444305 ], [ 120.291053771972656, 0.760600268840903 ], [ 120.289382934570312, 0.761651158332768 ], [ 120.289199829101562, 0.761767745018005 ], [ 120.287353515625114, 0.763160884380454 ], [ 120.286323547363281, 0.763916730880851 ], [ 120.285110473632812, 0.76482945680624 ], [ 120.284965515136719, 0.76490950584423 ], [ 120.284767150878906, 0.765054166316986 ], [ 120.283851623535156, 0.765512108802909 ], [ 120.281539916992188, 0.766767621040344 ], [ 120.279090881347656, 0.767794370651359 ], [ 120.278884887695312, 0.767892837524414 ], [ 120.27850341796875, 0.768040537834167 ], [ 120.278076171875, 0.768220722675437 ], [ 120.274696350097656, 0.769576847553253 ], [ 120.274169921875114, 0.769868433475608 ], [ 120.272529602050781, 0.770968079566956 ], [ 120.270408630371094, 0.772861659526825 ], [ 120.270103454589844, 0.77328813076025 ], [ 120.269706726074219, 0.774239778518734 ], [ 120.269042968750114, 0.774657785892487 ], [ 120.266639709472656, 0.776412189006805 ], [ 120.266532897949332, 0.77644407749176 ], [ 120.266242980957031, 0.776663005352134 ], [ 120.263389587402344, 0.777481436729545 ], [ 120.262107849121094, 0.778300642967338 ], [ 120.261268615722656, 0.778933703899384 ], [ 120.259613037109375, 0.779993772506828 ], [ 120.25870513916027, 0.780372202396393 ], [ 120.258415222167969, 0.780541956424827 ], [ 120.258132934570426, 0.780612111091614 ], [ 120.257804870605582, 0.780750572681541 ], [ 120.25626373291027, 0.781438112258968 ], [ 120.255126953125114, 0.782156407833099 ], [ 120.253883361816406, 0.78332507610321 ], [ 120.25238037109375, 0.784082055091858 ], [ 120.24936676025402, 0.785292804241294 ], [ 120.24603271484375, 0.786461234092826 ], [ 120.242561340332031, 0.788003861904087 ], [ 120.23748779296875, 0.790666222572384 ], [ 120.23712158203125, 0.790863096714077 ], [ 120.236557006835938, 0.791458249092159 ], [ 120.236442565918082, 0.791601240635032 ], [ 120.236351013183594, 0.791668534278926 ], [ 120.235496520996207, 0.792618453502712 ], [ 120.235038757324446, 0.793006241321677 ], [ 120.234649658203125, 0.793394029140586 ], [ 120.23410797119152, 0.793859362602291 ], [ 120.233726501464957, 0.794014334678707 ], [ 120.233184814453239, 0.794324457645473 ], [ 120.232925415039062, 0.794449329376221 ], [ 120.233184814453239, 0.795133411884365 ], [ 120.23355865478527, 0.795527815818787 ], [ 120.23355865478527, 0.796029865741843 ], [ 120.235946655273438, 0.798199117183742 ], [ 120.238121032714957, 0.800709009170646 ], [ 120.238853454590071, 0.801874399185181 ], [ 120.239532470703125, 0.803328156471252 ], [ 120.240219116211051, 0.804796695709229 ], [ 120.240974426269645, 0.807163298130092 ], [ 120.241645812988281, 0.810031890869254 ], [ 120.241897583007812, 0.812826216220799 ], [ 120.241989135742188, 0.815518081188202 ], [ 120.242149353027457, 0.815894603729362 ], [ 120.242431640625, 0.816127657890377 ], [ 120.242858886718977, 0.816271066665706 ], [ 120.24344635009777, 0.816808879375458 ], [ 120.244033813476676, 0.817723214626369 ], [ 120.244445800781364, 0.8186017274856 ], [ 120.244644165039176, 0.819336831569728 ], [ 120.244674682617188, 0.820036053657589 ], [ 120.244735717773438, 0.821176409721375 ], [ 120.244834899902457, 0.8217933177948 ], [ 120.244621276855582, 0.822223484516257 ], [ 120.244712829589844, 0.822955071926117 ], [ 120.244682312011719, 0.823270618915558 ], [ 120.244667053222656, 0.823643565178031 ], [ 120.244636535644645, 0.824073851108665 ], [ 120.2447509765625, 0.824547290801945 ], [ 120.244819641113395, 0.826067805290336 ], [ 120.244674682617188, 0.82658410072338 ], [ 120.244651794433707, 0.826884627342281 ], [ 120.244781494140739, 0.827258348464966 ], [ 120.244987487793082, 0.827502310276031 ], [ 120.244865417480469, 0.827832162380275 ], [ 120.245018005371207, 0.829309701919499 ], [ 120.245285034179688, 0.831223666667995 ], [ 120.245727539062727, 0.832120060920658 ], [ 120.24603271484375, 0.834020495414734 ], [ 120.245712280273438, 0.835849285125846 ], [ 120.245819091796875, 0.836548507213706 ], [ 120.245658874511719, 0.836960852146149 ], [ 120.245178222656364, 0.838251769542751 ], [ 120.244873046875, 0.83862829208374 ], [ 120.244682312011719, 0.83924895524973 ], [ 120.244514465332031, 0.839455723762626 ], [ 120.244407653808707, 0.839704871177673 ], [ 120.244163513183594, 0.839902281761226 ], [ 120.244132995605469, 0.840039908886013 ], [ 120.244293212890625, 0.840065121650696 ], [ 120.244834899902457, 0.840148329734859 ], [ 120.245101928710938, 0.840190708637181 ], [ 120.24530029296875, 0.84022247791296 ], [ 120.245429992675781, 0.840263009071464 ], [ 120.245536804199446, 0.840299189090786 ], [ 120.245635986328125, 0.840325891971588 ], [ 120.246467590332031, 0.840584397316036 ], [ 120.246551513671989, 0.840610563755149 ], [ 120.24765777587902, 0.840954244136924 ], [ 120.247886657714957, 0.841008782386723 ], [ 120.248489379882812, 0.841188311576843 ], [ 120.249885559082031, 0.841485798358917 ], [ 120.251091003418082, 0.841772675514335 ], [ 120.2515869140625, 0.842035412788391 ], [ 120.252708435058594, 0.842661798000393 ], [ 120.253311157226562, 0.842096924781799 ], [ 120.254684448242415, 0.840796768665314 ], [ 120.258041381835938, 0.839738726615963 ], [ 120.26324462890625, 0.841198742389679 ], [ 120.264747619628906, 0.841932713985557 ], [ 120.266654968261719, 0.842893958091736 ], [ 120.268867492675895, 0.843681871890965 ], [ 120.269515991210938, 0.843921720981598 ], [ 120.271118164062614, 0.843987405300197 ], [ 120.271842956542969, 0.844023108482304 ], [ 120.272964477539062, 0.844008564949036 ], [ 120.273910522460938, 0.843969464302006 ], [ 120.274978637695426, 0.844049751758689 ], [ 120.276145935058594, 0.844148337841091 ], [ 120.277130126953125, 0.844022750854606 ], [ 120.27725982666027, 0.844009220600185 ], [ 120.278839111328125, 0.843862116336823 ], [ 120.279838562011719, 0.843789041042385 ], [ 120.280006408691406, 0.843542575836295 ], [ 120.280731201171875, 0.842522621154842 ], [ 120.280616760253906, 0.842391610145512 ], [ 120.280044555664062, 0.841529965400809 ], [ 120.279891967773551, 0.839982092380467 ], [ 120.280502319336051, 0.83890300989151 ], [ 120.281356811523438, 0.837535917759055 ], [ 120.281639099121207, 0.836811423301754 ], [ 120.28273010253929, 0.834338009357509 ], [ 120.283355712890739, 0.831916153431052 ], [ 120.284942626953125, 0.829877614974919 ], [ 120.285285949707031, 0.829315662383976 ], [ 120.286148071289062, 0.827962219715118 ], [ 120.286720275878906, 0.827648222446385 ], [ 120.287277221679688, 0.827844560146445 ], [ 120.288261413574446, 0.828237295150814 ], [ 120.288772583007812, 0.828313171863556 ], [ 120.289680480957031, 0.828553915023861 ], [ 120.292442321777344, 0.828020274639186 ], [ 120.292648315429915, 0.828093767166081 ], [ 120.294395446777457, 0.828852057457084 ], [ 120.295265197753906, 0.829301476478577 ], [ 120.295654296875, 0.829555809497947 ], [ 120.295806884765625, 0.82958430051815 ], [ 120.296539306640625, 0.829689025878963 ], [ 120.296806335449219, 0.829639434814567 ], [ 120.29718017578125, 0.829666316509304 ], [ 120.297668457031364, 0.828900516033286 ], [ 120.297698974609375, 0.828381776809806 ], [ 120.297737121582031, 0.828239977359715 ], [ 120.297813415527457, 0.826986730098724 ], [ 120.29782867431652, 0.826760649681091 ], [ 120.298049926757926, 0.825124621391353 ], [ 120.298355102539062, 0.823764204978943 ], [ 120.29898834228527, 0.823055744171199 ], [ 120.299575805664176, 0.822737574577445 ], [ 120.299850463867188, 0.822608470916862 ], [ 120.300590515136719, 0.822178184986058 ], [ 120.300788879394531, 0.822065532207603 ], [ 120.302017211914176, 0.821617364883537 ], [ 120.302947998047102, 0.821297109127045 ], [ 120.304588317871094, 0.820727229118461 ], [ 120.307411193847656, 0.819793105125541 ], [ 120.309318542480469, 0.817484378814811 ], [ 120.311981201171989, 0.813259422779083 ], [ 120.315238952636719, 0.808470547199249 ], [ 120.317085266113395, 0.805966377258358 ], [ 120.320556640625114, 0.801371097564697 ], [ 120.32224273681652, 0.799307942390556 ], [ 120.323760986328239, 0.797367572784367 ], [ 120.324325561523551, 0.796538710594291 ], [ 120.325103759765739, 0.796115159988517 ], [ 120.325675964355582, 0.796099066734314 ], [ 120.326362609863281, 0.796383917331809 ], [ 120.327056884765625, 0.796878218650818 ], [ 120.327125549316406, 0.796953082084656 ], [ 120.327972412109489, 0.798054754734153 ], [ 120.328598022460938, 0.799002945423126 ], [ 120.328941345214957, 0.799535870552006 ], [ 120.329010009765625, 0.799642503261623 ], [ 120.32968902587902, 0.800221443176326 ], [ 120.329856872558707, 0.800377368927002 ], [ 120.3302001953125, 0.799698054790497 ], [ 120.329818725585938, 0.798548519611472 ], [ 120.329765319824219, 0.797399163246212 ], [ 120.330741882324219, 0.79685252904892 ], [ 120.331825256347656, 0.796308875084037 ], [ 120.332321166992415, 0.795594811439571 ], [ 120.332542419433707, 0.793679475784302 ], [ 120.332435607910156, 0.791709244251365 ], [ 120.332763671875114, 0.788973033428306 ], [ 120.332954406738395, 0.788641691207999 ], [ 120.333793640136719, 0.786823093891144 ], [ 120.333892822265739, 0.786443591117916 ], [ 120.332405090332031, 0.78410857915884 ], [ 120.331893920898438, 0.783335506916046 ], [ 120.331855773925781, 0.783246695995444 ], [ 120.331855773925781, 0.78308075666439 ], [ 120.331680297851562, 0.782076597213859 ], [ 120.331787109375114, 0.78059899806982 ], [ 120.332771301269645, 0.77966928482067 ], [ 120.332893371582259, 0.779632627964133 ], [ 120.334434509277457, 0.779091000557003 ], [ 120.339149475097656, 0.778641343116817 ], [ 120.33957672119152, 0.778584420681 ], [ 120.340385437011832, 0.778032422065849 ], [ 120.343368530273438, 0.775903701782227 ], [ 120.34342193603527, 0.775615811348075 ], [ 120.34397125244152, 0.772616446018276 ], [ 120.34405517578125, 0.77097499370575 ], [ 120.344276428222656, 0.763499081134796 ], [ 120.344459533691406, 0.763298511505241 ], [ 120.344467163085938, 0.76314872503275 ], [ 120.346153259277344, 0.76145613193512 ], [ 120.347427368164176, 0.760068535804805 ], [ 120.348876953125, 0.756769955158347 ], [ 120.350021362304688, 0.754067182540894 ], [ 120.350120544433707, 0.753962278366146 ], [ 120.350181579589844, 0.753894448280391 ], [ 120.352302551269531, 0.751660525798911 ], [ 120.352790832519645, 0.750839889049587 ], [ 120.353935241699332, 0.750123918056545 ], [ 120.35418701171875, 0.749865949153957 ], [ 120.355514526367188, 0.747618556022587 ], [ 120.357566833496207, 0.743892371654624 ] ] ] ] } },
{ "type": "Feature", "properties": { "GID_0": "IDN", "NAME_0": "Indonesia", "GID_1": "IDN.27_1", "NAME_1": "Sulawesi Tengah", "GID_2": "IDN.27.11_1", "NAME_2": "Toli Toli", "GID_3": "IDN.27.11.4_1", "NAME_3": "Dampal Selatan", "GID_4": "IDN.27.11.4.4_1", "NAME_4": "Kombo", "VARNAME_4": null, "TYPE_4": "Desa", "ENGTYPE_4": "Village", "CC_4": "7206010001" }, "geometry": { "type": "MultiPolygon", "coordinates": [ [ [ [ 120.235420227051009, 0.611109316349086 ], [ 120.235305786132926, 0.611067831516266 ], [ 120.235198974609375, 0.611015260219574 ], [ 120.233535766601676, 0.609718620777187 ], [ 120.231826782226676, 0.608934462070522 ], [ 120.231613159179915, 0.608872532844487 ], [ 120.231063842773551, 0.608678281307334 ], [ 120.23040771484375, 0.608319818973598 ], [ 120.229644775390625, 0.607973396778107 ], [ 120.226127624511832, 0.606839418411255 ], [ 120.221847534179688, 0.605434238910675 ], [ 120.219329833984375, 0.604916095733586 ], [ 120.218910217285156, 0.604976475238914 ], [ 120.218688964843864, 0.604985594749564 ], [ 120.218345642089844, 0.605046212673244 ], [ 120.217979431152344, 0.605076432228088 ], [ 120.217559814453239, 0.605152249336243 ], [ 120.217201232910156, 0.605221331119537 ], [ 120.215225219726676, 0.605504631996155 ], [ 120.214775085449219, 0.60562223196041 ], [ 120.214637756347884, 0.605652570724487 ], [ 120.214309692382926, 0.605728387832585 ], [ 120.213912963867301, 0.605819463729858 ], [ 120.213508605957145, 0.605925679206962 ], [ 120.213157653808707, 0.606062352657318 ], [ 120.212768554687614, 0.606183767318726 ], [ 120.212448120117188, 0.606335699558315 ], [ 120.212120056152344, 0.606426775455532 ], [ 120.211753845214844, 0.606517791748161 ], [ 120.211288452148438, 0.606669604778403 ], [ 120.210800170898438, 0.606877207756042 ], [ 120.210212707519531, 0.607052683830261 ], [ 120.209213256835938, 0.607630968093929 ], [ 120.208869934082031, 0.6077619194985 ], [ 120.2081298828125, 0.607937633991241 ], [ 120.207695007324219, 0.608158946037292 ], [ 120.207176208496094, 0.608552455902156 ], [ 120.206687927246207, 0.608894467353821 ], [ 120.206344604492188, 0.60906112194067 ], [ 120.206016540527344, 0.609228491783085 ], [ 120.205390930175781, 0.609363734722251 ], [ 120.205207824707031, 0.60955011844635 ], [ 120.204956054687614, 0.609698832035178 ], [ 120.204559326171989, 0.609880149364528 ], [ 120.20420074462902, 0.61015480756771 ], [ 120.20404052734375, 0.610270738601741 ], [ 120.203338623046875, 0.610667109489498 ], [ 120.202590942382812, 0.611027240753117 ], [ 120.202186584472656, 0.611202955246029 ], [ 120.201942443847656, 0.611340165138188 ], [ 120.201553344726562, 0.61152762174612 ], [ 120.2010498046875, 0.611797332763729 ], [ 120.200134277343977, 0.612289845943508 ], [ 120.199615478515739, 0.612660825252647 ], [ 120.19944000244152, 0.61275935173046 ], [ 120.199127197265625, 0.612911224365291 ], [ 120.19879150390625, 0.613076746463889 ], [ 120.198310852050781, 0.61331224441534 ], [ 120.197929382324219, 0.613488435745296 ], [ 120.197525024414176, 0.613748192787114 ], [ 120.196807861328125, 0.614207863807678 ], [ 120.196708679199446, 0.614263296127376 ], [ 120.196640014648438, 0.61430466175085 ], [ 120.195838928222656, 0.614759862423 ], [ 120.195526123046875, 0.614916503429527 ], [ 120.195304870605469, 0.615053236484584 ], [ 120.194938659667969, 0.615250706672725 ], [ 120.194572448730469, 0.615387380123252 ], [ 120.194168090820312, 0.615523993968964 ], [ 120.19370269775402, 0.615660607814903 ], [ 120.193214416503906, 0.615736365318298 ], [ 120.193138122558707, 0.61576783657074 ], [ 120.192802429199219, 0.615805566310939 ], [ 120.19309234619152, 0.616445660591125 ], [ 120.193038940429688, 0.617479324340877 ], [ 120.192947387695426, 0.619005262851715 ], [ 120.193016052246094, 0.621663391590175 ], [ 120.192939758300895, 0.622844755649567 ], [ 120.192695617676009, 0.623730659484863 ], [ 120.192695617676009, 0.624592125415802 ], [ 120.192428588867188, 0.625551819801444 ], [ 120.192527770996207, 0.625921070575771 ], [ 120.192642211914062, 0.63042521476757 ], [ 120.192985534667969, 0.631360650062675 ], [ 120.193496704101676, 0.633452951908225 ], [ 120.193428039550781, 0.635200381279049 ], [ 120.193664550781364, 0.636849582195339 ], [ 120.193443298339844, 0.638449251651764 ], [ 120.194374084472656, 0.64142781496048 ], [ 120.195083618164062, 0.643077254295463 ], [ 120.195327758789062, 0.644578754902 ], [ 120.195892333984375, 0.645782291889191 ], [ 120.19593811035179, 0.64625275135046 ], [ 120.196182250976676, 0.646622061729545 ], [ 120.19610595703125, 0.6475572586059 ], [ 120.195785522461051, 0.649403035640773 ], [ 120.195640563964844, 0.650633573532104 ], [ 120.195808410644645, 0.651913523674068 ], [ 120.19622802734375, 0.653390467166901 ], [ 120.196517944336165, 0.654596626758632 ], [ 120.196441650390625, 0.655236542224884 ], [ 120.19610595703125, 0.655974686145782 ], [ 120.195930480957031, 0.656614542007446 ], [ 120.195808410644645, 0.65710669755947 ], [ 120.195854187011719, 0.658066630363464 ], [ 120.196174621582145, 0.658878982067222 ], [ 120.197174072265625, 0.660356342792568 ], [ 120.197372436523438, 0.661045551300049 ], [ 120.197784423828125, 0.661611914634761 ], [ 120.197761535644531, 0.66210412979126 ], [ 120.198150634765625, 0.662473559379691 ], [ 120.198371887207031, 0.66316282749176 ], [ 120.198883056640625, 0.663803040981293 ], [ 120.198883056640625, 0.664172232150975 ], [ 120.199081420898438, 0.664763033390045 ], [ 120.199302673339844, 0.665796875953788 ], [ 120.199081420898438, 0.666756629943848 ], [ 120.199172973632812, 0.66919332742691 ], [ 120.199394226074332, 0.669710278511161 ], [ 120.199539184570312, 0.670227229595241 ], [ 120.199317932128906, 0.671014726162014 ], [ 120.199371337890852, 0.671851575374717 ], [ 120.199661254882812, 0.672442436218375 ], [ 120.199905395507812, 0.673402488231716 ], [ 120.19980621337902, 0.67470687627798 ], [ 120.199684143066406, 0.675420582294578 ], [ 120.199073791503906, 0.677659928798732 ], [ 120.198974609375, 0.678866446018219 ], [ 120.198944091796875, 0.680366516113338 ], [ 120.198921203613281, 0.681105613708553 ], [ 120.199287414550781, 0.682164132595176 ], [ 120.199409484863395, 0.683567106723842 ], [ 120.199119567871094, 0.686102032661438 ], [ 120.198966979980469, 0.687750995159206 ], [ 120.198722839355469, 0.688956856727657 ], [ 120.198402404785156, 0.689276635646934 ], [ 120.198257446289176, 0.689891815185547 ], [ 120.198158264160156, 0.690974712371826 ], [ 120.198036193847884, 0.692131459712982 ], [ 120.19781494140625, 0.69318962097168 ], [ 120.197792053222656, 0.694518685340995 ], [ 120.197227478027344, 0.695256710052547 ], [ 120.196907043457145, 0.696191787719727 ], [ 120.196815490722656, 0.696954727172852 ], [ 120.196861267089844, 0.697791576385555 ], [ 120.196960449218864, 0.698013126850128 ], [ 120.196685791015625, 0.698308348655701 ], [ 120.196441650390625, 0.698972702026424 ], [ 120.196250915527344, 0.699637115001735 ], [ 120.19659423828125, 0.699883460998649 ], [ 120.196563720703239, 0.700646460056362 ], [ 120.196296691894531, 0.700966238975639 ], [ 120.195343017578125, 0.701507151126975 ], [ 120.195075988769531, 0.701662242412567 ], [ 120.192573547363395, 0.702613294124603 ], [ 120.191658020019531, 0.703379273414726 ], [ 120.191406250000114, 0.703522980213165 ], [ 120.191085815429688, 0.703853249549866 ], [ 120.190582275390625, 0.704276740551052 ], [ 120.190383911132812, 0.704587042331752 ], [ 120.190155029296875, 0.704826653003693 ], [ 120.189422607421875, 0.705663025379124 ], [ 120.188850402832031, 0.706497430801392 ], [ 120.188392639160156, 0.706656932830754 ], [ 120.187980651855582, 0.706695854663849 ], [ 120.187194824218864, 0.707064568996486 ], [ 120.1865234375, 0.70721751451498 ], [ 120.183853149414062, 0.707596600055695 ], [ 120.182617187500114, 0.709051787853355 ], [ 120.180580139160156, 0.71150994300848 ], [ 120.179832458496094, 0.712031662464199 ], [ 120.179405212402457, 0.71241486072546 ], [ 120.178291320800781, 0.71327334642416 ], [ 120.176963806152344, 0.713732123374996 ], [ 120.176773071289062, 0.713796079158726 ], [ 120.176483154297102, 0.713826298713798 ], [ 120.175949096679801, 0.713998258113918 ], [ 120.175605773925895, 0.714200139045829 ], [ 120.175270080566406, 0.714314281940574 ], [ 120.172592163085938, 0.714794933795986 ], [ 120.17173004150402, 0.715670704841727 ], [ 120.171272277832031, 0.715619742870331 ], [ 120.17071533203125, 0.715717852115688 ], [ 120.170516967773438, 0.715840756893272 ], [ 120.16973876953125, 0.716357111930904 ], [ 120.169219970703125, 0.716947495937291 ], [ 120.168411254882812, 0.717586874961853 ], [ 120.167732238769645, 0.717772603034973 ], [ 120.167312622070312, 0.718029201030788 ], [ 120.166580200195426, 0.718373358249778 ], [ 120.166191101074446, 0.718471527099723 ], [ 120.165702819824219, 0.719324707984981 ], [ 120.165328979492188, 0.719553887844029 ], [ 120.164131164550895, 0.719676196575222 ], [ 120.163475036621094, 0.719872713088989 ], [ 120.163215637207031, 0.72016441822052 ], [ 120.162590026855582, 0.720536649227256 ], [ 120.161811828613395, 0.720757663249969 ], [ 120.160003662109375, 0.721051871776694 ], [ 120.159393310546989, 0.721223771572227 ], [ 120.158447265625, 0.72161108255392 ], [ 120.157821655273551, 0.721961140632629 ], [ 120.156990051269531, 0.72277277708065 ], [ 120.156333923339957, 0.723264634609222 ], [ 120.155792236328125, 0.723485767841453 ], [ 120.154991149902457, 0.723682165145931 ], [ 120.154037475586051, 0.723779976368007 ], [ 120.153472900390739, 0.723951935768127 ], [ 120.152740478515625, 0.723976075649318 ], [ 120.152130126953239, 0.72422182559967 ], [ 120.1514892578125, 0.7246151566506 ], [ 120.151390075683594, 0.725181162357444 ], [ 120.151100158691406, 0.725771665573177 ], [ 120.150588989257926, 0.72633737325674 ], [ 120.149971008301009, 0.726903080940247 ], [ 120.149780273437727, 0.727324962616024 ], [ 120.149703979492188, 0.72736364603054 ], [ 120.149246215820426, 0.727602601051444 ], [ 120.148727416992188, 0.727998971939201 ], [ 120.148040771484375, 0.728255450725669 ], [ 120.147651672363281, 0.72832906246191 ], [ 120.146820068359375, 0.728353142738399 ], [ 120.146553039550895, 0.72850060462963 ], [ 120.146430969238281, 0.729048132896423 ], [ 120.145416259765739, 0.729732871055546 ], [ 120.145072937011832, 0.730271697044373 ], [ 120.144981384277344, 0.730271637439785 ], [ 120.14459228515625, 0.730665147304649 ], [ 120.144271850586051, 0.731255650520382 ], [ 120.144187927246094, 0.731764078140259 ], [ 120.144035339355469, 0.732072710990906 ], [ 120.143806457519531, 0.732141375541744 ], [ 120.143074035644531, 0.731797277927512 ], [ 120.142951965332145, 0.731943905353603 ], [ 120.143028259277344, 0.732362329959869 ], [ 120.143661499023438, 0.733112215995789 ], [ 120.143508911132926, 0.733290970325527 ], [ 120.143104553222884, 0.734190642833767 ], [ 120.143035888671875, 0.73436039686203 ], [ 120.142753601074332, 0.734454154968375 ], [ 120.142440795898438, 0.734798491001129 ], [ 120.141921997070312, 0.735462665557918 ], [ 120.141899108886719, 0.735905647277832 ], [ 120.141387939453352, 0.736422121524868 ], [ 120.141410827636832, 0.73686516284954 ], [ 120.141494750976562, 0.737007260322684 ], [ 120.141395568847884, 0.737357378005981 ], [ 120.141044616699332, 0.737357139587459 ], [ 120.140579223632812, 0.7369384765625 ], [ 120.140289306640739, 0.737233579158897 ], [ 120.140357971191406, 0.737578213214931 ], [ 120.1407470703125, 0.737750709056911 ], [ 120.140701293945426, 0.73816907405859 ], [ 120.140357971191406, 0.738291919231358 ], [ 120.139625549316406, 0.738242208957786 ], [ 120.139450073242188, 0.738635897636414 ], [ 120.13946533203125, 0.739497780799866 ], [ 120.139816284179688, 0.740112781524658 ], [ 120.139694213867301, 0.740777254104728 ], [ 120.139671325683821, 0.741129934787807 ], [ 120.139472961425781, 0.741360366344509 ], [ 120.138999938964844, 0.741648375988007 ], [ 120.138641357421875, 0.741662561893406 ], [ 120.138435363769531, 0.741802036762238 ], [ 120.138328552246094, 0.742003619670982 ], [ 120.138336181640852, 0.742157280445042 ], [ 120.138351440429801, 0.74230128526699 ], [ 120.138442993164062, 0.742493271827698 ], [ 120.138656616210938, 0.742637276649418 ], [ 120.138923645019645, 0.7427716851235 ], [ 120.139205932617188, 0.742848515510673 ], [ 120.139350891113395, 0.743078947067374 ], [ 120.139289855957259, 0.743270933628082 ], [ 120.139129638671989, 0.743338167667389 ], [ 120.138923645019645, 0.743366956710872 ], [ 120.138809204101562, 0.743328571319637 ], [ 120.138740539550895, 0.743174970149994 ], [ 120.138603210449332, 0.743155777454376 ], [ 120.138511657714844, 0.743251740932465 ], [ 120.138359069824332, 0.743194162845612 ], [ 120.138275146484375, 0.743501424789486 ], [ 120.137908935546875, 0.743693411350364 ], [ 120.137863159179688, 0.743779838085288 ], [ 120.137748718261719, 0.743952691555137 ], [ 120.137718200683594, 0.744172275066376 ], [ 120.137321472167969, 0.744762659072933 ], [ 120.137184143066406, 0.745069563388938 ], [ 120.137100219726562, 0.745476245880184 ], [ 120.137100219726562, 0.746635138988552 ], [ 120.13663482666027, 0.747198700904846 ], [ 120.136734008789062, 0.748035550117493 ], [ 120.137565612792969, 0.748282253742332 ], [ 120.138053894042969, 0.748799383640346 ], [ 120.139396667480469, 0.748898684978485 ], [ 120.139839172363281, 0.748788833618164 ], [ 120.140525817871094, 0.748776376247349 ], [ 120.141014099121321, 0.748973608016968 ], [ 120.14218902587902, 0.748703658580837 ], [ 120.143440246582031, 0.748817384243125 ], [ 120.147392272949219, 0.749962270259857 ], [ 120.150108337402344, 0.75097310543066 ], [ 120.157020568847656, 0.753482997417507 ], [ 120.158958435058707, 0.754010081291312 ], [ 120.160079956054915, 0.754085898399467 ], [ 120.161422729492415, 0.75453740358364 ], [ 120.162239074707145, 0.754613101482391 ], [ 120.163284301757812, 0.754087984561977 ], [ 120.164703369140739, 0.753938734531516 ], [ 120.170150756835938, 0.754693388938904 ], [ 120.171310424804688, 0.754919409752006 ], [ 120.171737670898551, 0.754298329353333 ], [ 120.172462463378906, 0.753199517726955 ], [ 120.173622131347884, 0.750446796417179 ], [ 120.173828125000114, 0.749968647956791 ], [ 120.1767578125, 0.743472278118134 ], [ 120.181159973144531, 0.733707606792564 ], [ 120.181625366210938, 0.732985913753566 ], [ 120.182960510253906, 0.730916023254338 ], [ 120.184410095214844, 0.728784859180507 ], [ 120.186050415039176, 0.726162075996456 ], [ 120.187202453613395, 0.724354386329708 ], [ 120.19000244140625, 0.720016837120113 ], [ 120.190261840820426, 0.719625353813171 ], [ 120.190376281738281, 0.719446480274257 ], [ 120.197845458984602, 0.707880318164769 ], [ 120.198196411132812, 0.707358896732387 ], [ 120.198493957519645, 0.70653361082077 ], [ 120.201705932617301, 0.698246955871696 ], [ 120.202445983886832, 0.696343362331447 ], [ 120.202743530273438, 0.695552110672054 ], [ 120.206085205078239, 0.686927556991577 ], [ 120.206535339355469, 0.685812056064606 ], [ 120.208419799804688, 0.680970072746277 ], [ 120.209739685058707, 0.677500009536743 ], [ 120.210006713867188, 0.676781892776546 ], [ 120.215095520019531, 0.663627445697898 ], [ 120.21514892578125, 0.663498640060425 ], [ 120.2164306640625, 0.660310983657951 ], [ 120.218833923340071, 0.653976082801819 ], [ 120.21903228759777, 0.653458118438664 ], [ 120.233879089355469, 0.61508280038845 ], [ 120.234146118164176, 0.614473640918732 ], [ 120.234428405761719, 0.613707005977631 ], [ 120.234603881835938, 0.613214850425777 ], [ 120.234786987304688, 0.612698256969566 ], [ 120.235107421875114, 0.611917436123008 ], [ 120.235145568847656, 0.611810564994869 ], [ 120.235420227051009, 0.611109316349086 ] ] ] ] } },
{ "type": "Feature", "properties": { "GID_0": "IDN", "NAME_0": "Indonesia", "GID_1": "IDN.27_1", "NAME_1": "Sulawesi Tengah", "GID_2": "IDN.27.11_1", "NAME_2": "Toli Toli", "GID_3": "IDN.27.11.4_1", "NAME_3": "Dampal Selatan", "GID_4": "IDN.27.11.4.5_1", "NAME_4": "Lempe", "VARNAME_4": null, "TYPE_4": "Desa", "ENGTYPE_4": "Village", "CC_4": "7206010009" }, "geometry": { "type": "MultiPolygon", "coordinates": [ [ [ [ 120.299980163574219, 0.643510043621063 ], [ 120.297676086425895, 0.646255552768764 ], [ 120.236419677734489, 0.719339430332241 ], [ 120.207901000976562, 0.772122621536369 ], [ 120.207489013671875, 0.772668063640651 ], [ 120.206779479980469, 0.773723065853176 ], [ 120.20574951171875, 0.775254607200623 ], [ 120.209075927734375, 0.777991950511932 ], [ 120.212203979492301, 0.780111491680259 ], [ 120.213867187500227, 0.781347811222133 ], [ 120.215415954589957, 0.782819330692291 ], [ 120.217048645019531, 0.783761560917014 ], [ 120.218597412109375, 0.784497857093925 ], [ 120.218742370605469, 0.784248650074062 ], [ 120.21882629394554, 0.784113883972168 ], [ 120.218986511230469, 0.783847391605491 ], [ 120.219223022461051, 0.783552050590572 ], [ 120.219367980957031, 0.783211708068961 ], [ 120.219436645507926, 0.783098280429897 ], [ 120.219650268554801, 0.782781124115047 ], [ 120.219848632812614, 0.782458364963531 ], [ 120.219940185546875, 0.782251894474086 ], [ 120.2225341796875, 0.777909278869743 ], [ 120.223197937011719, 0.776667773723602 ], [ 120.223335266113281, 0.776416122913361 ], [ 120.224044799804801, 0.775074183941001 ], [ 120.229057312011719, 0.765688300132865 ], [ 120.229553222656364, 0.764779925346431 ], [ 120.231117248535156, 0.761857390403861 ], [ 120.232490539550781, 0.759293496608791 ], [ 120.234580993652344, 0.755352139473018 ], [ 120.237106323242188, 0.750687360763607 ], [ 120.239608764648438, 0.745932757854519 ], [ 120.24627685546875, 0.733451962471008 ], [ 120.248603820800895, 0.730885446071625 ], [ 120.261329650878906, 0.717208266258183 ], [ 120.2635498046875, 0.714828014373893 ], [ 120.265083312988281, 0.71316975355154 ], [ 120.267143249511832, 0.710956692695731 ], [ 120.268218994140625, 0.709825575351772 ], [ 120.26920318603527, 0.708743929863033 ], [ 120.271865844726676, 0.705882430076599 ], [ 120.272758483886719, 0.704930722713527 ], [ 120.27402496337902, 0.703557133674735 ], [ 120.275001525878906, 0.702509760856572 ], [ 120.276992797851562, 0.700499475002346 ], [ 120.27850341796875, 0.698744177818298 ], [ 120.279823303222656, 0.69732594490057 ], [ 120.282173156738395, 0.695027709007377 ], [ 120.284378051757812, 0.692462801933289 ], [ 120.284614562988281, 0.692172348499355 ], [ 120.287185668945426, 0.689407587051505 ], [ 120.288795471191406, 0.687931478023586 ], [ 120.290267944335938, 0.686095178127289 ], [ 120.308311462402457, 0.666703283786831 ], [ 120.309349060058594, 0.665616929531211 ], [ 120.31172180175804, 0.663308501243591 ], [ 120.313728332519531, 0.660877346992493 ], [ 120.314666748046875, 0.659865200519562 ], [ 120.314231872558707, 0.659709930420036 ], [ 120.312583923339844, 0.659182131290493 ], [ 120.311218261718864, 0.658755481243077 ], [ 120.310997009277457, 0.658674776554108 ], [ 120.309654235839957, 0.657991647720451 ], [ 120.308113098144645, 0.657239139080161 ], [ 120.307937622070426, 0.657117605209351 ], [ 120.307754516601676, 0.657025933265743 ], [ 120.302619934082145, 0.653552532196045 ], [ 120.300720214843864, 0.65193384885788 ], [ 120.300704956054801, 0.651858270168304 ], [ 120.300613403320312, 0.651291012764034 ], [ 120.299797058105469, 0.646179556846675 ], [ 120.29969787597679, 0.64572989940649 ], [ 120.29969787597679, 0.645584523677769 ], [ 120.29969787597679, 0.645067274570408 ], [ 120.29986572265625, 0.644412636756954 ], [ 120.299926757812614, 0.643931984901371 ], [ 120.299980163574219, 0.643510043621063 ] ] ] ] } },
{ "type": "Feature", "properties": { "GID_0": "IDN", "NAME_0": "Indonesia", "GID_1": "IDN.27_1", "NAME_1": "Sulawesi Tengah", "GID_2": "IDN.27.11_1", "NAME_2": "Toli Toli", "GID_3": "IDN.27.11.4_1", "NAME_3": "Dampal Selatan", "GID_4": "IDN.27.11.4.6_1", "NAME_4": "Mimbala", "VARNAME_4": null, "TYPE_4": "Desa", "ENGTYPE_4": "Village", "CC_4": "7206010006" }, "geometry": { "type": "MultiPolygon", "coordinates": [ [ [ [ 120.244132995605469, 0.840039908886013 ], [ 120.243865966796989, 0.840219080448264 ], [ 120.243148803710938, 0.840541958808899 ], [ 120.242843627929688, 0.840882778167781 ], [ 120.242988586425781, 0.841438829898834 ], [ 120.242988586425781, 0.842461287975425 ], [ 120.24289703369152, 0.845026314258575 ], [ 120.242790222167969, 0.846246004104728 ], [ 120.242774963378906, 0.847035288810787 ], [ 120.242683410644645, 0.84780657291418 ], [ 120.242599487304688, 0.848739326000157 ], [ 120.242630004882812, 0.849474728107566 ], [ 120.242813110351562, 0.850048720836639 ], [ 120.242828369140625, 0.851196706294957 ], [ 120.242973327636719, 0.851824462413902 ], [ 120.242935180664176, 0.852721333503837 ], [ 120.242935180664176, 0.854197144508419 ], [ 120.242866516113509, 0.854676485061646 ], [ 120.242881774902457, 0.855716884136257 ], [ 120.242774963378906, 0.856506109237728 ], [ 120.242767333984375, 0.856858789920921 ], [ 120.242691040039176, 0.857205629348869 ], [ 120.242515563964957, 0.859604477882385 ], [ 120.242225646972656, 0.861994922161159 ], [ 120.242454528808594, 0.862174272537288 ], [ 120.242401123046875, 0.86229985952383 ], [ 120.2421875, 0.862371623516083 ], [ 120.241867065429688, 0.863716900348777 ], [ 120.241935729980582, 0.864613771438712 ], [ 120.242134094238395, 0.865098059177512 ], [ 120.242027282714844, 0.86624604463583 ], [ 120.241889953613281, 0.866802096366882 ], [ 120.241722106933821, 0.867232620716209 ], [ 120.241584777832145, 0.868057727813721 ], [ 120.241615295410156, 0.868434429168815 ], [ 120.241386413574332, 0.868846952915135 ], [ 120.241416931152344, 0.869214057922363 ], [ 120.241065979003906, 0.87003082036972 ], [ 120.241012573242301, 0.870909750461635 ], [ 120.240974426269645, 0.873668670654354 ], [ 120.241157531738395, 0.873905241489467 ], [ 120.240943908691406, 0.874313056468964 ], [ 120.240974426269645, 0.875017404556331 ], [ 120.24063873291027, 0.876524150371552 ], [ 120.240409851074332, 0.877313375473022 ], [ 120.240493774414062, 0.877636253833884 ], [ 120.24018859863304, 0.877926886081752 ], [ 120.240119934082031, 0.878228187561149 ], [ 120.24021148681652, 0.878443419933319 ], [ 120.239944458007812, 0.87853312492382 ], [ 120.239784240722656, 0.878748416900748 ], [ 120.239448547363395, 0.879161000251884 ], [ 120.238967895507812, 0.879681169986725 ], [ 120.238754272460938, 0.87987852096569 ], [ 120.238571166992188, 0.880021989345607 ], [ 120.238449096679688, 0.880111694336051 ], [ 120.23831939697277, 0.880279064178467 ], [ 120.238128662109489, 0.880434632301331 ], [ 120.238037109375, 0.880560159683228 ], [ 120.237876892089844, 0.880685746669883 ], [ 120.237785339355582, 0.880775451660156 ], [ 120.237678527832031, 0.880811333656425 ], [ 120.237380981445426, 0.880954802036342 ], [ 120.237144470215071, 0.881116271019039 ], [ 120.236717224121094, 0.881241858005524 ], [ 120.236396789550895, 0.881387948989811 ], [ 120.236183166504134, 0.881313621997833 ], [ 120.236099243164062, 0.881170153617859 ], [ 120.235939025878906, 0.88125985860836 ], [ 120.235755920410156, 0.881460905075073 ], [ 120.235420227051009, 0.881564795970974 ], [ 120.235206604003906, 0.88201326131832 ], [ 120.235115051269645, 0.882389962673244 ], [ 120.235153198242188, 0.882605195045414 ], [ 120.235237121582259, 0.882712781429348 ], [ 120.235275268554801, 0.883089482784214 ], [ 120.235115051269645, 0.883412361145076 ], [ 120.235099792480582, 0.883842885494232 ], [ 120.235046386718977, 0.884291291236991 ], [ 120.234916687011832, 0.884739756584167 ], [ 120.234794616699219, 0.885295808315391 ], [ 120.234832763671875, 0.885726273059959 ], [ 120.234634399414062, 0.886282324791011 ], [ 120.234687805175895, 0.886874258518276 ], [ 120.235130310058594, 0.887218832969779 ], [ 120.235275268554801, 0.887609660625515 ], [ 120.235755920410156, 0.887573778629303 ], [ 120.23590087890625, 0.887983262539024 ], [ 120.235916137695312, 0.888434708118382 ], [ 120.23606109619152, 0.889008700847683 ], [ 120.236045837402457, 0.889313638210297 ], [ 120.236114501953125, 0.889439225196838 ], [ 120.236221313476676, 0.8896723985672 ], [ 120.236274719238281, 0.890031099319515 ], [ 120.236419677734489, 0.890371918678397 ], [ 120.236366271972656, 0.891017675399894 ], [ 120.236579895019645, 0.891573727130947 ], [ 120.236633300781364, 0.892362952232418 ], [ 120.236740112304688, 0.893026590347347 ], [ 120.236915588378906, 0.894174575805664 ], [ 120.237197875976676, 0.894927918911094 ], [ 120.237182617187614, 0.895161092281285 ], [ 120.237022399902457, 0.895430147647915 ], [ 120.237236022949219, 0.895591557025853 ], [ 120.237434387207031, 0.895519852638358 ], [ 120.237632751464844, 0.895196914672965 ], [ 120.23777008056652, 0.895017564296779 ], [ 120.238006591796875, 0.895143091678676 ], [ 120.238342285156364, 0.895430088043327 ], [ 120.2386474609375, 0.895860552787894 ], [ 120.238914489746207, 0.896147549152317 ], [ 120.239181518554688, 0.896757364273071 ], [ 120.239585876464844, 0.896706640720424 ], [ 120.242683410644645, 0.89450675249094 ], [ 120.246818542480469, 0.893057405948639 ], [ 120.247512817382926, 0.89281302690506 ], [ 120.251060485840071, 0.891651868820134 ], [ 120.252944946289062, 0.89046847820282 ], [ 120.255683898925895, 0.889211237430573 ], [ 120.255783081054688, 0.889190793037528 ], [ 120.256141662597656, 0.889083504676933 ], [ 120.256599426269759, 0.88886862993246 ], [ 120.257171630859602, 0.888151824474448 ], [ 120.257537841796875, 0.887386918067932 ], [ 120.257667541503906, 0.887196063995475 ], [ 120.258193969726676, 0.886742115020752 ], [ 120.259933471679688, 0.886603474617061 ], [ 120.262344360351676, 0.887309849262238 ], [ 120.263175964355469, 0.88864046335226 ], [ 120.26328277587902, 0.888708472251892 ], [ 120.263618469238281, 0.889212727546692 ], [ 120.264320373535156, 0.889104902744407 ], [ 120.264511108398438, 0.889125645160732 ], [ 120.26460266113304, 0.889060795307273 ], [ 120.268562316894531, 0.886363506317252 ], [ 120.269592285156364, 0.885722279548645 ], [ 120.27115631103527, 0.884953081607932 ], [ 120.271965026855469, 0.884594202041683 ], [ 120.272964477539062, 0.884513795375824 ], [ 120.274269104003906, 0.884446859359798 ], [ 120.274665832519531, 0.884434878826255 ], [ 120.275474548340071, 0.884257674217224 ], [ 120.276786804199219, 0.884000241756496 ], [ 120.280075073242301, 0.882261931896323 ], [ 120.282318115234375, 0.880561113357544 ], [ 120.282783508300895, 0.879884958267212 ], [ 120.283279418945312, 0.87918704748148 ], [ 120.283432006835938, 0.877830386161861 ], [ 120.283653259277344, 0.87590563297266 ], [ 120.283859252929688, 0.875282824039516 ], [ 120.283958435058594, 0.87502920627594 ], [ 120.284042358398438, 0.8748978972435 ], [ 120.284294128418082, 0.874525308609066 ], [ 120.286270141601562, 0.874472975730953 ], [ 120.286857604980469, 0.874473392963409 ], [ 120.287834167480469, 0.874075829982814 ], [ 120.290451049804688, 0.871720850467796 ], [ 120.291427612304688, 0.870028913021144 ], [ 120.290824890136719, 0.869090497493801 ], [ 120.29056549072277, 0.868693351745662 ], [ 120.289634704589957, 0.867125213146267 ], [ 120.287635803222656, 0.864745080471153 ], [ 120.286293029785156, 0.863589406013489 ], [ 120.286033630371207, 0.863390445709285 ], [ 120.285888671875, 0.861453592777366 ], [ 120.285903930664062, 0.861100554466248 ], [ 120.285827636718864, 0.86037248373043 ], [ 120.285934448242188, 0.859815299510956 ], [ 120.285995483398551, 0.85786414146429 ], [ 120.285926818847656, 0.857380390167293 ], [ 120.285163879394531, 0.855391919612885 ], [ 120.284683227539176, 0.854387342929897 ], [ 120.284774780273438, 0.853167951106968 ], [ 120.284851074218864, 0.853034198284149 ], [ 120.285110473632812, 0.852175831794796 ], [ 120.285667419433594, 0.851712286472264 ], [ 120.286270141601562, 0.85092747211462 ], [ 120.286735534668196, 0.850666701793727 ], [ 120.287277221679688, 0.850316882133541 ], [ 120.287796020507812, 0.849983036518211 ], [ 120.288276672363395, 0.849792361259517 ], [ 120.288345336914062, 0.849759995937347 ], [ 120.288711547851676, 0.849467515945491 ], [ 120.288864135742301, 0.849219918251151 ], [ 120.288642883301009, 0.848851144313869 ], [ 120.288299560546989, 0.848506867885533 ], [ 120.288032531738281, 0.848224937915859 ], [ 120.287452697753906, 0.847736299038047 ], [ 120.285690307617188, 0.847286760807094 ], [ 120.284851074218864, 0.846790015697479 ], [ 120.284523010253906, 0.846612036228294 ], [ 120.283691406250114, 0.845628499984741 ], [ 120.283660888671875, 0.845537364482936 ], [ 120.2830810546875, 0.843943059444541 ], [ 120.28118896484375, 0.842788040638084 ], [ 120.280731201171875, 0.842522621154842 ], [ 120.280006408691406, 0.843542575836295 ], [ 120.279838562011719, 0.843789041042385 ], [ 120.278839111328125, 0.843862116336823 ], [ 120.27725982666027, 0.844009220600185 ], [ 120.277130126953125, 0.844022750854606 ], [ 120.276145935058594, 0.844148337841091 ], [ 120.274978637695426, 0.844049751758689 ], [ 120.273910522460938, 0.843969464302006 ], [ 120.272964477539062, 0.844008564949036 ], [ 120.271842956542969, 0.844023108482304 ], [ 120.271118164062614, 0.843987405300197 ], [ 120.269515991210938, 0.843921720981598 ], [ 120.268867492675895, 0.843681871890965 ], [ 120.266654968261719, 0.842893958091736 ], [ 120.264747619628906, 0.841932713985557 ], [ 120.26324462890625, 0.841198742389679 ], [ 120.258041381835938, 0.839738726615963 ], [ 120.254684448242415, 0.840796768665314 ], [ 120.253311157226562, 0.842096924781799 ], [ 120.252708435058594, 0.842661798000393 ], [ 120.2515869140625, 0.842035412788391 ], [ 120.251091003418082, 0.841772675514335 ], [ 120.249885559082031, 0.841485798358917 ], [ 120.248489379882812, 0.841188311576843 ], [ 120.247886657714957, 0.841008782386723 ], [ 120.24765777587902, 0.840954244136924 ], [ 120.246551513671989, 0.840610563755149 ], [ 120.246467590332031, 0.840584397316036 ], [ 120.245635986328125, 0.840325891971588 ], [ 120.245536804199446, 0.840299189090786 ], [ 120.245429992675781, 0.840263009071464 ], [ 120.24530029296875, 0.84022247791296 ], [ 120.245101928710938, 0.840190708637181 ], [ 120.244834899902457, 0.840148329734859 ], [ 120.244293212890625, 0.840065121650696 ], [ 120.244132995605469, 0.840039908886013 ] ] ] ] } },
{ "type": "Feature", "properties": { "GID_0": "IDN", "NAME_0": "Indonesia", "GID_1": "IDN.27_1", "NAME_1": "Sulawesi Tengah", "GID_2": "IDN.27.11_1", "NAME_2": "Toli Toli", "GID_3": "IDN.27.11.4_1", "NAME_3": "Dampal Selatan", "GID_4": "IDN.27.11.4.7_1", "NAME_4": "Paddumpu", "VARNAME_4": null, "TYPE_4": "Desa", "ENGTYPE_4": "Village", "CC_4": "7206010008" }, "geometry": { "type": "MultiPolygon", "coordinates": [ [ [ [ 120.275886535644645, 0.631360292434806 ], [ 120.274765014648551, 0.63331180810934 ], [ 120.274520874023665, 0.633719861507529 ], [ 120.273727416992188, 0.634866595268306 ], [ 120.273429870605582, 0.635647654533386 ], [ 120.271255493164062, 0.639437556266785 ], [ 120.270652770996094, 0.640371024608726 ], [ 120.268600463867188, 0.643581926822719 ], [ 120.266548156738395, 0.647366225719509 ], [ 120.264503479003906, 0.65103584527975 ], [ 120.262107849121094, 0.655164182186184 ], [ 120.260421752929801, 0.658342063427028 ], [ 120.24810791015625, 0.679827928543091 ], [ 120.244338989257812, 0.686380803585109 ], [ 120.239128112792969, 0.695491194725093 ], [ 120.230880737304801, 0.709875166416168 ], [ 120.228866577148438, 0.713050901889858 ], [ 120.226921081542969, 0.716104865074271 ], [ 120.223449707031364, 0.721596539020595 ], [ 120.216468811035156, 0.732608556747437 ], [ 120.209922790527457, 0.742886185646171 ], [ 120.207931518554688, 0.744585454464072 ], [ 120.204429626464844, 0.747516036033687 ], [ 120.200111389160156, 0.75375056266779 ], [ 120.198326110839844, 0.756303489208221 ], [ 120.199920654296875, 0.756666958332175 ], [ 120.204689025878906, 0.757293403148708 ], [ 120.204772949218864, 0.75730478763586 ], [ 120.209014892578125, 0.754844069480896 ], [ 120.212165832519645, 0.753022730350551 ], [ 120.221755981445426, 0.740517199039459 ], [ 120.224098205566406, 0.738028943538779 ], [ 120.227394104003906, 0.734543979167995 ], [ 120.233726501464957, 0.719305455684776 ], [ 120.281982421875114, 0.637665450572968 ], [ 120.284919738769531, 0.632657587528172 ], [ 120.285537719726562, 0.631605088710842 ], [ 120.285423278808707, 0.631373763084468 ], [ 120.285285949707031, 0.631133615970725 ], [ 120.285171508789062, 0.631068706512451 ], [ 120.284339904785156, 0.630612432956809 ], [ 120.283012390136719, 0.630581915378627 ], [ 120.277030944824332, 0.63151860237133 ], [ 120.276382446289062, 0.63140994310379 ], [ 120.275886535644645, 0.631360292434806 ] ] ] ] } },
{ "type": "Feature", "properties": { "GID_0": "IDN", "NAME_0": "Indonesia", "GID_1": "IDN.27_1", "NAME_1": "Sulawesi Tengah", "GID_2": "IDN.27.11_1", "NAME_2": "Toli Toli", "GID_3": "IDN.27.11.4_1", "NAME_3": "Dampal Selatan", "GID_4": "IDN.27.11.4.8_1", "NAME_4": "Soni", "VARNAME_4": null, "TYPE_4": "Desa", "ENGTYPE_4": "Village", "CC_4": "7206010003" }, "geometry": { "type": "MultiPolygon", "coordinates": [ [ [ [ 120.285537719726562, 0.631605088710842 ], [ 120.284919738769531, 0.632657587528172 ], [ 120.281982421875114, 0.637665450572968 ], [ 120.233726501464957, 0.719305455684776 ], [ 120.227394104003906, 0.734543979167995 ], [ 120.224098205566406, 0.738028943538779 ], [ 120.221755981445426, 0.740517199039459 ], [ 120.212165832519645, 0.753022730350551 ], [ 120.209014892578125, 0.754844069480896 ], [ 120.204772949218864, 0.75730478763586 ], [ 120.204689025878906, 0.757293403148708 ], [ 120.199920654296875, 0.756666958332175 ], [ 120.198326110839844, 0.756303489208221 ], [ 120.196525573730582, 0.758786916732788 ], [ 120.193695068359489, 0.762673676014003 ], [ 120.193000793457031, 0.763314008712825 ], [ 120.192680358886719, 0.763597190380096 ], [ 120.192489624023438, 0.763748645782471 ], [ 120.192153930664176, 0.76393115520483 ], [ 120.191802978515739, 0.764118254184837 ], [ 120.191497802734375, 0.764281570911407 ], [ 120.191390991211051, 0.76434421539318 ], [ 120.189056396484375, 0.765593349933681 ], [ 120.190177917480469, 0.766510784626007 ], [ 120.19207763671875, 0.766934871673584 ], [ 120.193756103515625, 0.767730712890682 ], [ 120.195526123046875, 0.768725335598106 ], [ 120.196960449218864, 0.769521057605857 ], [ 120.198341369628906, 0.770217359066066 ], [ 120.200164794921989, 0.771311342716217 ], [ 120.201499938964957, 0.772057294845638 ], [ 120.202728271484375, 0.772803187370243 ], [ 120.204010009765739, 0.773797512054557 ], [ 120.204727172851676, 0.774484455585593 ], [ 120.20574951171875, 0.775254607200623 ], [ 120.206779479980469, 0.773723065853176 ], [ 120.207489013671875, 0.772668063640651 ], [ 120.207901000976562, 0.772122621536369 ], [ 120.236419677734489, 0.719339430332241 ], [ 120.297676086425895, 0.646255552768764 ], [ 120.299980163574219, 0.643510043621063 ], [ 120.299911499023551, 0.643439233303127 ], [ 120.29986572265625, 0.642913639545441 ], [ 120.299797058105469, 0.642606079578457 ], [ 120.298667907714844, 0.641848206520081 ], [ 120.297538757324219, 0.641090273857117 ], [ 120.296150207519645, 0.641007304191703 ], [ 120.295440673828125, 0.640971958637294 ], [ 120.293869018554688, 0.640899002552032 ], [ 120.29343414306652, 0.640717864036674 ], [ 120.292739868164062, 0.64042508602148 ], [ 120.292526245117301, 0.640305876731929 ], [ 120.291397094726562, 0.639904201030674 ], [ 120.288879394531364, 0.639665722846985 ], [ 120.287002563476562, 0.639096796512717 ], [ 120.286705017089844, 0.638634085655326 ], [ 120.286163330078352, 0.637833595275936 ], [ 120.286224365234489, 0.637406110763607 ], [ 120.2864990234375, 0.63561075925827 ], [ 120.28641510009777, 0.633558988571224 ], [ 120.286079406738281, 0.63261783123022 ], [ 120.28578186035179, 0.632091164589042 ], [ 120.285537719726562, 0.631605088710842 ] ] ] ] } },
{ "type": "Feature", "properties": { "GID_0": "IDN", "NAME_0": "Indonesia", "GID_1": "IDN.27_1", "NAME_1": "Sulawesi Tengah", "GID_2": "IDN.27.11_1", "NAME_2": "Toli Toli", "GID_3": "IDN.27.11.4_1", "NAME_3": "Dampal Selatan", "GID_4": "IDN.27.11.4.9_1", "NAME_4": "Tampiala", "VARNAME_4": null, "TYPE_4": "Desa", "ENGTYPE_4": "Village", "CC_4": "7206010002" }, "geometry": { "type": "MultiPolygon", "coordinates": [ [ [ [ 120.258621215820312, 0.623076736927146 ], [ 120.25849914550804, 0.622989475727081 ], [ 120.257553100586165, 0.622137010097617 ], [ 120.256904602050781, 0.622013926506156 ], [ 120.25677490234375, 0.622264564037323 ], [ 120.239189147949219, 0.656145632267055 ], [ 120.238983154296875, 0.656541407108421 ], [ 120.238922119140739, 0.656653702259177 ], [ 120.234237670898438, 0.665685594081879 ], [ 120.233062744140625, 0.668123602867126 ], [ 120.232269287109375, 0.669471025466919 ], [ 120.229949951171989, 0.673941850662345 ], [ 120.228622436523551, 0.676724195480347 ], [ 120.22798156738304, 0.677729845046997 ], [ 120.225868225097656, 0.68181049823761 ], [ 120.22474670410179, 0.684063434600944 ], [ 120.224235534668082, 0.684951782226619 ], [ 120.21274566650402, 0.707192778587341 ], [ 120.212669372558594, 0.707342505455074 ], [ 120.21085357666027, 0.710897445678825 ], [ 120.210624694824446, 0.711287736892757 ], [ 120.208015441894645, 0.716345787048397 ], [ 120.184753417968864, 0.754641830921173 ], [ 120.18149566650402, 0.759050726890507 ], [ 120.184555053711051, 0.761115670204276 ], [ 120.185035705566406, 0.76121324300766 ], [ 120.185386657714844, 0.761338055133763 ], [ 120.185989379882812, 0.761930465698299 ], [ 120.18625640869152, 0.762335717678184 ], [ 120.186683654785156, 0.762756645679417 ], [ 120.18695068359375, 0.763286471366939 ], [ 120.187957763671989, 0.764163792133388 ], [ 120.188240051269531, 0.764459311962241 ], [ 120.188529968261832, 0.76465630531311 ], [ 120.188713073730582, 0.764742493629512 ], [ 120.188926696777457, 0.764877915382442 ], [ 120.189079284668196, 0.76486557722103 ], [ 120.189231872558594, 0.764828622341156 ], [ 120.189399719238281, 0.764816343784332 ], [ 120.18975830078125, 0.764791667461452 ], [ 120.19004058837902, 0.764680862426815 ], [ 120.190391540527344, 0.764471530914307 ], [ 120.190696716308594, 0.76448380947113 ], [ 120.190994262695426, 0.764409959316367 ], [ 120.191390991211051, 0.76434421539318 ], [ 120.191497802734375, 0.764281570911407 ], [ 120.191802978515739, 0.764118254184837 ], [ 120.192153930664176, 0.76393115520483 ], [ 120.192489624023438, 0.763748645782471 ], [ 120.192680358886719, 0.763597190380096 ], [ 120.193000793457031, 0.763314008712825 ], [ 120.193695068359489, 0.762673676014003 ], [ 120.196525573730582, 0.758786916732788 ], [ 120.198326110839844, 0.756303489208221 ], [ 120.200111389160156, 0.75375056266779 ], [ 120.204429626464844, 0.747516036033687 ], [ 120.207931518554688, 0.744585454464072 ], [ 120.209922790527457, 0.742886185646171 ], [ 120.216468811035156, 0.732608556747437 ], [ 120.223449707031364, 0.721596539020595 ], [ 120.226921081542969, 0.716104865074271 ], [ 120.228866577148438, 0.713050901889858 ], [ 120.230880737304801, 0.709875166416168 ], [ 120.239128112792969, 0.695491194725093 ], [ 120.244338989257812, 0.686380803585109 ], [ 120.24810791015625, 0.679827928543091 ], [ 120.260421752929801, 0.658342063427028 ], [ 120.262107849121094, 0.655164182186184 ], [ 120.264503479003906, 0.65103584527975 ], [ 120.266548156738395, 0.647366225719509 ], [ 120.268600463867188, 0.643581926822719 ], [ 120.270652770996094, 0.640371024608726 ], [ 120.271255493164062, 0.639437556266785 ], [ 120.273429870605582, 0.635647654533386 ], [ 120.273727416992188, 0.634866595268306 ], [ 120.274520874023665, 0.633719861507529 ], [ 120.274765014648551, 0.63331180810934 ], [ 120.275886535644645, 0.631360292434806 ], [ 120.275291442871321, 0.630960226059017 ], [ 120.274543762207145, 0.630460560321808 ], [ 120.273849487304688, 0.630262136459407 ], [ 120.273620605468864, 0.630195677280426 ], [ 120.270492553710938, 0.630738854408264 ], [ 120.268989562988509, 0.630348563194332 ], [ 120.267845153808821, 0.629059910774345 ], [ 120.267341613769645, 0.6275377273559 ], [ 120.267173767089844, 0.627261042594967 ], [ 120.266304016113281, 0.625833332538662 ], [ 120.266212463378906, 0.625634431838989 ], [ 120.265274047851562, 0.623560965061188 ], [ 120.264427185058707, 0.622803211212158 ], [ 120.263389587402344, 0.622321903705597 ], [ 120.261253356933594, 0.623293817043304 ], [ 120.26065826416027, 0.623558521270752 ], [ 120.259483337402457, 0.623484134674129 ], [ 120.259147644043082, 0.623460292816219 ], [ 120.258621215820312, 0.623076736927146 ] ] ] ] } },
{ "type": "Feature", "properties": { "GID_0": "IDN", "NAME_0": "Indonesia", "GID_1": "IDN.27_1", "NAME_1": "Sulawesi Tengah", "GID_2": "IDN.27.11_1", "NAME_2": "Toli Toli", "GID_3": "IDN.27.11.5_1", "NAME_3": "Dampal Utara", "GID_4": "IDN.27.11.5.1_1", "NAME_4": "Bambapula", "VARNAME_4": null, "TYPE_4": "Desa", "ENGTYPE_4": "Village", "CC_4": "7206020003" }, "geometry": { "type": "MultiPolygon", "coordinates": [ [ [ [ 120.326919555664062, 0.957886397838593 ], [ 120.32574462890625, 0.957679271697998 ], [ 120.325141906738395, 0.957576274871826 ], [ 120.323493957519531, 0.957298338413239 ], [ 120.321990966796875, 0.957045853138084 ], [ 120.320327758789176, 0.956765353679714 ], [ 120.319473266601562, 0.95679634809494 ], [ 120.318778991699446, 0.956821560859794 ], [ 120.317230224609375, 0.956888437271232 ], [ 120.315895080566406, 0.956943392753715 ], [ 120.315788269043082, 0.956916689872742 ], [ 120.312225341796875, 0.955872297286987 ], [ 120.307655334472656, 0.954598188400325 ], [ 120.307449340820312, 0.954533219337463 ], [ 120.306816101074332, 0.952227771282253 ], [ 120.306716918945312, 0.951867640018463 ], [ 120.306587219238395, 0.951408803463039 ], [ 120.306533813476562, 0.951204478740749 ], [ 120.306900024414062, 0.948986113071442 ], [ 120.306663513183594, 0.946040153503418 ], [ 120.306648254394531, 0.945775568485317 ], [ 120.306625366211051, 0.945553481578941 ], [ 120.306587219238395, 0.945106863975639 ], [ 120.306602478027457, 0.943967700004634 ], [ 120.306602478027457, 0.943702816963253 ], [ 120.306602478027457, 0.943486392498073 ], [ 120.306640625000114, 0.940112054348049 ], [ 120.306648254394531, 0.938667714595852 ], [ 120.306663513183594, 0.938153564930076 ], [ 120.306663513183594, 0.937734425067902 ], [ 120.306678771972656, 0.936041653156281 ], [ 120.306694030761719, 0.934965372085628 ], [ 120.306709289550781, 0.934288740158081 ], [ 120.306716918945312, 0.934024751186371 ], [ 120.306732177734375, 0.933085560798702 ], [ 120.306793212890739, 0.929821193218174 ], [ 120.306770324707145, 0.928989171981925 ], [ 120.306663513183594, 0.92499041557312 ], [ 120.306663513183594, 0.924697875976619 ], [ 120.306121826171875, 0.92287606000906 ], [ 120.305305480957145, 0.92159336805355 ], [ 120.304550170898438, 0.920294523239249 ], [ 120.303001403808707, 0.919313013553676 ], [ 120.302352905273438, 0.918959736823979 ], [ 120.301719665527344, 0.918557286262569 ], [ 120.300926208496094, 0.919361889362278 ], [ 120.299079895019531, 0.921300530433598 ], [ 120.296440124511719, 0.930074572563285 ], [ 120.296417236328125, 0.930652201175747 ], [ 120.296287536621207, 0.934096693992615 ], [ 120.296272277832259, 0.934180557727927 ], [ 120.296257019042969, 0.934371650219077 ], [ 120.295379638671989, 0.9390589594841 ], [ 120.294647216796875, 0.942016601562557 ], [ 120.294372558593864, 0.942787766456604 ], [ 120.293029785156477, 0.946600317955131 ], [ 120.290969848632926, 0.948853909969444 ], [ 120.290580749511832, 0.949854612350521 ], [ 120.289077758789176, 0.95372569561016 ], [ 120.289047241211051, 0.953851044178123 ], [ 120.288597106933594, 0.955981850624084 ], [ 120.288719177246094, 0.957993507385254 ], [ 120.288337707519531, 0.958916783332825 ], [ 120.287895202636832, 0.96003091335308 ], [ 120.28812408447277, 0.961897790431976 ], [ 120.287773132324219, 0.963080763816833 ], [ 120.28769683837902, 0.964363992214317 ], [ 120.287666320800781, 0.965185940265599 ], [ 120.286270141601562, 0.968354225158748 ], [ 120.285934448242188, 0.970362246036643 ], [ 120.285278320312614, 0.973055124282894 ], [ 120.2845458984375, 0.976366996765137 ], [ 120.284446716308821, 0.976464509964046 ], [ 120.283851623535156, 0.979108393192348 ], [ 120.282699584960938, 0.981919705867767 ], [ 120.282012939453239, 0.983593106269836 ], [ 120.280464172363395, 0.983794033527431 ], [ 120.2801513671875, 0.984173357486725 ], [ 120.28086090087902, 0.985355794429893 ], [ 120.282325744628906, 0.986270427703914 ], [ 120.28460693359375, 0.98613631725317 ], [ 120.287376403808707, 0.984886705875397 ], [ 120.290550231933821, 0.98410552740097 ], [ 120.294570922851676, 0.982625782489833 ], [ 120.297378540039062, 0.981829166412354 ], [ 120.301139831542969, 0.98149418830883 ], [ 120.306770324707145, 0.981538295745963 ], [ 120.311317443847656, 0.982318758964652 ], [ 120.313774108886719, 0.982876300811824 ], [ 120.318367004394531, 0.984482228756065 ], [ 120.319053649902344, 0.985062241554374 ], [ 120.320205688476562, 0.98561996221548 ], [ 120.320831298828125, 0.985420465469474 ], [ 120.322822570800895, 0.985240399837551 ], [ 120.322555541992188, 0.984124839305935 ], [ 120.32421875, 0.983544588089103 ], [ 120.32590484619152, 0.983745276927948 ], [ 120.329421997070312, 0.983767211437282 ], [ 120.332618713378906, 0.982294380664939 ], [ 120.336364746093864, 0.981624662876129 ], [ 120.335853576660156, 0.981066942215023 ], [ 120.335708618164062, 0.98064219951641 ], [ 120.335182189941634, 0.979640007019043 ], [ 120.334716796875, 0.978771030902919 ], [ 120.334007263183594, 0.97815394401556 ], [ 120.333679199218864, 0.977809667587394 ], [ 120.333412170410156, 0.977564334869328 ], [ 120.333198547363281, 0.976985275745506 ], [ 120.332527160644645, 0.97629272937786 ], [ 120.331840515136719, 0.974842548370418 ], [ 120.33158111572277, 0.974489331245536 ], [ 120.331169128418196, 0.974003553390617 ], [ 120.33103179931652, 0.973739326000214 ], [ 120.330955505371094, 0.973637878894749 ], [ 120.330047607421989, 0.972745478153172 ], [ 120.329963684082031, 0.972601056098995 ], [ 120.329910278320426, 0.972544729709739 ], [ 120.328552246093864, 0.970083177089691 ], [ 120.326858520507926, 0.966930329799766 ], [ 120.326232910156364, 0.965794086456242 ], [ 120.326278686523551, 0.965026259422302 ], [ 120.326362609863281, 0.964268088340816 ], [ 120.326477050781364, 0.963009536266384 ], [ 120.326522827148438, 0.962259650230465 ], [ 120.326568603515625, 0.96146792173397 ], [ 120.326629638671989, 0.96065324544918 ], [ 120.326690673828125, 0.960128009319362 ], [ 120.326751708984375, 0.959781706333274 ], [ 120.326797485351676, 0.95921719074255 ], [ 120.326766967773438, 0.959046840667668 ], [ 120.326850891113395, 0.958600640296993 ], [ 120.326873779296875, 0.958332896232548 ], [ 120.326919555664062, 0.957886397838593 ] ] ] ] } },
{ "type": "Feature", "properties": { "GID_0": "IDN", "NAME_0": "Indonesia", "GID_1": "IDN.27_1", "NAME_1": "Sulawesi Tengah", "GID_2": "IDN.27.11_1", "NAME_2": "Toli Toli", "GID_3": "IDN.27.11.5_1", "NAME_3": "Dampal Utara", "GID_4": "IDN.27.11.5.2_1", "NAME_4": "Banagan", "VARNAME_4": null, "TYPE_4": "Desa", "ENGTYPE_4": "Village", "CC_4": "7206020006" }, "geometry": { "type": "MultiPolygon", "coordinates": [ [ [ [ 120.337921142578239, 0.844531714916286 ], [ 120.3377685546875, 0.844202697277183 ], [ 120.337654113769759, 0.843852460384369 ], [ 120.3367919921875, 0.843703210353908 ], [ 120.33631896972679, 0.843849003315086 ], [ 120.335487365722656, 0.844129800796509 ], [ 120.335411071777457, 0.844112932682151 ], [ 120.334510803222656, 0.843931734561977 ], [ 120.333793640136719, 0.843802452087459 ], [ 120.333595275878906, 0.843799293041286 ], [ 120.333229064941406, 0.843629717826786 ], [ 120.333724975586051, 0.842784345150051 ], [ 120.333648681640852, 0.842115581035728 ], [ 120.332321166992415, 0.840993285179138 ], [ 120.331802368164176, 0.840504288673458 ], [ 120.331062316894531, 0.839860320091361 ], [ 120.331077575683594, 0.83941966295248 ], [ 120.331405639648551, 0.838991105556488 ], [ 120.331611633300895, 0.838465869426727 ], [ 120.331275939941406, 0.837631344795284 ], [ 120.33158111572277, 0.836775839328823 ], [ 120.331428527832145, 0.83637523651123 ], [ 120.330986022949446, 0.836446046829167 ], [ 120.330764770507812, 0.83631402254116 ], [ 120.330558776855469, 0.836299896240291 ], [ 120.330551147460938, 0.836183726787567 ], [ 120.330528259277344, 0.835795164108333 ], [ 120.330490112304688, 0.835253059864158 ], [ 120.33042144775402, 0.834358453750724 ], [ 120.330398559570312, 0.834165871143398 ], [ 120.33021545410179, 0.834131479263306 ], [ 120.329833984375227, 0.834139645099697 ], [ 120.329750061035156, 0.834191679954529 ], [ 120.329330444336051, 0.834618806839103 ], [ 120.328765869140739, 0.834434449672813 ], [ 120.32861328125, 0.834399580955619 ], [ 120.328514099121207, 0.834351599216518 ], [ 120.328399658203125, 0.834314346313533 ], [ 120.328323364257926, 0.834263801574821 ], [ 120.327972412109489, 0.833681941032523 ], [ 120.32781982421875, 0.833459019661007 ], [ 120.327873229980469, 0.832401931285972 ], [ 120.327255249023438, 0.832193315029258 ], [ 120.32708740234375, 0.832194924354553 ], [ 120.325881958007926, 0.832338571548576 ], [ 120.325798034667969, 0.832276761531944 ], [ 120.325828552246321, 0.831970632076263 ], [ 120.325790405273438, 0.83169960975647 ], [ 120.325866699218864, 0.831530451774654 ], [ 120.325889587402457, 0.83124768733984 ], [ 120.326347351074219, 0.831143379211483 ], [ 120.326400756836165, 0.830625057220459 ], [ 120.326393127441406, 0.830532252788601 ], [ 120.325935363769531, 0.830024480819759 ], [ 120.325340270996094, 0.83051460981369 ], [ 120.323867797851562, 0.830544233322144 ], [ 120.32366943359375, 0.830538511276359 ], [ 120.323616027832145, 0.830482661724204 ], [ 120.323532104492188, 0.830461621284542 ], [ 120.323257446289062, 0.830231368541831 ], [ 120.323135375976562, 0.830019831657467 ], [ 120.323074340820312, 0.829954445362148 ], [ 120.322921752929688, 0.829640924930686 ], [ 120.322525024414062, 0.829038679599705 ], [ 120.322532653808594, 0.828625857830048 ], [ 120.322532653808594, 0.828007936477775 ], [ 120.322196960449219, 0.826928436756134 ], [ 120.322151184082031, 0.826793074607792 ], [ 120.322509765625, 0.825690984726066 ], [ 120.322509765625, 0.82549512386322 ], [ 120.322502136230469, 0.825259745120945 ], [ 120.323295593261719, 0.825123846530971 ], [ 120.323654174804688, 0.825501739978904 ], [ 120.323867797851562, 0.825596749782676 ], [ 120.3240966796875, 0.825700819492283 ], [ 120.324470520019531, 0.825483918190059 ], [ 120.324569702148551, 0.825335383415336 ], [ 120.324729919433707, 0.825062811374664 ], [ 120.3245849609375, 0.82478499412548 ], [ 120.324470520019531, 0.824604153633231 ], [ 120.323883056640625, 0.824385702610073 ], [ 120.323867797851562, 0.824278056621608 ], [ 120.323814392089844, 0.823841452598629 ], [ 120.324020385742188, 0.823488533496857 ], [ 120.324851989746094, 0.823094904422817 ], [ 120.325271606445426, 0.822459995746613 ], [ 120.325096130371207, 0.822089254856166 ], [ 120.324180603027457, 0.821507036685944 ], [ 120.3240966796875, 0.821162641048431 ], [ 120.324073791503906, 0.821072578430289 ], [ 120.324180603027457, 0.820849001407566 ], [ 120.324920654296989, 0.819321930408535 ], [ 120.324989318847656, 0.818276226520595 ], [ 120.32476806640625, 0.81766581535345 ], [ 120.324424743652344, 0.816777348518428 ], [ 120.324020385742188, 0.816855609417019 ], [ 120.323074340820312, 0.817055583000297 ], [ 120.322616577148551, 0.816051304340419 ], [ 120.321754455566406, 0.81534564495098 ], [ 120.322082519531364, 0.815068125724906 ], [ 120.322357177734375, 0.815057814121246 ], [ 120.3232421875, 0.815048277378139 ], [ 120.323371887207145, 0.815037369728032 ], [ 120.323333740234375, 0.814056217670498 ], [ 120.323898315429688, 0.813051819801444 ], [ 120.324424743652344, 0.812223911285457 ], [ 120.324211120605469, 0.810947120189667 ], [ 120.323974609375114, 0.809635341167564 ], [ 120.324462890625, 0.808966696262416 ], [ 120.325187683105469, 0.808586597442627 ], [ 120.325927734375, 0.809288561344204 ], [ 120.326194763183594, 0.809532344341392 ], [ 120.326629638671989, 0.80922710895544 ], [ 120.326911926269531, 0.80901837348938 ], [ 120.327629089355469, 0.807541370391959 ], [ 120.327857971191406, 0.80631989240652 ], [ 120.327499389648438, 0.80563747882843 ], [ 120.32743072509777, 0.805504918098563 ], [ 120.327468872070312, 0.805026590824241 ], [ 120.327484130859375, 0.804691314697379 ], [ 120.327903747558594, 0.804445564746857 ], [ 120.32871246337902, 0.803971886634827 ], [ 120.3289794921875, 0.803427517414207 ], [ 120.32932281494152, 0.802679359912929 ], [ 120.329895019531364, 0.801621019840297 ], [ 120.330070495605582, 0.801271021366176 ], [ 120.330070495605582, 0.800524413585777 ], [ 120.329856872558707, 0.800377368927002 ], [ 120.32968902587902, 0.800221443176326 ], [ 120.329010009765625, 0.799642503261623 ], [ 120.328941345214957, 0.799535870552006 ], [ 120.328598022460938, 0.799002945423126 ], [ 120.327972412109489, 0.798054754734153 ], [ 120.327125549316406, 0.796953082084656 ], [ 120.327056884765625, 0.796878218650818 ], [ 120.326362609863281, 0.796383917331809 ], [ 120.325675964355582, 0.796099066734314 ], [ 120.325103759765739, 0.796115159988517 ], [ 120.324325561523551, 0.796538710594291 ], [ 120.323760986328239, 0.797367572784367 ], [ 120.32224273681652, 0.799307942390556 ], [ 120.320556640625114, 0.801371097564697 ], [ 120.317085266113395, 0.805966377258358 ], [ 120.315238952636719, 0.808470547199249 ], [ 120.311981201171989, 0.813259422779083 ], [ 120.309318542480469, 0.817484378814811 ], [ 120.307411193847656, 0.819793105125541 ], [ 120.304588317871094, 0.820727229118461 ], [ 120.302947998047102, 0.821297109127045 ], [ 120.302017211914176, 0.821617364883537 ], [ 120.300788879394531, 0.822065532207603 ], [ 120.300590515136719, 0.822178184986058 ], [ 120.299850463867188, 0.822608470916862 ], [ 120.299575805664176, 0.822737574577445 ], [ 120.29898834228527, 0.823055744171199 ], [ 120.298355102539062, 0.823764204978943 ], [ 120.298049926757926, 0.825124621391353 ], [ 120.29782867431652, 0.826760649681091 ], [ 120.297813415527457, 0.826986730098724 ], [ 120.297737121582031, 0.828239977359715 ], [ 120.297698974609375, 0.828381776809806 ], [ 120.297668457031364, 0.828900516033286 ], [ 120.29718017578125, 0.829666316509304 ], [ 120.296806335449219, 0.829639434814567 ], [ 120.296539306640625, 0.829689025878963 ], [ 120.295806884765625, 0.82958430051815 ], [ 120.295654296875, 0.829555809497947 ], [ 120.295265197753906, 0.829301476478577 ], [ 120.294395446777457, 0.828852057457084 ], [ 120.292648315429915, 0.828093767166081 ], [ 120.292442321777344, 0.828020274639186 ], [ 120.289680480957031, 0.828553915023861 ], [ 120.288772583007812, 0.828313171863556 ], [ 120.288261413574446, 0.828237295150814 ], [ 120.287277221679688, 0.827844560146445 ], [ 120.286720275878906, 0.827648222446385 ], [ 120.286148071289062, 0.827962219715118 ], [ 120.285285949707031, 0.829315662383976 ], [ 120.284942626953125, 0.829877614974919 ], [ 120.283355712890739, 0.831916153431052 ], [ 120.28273010253929, 0.834338009357509 ], [ 120.281639099121207, 0.836811423301754 ], [ 120.281356811523438, 0.837535917759055 ], [ 120.280502319336051, 0.83890300989151 ], [ 120.279891967773551, 0.839982092380467 ], [ 120.280044555664062, 0.841529965400809 ], [ 120.280616760253906, 0.842391610145512 ], [ 120.280731201171875, 0.842522621154842 ], [ 120.28118896484375, 0.842788040638084 ], [ 120.2830810546875, 0.843943059444541 ], [ 120.283660888671875, 0.845537364482936 ], [ 120.283691406250114, 0.845628499984741 ], [ 120.284523010253906, 0.846612036228294 ], [ 120.284851074218864, 0.846790015697479 ], [ 120.285690307617188, 0.847286760807094 ], [ 120.287452697753906, 0.847736299038047 ], [ 120.288032531738281, 0.848224937915859 ], [ 120.288299560546989, 0.848506867885533 ], [ 120.288642883301009, 0.848851144313869 ], [ 120.288864135742301, 0.849219918251151 ], [ 120.288711547851676, 0.849467515945491 ], [ 120.288345336914062, 0.849759995937347 ], [ 120.288276672363395, 0.849792361259517 ], [ 120.287796020507812, 0.849983036518211 ], [ 120.287277221679688, 0.850316882133541 ], [ 120.286735534668196, 0.850666701793727 ], [ 120.286270141601562, 0.85092747211462 ], [ 120.285667419433594, 0.851712286472264 ], [ 120.285110473632812, 0.852175831794796 ], [ 120.284851074218864, 0.853034198284149 ], [ 120.284774780273438, 0.853167951106968 ], [ 120.284683227539176, 0.854387342929897 ], [ 120.285163879394531, 0.855391919612885 ], [ 120.285926818847656, 0.857380390167293 ], [ 120.285995483398551, 0.85786414146429 ], [ 120.285934448242188, 0.859815299510956 ], [ 120.285827636718864, 0.86037248373043 ], [ 120.285903930664062, 0.861100554466248 ], [ 120.285888671875, 0.861453592777366 ], [ 120.286033630371207, 0.863390445709285 ], [ 120.286293029785156, 0.863589406013489 ], [ 120.287635803222656, 0.864745080471153 ], [ 120.289634704589957, 0.867125213146267 ], [ 120.29056549072277, 0.868693351745662 ], [ 120.290824890136719, 0.869090497493801 ], [ 120.291427612304688, 0.870028913021144 ], [ 120.291549682617301, 0.870692908763942 ], [ 120.291687011718977, 0.871320128440857 ], [ 120.291770935058594, 0.871720790863037 ], [ 120.291862487792969, 0.872048795223236 ], [ 120.291938781738395, 0.872228741645813 ], [ 120.292366027832031, 0.873309254646301 ], [ 120.292678833007926, 0.873601555824393 ], [ 120.292945861816406, 0.873870968818721 ], [ 120.293235778808707, 0.874045073986167 ], [ 120.294799804687614, 0.875009715557212 ], [ 120.2967529296875, 0.875882267952022 ], [ 120.29801177978527, 0.877335309982357 ], [ 120.30088043212902, 0.878941118717194 ], [ 120.301254272461051, 0.879158020019645 ], [ 120.301269531250114, 0.879989802837372 ], [ 120.301269531250114, 0.882073283195552 ], [ 120.302528381347656, 0.88480627536768 ], [ 120.303367614746207, 0.888005852699337 ], [ 120.304153442382926, 0.89099627733242 ], [ 120.303787231445312, 0.896070837974662 ], [ 120.303627014160156, 0.896678626537437 ], [ 120.302879333496094, 0.899377644062099 ], [ 120.302383422851676, 0.901554524898586 ], [ 120.302093505859375, 0.902822315692902 ], [ 120.299949645996207, 0.906842172145957 ], [ 120.298355102539062, 0.90920972824091 ], [ 120.298713684082031, 0.913763463497162 ], [ 120.300857543945426, 0.917766213417167 ], [ 120.301055908203239, 0.918136596679688 ], [ 120.301719665527344, 0.918557286262569 ], [ 120.302352905273438, 0.918959736823979 ], [ 120.303001403808707, 0.919313013553676 ], [ 120.304550170898438, 0.920294523239249 ], [ 120.305305480957145, 0.92159336805355 ], [ 120.306121826171875, 0.92287606000906 ], [ 120.306663513183594, 0.924697875976619 ], [ 120.306663513183594, 0.92499041557312 ], [ 120.306770324707145, 0.928989171981925 ], [ 120.306793212890739, 0.929821193218174 ], [ 120.308769226074219, 0.93024080991745 ], [ 120.309631347656364, 0.930438637733459 ], [ 120.309806823730696, 0.930478632450161 ], [ 120.310806274414176, 0.930708169937134 ], [ 120.313003540039062, 0.930513679981232 ], [ 120.313804626464844, 0.930441081523838 ], [ 120.314750671386719, 0.93035298585886 ], [ 120.317657470703239, 0.930259823799133 ], [ 120.318710327148438, 0.930226266384125 ], [ 120.318809509277457, 0.930223345756474 ], [ 120.320411682128906, 0.930172622203827 ], [ 120.323341369628906, 0.929772436618919 ], [ 120.324874877929915, 0.929551839828491 ], [ 120.328170776367301, 0.929113149642944 ], [ 120.328376770019645, 0.929085850715751 ], [ 120.331329345703125, 0.928971171379146 ], [ 120.332443237304688, 0.92895781993866 ], [ 120.333457946777571, 0.928925752639827 ], [ 120.333694458007926, 0.928903996944427 ], [ 120.334152221679688, 0.92890393733984 ], [ 120.334671020507926, 0.928859293460846 ], [ 120.335021972656364, 0.928876638412476 ], [ 120.335350036621094, 0.928866147995052 ], [ 120.335800170898551, 0.928836822509879 ], [ 120.339042663574332, 0.928702652454376 ], [ 120.339416503906364, 0.927817761898154 ], [ 120.338951110839844, 0.926325261592922 ], [ 120.340339660644645, 0.924181401729641 ], [ 120.340530395507926, 0.921943366527671 ], [ 120.341461181640625, 0.918866515159664 ], [ 120.341087341308821, 0.917840421199799 ], [ 120.340347290039176, 0.915415167808646 ], [ 120.340255737304688, 0.913736402988491 ], [ 120.339797973632926, 0.912243962287903 ], [ 120.338127136230469, 0.911683142185325 ], [ 120.337852478027571, 0.909911036491508 ], [ 120.337944030761719, 0.908885300159568 ], [ 120.338874816894645, 0.907300591468868 ], [ 120.339706420898438, 0.905249536037445 ], [ 120.340080261230469, 0.902918338775692 ], [ 120.340362548828239, 0.89909499883646 ], [ 120.339248657226676, 0.897415518760738 ], [ 120.339530944824219, 0.894338190555686 ], [ 120.340362548828239, 0.892193913459892 ], [ 120.338699340820312, 0.892752230167446 ], [ 120.338325500488281, 0.891539573669547 ], [ 120.338882446289062, 0.890887200832367 ], [ 120.3370361328125, 0.888181388378086 ], [ 120.337127685546989, 0.886969089508113 ], [ 120.336112976074219, 0.884633362293243 ], [ 120.334304809570312, 0.883721292018834 ], [ 120.333221435546875, 0.881534814834652 ], [ 120.331771850586051, 0.87989449501049 ], [ 120.329910278320426, 0.878011167049351 ], [ 120.330093383789176, 0.8761461377145 ], [ 120.331054687500114, 0.874793946743011 ], [ 120.330513000488281, 0.872789978980961 ], [ 120.331054687500114, 0.87060463428503 ], [ 120.331062316894531, 0.86823678016674 ], [ 120.33111572265625, 0.866261601448002 ], [ 120.330337524414062, 0.864593386650085 ], [ 120.329330444336051, 0.863698184490204 ], [ 120.32806396484375, 0.86206287145626 ], [ 120.32672119140625, 0.86040157079708 ], [ 120.327445983886719, 0.858762800693626 ], [ 120.326904296875, 0.856576681137142 ], [ 120.3272705078125, 0.856030523777065 ], [ 120.32708740234375, 0.854937553405819 ], [ 120.328071594238281, 0.853016912937278 ], [ 120.328720092773551, 0.851295828819389 ], [ 120.330528259277344, 0.850568532943782 ], [ 120.332336425781364, 0.849294781684989 ], [ 120.334838867187614, 0.846773386001644 ], [ 120.337257385253906, 0.845286965370292 ], [ 120.337921142578239, 0.844531714916286 ] ] ] ] } },
{ "type": "Feature", "properties": { "GID_0": "IDN", "NAME_0": "Indonesia", "GID_1": "IDN.27_1", "NAME_1": "Sulawesi Tengah", "GID_2": "IDN.27.11_1", "NAME_2": "Toli Toli", "GID_3": "IDN.27.11.5_1", "NAME_3": "Dampal Utara", "GID_4": "IDN.27.11.5.3_1", "NAME_4": "Kabinuang", "VARNAME_4": null, "TYPE_4": "Desa", "ENGTYPE_4": "Village", "CC_4": "7206020001" }, "geometry": { "type": "MultiPolygon", "coordinates": [ [ [ [ 120.302383422851676, 0.901554524898586 ], [ 120.295738220214957, 0.899612486362571 ], [ 120.285079956054801, 0.90274757146841 ], [ 120.282089233398438, 0.904789388179836 ], [ 120.270896911621321, 0.912518978118953 ], [ 120.266723632812614, 0.914259016513938 ], [ 120.257255554199219, 0.918316423893089 ], [ 120.256927490234375, 0.918463230133113 ], [ 120.251350402832031, 0.920297324657554 ], [ 120.248565673828125, 0.921292364597434 ], [ 120.244071960449332, 0.923182845115718 ], [ 120.245063781738281, 0.924666523933524 ], [ 120.245536804199446, 0.925745606422481 ], [ 120.24763488769554, 0.929492712020931 ], [ 120.249038696289176, 0.931485056877136 ], [ 120.249809265136719, 0.933405160904044 ], [ 120.251747131347656, 0.935122072696686 ], [ 120.252120971679688, 0.937621355056763 ], [ 120.2523193359375, 0.937600374221915 ], [ 120.253166198730696, 0.937509715557155 ], [ 120.253776550293082, 0.93744391202938 ], [ 120.254226684570312, 0.937395870685691 ], [ 120.256233215332145, 0.936587095260734 ], [ 120.256370544433594, 0.936587154865322 ], [ 120.257026672363395, 0.936209082603455 ], [ 120.257682800292969, 0.935830950737056 ], [ 120.258064270019531, 0.935547232627925 ], [ 120.258529663086051, 0.935358285903874 ], [ 120.25860595703125, 0.935283422470206 ], [ 120.259048461914062, 0.935306608676967 ], [ 120.259567260742188, 0.935359120369014 ], [ 120.25982666015625, 0.935347259044647 ], [ 120.261451721191406, 0.935432612896079 ], [ 120.264114379882812, 0.934716343879757 ], [ 120.264862060546989, 0.934866547584477 ], [ 120.265815734863395, 0.935153245926017 ], [ 120.267646789550781, 0.935154676437378 ], [ 120.269508361816406, 0.935156166553497 ], [ 120.27115631103527, 0.935743153095359 ], [ 120.271324157714957, 0.935712218284721 ], [ 120.271392822265625, 0.93568754196167 ], [ 120.272964477539062, 0.935322821140346 ], [ 120.273750305175781, 0.935492694377956 ], [ 120.274261474609375, 0.935714542865753 ], [ 120.27610015869152, 0.936085760593471 ], [ 120.2777099609375, 0.9358167648316 ], [ 120.278083801269531, 0.935782968997898 ], [ 120.280616760253906, 0.935952961444855 ], [ 120.281974792480582, 0.936090350151176 ], [ 120.286750793457145, 0.935724258422852 ], [ 120.291343688964957, 0.936837196350098 ], [ 120.295379638671989, 0.9390589594841 ], [ 120.296257019042969, 0.934371650219077 ], [ 120.296272277832259, 0.934180557727927 ], [ 120.296287536621207, 0.934096693992615 ], [ 120.296417236328125, 0.930652201175747 ], [ 120.296440124511719, 0.930074572563285 ], [ 120.299079895019531, 0.921300530433598 ], [ 120.300926208496094, 0.919361889362278 ], [ 120.301719665527344, 0.918557286262569 ], [ 120.301055908203239, 0.918136596679688 ], [ 120.300857543945426, 0.917766213417167 ], [ 120.298713684082031, 0.913763463497162 ], [ 120.298355102539062, 0.90920972824091 ], [ 120.299949645996207, 0.906842172145957 ], [ 120.302093505859375, 0.902822315692902 ], [ 120.302383422851676, 0.901554524898586 ] ] ] ] } },
{ "type": "Feature", "properties": { "GID_0": "IDN", "NAME_0": "Indonesia", "GID_1": "IDN.27_1", "NAME_1": "Sulawesi Tengah", "GID_2": "IDN.27.11_1", "NAME_2": "Toli Toli", "GID_3": "IDN.27.11.5_1", "NAME_3": "Dampal Utara", "GID_4": "IDN.27.11.5.4_1", "NAME_4": "Malambigu", "VARNAME_4": null, "TYPE_4": "Desa", "ENGTYPE_4": "Village", "CC_4": "7206020004" }, "geometry": { "type": "MultiPolygon", "coordinates": [ [ [ [ 120.336364746093864, 0.981624662876129 ], [ 120.338142395019531, 0.982099115848541 ], [ 120.339317321777344, 0.982633054256496 ], [ 120.340866088867188, 0.98392474651348 ], [ 120.341293334961051, 0.984312832355499 ], [ 120.341873168945426, 0.984555661678371 ], [ 120.342979431152344, 0.983684122562465 ], [ 120.343940734863281, 0.984121084213371 ], [ 120.344909667968977, 0.984333932399693 ], [ 120.345962524414062, 0.984946727752686 ], [ 120.346595764160156, 0.98455947637558 ], [ 120.347602844238395, 0.984754145145359 ], [ 120.348663330078125, 0.984997332096157 ], [ 120.3492431640625, 0.984755456447715 ], [ 120.349670410156477, 0.984319567680359 ], [ 120.350730895996094, 0.984417378902378 ], [ 120.351791381836051, 0.984612107276973 ], [ 120.352706909179688, 0.984547853469905 ], [ 120.354125976562614, 0.984207808971405 ], [ 120.354804992675781, 0.982626259326878 ], [ 120.354866027832145, 0.981757760048026 ], [ 120.354125976562614, 0.980645537376517 ], [ 120.353195190429688, 0.980444848537445 ], [ 120.352188110351676, 0.980700910091457 ], [ 120.351356506347656, 0.98017293214798 ], [ 120.350280761718864, 0.980172038078251 ], [ 120.349288940429915, 0.979375422000999 ], [ 120.348861694335938, 0.978938877582607 ], [ 120.348670959472656, 0.978502452373561 ], [ 120.348091125488281, 0.977435708046016 ], [ 120.347465515136719, 0.976417362690086 ], [ 120.347198486328352, 0.976199030876273 ], [ 120.346923828125, 0.976043701171989 ], [ 120.346794128417969, 0.97578668594366 ], [ 120.347015380859489, 0.975392341613883 ], [ 120.346939086914062, 0.974962830543632 ], [ 120.346679687500114, 0.974647581577301 ], [ 120.346603393554688, 0.97442942857748 ], [ 120.346542358398438, 0.974035561084861 ], [ 120.346694946289176, 0.973852396011353 ], [ 120.346893310546875, 0.973605692386741 ], [ 120.347419738769645, 0.973460674285889 ], [ 120.347908020019531, 0.973283708095607 ], [ 120.348373413086051, 0.973191022872868 ], [ 120.348678588867188, 0.97300511598587 ], [ 120.349449157714844, 0.973408997058982 ], [ 120.349761962890625, 0.973750472068843 ], [ 120.3502197265625, 0.974061012268066 ], [ 120.351242065429801, 0.974465072154942 ], [ 120.352012634277457, 0.974868953228111 ], [ 120.352264404296875, 0.974706530571098 ], [ 120.352874755859375, 0.974621474742889 ], [ 120.353584289550781, 0.974932253360862 ], [ 120.354133605957145, 0.974777579307556 ], [ 120.354583740234375, 0.974371671676693 ], [ 120.355003356933594, 0.974059283733425 ], [ 120.355049133300895, 0.973746955394802 ], [ 120.354415893554688, 0.973443925380707 ], [ 120.354385375976562, 0.972451269626674 ], [ 120.354011535644531, 0.9717995524407 ], [ 120.353950500488281, 0.971179068088588 ], [ 120.353614807128906, 0.970589458942413 ], [ 120.35355377197277, 0.969782829284725 ], [ 120.353172302246207, 0.969012141227722 ], [ 120.352722167968977, 0.968913614749908 ], [ 120.352355957031364, 0.968975365161953 ], [ 120.351707458496094, 0.969160974025726 ], [ 120.350822448730696, 0.969313204288596 ], [ 120.350410461425781, 0.969501197338161 ], [ 120.34970855712902, 0.969843089580536 ], [ 120.348716735840071, 0.97005820274353 ], [ 120.347976684570426, 0.970057666301727 ], [ 120.347389221191634, 0.969840049743709 ], [ 120.346649169921989, 0.969622313976345 ], [ 120.346221923828125, 0.96928071975708 ], [ 120.345977783203125, 0.968906402588004 ], [ 120.345802307128906, 0.968437910079956 ], [ 120.345573425292969, 0.967977404594478 ], [ 120.345420837402344, 0.967263817787227 ], [ 120.345359802246207, 0.967032372951451 ], [ 120.345298767089957, 0.966497719287929 ], [ 120.34529113769554, 0.96638530492794 ], [ 120.345382690429688, 0.966318368911743 ], [ 120.345405578613281, 0.965939104557094 ], [ 120.345428466796875, 0.965649068355617 ], [ 120.345535278320426, 0.965091288089752 ], [ 120.345489501953239, 0.964399635791835 ], [ 120.345603942871094, 0.96361875534069 ], [ 120.345626831054688, 0.963127911090965 ], [ 120.3455810546875, 0.962765991687718 ], [ 120.346069335937614, 0.962083935737724 ], [ 120.346504211425895, 0.961836099624634 ], [ 120.347152709960938, 0.961922943592072 ], [ 120.347732543945312, 0.962056756019649 ], [ 120.348129272460938, 0.962168276310081 ], [ 120.348640441894531, 0.962279796600342 ], [ 120.349151611328239, 0.962302029132957 ], [ 120.349662780761719, 0.962190449237937 ], [ 120.349800109863281, 0.961900770664215 ], [ 120.34970855712902, 0.961404323577938 ], [ 120.349517822265739, 0.961136341094971 ], [ 120.349121093750114, 0.960845530033168 ], [ 120.349128723144645, 0.960137844085807 ], [ 120.348953247070426, 0.959513187408447 ], [ 120.348625183105469, 0.959433078765926 ], [ 120.348594665527457, 0.959191620349998 ], [ 120.348381042480582, 0.959138810634613 ], [ 120.347763061523665, 0.959374666213932 ], [ 120.34745025634777, 0.959355890750999 ], [ 120.347122192382812, 0.959168851375523 ], [ 120.34647369384777, 0.958951234817505 ], [ 120.345855712890852, 0.959167897701263 ], [ 120.345672607422102, 0.959353864193076 ], [ 120.345504760742301, 0.959354400634879 ], [ 120.345504760742301, 0.959227323532104 ], [ 120.345520019531364, 0.959062159061546 ], [ 120.345413208007812, 0.958973169326839 ], [ 120.345161437988395, 0.95902377367031 ], [ 120.345024108886719, 0.958896636962947 ], [ 120.344932556152457, 0.958732903003749 ], [ 120.345123291015739, 0.958617150783653 ], [ 120.345329284668082, 0.958782494068146 ], [ 120.345542907714957, 0.958871603012199 ], [ 120.345832824707031, 0.958646118640957 ], [ 120.346076965332145, 0.957798063755035 ], [ 120.345870971679801, 0.957563161850032 ], [ 120.345855712890852, 0.957275629043579 ], [ 120.3458251953125, 0.956903398037014 ], [ 120.345802307128906, 0.956048309803009 ], [ 120.346023559570312, 0.955477714538631 ], [ 120.3458251953125, 0.954708278179226 ], [ 120.345802307128906, 0.954038202762717 ], [ 120.345977783203125, 0.95354205369955 ], [ 120.346275329589957, 0.953418195247707 ], [ 120.346321105957031, 0.95294672250759 ], [ 120.346618652343977, 0.952599525451774 ], [ 120.346672058105582, 0.952227294445038 ], [ 120.346603393554688, 0.952016949653682 ], [ 120.346443176269645, 0.951749205589408 ], [ 120.346511840820312, 0.951347589492798 ], [ 120.346687316894645, 0.950952291488647 ], [ 120.346397399902344, 0.950120508670921 ], [ 120.346122741699332, 0.950263082981166 ], [ 120.345954895019531, 0.950361907482261 ], [ 120.345527648925895, 0.9505912661553 ], [ 120.345245361328125, 0.950748085975704 ], [ 120.344680786132812, 0.951035857200679 ], [ 120.344009399414176, 0.951382160186824 ], [ 120.343360900878906, 0.951709747314567 ], [ 120.342575073242188, 0.952112197875977 ], [ 120.342102050781364, 0.952350854873771 ], [ 120.341461181640625, 0.952681541442928 ], [ 120.341026306152344, 0.952898740768489 ], [ 120.340690612792969, 0.953066885471401 ], [ 120.340255737304688, 0.953218579292297 ], [ 120.340148925781364, 0.95325410366064 ], [ 120.339607238769645, 0.953427314758358 ], [ 120.338996887207259, 0.95361918210989 ], [ 120.338066101074332, 0.953918755054474 ], [ 120.337333679199332, 0.954419434070587 ], [ 120.336936950683707, 0.954691469669456 ], [ 120.336479187011719, 0.955004394054527 ], [ 120.335731506347656, 0.955182731151581 ], [ 120.335578918457145, 0.955219328403587 ], [ 120.334373474121094, 0.955516219139213 ], [ 120.334045410156364, 0.955753743648643 ], [ 120.333671569824332, 0.956024706363621 ], [ 120.332756042480582, 0.956698536872921 ], [ 120.332206726074219, 0.957105696201381 ], [ 120.332061767578125, 0.957141816616115 ], [ 120.331565856933707, 0.957264840602875 ], [ 120.331169128418196, 0.957353711128349 ], [ 120.330894470214844, 0.957414627075309 ], [ 120.330757141113281, 0.957451283931732 ], [ 120.33021545410179, 0.957591235637778 ], [ 120.33013916015625, 0.957611203193721 ], [ 120.329856872558707, 0.957705378532523 ], [ 120.329338073730582, 0.957877874374503 ], [ 120.329101562500114, 0.957873225212211 ], [ 120.328140258789176, 0.957854688167572 ], [ 120.326919555664062, 0.957886397838593 ], [ 120.326873779296875, 0.958332896232548 ], [ 120.326850891113395, 0.958600640296993 ], [ 120.326766967773438, 0.959046840667668 ], [ 120.326797485351676, 0.95921719074255 ], [ 120.326751708984375, 0.959781706333274 ], [ 120.326690673828125, 0.960128009319362 ], [ 120.326629638671989, 0.96065324544918 ], [ 120.326568603515625, 0.96146792173397 ], [ 120.326522827148438, 0.962259650230465 ], [ 120.326477050781364, 0.963009536266384 ], [ 120.326362609863281, 0.964268088340816 ], [ 120.326278686523551, 0.965026259422302 ], [ 120.326232910156364, 0.965794086456242 ], [ 120.326858520507926, 0.966930329799766 ], [ 120.328552246093864, 0.970083177089691 ], [ 120.329910278320426, 0.972544729709739 ], [ 120.329963684082031, 0.972601056098995 ], [ 120.330047607421989, 0.972745478153172 ], [ 120.330955505371094, 0.973637878894749 ], [ 120.33103179931652, 0.973739326000214 ], [ 120.331169128418196, 0.974003553390617 ], [ 120.33158111572277, 0.974489331245536 ], [ 120.331840515136719, 0.974842548370418 ], [ 120.332527160644645, 0.97629272937786 ], [ 120.333198547363281, 0.976985275745506 ], [ 120.333412170410156, 0.977564334869328 ], [ 120.333679199218864, 0.977809667587394 ], [ 120.334007263183594, 0.97815394401556 ], [ 120.334716796875, 0.978771030902919 ], [ 120.335182189941634, 0.979640007019043 ], [ 120.335708618164062, 0.98064219951641 ], [ 120.335853576660156, 0.981066942215023 ], [ 120.336364746093864, 0.981624662876129 ] ] ], [ [ [ 120.358856201171989, 0.979833900928497 ], [ 120.358566284179688, 0.979827165603695 ], [ 120.358406066894531, 0.979976654052848 ], [ 120.358383178710938, 0.980119764804897 ], [ 120.358345031738281, 0.980269372463283 ], [ 120.358192443847656, 0.980535924434719 ], [ 120.358230590820312, 0.980770170688743 ], [ 120.358406066894531, 0.980867922306004 ], [ 120.358612060546875, 0.980887591838894 ], [ 120.358757019042969, 0.980874657631034 ], [ 120.358886718750114, 0.980738162994442 ], [ 120.359161376953125, 0.980647325515747 ], [ 120.359184265136719, 0.980510711670036 ], [ 120.359138488769531, 0.980341553688163 ], [ 120.359054565429801, 0.980217874050254 ], [ 120.35902404785179, 0.980048716068268 ], [ 120.358856201171989, 0.979833900928497 ] ] ], [ [ [ 120.348556518554801, 0.965175867080688 ], [ 120.348335266113509, 0.964654564857597 ], [ 120.347618103027457, 0.964753270149345 ], [ 120.347053527832145, 0.964727997779903 ], [ 120.34665679931652, 0.965348064899501 ], [ 120.346809387207259, 0.96591895818716 ], [ 120.347053527832145, 0.966316223144645 ], [ 120.347549438476562, 0.966366231441498 ], [ 120.348159790039176, 0.965895235538426 ], [ 120.348556518554801, 0.965175867080688 ] ] ] ] } },
{ "type": "Feature", "properties": { "GID_0": "IDN", "NAME_0": "Indonesia", "GID_1": "IDN.27_1", "NAME_1": "Sulawesi Tengah", "GID_2": "IDN.27.11_1", "NAME_2": "Toli Toli", "GID_3": "IDN.27.11.5_1", "NAME_3": "Dampal Utara", "GID_4": "IDN.27.11.5.5_1", "NAME_4": "Ogotua", "VARNAME_4": null, "TYPE_4": "Desa", "ENGTYPE_4": "Village", "CC_4": "7206020002" }, "geometry": { "type": "MultiPolygon", "coordinates": [ [ [ [ 120.237716674804915, 0.979194939136619 ], [ 120.23886871337902, 0.980160951614437 ], [ 120.240203857421989, 0.981416642665863 ], [ 120.240974426269645, 0.983443915843964 ], [ 120.240776062011832, 0.985277354717198 ], [ 120.242599487304688, 0.98547184467327 ], [ 120.244132995605469, 0.985666155815181 ], [ 120.245185852050895, 0.986246049404201 ], [ 120.246147155761832, 0.986246883869285 ], [ 120.247970581054688, 0.986537873745021 ], [ 120.249404907226676, 0.985381007194576 ], [ 120.248619079589957, 0.984431505203247 ], [ 120.246917724609489, 0.98306280374527 ], [ 120.246376037597656, 0.981713771820182 ], [ 120.244903564453125, 0.980069458484763 ], [ 120.244232177734489, 0.978814363479728 ], [ 120.244331359863281, 0.977463364601135 ], [ 120.243850708007926, 0.976883888244629 ], [ 120.24289703369152, 0.976883113384247 ], [ 120.241264343261719, 0.976495742797965 ], [ 120.239639282226676, 0.975239813327846 ], [ 120.237815856933594, 0.974273264408225 ], [ 120.237518310547102, 0.973406612873134 ], [ 120.236663818359375, 0.972535252571163 ], [ 120.236381530761946, 0.971762955188865 ], [ 120.236091613769531, 0.970701158046779 ], [ 120.235519409179688, 0.96983212232584 ], [ 120.236106872558594, 0.968193948269004 ], [ 120.235145568847656, 0.968000113964138 ], [ 120.234115600586051, 0.967844843864441 ], [ 120.232772827148551, 0.967998206615562 ], [ 120.231742858886719, 0.96836364269268 ], [ 120.231010437011719, 0.968284368515071 ], [ 120.231590270996094, 0.970311462879238 ], [ 120.230926513671875, 0.972822129726467 ], [ 120.231582641601562, 0.973978638649044 ], [ 120.233306884765625, 0.974752068519592 ], [ 120.234939575195312, 0.97697305679327 ], [ 120.235893249511719, 0.97861438989645 ], [ 120.237716674804915, 0.979194939136619 ] ] ], [ [ [ 120.2523193359375, 0.937600374221915 ], [ 120.251663208007926, 0.938476622104702 ], [ 120.251472473144645, 0.940275013446865 ], [ 120.251190185546875, 0.941789329052028 ], [ 120.251098632812614, 0.943019807338771 ], [ 120.25034332275402, 0.944249749183655 ], [ 120.250434875488281, 0.944912433624324 ], [ 120.25052642822277, 0.946012198925018 ], [ 120.24981689453125, 0.947786450386161 ], [ 120.248992919921989, 0.950625538826046 ], [ 120.248405456543082, 0.952518224716187 ], [ 120.247810363769531, 0.954055964946804 ], [ 120.247222900390625, 0.955948650836945 ], [ 120.247100830078239, 0.95772343873972 ], [ 120.2479248046875, 0.958670675754604 ], [ 120.248260498046989, 0.960150718689022 ], [ 120.249671936035156, 0.959299921989441 ], [ 120.252021789551009, 0.958733856678009 ], [ 120.254379272461051, 0.957789182662907 ], [ 120.255691528320426, 0.95779025554657 ], [ 120.256858825683707, 0.957923114299717 ], [ 120.258262634277344, 0.958075344562644 ], [ 120.259490966796989, 0.958620250225067 ], [ 120.2611083984375, 0.959800004959163 ], [ 120.262504577636946, 0.960758030414581 ], [ 120.2630615234375, 0.961221814155579 ], [ 120.262985229492188, 0.962682247161922 ], [ 120.263458251953352, 0.963931202888489 ], [ 120.26361083984375, 0.965059816837311 ], [ 120.263587951660156, 0.965464055538291 ], [ 120.265434265136832, 0.965074300765991 ], [ 120.266143798828239, 0.965666532516593 ], [ 120.264961242675781, 0.967085480690116 ], [ 120.264724731445312, 0.968860149383545 ], [ 120.266494750976562, 0.968306183815002 ], [ 120.268417358398665, 0.968972563743705 ], [ 120.269485473632812, 0.969182431697789 ], [ 120.272613525390852, 0.968595147132987 ], [ 120.275619506835938, 0.968976199626923 ], [ 120.27618408203125, 0.972289800643978 ], [ 120.277214050293082, 0.97475183010107 ], [ 120.277778625488395, 0.977970719337463 ], [ 120.277870178222656, 0.979674696922302 ], [ 120.279060363769531, 0.980704367160797 ], [ 120.281295776367188, 0.97964125871664 ], [ 120.282470703125, 0.979168891906795 ], [ 120.283409118652344, 0.977276444435176 ], [ 120.284446716308821, 0.976464509964046 ], [ 120.2845458984375, 0.976366996765137 ], [ 120.285278320312614, 0.973055124282894 ], [ 120.285934448242188, 0.970362246036643 ], [ 120.286270141601562, 0.968354225158748 ], [ 120.287666320800781, 0.965185940265599 ], [ 120.28769683837902, 0.964363992214317 ], [ 120.287773132324219, 0.963080763816833 ], [ 120.28812408447277, 0.961897790431976 ], [ 120.287895202636832, 0.96003091335308 ], [ 120.288337707519531, 0.958916783332825 ], [ 120.288719177246094, 0.957993507385254 ], [ 120.288597106933594, 0.955981850624084 ], [ 120.289047241211051, 0.953851044178123 ], [ 120.289077758789176, 0.95372569561016 ], [ 120.290580749511832, 0.949854612350521 ], [ 120.290969848632926, 0.948853909969444 ], [ 120.293029785156477, 0.946600317955131 ], [ 120.294372558593864, 0.942787766456604 ], [ 120.294647216796875, 0.942016601562557 ], [ 120.295379638671989, 0.9390589594841 ], [ 120.291343688964957, 0.936837196350098 ], [ 120.286750793457145, 0.935724258422852 ], [ 120.281974792480582, 0.936090350151176 ], [ 120.280616760253906, 0.935952961444855 ], [ 120.278083801269531, 0.935782968997898 ], [ 120.2777099609375, 0.9358167648316 ], [ 120.27610015869152, 0.936085760593471 ], [ 120.274261474609375, 0.935714542865753 ], [ 120.273750305175781, 0.935492694377956 ], [ 120.272964477539062, 0.935322821140346 ], [ 120.271392822265625, 0.93568754196167 ], [ 120.271324157714957, 0.935712218284721 ], [ 120.27115631103527, 0.935743153095359 ], [ 120.269508361816406, 0.935156166553497 ], [ 120.267646789550781, 0.935154676437378 ], [ 120.265815734863395, 0.935153245926017 ], [ 120.264862060546989, 0.934866547584477 ], [ 120.264114379882812, 0.934716343879757 ], [ 120.261451721191406, 0.935432612896079 ], [ 120.25982666015625, 0.935347259044647 ], [ 120.259567260742188, 0.935359120369014 ], [ 120.259048461914062, 0.935306608676967 ], [ 120.25860595703125, 0.935283422470206 ], [ 120.258529663086051, 0.935358285903874 ], [ 120.258064270019531, 0.935547232627925 ], [ 120.257682800292969, 0.935830950737056 ], [ 120.257026672363395, 0.936209082603455 ], [ 120.256370544433594, 0.936587154865322 ], [ 120.256233215332145, 0.936587095260734 ], [ 120.254226684570312, 0.937395870685691 ], [ 120.253776550293082, 0.93744391202938 ], [ 120.253166198730696, 0.937509715557155 ], [ 120.2523193359375, 0.937600374221915 ] ] ] ] } },
{ "type": "Feature", "properties": { "GID_0": "IDN", "NAME_0": "Indonesia", "GID_1": "IDN.27_1", "NAME_1": "Sulawesi Tengah", "GID_2": "IDN.27.11_1", "NAME_2": "Toli Toli", "GID_3": "IDN.27.11.5_1", "NAME_3": "Dampal Utara", "GID_4": "IDN.27.11.5.6_1", "NAME_4": "Sese", "VARNAME_4": null, "TYPE_4": "Desa", "ENGTYPE_4": "Village", "CC_4": "7206020009" }, "geometry": { "type": "MultiPolygon", "coordinates": [ [ [ [ 120.291427612304688, 0.870028913021144 ], [ 120.290451049804688, 0.871720850467796 ], [ 120.287834167480469, 0.874075829982814 ], [ 120.286857604980469, 0.874473392963409 ], [ 120.286270141601562, 0.874472975730953 ], [ 120.284294128418082, 0.874525308609066 ], [ 120.284042358398438, 0.8748978972435 ], [ 120.283958435058594, 0.87502920627594 ], [ 120.283859252929688, 0.875282824039516 ], [ 120.283653259277344, 0.87590563297266 ], [ 120.283432006835938, 0.877830386161861 ], [ 120.283279418945312, 0.87918704748148 ], [ 120.282783508300895, 0.879884958267212 ], [ 120.282318115234375, 0.880561113357544 ], [ 120.280075073242301, 0.882261931896323 ], [ 120.276786804199219, 0.884000241756496 ], [ 120.275474548340071, 0.884257674217224 ], [ 120.274665832519531, 0.884434878826255 ], [ 120.274269104003906, 0.884446859359798 ], [ 120.272964477539062, 0.884513795375824 ], [ 120.271965026855469, 0.884594202041683 ], [ 120.27115631103527, 0.884953081607932 ], [ 120.269592285156364, 0.885722279548645 ], [ 120.268562316894531, 0.886363506317252 ], [ 120.26460266113304, 0.889060795307273 ], [ 120.264511108398438, 0.889125645160732 ], [ 120.264320373535156, 0.889104902744407 ], [ 120.263618469238281, 0.889212727546692 ], [ 120.26328277587902, 0.888708472251892 ], [ 120.263175964355469, 0.88864046335226 ], [ 120.262344360351676, 0.887309849262238 ], [ 120.259933471679688, 0.886603474617061 ], [ 120.258193969726676, 0.886742115020752 ], [ 120.257667541503906, 0.887196063995475 ], [ 120.257537841796875, 0.887386918067932 ], [ 120.257171630859602, 0.888151824474448 ], [ 120.256599426269759, 0.88886862993246 ], [ 120.256141662597656, 0.889083504676933 ], [ 120.255783081054688, 0.889190793037528 ], [ 120.255683898925895, 0.889211237430573 ], [ 120.252944946289062, 0.89046847820282 ], [ 120.251060485840071, 0.891651868820134 ], [ 120.247512817382926, 0.89281302690506 ], [ 120.246818542480469, 0.893057405948639 ], [ 120.242683410644645, 0.89450675249094 ], [ 120.239585876464844, 0.896706640720424 ], [ 120.239158630371094, 0.897023499011993 ], [ 120.239913940429688, 0.898436069488582 ], [ 120.241012573242301, 0.900490462779999 ], [ 120.24163818359375, 0.90333437919611 ], [ 120.241950988769645, 0.906414985656738 ], [ 120.240646362304801, 0.916745007038116 ], [ 120.240585327148551, 0.917997181415672 ], [ 120.241020202636832, 0.918262362480107 ], [ 120.241111755371094, 0.918968915939445 ], [ 120.240440368652457, 0.919548332691136 ], [ 120.240104675292969, 0.920127689838466 ], [ 120.240325927734375, 0.921417176723594 ], [ 120.242576599121094, 0.921622574329319 ], [ 120.243537902832031, 0.922239243984222 ], [ 120.244071960449332, 0.923182845115718 ], [ 120.248565673828125, 0.921292364597434 ], [ 120.251350402832031, 0.920297324657554 ], [ 120.256927490234375, 0.918463230133113 ], [ 120.257255554199219, 0.918316423893089 ], [ 120.266723632812614, 0.914259016513938 ], [ 120.270896911621321, 0.912518978118953 ], [ 120.282089233398438, 0.904789388179836 ], [ 120.285079956054801, 0.90274757146841 ], [ 120.295738220214957, 0.899612486362571 ], [ 120.302383422851676, 0.901554524898586 ], [ 120.302879333496094, 0.899377644062099 ], [ 120.303627014160156, 0.896678626537437 ], [ 120.303787231445312, 0.896070837974662 ], [ 120.304153442382926, 0.89099627733242 ], [ 120.303367614746207, 0.888005852699337 ], [ 120.302528381347656, 0.88480627536768 ], [ 120.301269531250114, 0.882073283195552 ], [ 120.301269531250114, 0.879989802837372 ], [ 120.301254272461051, 0.879158020019645 ], [ 120.30088043212902, 0.878941118717194 ], [ 120.29801177978527, 0.877335309982357 ], [ 120.2967529296875, 0.875882267952022 ], [ 120.294799804687614, 0.875009715557212 ], [ 120.293235778808707, 0.874045073986167 ], [ 120.292945861816406, 0.873870968818721 ], [ 120.292678833007926, 0.873601555824393 ], [ 120.292366027832031, 0.873309254646301 ], [ 120.291938781738395, 0.872228741645813 ], [ 120.291862487792969, 0.872048795223236 ], [ 120.291770935058594, 0.871720790863037 ], [ 120.291687011718977, 0.871320128440857 ], [ 120.291549682617301, 0.870692908763942 ], [ 120.291427612304688, 0.870028913021144 ] ] ] ] } },
{ "type": "Feature", "properties": { "GID_0": "IDN", "NAME_0": "Indonesia", "GID_1": "IDN.27_1", "NAME_1": "Sulawesi Tengah", "GID_2": "IDN.27.11_1", "NAME_2": "Toli Toli", "GID_3": "IDN.27.11.5_1", "NAME_3": "Dampal Utara", "GID_4": "IDN.27.11.5.7_1", "NAME_4": "Simatang Tanjung", "VARNAME_4": null, "TYPE_4": "Desa", "ENGTYPE_4": "Village", "CC_4": "7206020007" }, "geometry": { "type": "MultiPolygon", "coordinates": [ [ [ [ 120.401351928710938, 1.051398873329276 ], [ 120.400115966796875, 1.049809455871696 ], [ 120.398841857910156, 1.04954290390009 ], [ 120.399185180664062, 1.046955585479793 ], [ 120.397224426269645, 1.04618227481842 ], [ 120.399314880371207, 1.04572856426239 ], [ 120.399772644042969, 1.043533802032471 ], [ 120.39935302734375, 1.041305303573608 ], [ 120.398994445800781, 1.04022121429449 ], [ 120.398635864257812, 1.038836002349854 ], [ 120.398391723632812, 1.03757107257843 ], [ 120.398513793945426, 1.036486983299312 ], [ 120.398574829101676, 1.035402774810791 ], [ 120.398635864257812, 1.03365612030035 ], [ 120.397911071777344, 1.031969666481075 ], [ 120.39630126953125, 1.032150626182556 ], [ 120.395042419433594, 1.030885934829826 ], [ 120.395103454589957, 1.029199361801204 ], [ 120.396240234375114, 1.025525212287846 ], [ 120.394561767578239, 1.024621963500977 ], [ 120.394577026367188, 1.022609353065548 ], [ 120.395980834960938, 1.023462533950919 ], [ 120.397132873535156, 1.022453308105469 ], [ 120.397071838378906, 1.020586133003292 ], [ 120.394264221191406, 1.018900036811885 ], [ 120.393722534179688, 1.014683842658997 ], [ 120.392585754394759, 1.010347366333065 ], [ 120.390373229980582, 1.008058905601558 ], [ 120.385826110839844, 1.006674051284847 ], [ 120.382469177246094, 1.007879137992916 ], [ 120.379425048828352, 1.00824081897747 ], [ 120.375770568847656, 1.008903861045837 ], [ 120.373619079589844, 1.010349631309509 ], [ 120.371162414550781, 1.0133012533189 ], [ 120.367996215820426, 1.018722414970398 ], [ 120.367202758789062, 1.025426864623967 ], [ 120.36578369140625, 1.029082417488155 ], [ 120.366729736328125, 1.033757209777946 ], [ 120.367874145507812, 1.036912322044486 ], [ 120.36817932128929, 1.038586497306937 ], [ 120.369125366211165, 1.038867235183773 ], [ 120.374214172363281, 1.04175508022314 ], [ 120.377311706542969, 1.043517231941223 ], [ 120.3851318359375, 1.045987248420715 ], [ 120.391593933105469, 1.04819130897522 ], [ 120.392189025878906, 1.048447251319885 ], [ 120.39385986328125, 1.04910337924963 ], [ 120.395782470703125, 1.050167560577449 ], [ 120.395965576171875, 1.050222158432007 ], [ 120.396652221679801, 1.050395488739127 ], [ 120.39756011962902, 1.050699472427482 ], [ 120.397712707519531, 1.050755262374878 ], [ 120.398651123046875, 1.051041483879146 ], [ 120.399368286132812, 1.051059484481925 ], [ 120.400047302246207, 1.0510413646698 ], [ 120.401351928710938, 1.051398873329276 ] ] ], [ [ [ 120.372299194335938, 0.999492049217281 ], [ 120.372993469238395, 1.000115394592399 ], [ 120.374183654785156, 0.999493598937988 ], [ 120.375778198242188, 1.002618908882141 ], [ 120.376998901367301, 1.002809286117554 ], [ 120.378227233886719, 1.002242207527217 ], [ 120.377006530761832, 0.998738527298087 ], [ 120.375595092773438, 0.996843993663788 ], [ 120.37446594238304, 0.997032463550568 ], [ 120.373153686523551, 0.998072743415833 ], [ 120.372299194335938, 0.999492049217281 ] ] ] ] } },
{ "type": "Feature", "properties": { "GID_0": "IDN", "NAME_0": "Indonesia", "GID_1": "IDN.27_1", "NAME_1": "Sulawesi Tengah", "GID_2": "IDN.27.11_1", "NAME_2": "Toli Toli", "GID_3": "IDN.27.11.5_1", "NAME_3": "Dampal Utara", "GID_4": "IDN.27.11.5.8_1", "NAME_4": "Simatang Utara", "VARNAME_4": null, "TYPE_4": "Desa", "ENGTYPE_4": "Village", "CC_4": "7206020008" }, "geometry": { "type": "MultiPolygon", "coordinates": [ [ [ [ 120.36817932128929, 1.038586497306937 ], [ 120.367454528808707, 1.040887594223136 ], [ 120.367698669433594, 1.046609520912227 ], [ 120.368774414062614, 1.052813291549683 ], [ 120.370269775390852, 1.059137344360352 ], [ 120.3720703125, 1.063895463943481 ], [ 120.375839233398551, 1.06991803646099 ], [ 120.377693176269531, 1.073531746864433 ], [ 120.3797607421875, 1.075801014900321 ], [ 120.384040832519645, 1.077686905860844 ], [ 120.389480590820312, 1.077866911888179 ], [ 120.394927978515739, 1.074734210968018 ], [ 120.398109436035156, 1.072976708412284 ], [ 120.400253295898551, 1.071179866790828 ], [ 120.401565551757926, 1.067324876785392 ], [ 120.40264892578125, 1.064012050628662 ], [ 120.402526855468864, 1.062084674835319 ], [ 120.402229309082031, 1.060639142990169 ], [ 120.401329040527344, 1.059735774993953 ], [ 120.40240478515625, 1.058350324630794 ], [ 120.402824401855469, 1.055820584297294 ], [ 120.401443481445312, 1.051423907280025 ], [ 120.401351928710938, 1.051398873329276 ], [ 120.400047302246207, 1.0510413646698 ], [ 120.399368286132812, 1.051059484481925 ], [ 120.398651123046875, 1.051041483879146 ], [ 120.397712707519531, 1.050755262374878 ], [ 120.39756011962902, 1.050699472427482 ], [ 120.396652221679801, 1.050395488739127 ], [ 120.395965576171875, 1.050222158432007 ], [ 120.395782470703125, 1.050167560577449 ], [ 120.39385986328125, 1.04910337924963 ], [ 120.392189025878906, 1.048447251319885 ], [ 120.391593933105469, 1.04819130897522 ], [ 120.3851318359375, 1.045987248420715 ], [ 120.377311706542969, 1.043517231941223 ], [ 120.374214172363281, 1.04175508022314 ], [ 120.369125366211165, 1.038867235183773 ], [ 120.36817932128929, 1.038586497306937 ] ] ] ] } },
{ "type": "Feature", "properties": { "GID_0": "IDN", "NAME_0": "Indonesia", "GID_1": "IDN.27_1", "NAME_1": "Sulawesi Tengah", "GID_2": "IDN.27.11_1", "NAME_2": "Toli Toli", "GID_3": "IDN.27.11.5_1", "NAME_3": "Dampal Utara", "GID_4": "IDN.27.11.5.9_1", "NAME_4": "Tompoh", "VARNAME_4": null, "TYPE_4": "Desa", "ENGTYPE_4": "Village", "CC_4": "7206020005" }, "geometry": { "type": "MultiPolygon", "coordinates": [ [ [ [ 120.306793212890739, 0.929821193218174 ], [ 120.306732177734375, 0.933085560798702 ], [ 120.306716918945312, 0.934024751186371 ], [ 120.306709289550781, 0.934288740158081 ], [ 120.306694030761719, 0.934965372085628 ], [ 120.306678771972656, 0.936041653156281 ], [ 120.306663513183594, 0.937734425067902 ], [ 120.306663513183594, 0.938153564930076 ], [ 120.306648254394531, 0.938667714595852 ], [ 120.306640625000114, 0.940112054348049 ], [ 120.306602478027457, 0.943486392498073 ], [ 120.306602478027457, 0.943702816963253 ], [ 120.306602478027457, 0.943967700004634 ], [ 120.306587219238395, 0.945106863975639 ], [ 120.306625366211051, 0.945553481578941 ], [ 120.306648254394531, 0.945775568485317 ], [ 120.306663513183594, 0.946040153503418 ], [ 120.306900024414062, 0.948986113071442 ], [ 120.306533813476562, 0.951204478740749 ], [ 120.306587219238395, 0.951408803463039 ], [ 120.306716918945312, 0.951867640018463 ], [ 120.306816101074332, 0.952227771282253 ], [ 120.307449340820312, 0.954533219337463 ], [ 120.307655334472656, 0.954598188400325 ], [ 120.312225341796875, 0.955872297286987 ], [ 120.315788269043082, 0.956916689872742 ], [ 120.315895080566406, 0.956943392753715 ], [ 120.317230224609375, 0.956888437271232 ], [ 120.318778991699446, 0.956821560859794 ], [ 120.319473266601562, 0.95679634809494 ], [ 120.320327758789176, 0.956765353679714 ], [ 120.321990966796875, 0.957045853138084 ], [ 120.323493957519531, 0.957298338413239 ], [ 120.325141906738395, 0.957576274871826 ], [ 120.32574462890625, 0.957679271697998 ], [ 120.326919555664062, 0.957886397838593 ], [ 120.328140258789176, 0.957854688167572 ], [ 120.329101562500114, 0.957873225212211 ], [ 120.329338073730582, 0.957877874374503 ], [ 120.329856872558707, 0.957705378532523 ], [ 120.33013916015625, 0.957611203193721 ], [ 120.33021545410179, 0.957591235637778 ], [ 120.330757141113281, 0.957451283931732 ], [ 120.330894470214844, 0.957414627075309 ], [ 120.331169128418196, 0.957353711128349 ], [ 120.331565856933707, 0.957264840602875 ], [ 120.332061767578125, 0.957141816616115 ], [ 120.332206726074219, 0.957105696201381 ], [ 120.332756042480582, 0.956698536872921 ], [ 120.333671569824332, 0.956024706363621 ], [ 120.334045410156364, 0.955753743648643 ], [ 120.334373474121094, 0.955516219139213 ], [ 120.335578918457145, 0.955219328403587 ], [ 120.335731506347656, 0.955182731151581 ], [ 120.336479187011719, 0.955004394054527 ], [ 120.336936950683707, 0.954691469669456 ], [ 120.337333679199332, 0.954419434070587 ], [ 120.338066101074332, 0.953918755054474 ], [ 120.338996887207259, 0.95361918210989 ], [ 120.339607238769645, 0.953427314758358 ], [ 120.340148925781364, 0.95325410366064 ], [ 120.340255737304688, 0.953218579292297 ], [ 120.340690612792969, 0.953066885471401 ], [ 120.341026306152344, 0.952898740768489 ], [ 120.341461181640625, 0.952681541442928 ], [ 120.342102050781364, 0.952350854873771 ], [ 120.342575073242188, 0.952112197875977 ], [ 120.343360900878906, 0.951709747314567 ], [ 120.344009399414176, 0.951382160186824 ], [ 120.344680786132812, 0.951035857200679 ], [ 120.345245361328125, 0.950748085975704 ], [ 120.345527648925895, 0.9505912661553 ], [ 120.345954895019531, 0.950361907482261 ], [ 120.346122741699332, 0.950263082981166 ], [ 120.346397399902344, 0.950120508670921 ], [ 120.346298217773551, 0.95005309581768 ], [ 120.34619140625, 0.949730277061576 ], [ 120.345954895019531, 0.948908388614711 ], [ 120.34529113769554, 0.948684811592216 ], [ 120.344558715820426, 0.947532594204006 ], [ 120.344161987304801, 0.946930289268494 ], [ 120.343803405761832, 0.945904016494694 ], [ 120.343162536621094, 0.945056259632167 ], [ 120.342102050781364, 0.945457935333366 ], [ 120.341300964355582, 0.944967150688285 ], [ 120.340858459472656, 0.943918585777283 ], [ 120.340545654296989, 0.94295924901968 ], [ 120.340278625488281, 0.941576004028434 ], [ 120.340301513671875, 0.940058827400208 ], [ 120.340728759765739, 0.939166367054042 ], [ 120.341171264648438, 0.938162326812858 ], [ 120.341903686523551, 0.937425971031189 ], [ 120.342124938964844, 0.936689734459037 ], [ 120.341766357421875, 0.935908854007721 ], [ 120.341323852539176, 0.935507297515812 ], [ 120.341392517089844, 0.934949517250118 ], [ 120.341789245605469, 0.933767020702305 ], [ 120.341941833496094, 0.933164596557617 ], [ 120.341857910156477, 0.931312799453679 ], [ 120.341766357421875, 0.930799663066978 ], [ 120.34134674072277, 0.930241882801113 ], [ 120.340904235840071, 0.929884970188198 ], [ 120.340499877929688, 0.929483413696346 ], [ 120.340148925781364, 0.929371893405914 ], [ 120.339950561523665, 0.929014921188411 ], [ 120.339591979980582, 0.928591072559357 ], [ 120.339042663574332, 0.928702652454376 ], [ 120.335800170898551, 0.928836822509879 ], [ 120.335350036621094, 0.928866147995052 ], [ 120.335021972656364, 0.928876638412476 ], [ 120.334671020507926, 0.928859293460846 ], [ 120.334152221679688, 0.92890393733984 ], [ 120.333694458007926, 0.928903996944427 ], [ 120.333457946777571, 0.928925752639827 ], [ 120.332443237304688, 0.92895781993866 ], [ 120.331329345703125, 0.928971171379146 ], [ 120.328376770019645, 0.929085850715751 ], [ 120.328170776367301, 0.929113149642944 ], [ 120.324874877929915, 0.929551839828491 ], [ 120.323341369628906, 0.929772436618919 ], [ 120.320411682128906, 0.930172622203827 ], [ 120.318809509277457, 0.930223345756474 ], [ 120.318710327148438, 0.930226266384125 ], [ 120.317657470703239, 0.930259823799133 ], [ 120.314750671386719, 0.93035298585886 ], [ 120.313804626464844, 0.930441081523838 ], [ 120.313003540039062, 0.930513679981232 ], [ 120.310806274414176, 0.930708169937134 ], [ 120.309806823730696, 0.930478632450161 ], [ 120.309631347656364, 0.930438637733459 ], [ 120.308769226074219, 0.93024080991745 ], [ 120.306793212890739, 0.929821193218174 ] ] ] ] } },
{ "type": "Feature", "properties": { "GID_0": "IDN", "NAME_0": "Indonesia", "GID_1": "IDN.27_1", "NAME_1": "Sulawesi Tengah", "GID_2": "IDN.27.11_1", "NAME_2": "Toli Toli", "GID_3": "IDN.27.11.6_1", "NAME_3": "Dondo", "GID_4": "IDN.27.11.6.1_1", "NAME_4": "Anggasan", "VARNAME_4": null, "TYPE_4": "Desa", "ENGTYPE_4": "Village", "CC_4": "7206030013" }, "geometry": { "type": "MultiPolygon", "coordinates": [ [ [ [ 120.448898315429801, 0.642828762531394 ], [ 120.446334838867188, 0.647277355194205 ], [ 120.443542480468864, 0.651933729648533 ], [ 120.44144439697277, 0.655891656875554 ], [ 120.440513610839957, 0.658685445785466 ], [ 120.440048217773438, 0.661944925785178 ], [ 120.439041137695312, 0.664102077484188 ], [ 120.43875885009777, 0.664066851139182 ], [ 120.438499450683594, 0.663766562938804 ], [ 120.430419921875114, 0.663942992687339 ], [ 120.427879333496321, 0.663341820240021 ], [ 120.425842285156364, 0.662452340126094 ], [ 120.422195434570426, 0.661788642406577 ], [ 120.421928405761719, 0.661769866943416 ], [ 120.421989440918082, 0.661966621875763 ], [ 120.422088623046875, 0.662556529045105 ], [ 120.429145812988281, 0.706570565700645 ], [ 120.431106567382812, 0.721744477748928 ], [ 120.432357788085938, 0.731679797172603 ], [ 120.432533264160156, 0.73400533199316 ], [ 120.432624816894531, 0.734446883201713 ], [ 120.432868957519645, 0.737421393394527 ], [ 120.433357238769531, 0.741759240627403 ], [ 120.433639526367301, 0.742853045463619 ], [ 120.434684753417969, 0.746131420135441 ], [ 120.435394287109375, 0.753898918628749 ], [ 120.438583374023551, 0.753625929355621 ], [ 120.441680908203239, 0.753360748291129 ], [ 120.445075988769645, 0.754310667514744 ], [ 120.452621459960938, 0.75463163852703 ], [ 120.456283569335938, 0.755274474620876 ], [ 120.456642150878906, 0.755434870719967 ], [ 120.458114624023438, 0.755621016025543 ], [ 120.459777832031364, 0.755714654922542 ], [ 120.461410522460938, 0.755539953708649 ], [ 120.465721130371094, 0.755903780460301 ], [ 120.468978881835938, 0.755905687809104 ], [ 120.469894409179801, 0.755998492240963 ], [ 120.47232818603527, 0.756174921989441 ], [ 120.475944519043196, 0.756632328033504 ], [ 120.478050231933707, 0.756188571453094 ], [ 120.480545043945426, 0.756190061569214 ], [ 120.485588073730469, 0.757371962070579 ], [ 120.48954010009777, 0.757863819599152 ], [ 120.488693237304688, 0.729502141475791 ], [ 120.4842529296875, 0.685949921608085 ], [ 120.482810974121321, 0.67661464214325 ], [ 120.482849121093864, 0.674020171165466 ], [ 120.481376647949219, 0.67065292596817 ], [ 120.481224060058594, 0.670219302177429 ], [ 120.478797912597884, 0.664772629737911 ], [ 120.47751617431652, 0.660108685493412 ], [ 120.480842590332031, 0.653679490089473 ], [ 120.484420776367188, 0.652932107448521 ], [ 120.490669250488395, 0.65188634395605 ], [ 120.492752075195426, 0.650239169597683 ], [ 120.491714477539062, 0.644394874572868 ], [ 120.492736816406364, 0.64159685373312 ], [ 120.488853454589844, 0.643090784549713 ], [ 120.484405517578239, 0.644573092460632 ], [ 120.482032775878906, 0.643387258052883 ], [ 120.481842041015625, 0.643387258052883 ], [ 120.47698974609375, 0.643387258052883 ], [ 120.474319458007812, 0.643683731556052 ], [ 120.471656799316406, 0.644276618957633 ], [ 120.467208862304801, 0.643387258052883 ], [ 120.465431213378906, 0.642497897148132 ], [ 120.463058471679688, 0.641904950141964 ], [ 120.45920562744152, 0.641608536243552 ], [ 120.457717895507812, 0.641904950141964 ], [ 120.45623779296875, 0.642497897148132 ], [ 120.455757141113395, 0.642572402954102 ], [ 120.455101013183594, 0.642667829990501 ], [ 120.45383453369152, 0.642808318138179 ], [ 120.452850341796875, 0.642825901508331 ], [ 120.451957702636832, 0.642843484878654 ], [ 120.450988769531364, 0.642861008644218 ], [ 120.450218200683707, 0.64287859201437 ], [ 120.449760437011719, 0.64287859201437 ], [ 120.449493408203239, 0.64287859201437 ], [ 120.449211120605469, 0.642861008644218 ], [ 120.449005126953125, 0.642843484878654 ], [ 120.448898315429801, 0.642828762531394 ] ] ], [ [ [ 120.492736816406364, 0.64159685373312 ], [ 120.494293212890739, 0.63734477758419 ], [ 120.493217468261719, 0.639418959617615 ], [ 120.493103027343977, 0.640230417251644 ], [ 120.492736816406364, 0.64159685373312 ] ] ] ] } },
{ "type": "Feature", "properties": { "GID_0": "IDN", "NAME_0": "Indonesia", "GID_1": "IDN.27_1", "NAME_1": "Sulawesi Tengah", "GID_2": "IDN.27.11_1", "NAME_2": "Toli Toli", "GID_3": "IDN.27.11.6_1", "NAME_3": "Dondo", "GID_4": "IDN.27.11.6.2_1", "NAME_4": "Bambapun", "VARNAME_4": null, "TYPE_4": "Desa", "ENGTYPE_4": "Village", "CC_4": "7206030003" }, "geometry": { "type": "MultiPolygon", "coordinates": [ [ [ [ 120.41851806640625, 0.77827912569046 ], [ 120.41721343994152, 0.778433144092617 ], [ 120.41416168212902, 0.77807712554943 ], [ 120.413589477539176, 0.778050541877803 ], [ 120.405220031738395, 0.753236174583492 ], [ 120.404930114746094, 0.752414762973842 ], [ 120.400749206542969, 0.750176072120723 ], [ 120.400489807128906, 0.746874213218689 ], [ 120.401023864746207, 0.744839370250759 ], [ 120.401420593261832, 0.743316292762813 ], [ 120.401138305664062, 0.740829527378082 ], [ 120.401054382324332, 0.740474998951015 ], [ 120.400650024414176, 0.738972008228416 ], [ 120.398857116699219, 0.735533237457332 ], [ 120.396743774414062, 0.732336401939449 ], [ 120.396560668945312, 0.732080221176261 ], [ 120.396293640136719, 0.731649994850216 ], [ 120.396110534667969, 0.728322684764976 ], [ 120.395584106445312, 0.726525664329586 ], [ 120.393623352050781, 0.722082316875515 ], [ 120.392807006836051, 0.720742106437797 ], [ 120.390243530273438, 0.715380132198447 ], [ 120.389625549316406, 0.712819218635616 ], [ 120.385177612304801, 0.699847221374569 ], [ 120.384559631347656, 0.698186457157192 ], [ 120.384391784668196, 0.697554647922573 ], [ 120.38372802734375, 0.695622146129665 ], [ 120.382881164550895, 0.691917657852287 ], [ 120.377815246582031, 0.673036098480281 ], [ 120.37591552734375, 0.674353957176208 ], [ 120.374778747558594, 0.674804091453609 ], [ 120.374649047851562, 0.674847364425659 ], [ 120.373550415039176, 0.675277054309902 ], [ 120.373237609863281, 0.675320506095886 ], [ 120.373085021972656, 0.675371170043945 ], [ 120.371017456054688, 0.675654053688106 ], [ 120.368850708007812, 0.676126241684017 ], [ 120.367340087890625, 0.676409423351288 ], [ 120.365928649902457, 0.676692664623317 ], [ 120.364028930664176, 0.676880955696163 ], [ 120.362663269043082, 0.677119910717124 ], [ 120.36083984375, 0.677254438400325 ], [ 120.359817504882926, 0.677541315555573 ], [ 120.358406066894531, 0.677824497222844 ], [ 120.356758117675895, 0.677997410297451 ], [ 120.356521606445312, 0.67798358201992 ], [ 120.355705261230469, 0.678172528743801 ], [ 120.354560852050781, 0.677864253521022 ], [ 120.353652954101562, 0.677806377410889 ], [ 120.352241516113281, 0.677332282066402 ], [ 120.352005004882926, 0.677176773548183 ], [ 120.351776123047102, 0.677113890647831 ], [ 120.351753234863281, 0.677003979682922 ], [ 120.35139465332054, 0.676763772964591 ], [ 120.351013183593977, 0.675627589225826 ], [ 120.350547790527344, 0.67382866144186 ], [ 120.349800109863281, 0.672951519489345 ], [ 120.347824096679801, 0.67126768827444 ], [ 120.34429931640625, 0.668262243270988 ], [ 120.339195251464957, 0.668644785881042 ], [ 120.339050292968864, 0.668655514717159 ], [ 120.33856201171875, 0.671120882034415 ], [ 120.337623596191406, 0.674795925617275 ], [ 120.33579254150402, 0.68020361661911 ], [ 120.335227966308707, 0.681902050972099 ], [ 120.335189819336051, 0.682014286518097 ], [ 120.3349609375, 0.682699501514492 ], [ 120.3349609375, 0.684119880199546 ], [ 120.334579467773438, 0.687652051448936 ], [ 120.334129333496094, 0.689415335655212 ], [ 120.334335327148438, 0.689881324768123 ], [ 120.334320068359375, 0.69004541635519 ], [ 120.334503173828125, 0.690260410308838 ], [ 120.334838867187614, 0.691020488739071 ], [ 120.33542633056652, 0.691615223884639 ], [ 120.337554931640625, 0.693875014782009 ], [ 120.339385986328239, 0.696616411209163 ], [ 120.349006652832031, 0.711770176887569 ], [ 120.34952545166027, 0.714748024940491 ], [ 120.3505859375, 0.71689218282711 ], [ 120.350112915039176, 0.718726813793182 ], [ 120.3507080078125, 0.721104621887264 ], [ 120.352180480957145, 0.725266098976249 ], [ 120.353134155273551, 0.728193581104222 ], [ 120.35626220703125, 0.738730669021663 ], [ 120.356285095214844, 0.738805711269436 ], [ 120.357666015625, 0.743447184562797 ], [ 120.357742309570426, 0.743702173233146 ], [ 120.358482360839957, 0.744462847709656 ], [ 120.360786437988395, 0.7465798258782 ], [ 120.362617492675781, 0.749222040176392 ], [ 120.364196777343864, 0.750675618648586 ], [ 120.365768432617301, 0.75239330530178 ], [ 120.366943359375, 0.754110693931636 ], [ 120.367996215820426, 0.755431890487728 ], [ 120.371269226074332, 0.760452032089347 ], [ 120.3740234375, 0.765603959560451 ], [ 120.374420166015625, 0.766446650028286 ], [ 120.376228332519645, 0.769857048988285 ], [ 120.376167297363281, 0.770126044750327 ], [ 120.375854492187614, 0.770953774452153 ], [ 120.373985290527344, 0.77640259265911 ], [ 120.373222351074219, 0.77690452337265 ], [ 120.372108459472656, 0.777814626693726 ], [ 120.370506286621207, 0.781861901283321 ], [ 120.369186401367301, 0.785844266414642 ], [ 120.366088867187614, 0.78981339931488 ], [ 120.364593505859489, 0.792660713195914 ], [ 120.363388061523438, 0.794893682003078 ], [ 120.360588073730582, 0.800514221191463 ], [ 120.358268737793082, 0.804349899292106 ], [ 120.357101440429688, 0.806474685669002 ], [ 120.357170104980582, 0.806520283222312 ], [ 120.366271972656477, 0.816660344600791 ], [ 120.368728637695312, 0.819668173790035 ], [ 120.376106262207031, 0.828049838543052 ], [ 120.376541137695312, 0.827446162700767 ], [ 120.375869750976676, 0.827031791210231 ], [ 120.377662658691406, 0.825865983963013 ], [ 120.380599975586051, 0.823227882385311 ], [ 120.380599975586051, 0.822339594364223 ], [ 120.381294250488281, 0.822022795677185 ], [ 120.381103515625, 0.821070909500179 ], [ 120.382743835449332, 0.819168448448238 ], [ 120.383125305175895, 0.817709386348838 ], [ 120.383750915527344, 0.816948354244289 ], [ 120.383941650390625, 0.81580638885498 ], [ 120.38299560546875, 0.815044343471584 ], [ 120.384193420410384, 0.814791321754569 ], [ 120.383377075195312, 0.813839018344936 ], [ 120.384574890136946, 0.813205301761741 ], [ 120.384635925293082, 0.812253594398499 ], [ 120.383941650390625, 0.811745524406547 ], [ 120.384635925293082, 0.810096263885498 ], [ 120.38397216796875, 0.807205557823295 ], [ 120.384262084961051, 0.80628901720047 ], [ 120.385154724121321, 0.805909752845821 ], [ 120.385208129882926, 0.805464744567928 ], [ 120.385086059570312, 0.804322540760154 ], [ 120.386734008789176, 0.8036305904389 ], [ 120.387039184570312, 0.802927911281586 ], [ 120.3865966796875, 0.801975846290645 ], [ 120.387420654296875, 0.80083429813385 ], [ 120.388809204101676, 0.800073742866516 ], [ 120.3902587890625, 0.799313247203827 ], [ 120.390701293945426, 0.79829835891735 ], [ 120.391265869140739, 0.796775877475795 ], [ 120.392463684082145, 0.79626905918127 ], [ 120.39410400390625, 0.795445203781185 ], [ 120.395492553711051, 0.793732941150665 ], [ 120.396438598632926, 0.792845189571381 ], [ 120.397254943847656, 0.79222160577774 ], [ 120.400337219238281, 0.79110819101345 ], [ 120.404441833496207, 0.790312230587006 ], [ 120.410308837890625, 0.791362345218658 ], [ 120.41412353515625, 0.792232275009269 ], [ 120.416213989257812, 0.792853236198425 ], [ 120.41892242431652, 0.791739523410797 ], [ 120.424095153808707, 0.790875256061554 ], [ 120.424247741699446, 0.790905833244324 ], [ 120.423980712890625, 0.789876997470969 ], [ 120.423828125, 0.789276480674857 ], [ 120.422775268554801, 0.787434220314026 ], [ 120.422065734863281, 0.786300480365696 ], [ 120.421363830566406, 0.785025119781437 ], [ 120.419837951660156, 0.780086636543274 ], [ 120.419288635254134, 0.778314828872738 ], [ 120.41851806640625, 0.77827912569046 ] ] ] ] } },
{ "type": "Feature", "properties": { "GID_0": "IDN", "NAME_0": "Indonesia", "GID_1": "IDN.27_1", "NAME_1": "Sulawesi Tengah", "GID_2": "IDN.27.11_1", "NAME_2": "Toli Toli", "GID_3": "IDN.27.11.6_1", "NAME_3": "Dondo", "GID_4": "IDN.27.11.6.3_1", "NAME_4": "Lais", "VARNAME_4": null, "TYPE_4": "Desa", "ENGTYPE_4": "Village", "CC_4": "7206030005" }, "geometry": { "type": "MultiPolygon", "coordinates": [ [ [ [ 120.440307617187614, 0.784709274768943 ], [ 120.43973541259777, 0.783619821071682 ], [ 120.439048767089844, 0.78229475021368 ], [ 120.438835144042969, 0.781767010688895 ], [ 120.438377380371207, 0.779721319675502 ], [ 120.438323974609375, 0.779510736465454 ], [ 120.437484741211051, 0.777456164360103 ], [ 120.436996459960938, 0.774622559547424 ], [ 120.43686676025402, 0.774274587631282 ], [ 120.435562133789176, 0.769756376743373 ], [ 120.435516357421989, 0.769592702388763 ], [ 120.433685302734375, 0.769050955772457 ], [ 120.43280029296875, 0.768720328807944 ], [ 120.432632446289062, 0.768740952014866 ], [ 120.432083129882926, 0.770096778869743 ], [ 120.431869506835938, 0.770510554313717 ], [ 120.431632995605469, 0.772153556347007 ], [ 120.431076049804688, 0.772627413272971 ], [ 120.430389404296989, 0.773112177848816 ], [ 120.429405212402571, 0.773979127407188 ], [ 120.428413391113281, 0.774722099304313 ], [ 120.42742919921875, 0.774969339370784 ], [ 120.426895141601562, 0.775293171405735 ], [ 120.426223754882926, 0.775465965270996 ], [ 120.424057006836165, 0.776846110820884 ], [ 120.421394348144759, 0.77815371751791 ], [ 120.419303894043082, 0.778186559677124 ], [ 120.41851806640625, 0.77827912569046 ], [ 120.419288635254134, 0.778314828872738 ], [ 120.419837951660156, 0.780086636543274 ], [ 120.421363830566406, 0.785025119781437 ], [ 120.422065734863281, 0.786300480365696 ], [ 120.422775268554801, 0.787434220314026 ], [ 120.423828125, 0.789276480674857 ], [ 120.423980712890625, 0.789876997470969 ], [ 120.424247741699446, 0.790905833244324 ], [ 120.426643371582031, 0.790482342243308 ], [ 120.429244995117301, 0.790342330932674 ], [ 120.432830810547102, 0.789423763751927 ], [ 120.43487548828125, 0.788079202175197 ], [ 120.4371337890625, 0.786741554737034 ], [ 120.438255310058594, 0.785673022270259 ], [ 120.440361022949219, 0.784824371338004 ], [ 120.440307617187614, 0.784709274768943 ] ] ] ] } },
{ "type": "Feature", "properties": { "GID_0": "IDN", "NAME_0": "Indonesia", "GID_1": "IDN.27_1", "NAME_1": "Sulawesi Tengah", "GID_2": "IDN.27.11_1", "NAME_2": "Toli Toli", "GID_3": "IDN.27.11.6_1", "NAME_3": "Dondo", "GID_4": "IDN.27.11.6.4_1", "NAME_4": "Luok Manipi", "VARNAME_4": null, "TYPE_4": "Desa", "ENGTYPE_4": "Village", "CC_4": "7206030001" }, "geometry": { "type": "MultiPolygon", "coordinates": [ [ [ [ 120.357742309570426, 0.743702173233146 ], [ 120.357566833496207, 0.743892371654624 ], [ 120.355514526367188, 0.747618556022587 ], [ 120.35418701171875, 0.749865949153957 ], [ 120.353935241699332, 0.750123918056545 ], [ 120.352790832519645, 0.750839889049587 ], [ 120.352302551269531, 0.751660525798911 ], [ 120.350181579589844, 0.753894448280391 ], [ 120.350120544433707, 0.753962278366146 ], [ 120.350021362304688, 0.754067182540894 ], [ 120.348876953125, 0.756769955158347 ], [ 120.347427368164176, 0.760068535804805 ], [ 120.346153259277344, 0.76145613193512 ], [ 120.344467163085938, 0.76314872503275 ], [ 120.344459533691406, 0.763298511505241 ], [ 120.344276428222656, 0.763499081134796 ], [ 120.34405517578125, 0.77097499370575 ], [ 120.34397125244152, 0.772616446018276 ], [ 120.34342193603527, 0.775615811348075 ], [ 120.343368530273438, 0.775903701782227 ], [ 120.340385437011832, 0.778032422065849 ], [ 120.33957672119152, 0.778584420681 ], [ 120.339149475097656, 0.778641343116817 ], [ 120.334434509277457, 0.779091000557003 ], [ 120.332893371582259, 0.779632627964133 ], [ 120.332771301269645, 0.77966928482067 ], [ 120.331787109375114, 0.78059899806982 ], [ 120.331680297851562, 0.782076597213859 ], [ 120.331855773925781, 0.78308075666439 ], [ 120.331855773925781, 0.783246695995444 ], [ 120.331893920898438, 0.783335506916046 ], [ 120.332405090332031, 0.78410857915884 ], [ 120.333892822265739, 0.786443591117916 ], [ 120.333793640136719, 0.786823093891144 ], [ 120.332954406738395, 0.788641691207999 ], [ 120.332763671875114, 0.788973033428306 ], [ 120.332435607910156, 0.791709244251365 ], [ 120.332542419433707, 0.793679475784302 ], [ 120.332321166992415, 0.795594811439571 ], [ 120.331825256347656, 0.796308875084037 ], [ 120.330741882324219, 0.79685252904892 ], [ 120.329765319824219, 0.797399163246212 ], [ 120.329818725585938, 0.798548519611472 ], [ 120.3302001953125, 0.799698054790497 ], [ 120.329856872558707, 0.800377368927002 ], [ 120.330070495605582, 0.800524413585777 ], [ 120.330070495605582, 0.801271021366176 ], [ 120.329895019531364, 0.801621019840297 ], [ 120.32932281494152, 0.802679359912929 ], [ 120.3289794921875, 0.803427517414207 ], [ 120.32871246337902, 0.803971886634827 ], [ 120.327903747558594, 0.804445564746857 ], [ 120.327484130859375, 0.804691314697379 ], [ 120.327468872070312, 0.805026590824241 ], [ 120.32743072509777, 0.805504918098563 ], [ 120.327499389648438, 0.80563747882843 ], [ 120.327857971191406, 0.80631989240652 ], [ 120.327629089355469, 0.807541370391959 ], [ 120.326911926269531, 0.80901837348938 ], [ 120.326629638671989, 0.80922710895544 ], [ 120.326194763183594, 0.809532344341392 ], [ 120.325927734375, 0.809288561344204 ], [ 120.325187683105469, 0.808586597442627 ], [ 120.324462890625, 0.808966696262416 ], [ 120.323974609375114, 0.809635341167564 ], [ 120.324211120605469, 0.810947120189667 ], [ 120.324424743652344, 0.812223911285457 ], [ 120.323898315429688, 0.813051819801444 ], [ 120.323333740234375, 0.814056217670498 ], [ 120.323371887207145, 0.815037369728032 ], [ 120.3232421875, 0.815048277378139 ], [ 120.322357177734375, 0.815057814121246 ], [ 120.322082519531364, 0.815068125724906 ], [ 120.321754455566406, 0.81534564495098 ], [ 120.322616577148551, 0.816051304340419 ], [ 120.323074340820312, 0.817055583000297 ], [ 120.324020385742188, 0.816855609417019 ], [ 120.324424743652344, 0.816777348518428 ], [ 120.32476806640625, 0.81766581535345 ], [ 120.324989318847656, 0.818276226520595 ], [ 120.324920654296989, 0.819321930408535 ], [ 120.324180603027457, 0.820849001407566 ], [ 120.324073791503906, 0.821072578430289 ], [ 120.3240966796875, 0.821162641048431 ], [ 120.324180603027457, 0.821507036685944 ], [ 120.325096130371207, 0.822089254856166 ], [ 120.325271606445426, 0.822459995746613 ], [ 120.324851989746094, 0.823094904422817 ], [ 120.324020385742188, 0.823488533496857 ], [ 120.323814392089844, 0.823841452598629 ], [ 120.323867797851562, 0.824278056621608 ], [ 120.323883056640625, 0.824385702610073 ], [ 120.324470520019531, 0.824604153633231 ], [ 120.3245849609375, 0.82478499412548 ], [ 120.324729919433707, 0.825062811374664 ], [ 120.324569702148551, 0.825335383415336 ], [ 120.324470520019531, 0.825483918190059 ], [ 120.3240966796875, 0.825700819492283 ], [ 120.323867797851562, 0.825596749782676 ], [ 120.323654174804688, 0.825501739978904 ], [ 120.323295593261719, 0.825123846530971 ], [ 120.322502136230469, 0.825259745120945 ], [ 120.322509765625, 0.82549512386322 ], [ 120.322509765625, 0.825690984726066 ], [ 120.322151184082031, 0.826793074607792 ], [ 120.322196960449219, 0.826928436756134 ], [ 120.322532653808594, 0.828007936477775 ], [ 120.322532653808594, 0.828625857830048 ], [ 120.322525024414062, 0.829038679599705 ], [ 120.322921752929688, 0.829640924930686 ], [ 120.323074340820312, 0.829954445362148 ], [ 120.324996948242188, 0.82884681224823 ], [ 120.328292846679688, 0.826581656932831 ], [ 120.335403442382926, 0.821733355522156 ], [ 120.337493896484489, 0.820261657238007 ], [ 120.350494384765739, 0.811332821846065 ], [ 120.357170104980582, 0.806520283222312 ], [ 120.357101440429688, 0.806474685669002 ], [ 120.358268737793082, 0.804349899292106 ], [ 120.360588073730582, 0.800514221191463 ], [ 120.363388061523438, 0.794893682003078 ], [ 120.364593505859489, 0.792660713195914 ], [ 120.366088867187614, 0.78981339931488 ], [ 120.369186401367301, 0.785844266414642 ], [ 120.370506286621207, 0.781861901283321 ], [ 120.372108459472656, 0.777814626693726 ], [ 120.373222351074219, 0.77690452337265 ], [ 120.373985290527344, 0.77640259265911 ], [ 120.375854492187614, 0.770953774452153 ], [ 120.376167297363281, 0.770126044750327 ], [ 120.376228332519645, 0.769857048988285 ], [ 120.374420166015625, 0.766446650028286 ], [ 120.3740234375, 0.765603959560451 ], [ 120.371269226074332, 0.760452032089347 ], [ 120.367996215820426, 0.755431890487728 ], [ 120.366943359375, 0.754110693931636 ], [ 120.365768432617301, 0.75239330530178 ], [ 120.364196777343864, 0.750675618648586 ], [ 120.362617492675781, 0.749222040176392 ], [ 120.360786437988395, 0.7465798258782 ], [ 120.358482360839957, 0.744462847709656 ], [ 120.357742309570426, 0.743702173233146 ] ] ] ] } },
{ "type": "Feature", "properties": { "GID_0": "IDN", "NAME_0": "Indonesia", "GID_1": "IDN.27_1", "NAME_1": "Sulawesi Tengah", "GID_2": "IDN.27.11_1", "NAME_2": "Toli Toli", "GID_3": "IDN.27.11.6_1", "NAME_3": "Dondo", "GID_4": "IDN.27.11.6.5_1", "NAME_4": "Malala", "VARNAME_4": null, "TYPE_4": "Desa", "ENGTYPE_4": "Village", "CC_4": "7206030012" }, "geometry": { "type": "MultiPolygon", "coordinates": [ [ [ [ 120.585166931152344, 0.645092368125916 ], [ 120.584587097167969, 0.645373284816742 ], [ 120.536109924316406, 0.668905913829803 ], [ 120.535255432129134, 0.669318318367004 ], [ 120.519989013671875, 0.700015783309993 ], [ 120.521522521972884, 0.71229445934307 ], [ 120.526443481445312, 0.74028933048254 ], [ 120.527778625488281, 0.748636186122951 ], [ 120.53336334228527, 0.766090810299033 ], [ 120.53342437744152, 0.766270816326198 ], [ 120.535926818847656, 0.770205497741699 ], [ 120.537765502929801, 0.772370576858577 ], [ 120.5382080078125, 0.772812485694885 ], [ 120.542045593261719, 0.776873528957424 ], [ 120.544235229492301, 0.779503405094204 ], [ 120.545677185058594, 0.781677067279929 ], [ 120.551795959472656, 0.777922987937927 ], [ 120.553871154785156, 0.775523483753261 ], [ 120.5565185546875, 0.770439088344574 ], [ 120.557434082031364, 0.767774462700004 ], [ 120.556694030761832, 0.767642974853629 ], [ 120.555999755859375, 0.768341600894871 ], [ 120.556304931640739, 0.769040882587547 ], [ 120.555343627929801, 0.769695699214935 ], [ 120.555084228515625, 0.771224737167358 ], [ 120.549270629882812, 0.77349328994751 ], [ 120.555000305175781, 0.770613014698085 ], [ 120.554046630859375, 0.769957065582219 ], [ 120.553436279296989, 0.769257664680595 ], [ 120.552566528320312, 0.768164873123283 ], [ 120.551612854003906, 0.766504049301147 ], [ 120.551445007324219, 0.765848577022552 ], [ 120.550056457519531, 0.765236139297485 ], [ 120.550704956054915, 0.764581143856162 ], [ 120.54996490478527, 0.762396156787872 ], [ 120.549270629882812, 0.762657880783081 ], [ 120.547798156738281, 0.761127829551754 ], [ 120.546501159667969, 0.758461952209586 ], [ 120.546806335449219, 0.757415056228695 ], [ 120.546669006347656, 0.756670713424739 ], [ 120.5472412109375, 0.755666136741752 ], [ 120.548103332519645, 0.755186021328029 ], [ 120.550796508789062, 0.756279826164246 ], [ 120.552444458007926, 0.756586611270905 ], [ 120.554298400878906, 0.756004691123962 ], [ 120.555541992187614, 0.756214201450405 ], [ 120.556785583496094, 0.755797386169434 ], [ 120.557823181152457, 0.755380451679287 ], [ 120.559173583984489, 0.75465053319931 ], [ 120.561035156250114, 0.754964709281978 ], [ 120.563316345214957, 0.754757285118103 ], [ 120.564422607421875, 0.753534972667751 ], [ 120.565391540527571, 0.753610253334045 ], [ 120.567672729492188, 0.752985239029044 ], [ 120.569023132324446, 0.752777218818721 ], [ 120.570884704589844, 0.753195822238922 ], [ 120.570968627929801, 0.750790834426994 ], [ 120.571250915527344, 0.742701232433376 ], [ 120.569030761718864, 0.736888110637722 ], [ 120.564079284668082, 0.722400009632054 ], [ 120.565246582031364, 0.707711279392299 ], [ 120.566734313965071, 0.6965190172196 ], [ 120.57354736328125, 0.678044855594749 ], [ 120.578254699707031, 0.676908791065216 ], [ 120.579391479492301, 0.668956756591797 ], [ 120.579376220703239, 0.668869316578025 ], [ 120.578712463378906, 0.664026498794613 ], [ 120.578964233398551, 0.663355231285095 ], [ 120.58038330078125, 0.660496890545005 ], [ 120.580192565917969, 0.660018801689205 ], [ 120.582115173339844, 0.654795110225677 ], [ 120.583755493164176, 0.654561460018215 ], [ 120.585861206054801, 0.650745749473685 ], [ 120.585296630859489, 0.646172106266079 ], [ 120.585166931152344, 0.645092368125916 ] ] ] ] } },
{ "type": "Feature", "properties": { "GID_0": "IDN", "NAME_0": "Indonesia", "GID_1": "IDN.27_1", "NAME_1": "Sulawesi Tengah", "GID_2": "IDN.27.11_1", "NAME_2": "Toli Toli", "GID_3": "IDN.27.11.6_1", "NAME_3": "Dondo", "GID_4": "IDN.27.11.6.6_1", "NAME_4": "Malomba", "VARNAME_4": null, "TYPE_4": "Desa", "ENGTYPE_4": "Village", "CC_4": "7206030007" }, "geometry": { "type": "MultiPolygon", "coordinates": [ [ [ [ 120.452621459960938, 0.75463163852703 ], [ 120.45257568359375, 0.754815399646759 ], [ 120.452621459960938, 0.756863474846 ], [ 120.452682495117301, 0.758525967597961 ], [ 120.452827453613281, 0.760159373283329 ], [ 120.45346832275402, 0.763031303882656 ], [ 120.453399658203125, 0.764029145240784 ], [ 120.453392028808594, 0.766665935516357 ], [ 120.453193664550781, 0.768909215927181 ], [ 120.453109741211051, 0.769099771976528 ], [ 120.453094482421989, 0.769422590732631 ], [ 120.452178955078125, 0.771099507808742 ], [ 120.451278686523438, 0.773382186889705 ], [ 120.450881958007812, 0.775134205818233 ], [ 120.450767517090071, 0.776458382606506 ], [ 120.450714111328125, 0.778558313846645 ], [ 120.450698852539062, 0.77925413846981 ], [ 120.450721740722656, 0.779327511787528 ], [ 120.451240539550781, 0.781243145465851 ], [ 120.457992553710938, 0.779690921306724 ], [ 120.459991455078239, 0.779708802700156 ], [ 120.462478637695312, 0.778969287872258 ], [ 120.465972900390625, 0.778971374034995 ], [ 120.470207214355469, 0.778510808944759 ], [ 120.473884582519645, 0.777957260608673 ], [ 120.477386474609375, 0.779441475868168 ], [ 120.480049133300781, 0.782314658165092 ], [ 120.482345581054688, 0.786021411418915 ], [ 120.484466552734375, 0.786671102046967 ], [ 120.485473632812727, 0.787134885787964 ], [ 120.486213684082031, 0.788895368576163 ], [ 120.48722076416027, 0.789266526699066 ], [ 120.488067626953125, 0.790205955505428 ], [ 120.488212585449332, 0.790287554264125 ], [ 120.488494873046875, 0.789766728878135 ], [ 120.488533020019759, 0.789695143699589 ], [ 120.489227294921875, 0.785859823227042 ], [ 120.489326477050895, 0.785533368587551 ], [ 120.489982604980469, 0.783446729183311 ], [ 120.490036010742188, 0.781237900257167 ], [ 120.490081787109489, 0.780788064003048 ], [ 120.490203857421875, 0.779701828956604 ], [ 120.490310668945426, 0.779083132743949 ], [ 120.490844726562614, 0.776605308055935 ], [ 120.490806579589844, 0.776303768158016 ], [ 120.490669250488395, 0.773344278335571 ], [ 120.49063873291027, 0.77259457111353 ], [ 120.490509033203239, 0.770840585231838 ], [ 120.490135192871094, 0.765923202037868 ], [ 120.490394592285156, 0.75865167379385 ], [ 120.490394592285156, 0.758284151554165 ], [ 120.48954010009777, 0.757863819599152 ], [ 120.485588073730469, 0.757371962070579 ], [ 120.480545043945426, 0.756190061569214 ], [ 120.478050231933707, 0.756188571453094 ], [ 120.475944519043196, 0.756632328033504 ], [ 120.47232818603527, 0.756174921989441 ], [ 120.469894409179801, 0.755998492240963 ], [ 120.468978881835938, 0.755905687809104 ], [ 120.465721130371094, 0.755903780460301 ], [ 120.461410522460938, 0.755539953708649 ], [ 120.459777832031364, 0.755714654922542 ], [ 120.458114624023438, 0.755621016025543 ], [ 120.456642150878906, 0.755434870719967 ], [ 120.456283569335938, 0.755274474620876 ], [ 120.452621459960938, 0.75463163852703 ] ] ] ] } },
{ "type": "Feature", "properties": { "GID_0": "IDN", "NAME_0": "Indonesia", "GID_1": "IDN.27_1", "NAME_1": "Sulawesi Tengah", "GID_2": "IDN.27.11_1", "NAME_2": "Toli Toli", "GID_3": "IDN.27.11.6_1", "NAME_3": "Dondo", "GID_4": "IDN.27.11.6.7_1", "NAME_4": "Malulu", "VARNAME_4": null, "TYPE_4": "Desa", "ENGTYPE_4": "Village", "CC_4": "7206030011" }, "geometry": { "type": "MultiPolygon", "coordinates": [ [ [ [ 120.560173034667969, 0.60117298364645 ], [ 120.557975769043082, 0.597237050533352 ], [ 120.556991577148438, 0.594717264175472 ], [ 120.556236267090071, 0.594716906547603 ], [ 120.554649353027344, 0.595062434673366 ], [ 120.553375244140852, 0.595275342464504 ], [ 120.547950744628906, 0.595272898674068 ], [ 120.54742431640625, 0.595197677612305 ], [ 120.547225952148438, 0.595304310321922 ], [ 120.546531677246207, 0.595681965351105 ], [ 120.545585632324332, 0.596586406230983 ], [ 120.545593261718864, 0.596723318100032 ], [ 120.545440673828239, 0.597232282161713 ], [ 120.545173645019759, 0.597519338130894 ], [ 120.545120239257812, 0.598284482955933 ], [ 120.544944763183594, 0.598866403102818 ], [ 120.54473876953125, 0.601497530937195 ], [ 120.543914794921989, 0.603228211403007 ], [ 120.543457031250227, 0.604309141635952 ], [ 120.542190551757926, 0.606358885765076 ], [ 120.541778564453239, 0.609043538570518 ], [ 120.541084289550781, 0.612089872360229 ], [ 120.541084289550781, 0.61357426643383 ], [ 120.541000366211051, 0.614150345325413 ], [ 120.543373107910156, 0.62044495344162 ], [ 120.543167114257812, 0.621489465236721 ], [ 120.542228698730469, 0.623838067054805 ], [ 120.541679382324219, 0.625776588916779 ], [ 120.541267395019531, 0.628476858139038 ], [ 120.540916442871094, 0.632008016109467 ], [ 120.540649414062614, 0.632622420787925 ], [ 120.538162231445426, 0.635122895240841 ], [ 120.537437438964844, 0.635326564311924 ], [ 120.527587890625, 0.636171162128505 ], [ 120.522529602050895, 0.633321702480373 ], [ 120.522354125976676, 0.63341540098196 ], [ 120.522193908691406, 0.633317053318081 ], [ 120.521026611328239, 0.63407576084137 ], [ 120.520706176757812, 0.634281396865845 ], [ 120.517433166503906, 0.636006116867179 ], [ 120.516601562500114, 0.636444509029388 ], [ 120.515975952148438, 0.636483371257839 ], [ 120.515815734863395, 0.636455297470093 ], [ 120.513862609863281, 0.635786950588226 ], [ 120.513000488281364, 0.635352492332572 ], [ 120.511047363281364, 0.634320259094295 ], [ 120.510078430176009, 0.634418010711784 ], [ 120.509910583496207, 0.63442903757101 ], [ 120.509284973144531, 0.634214341640472 ], [ 120.508781433105582, 0.634466528892517 ], [ 120.508026123046989, 0.634466111660061 ], [ 120.507438659668082, 0.634662270546016 ], [ 120.506950378417969, 0.634956657886619 ], [ 120.506263732910384, 0.635545611381474 ], [ 120.505767822265739, 0.635797023773193 ], [ 120.503181457519531, 0.635110437870026 ], [ 120.502723693847656, 0.635211825370732 ], [ 120.498710632324332, 0.63609886169445 ], [ 120.498107910156364, 0.636175274848995 ], [ 120.496978759765739, 0.636282920837459 ], [ 120.495956420898438, 0.636282444000244 ], [ 120.495475769042969, 0.636390388011989 ], [ 120.494506835937614, 0.636930942535457 ], [ 120.494400024414062, 0.637054026126975 ], [ 120.494293212890739, 0.63734477758419 ], [ 120.492736816406364, 0.64159685373312 ], [ 120.491714477539062, 0.644394874572868 ], [ 120.492752075195426, 0.650239169597683 ], [ 120.490669250488395, 0.65188634395605 ], [ 120.484420776367188, 0.652932107448521 ], [ 120.480842590332031, 0.653679490089473 ], [ 120.47751617431652, 0.660108685493412 ], [ 120.478797912597884, 0.664772629737911 ], [ 120.481224060058594, 0.670219302177429 ], [ 120.481376647949219, 0.67065292596817 ], [ 120.482849121093864, 0.674020171165466 ], [ 120.482810974121321, 0.67661464214325 ], [ 120.4842529296875, 0.685949921608085 ], [ 120.488693237304688, 0.729502141475791 ], [ 120.48954010009777, 0.757863819599152 ], [ 120.490394592285156, 0.758284151554165 ], [ 120.490394592285156, 0.75865167379385 ], [ 120.490135192871094, 0.765923202037868 ], [ 120.490509033203239, 0.770840585231838 ], [ 120.49063873291027, 0.77259457111353 ], [ 120.490669250488395, 0.773344278335571 ], [ 120.49088287353527, 0.773399531841335 ], [ 120.49177551269554, 0.773635447025413 ], [ 120.492889404296875, 0.774165391922111 ], [ 120.494056701660384, 0.774812936782837 ], [ 120.495223999023551, 0.775460541248378 ], [ 120.496971130371207, 0.775864779949188 ], [ 120.4970703125, 0.77587062120449 ], [ 120.501998901367188, 0.776084661483878 ], [ 120.502449035644759, 0.776020824909267 ], [ 120.510208129882812, 0.773514747619743 ], [ 120.510231018066406, 0.773698270320949 ], [ 120.510383605957031, 0.773653864860478 ], [ 120.510688781738395, 0.777394652366752 ], [ 120.511489868164176, 0.7838529944421 ], [ 120.518798828125, 0.781247317791099 ], [ 120.521560668945426, 0.780398845672607 ], [ 120.525863647460938, 0.778778374195042 ], [ 120.526832580566406, 0.777801692485866 ], [ 120.527458190918082, 0.777120411396027 ], [ 120.524795532226676, 0.771281003952026 ], [ 120.53336334228527, 0.766090810299033 ], [ 120.527778625488281, 0.748636186122951 ], [ 120.526443481445312, 0.74028933048254 ], [ 120.521522521972884, 0.71229445934307 ], [ 120.519989013671875, 0.700015783309993 ], [ 120.535255432129134, 0.669318318367004 ], [ 120.536109924316406, 0.668905913829803 ], [ 120.584587097167969, 0.645373284816742 ], [ 120.585166931152344, 0.645092368125916 ], [ 120.58502197265625, 0.643960118293705 ], [ 120.58502197265625, 0.643844664096946 ], [ 120.588684082031364, 0.631106376647892 ], [ 120.58880615234375, 0.630930483341217 ], [ 120.591354370117301, 0.626151740550938 ], [ 120.592193603515625, 0.62233537435543 ], [ 120.592521667480582, 0.617740690708217 ], [ 120.592712402343864, 0.617096066474915 ], [ 120.595062255859375, 0.603686928749028 ], [ 120.596130371093864, 0.597609341144675 ], [ 120.596412658691406, 0.596027195453757 ], [ 120.590385437011946, 0.603848636150474 ], [ 120.589691162109489, 0.604325175285396 ], [ 120.583885192871094, 0.604944825172538 ], [ 120.583473205566406, 0.604895889759121 ], [ 120.5821533203125, 0.605129241943416 ], [ 120.580787658691406, 0.605274438858032 ], [ 120.580398559570312, 0.605315864086265 ], [ 120.576034545898438, 0.609089016914481 ], [ 120.574867248535156, 0.609323620796204 ], [ 120.574653625488281, 0.609323501587028 ], [ 120.573165893554688, 0.608990669250602 ], [ 120.570274353027344, 0.608341515064353 ], [ 120.568412780761719, 0.6070476770401 ], [ 120.566619873046875, 0.606354415416718 ], [ 120.564353942871094, 0.605730175972042 ], [ 120.563041687011719, 0.605521857738609 ], [ 120.562423706054688, 0.604690670967102 ], [ 120.562011718750114, 0.603721082210598 ], [ 120.560897827148438, 0.602476119995174 ], [ 120.560173034667969, 0.60117298364645 ] ] ] ] } },
{ "type": "Feature", "properties": { "GID_0": "IDN", "NAME_0": "Indonesia", "GID_1": "IDN.27_1", "NAME_1": "Sulawesi Tengah", "GID_2": "IDN.27.11_1", "NAME_2": "Toli Toli", "GID_3": "IDN.27.11.6_1", "NAME_3": "Dondo", "GID_4": "IDN.27.11.6.8_1", "NAME_4": "Ogogasang", "VARNAME_4": null, "TYPE_4": "Desa", "ENGTYPE_4": "Village", "CC_4": "7206030006" }, "geometry": { "type": "MultiPolygon", "coordinates": [ [ [ [ 120.438583374023551, 0.753625929355621 ], [ 120.43524169921875, 0.754382431507224 ], [ 120.435569763183707, 0.756626009941158 ], [ 120.43576812744152, 0.758539617061558 ], [ 120.435096740722656, 0.76000714302063 ], [ 120.434898376464844, 0.7606480717659 ], [ 120.434387207031364, 0.762497663497982 ], [ 120.433731079101562, 0.766126275062618 ], [ 120.433326721191406, 0.767182171344814 ], [ 120.433097839355582, 0.768156588077545 ], [ 120.43280029296875, 0.768720328807944 ], [ 120.433685302734375, 0.769050955772457 ], [ 120.435516357421989, 0.769592702388763 ], [ 120.435562133789176, 0.769756376743373 ], [ 120.43686676025402, 0.774274587631282 ], [ 120.436996459960938, 0.774622559547424 ], [ 120.437484741211051, 0.777456164360103 ], [ 120.438323974609375, 0.779510736465454 ], [ 120.438377380371207, 0.779721319675502 ], [ 120.438835144042969, 0.781767010688895 ], [ 120.439048767089844, 0.78229475021368 ], [ 120.43973541259777, 0.783619821071682 ], [ 120.440307617187614, 0.784709274768943 ], [ 120.444732666015739, 0.783420205116272 ], [ 120.447944641113395, 0.782432436943111 ], [ 120.448272705078125, 0.781904816627446 ], [ 120.449974060058594, 0.781773865222931 ], [ 120.451240539550781, 0.781243145465851 ], [ 120.450721740722656, 0.779327511787528 ], [ 120.450698852539062, 0.77925413846981 ], [ 120.450714111328125, 0.778558313846645 ], [ 120.450767517090071, 0.776458382606506 ], [ 120.450881958007812, 0.775134205818233 ], [ 120.451278686523438, 0.773382186889705 ], [ 120.452178955078125, 0.771099507808742 ], [ 120.453094482421989, 0.769422590732631 ], [ 120.453109741211051, 0.769099771976528 ], [ 120.453193664550781, 0.768909215927181 ], [ 120.453392028808594, 0.766665935516357 ], [ 120.453399658203125, 0.764029145240784 ], [ 120.45346832275402, 0.763031303882656 ], [ 120.452827453613281, 0.760159373283329 ], [ 120.452682495117301, 0.758525967597961 ], [ 120.452621459960938, 0.756863474846 ], [ 120.45257568359375, 0.754815399646759 ], [ 120.452621459960938, 0.75463163852703 ], [ 120.445075988769645, 0.754310667514744 ], [ 120.441680908203239, 0.753360748291129 ], [ 120.438583374023551, 0.753625929355621 ] ] ] ] } },
{ "type": "Feature", "properties": { "GID_0": "IDN", "NAME_0": "Indonesia", "GID_1": "IDN.27_1", "NAME_1": "Sulawesi Tengah", "GID_2": "IDN.27.11_1", "NAME_2": "Toli Toli", "GID_3": "IDN.27.11.6_1", "NAME_3": "Dondo", "GID_4": "IDN.27.11.6.9_1", "NAME_4": "Ogogili", "VARNAME_4": null, "TYPE_4": "Desa", "ENGTYPE_4": "Village", "CC_4": "7206030009" }, "geometry": { "type": "MultiPolygon", "coordinates": [ [ [ [ 120.490669250488395, 0.773344278335571 ], [ 120.490806579589844, 0.776303768158016 ], [ 120.490844726562614, 0.776605308055935 ], [ 120.490310668945426, 0.779083132743949 ], [ 120.490203857421875, 0.779701828956604 ], [ 120.490081787109489, 0.780788064003048 ], [ 120.490036010742188, 0.781237900257167 ], [ 120.489982604980469, 0.783446729183311 ], [ 120.489326477050895, 0.785533368587551 ], [ 120.489227294921875, 0.785859823227042 ], [ 120.488533020019759, 0.789695143699589 ], [ 120.488494873046875, 0.789766728878135 ], [ 120.488212585449332, 0.790287554264125 ], [ 120.490570068359375, 0.791043221950588 ], [ 120.491424560546989, 0.790720522403717 ], [ 120.491744995117188, 0.791205525398254 ], [ 120.492279052734375, 0.79099041223526 ], [ 120.493080139160156, 0.791906714439506 ], [ 120.494262695312614, 0.792122960090751 ], [ 120.495491027832031, 0.793147265911159 ], [ 120.496932983398551, 0.793417513370628 ], [ 120.499450683593864, 0.793365180492458 ], [ 120.50003814697277, 0.792934536933956 ], [ 120.504806518554801, 0.792991340160484 ], [ 120.506942749023438, 0.792992651462612 ], [ 120.510101318359489, 0.793102264404297 ], [ 120.513259887695312, 0.792996466159821 ], [ 120.513259887695312, 0.792906761169547 ], [ 120.513336181640739, 0.792928397655544 ], [ 120.513313293457031, 0.792348146438712 ], [ 120.513267517089844, 0.790750145912114 ], [ 120.511489868164176, 0.7838529944421 ], [ 120.510688781738395, 0.777394652366752 ], [ 120.510383605957031, 0.773653864860478 ], [ 120.510231018066406, 0.773698270320949 ], [ 120.510208129882812, 0.773514747619743 ], [ 120.502449035644759, 0.776020824909267 ], [ 120.501998901367188, 0.776084661483878 ], [ 120.4970703125, 0.77587062120449 ], [ 120.496971130371207, 0.775864779949188 ], [ 120.495223999023551, 0.775460541248378 ], [ 120.494056701660384, 0.774812936782837 ], [ 120.492889404296875, 0.774165391922111 ], [ 120.49177551269554, 0.773635447025413 ], [ 120.49088287353527, 0.773399531841335 ], [ 120.490669250488395, 0.773344278335571 ] ] ] ] } },
{ "type": "Feature", "properties": { "GID_0": "IDN", "NAME_0": "Indonesia", "GID_1": "IDN.27_1", "NAME_1": "Sulawesi Tengah", "GID_2": "IDN.27.11_1", "NAME_2": "Toli Toli", "GID_3": "IDN.27.11.6_1", "NAME_3": "Dondo", "GID_4": "IDN.27.11.6.10_1", "NAME_4": "Ogowele", "VARNAME_4": null, "TYPE_4": "Desa", "ENGTYPE_4": "Village", "CC_4": "7206030004" }, "geometry": { "type": "MultiPolygon", "coordinates": [ [ [ [ 120.421928405761719, 0.661769866943416 ], [ 120.419334411621207, 0.661969363689479 ], [ 120.417716979980469, 0.661622703075523 ], [ 120.417373657226562, 0.661703109741154 ], [ 120.416519165039062, 0.661530435085297 ], [ 120.413818359375114, 0.66235709190363 ], [ 120.413719177246094, 0.662444055080414 ], [ 120.413337707519531, 0.662437736988011 ], [ 120.413238525390739, 0.662681698799133 ], [ 120.412757873535156, 0.662883460521698 ], [ 120.412002563476562, 0.663451075554008 ], [ 120.41143798828125, 0.664208114147243 ], [ 120.411407470703125, 0.664274036884365 ], [ 120.410972595214957, 0.665059924125671 ], [ 120.410026550292969, 0.667047500610408 ], [ 120.409904479980469, 0.667511284351406 ], [ 120.409820556640739, 0.66767859458929 ], [ 120.408287048339957, 0.668742537498531 ], [ 120.403587341308594, 0.668858289718742 ], [ 120.402458190917969, 0.669472098350582 ], [ 120.401718139648438, 0.669700503349304 ], [ 120.401580810546989, 0.669706404209194 ], [ 120.400375366210938, 0.669705748558044 ], [ 120.398681640625, 0.669704854488316 ], [ 120.397178649902457, 0.669704079627991 ], [ 120.396331787109375, 0.669514238834381 ], [ 120.395393371582031, 0.669513761997337 ], [ 120.394355773925895, 0.66979718208313 ], [ 120.393318176269531, 0.669796645641327 ], [ 120.392379760742188, 0.669701457023621 ], [ 120.391815185546875, 0.669890522956848 ], [ 120.390876770019759, 0.670079350471553 ], [ 120.38974761962902, 0.670078754425106 ], [ 120.389183044433707, 0.670457124710083 ], [ 120.38864898681652, 0.670456826686973 ], [ 120.38767242431652, 0.67045629024517 ], [ 120.386947631835938, 0.670536935329551 ], [ 120.386825561523438, 0.67055052518856 ], [ 120.38669586181652, 0.670540273189658 ], [ 120.381980895996207, 0.67060178518301 ], [ 120.380989074707145, 0.670831382274571 ], [ 120.380111694335938, 0.671007454395408 ], [ 120.377815246582031, 0.673036098480281 ], [ 120.382881164550895, 0.691917657852287 ], [ 120.38372802734375, 0.695622146129665 ], [ 120.384391784668196, 0.697554647922573 ], [ 120.384559631347656, 0.698186457157192 ], [ 120.385177612304801, 0.699847221374569 ], [ 120.389625549316406, 0.712819218635616 ], [ 120.390243530273438, 0.715380132198447 ], [ 120.392807006836051, 0.720742106437797 ], [ 120.393623352050781, 0.722082316875515 ], [ 120.395584106445312, 0.726525664329586 ], [ 120.396110534667969, 0.728322684764976 ], [ 120.396293640136719, 0.731649994850216 ], [ 120.396560668945312, 0.732080221176261 ], [ 120.396743774414062, 0.732336401939449 ], [ 120.398857116699219, 0.735533237457332 ], [ 120.400650024414176, 0.738972008228416 ], [ 120.401054382324332, 0.740474998951015 ], [ 120.401138305664062, 0.740829527378082 ], [ 120.401420593261832, 0.743316292762813 ], [ 120.401023864746207, 0.744839370250759 ], [ 120.400489807128906, 0.746874213218689 ], [ 120.400749206542969, 0.750176072120723 ], [ 120.404930114746094, 0.752414762973842 ], [ 120.405220031738395, 0.753236174583492 ], [ 120.413589477539176, 0.778050541877803 ], [ 120.41416168212902, 0.77807712554943 ], [ 120.41721343994152, 0.778433144092617 ], [ 120.41851806640625, 0.77827912569046 ], [ 120.419303894043082, 0.778186559677124 ], [ 120.421394348144759, 0.77815371751791 ], [ 120.424057006836165, 0.776846110820884 ], [ 120.426223754882926, 0.775465965270996 ], [ 120.426895141601562, 0.775293171405735 ], [ 120.42742919921875, 0.774969339370784 ], [ 120.428413391113281, 0.774722099304313 ], [ 120.429405212402571, 0.773979127407188 ], [ 120.430389404296989, 0.773112177848816 ], [ 120.431076049804688, 0.772627413272971 ], [ 120.431632995605469, 0.772153556347007 ], [ 120.431869506835938, 0.770510554313717 ], [ 120.432083129882926, 0.770096778869743 ], [ 120.432632446289062, 0.768740952014866 ], [ 120.43280029296875, 0.768720328807944 ], [ 120.433097839355582, 0.768156588077545 ], [ 120.433326721191406, 0.767182171344814 ], [ 120.433731079101562, 0.766126275062618 ], [ 120.434387207031364, 0.762497663497982 ], [ 120.434898376464844, 0.7606480717659 ], [ 120.435096740722656, 0.76000714302063 ], [ 120.43576812744152, 0.758539617061558 ], [ 120.435569763183707, 0.756626009941158 ], [ 120.43524169921875, 0.754382431507224 ], [ 120.438583374023551, 0.753625929355621 ], [ 120.435394287109375, 0.753898918628749 ], [ 120.434684753417969, 0.746131420135441 ], [ 120.433639526367301, 0.742853045463619 ], [ 120.433357238769531, 0.741759240627403 ], [ 120.432868957519645, 0.737421393394527 ], [ 120.432624816894531, 0.734446883201713 ], [ 120.432533264160156, 0.73400533199316 ], [ 120.432357788085938, 0.731679797172603 ], [ 120.431106567382812, 0.721744477748928 ], [ 120.429145812988281, 0.706570565700645 ], [ 120.422088623046875, 0.662556529045105 ], [ 120.421989440918082, 0.661966621875763 ], [ 120.421928405761719, 0.661769866943416 ] ] ], [ [ [ 120.357742309570426, 0.743702173233146 ], [ 120.357666015625, 0.743447184562797 ], [ 120.357566833496207, 0.743892371654624 ], [ 120.357742309570426, 0.743702173233146 ] ] ] ] } },
{ "type": "Feature", "properties": { "GID_0": "IDN", "NAME_0": "Indonesia", "GID_1": "IDN.27_1", "NAME_1": "Sulawesi Tengah", "GID_2": "IDN.27.11_1", "NAME_2": "Toli Toli", "GID_3": "IDN.27.11.6_1", "NAME_3": "Dondo", "GID_4": "IDN.27.11.6.11_1", "NAME_4": "Salumbia", "VARNAME_4": null, "TYPE_4": "Desa", "ENGTYPE_4": "Village", "CC_4": "7206030002" }, "geometry": { "type": "MultiPolygon", "coordinates": [ [ [ [ 120.357170104980582, 0.806520283222312 ], [ 120.350494384765739, 0.811332821846065 ], [ 120.337493896484489, 0.820261657238007 ], [ 120.335403442382926, 0.821733355522156 ], [ 120.328292846679688, 0.826581656932831 ], [ 120.324996948242188, 0.82884681224823 ], [ 120.323074340820312, 0.829954445362148 ], [ 120.323135375976562, 0.830019831657467 ], [ 120.323257446289062, 0.830231368541831 ], [ 120.323532104492188, 0.830461621284542 ], [ 120.323616027832145, 0.830482661724204 ], [ 120.32366943359375, 0.830538511276359 ], [ 120.323867797851562, 0.830544233322144 ], [ 120.325340270996094, 0.83051460981369 ], [ 120.325935363769531, 0.830024480819759 ], [ 120.326393127441406, 0.830532252788601 ], [ 120.326400756836165, 0.830625057220459 ], [ 120.326347351074219, 0.831143379211483 ], [ 120.325889587402457, 0.83124768733984 ], [ 120.325866699218864, 0.831530451774654 ], [ 120.325790405273438, 0.83169960975647 ], [ 120.325828552246321, 0.831970632076263 ], [ 120.325798034667969, 0.832276761531944 ], [ 120.325881958007926, 0.832338571548576 ], [ 120.32708740234375, 0.832194924354553 ], [ 120.327255249023438, 0.832193315029258 ], [ 120.327873229980469, 0.832401931285972 ], [ 120.32781982421875, 0.833459019661007 ], [ 120.327972412109489, 0.833681941032523 ], [ 120.328323364257926, 0.834263801574821 ], [ 120.328399658203125, 0.834314346313533 ], [ 120.328514099121207, 0.834351599216518 ], [ 120.32861328125, 0.834399580955619 ], [ 120.328765869140739, 0.834434449672813 ], [ 120.329330444336051, 0.834618806839103 ], [ 120.329750061035156, 0.834191679954529 ], [ 120.329833984375227, 0.834139645099697 ], [ 120.33021545410179, 0.834131479263306 ], [ 120.330398559570312, 0.834165871143398 ], [ 120.33042144775402, 0.834358453750724 ], [ 120.330490112304688, 0.835253059864158 ], [ 120.330528259277344, 0.835795164108333 ], [ 120.330551147460938, 0.836183726787567 ], [ 120.330558776855469, 0.836299896240291 ], [ 120.330764770507812, 0.83631402254116 ], [ 120.330986022949446, 0.836446046829167 ], [ 120.331428527832145, 0.83637523651123 ], [ 120.33158111572277, 0.836775839328823 ], [ 120.331275939941406, 0.837631344795284 ], [ 120.331611633300895, 0.838465869426727 ], [ 120.331405639648551, 0.838991105556488 ], [ 120.331077575683594, 0.83941966295248 ], [ 120.331062316894531, 0.839860320091361 ], [ 120.331802368164176, 0.840504288673458 ], [ 120.332321166992415, 0.840993285179138 ], [ 120.333648681640852, 0.842115581035728 ], [ 120.333724975586051, 0.842784345150051 ], [ 120.333229064941406, 0.843629717826786 ], [ 120.333595275878906, 0.843799293041286 ], [ 120.333793640136719, 0.843802452087459 ], [ 120.334510803222656, 0.843931734561977 ], [ 120.335411071777457, 0.844112932682151 ], [ 120.335487365722656, 0.844129800796509 ], [ 120.33631896972679, 0.843849003315086 ], [ 120.3367919921875, 0.843703210353908 ], [ 120.337654113769759, 0.843852460384369 ], [ 120.3377685546875, 0.844202697277183 ], [ 120.337921142578239, 0.844531714916286 ], [ 120.340049743652344, 0.843680918216705 ], [ 120.342597961425781, 0.841531753540039 ], [ 120.34574127197277, 0.84045505523693 ], [ 120.350013732910156, 0.840109646320343 ], [ 120.352104187011719, 0.838010668754521 ], [ 120.354141235351562, 0.837832450866813 ], [ 120.355598449707145, 0.837381184101162 ], [ 120.357376098632926, 0.837550401687622 ], [ 120.360450744628906, 0.836966156959647 ], [ 120.360710144042969, 0.835828602314109 ], [ 120.358795166015625, 0.834689557552338 ], [ 120.357322692871207, 0.833113253116721 ], [ 120.357582092285156, 0.831188082695064 ], [ 120.356887817382812, 0.82952481508255 ], [ 120.357269287109375, 0.828700661659354 ], [ 120.358108520507926, 0.828212857246456 ], [ 120.359275817871207, 0.828533947467918 ], [ 120.360450744628906, 0.829264640808219 ], [ 120.361228942871094, 0.829134166240749 ], [ 120.361106872558594, 0.828479170799369 ], [ 120.362388610839844, 0.828424036502952 ], [ 120.362777709960938, 0.828872382640952 ], [ 120.363449096679801, 0.828312695026455 ], [ 120.364227294921989, 0.829153418540898 ], [ 120.3658447265625, 0.829968392849025 ], [ 120.365280151367188, 0.833130896091461 ], [ 120.365493774414062, 0.834763169288749 ], [ 120.365501403808821, 0.836099624633903 ], [ 120.365722656250114, 0.836547851562557 ], [ 120.36533355712902, 0.837051689624843 ], [ 120.365318298340071, 0.839157402515468 ], [ 120.36444091796875, 0.840075731277466 ], [ 120.36399078369152, 0.840971589088554 ], [ 120.363494873046875, 0.841139316558838 ], [ 120.362106323242301, 0.840802252292747 ], [ 120.36209869384777, 0.841605663299617 ], [ 120.362327575683707, 0.842650771141109 ], [ 120.364662170410156, 0.844444751739502 ], [ 120.365493774414062, 0.845957636833191 ], [ 120.365486145019531, 0.846946537494773 ], [ 120.365882873535384, 0.847862243652457 ], [ 120.36533355712902, 0.84864205121994 ], [ 120.365882873535384, 0.849990665912742 ], [ 120.365036010742188, 0.85205006599432 ], [ 120.365653991699219, 0.852903127670402 ], [ 120.365631103515625, 0.853416740894318 ], [ 120.366302490234489, 0.854936599731502 ], [ 120.366767883300781, 0.855312347412109 ], [ 120.366699218750114, 0.855852365493774 ], [ 120.367477416992301, 0.857625067233982 ], [ 120.3671875, 0.859707415103969 ], [ 120.367485046386832, 0.861866176128501 ], [ 120.3673095703125, 0.862816214561462 ], [ 120.367385864257812, 0.864626467227993 ], [ 120.368484497070312, 0.866627871990261 ], [ 120.369651794433594, 0.86713278293621 ], [ 120.370933532714844, 0.867469727993125 ], [ 120.372337341308594, 0.867605507373924 ], [ 120.373771667480582, 0.866799592971859 ], [ 120.374862670898551, 0.865419328212852 ], [ 120.375663757324332, 0.86400032043457 ], [ 120.376113891601562, 0.861872196197567 ], [ 120.375473022461051, 0.861043810844535 ], [ 120.375335693359375, 0.860303342342377 ], [ 120.375823974609489, 0.858856141567344 ], [ 120.375389099121094, 0.857782840728703 ], [ 120.375396728515625, 0.856666147708893 ], [ 120.374725341796989, 0.856270074844417 ], [ 120.375, 0.85475796461111 ], [ 120.374893188476676, 0.853301584720668 ], [ 120.3743896484375, 0.852517068386135 ], [ 120.37528228759777, 0.850015282631034 ], [ 120.374397277832031, 0.848260164260921 ], [ 120.374176025390625, 0.845289647579193 ], [ 120.373504638671875, 0.845234930515289 ], [ 120.373397827148551, 0.843666553497314 ], [ 120.373855590820312, 0.84254115819931 ], [ 120.373786926269531, 0.840418100357056 ], [ 120.374534606933707, 0.837325751781464 ], [ 120.373847961425781, 0.83677738904953 ], [ 120.373901367187727, 0.836161315441188 ], [ 120.373748779296989, 0.83487468957901 ], [ 120.374015808105469, 0.832520663738251 ], [ 120.374855041504134, 0.830616831779537 ], [ 120.375579833984375, 0.830149948597068 ], [ 120.375022888183594, 0.829608678817863 ], [ 120.374908447265739, 0.82904851436615 ], [ 120.376106262207031, 0.828049838543052 ], [ 120.368728637695312, 0.819668173790035 ], [ 120.366271972656477, 0.816660344600791 ], [ 120.357170104980582, 0.806520283222312 ] ] ] ] } },
{ "type": "Feature", "properties": { "GID_0": "IDN", "NAME_0": "Indonesia", "GID_1": "IDN.27_1", "NAME_1": "Sulawesi Tengah", "GID_2": "IDN.27.11_1", "NAME_2": "Toli Toli", "GID_3": "IDN.27.11.6_1", "NAME_3": "Dondo", "GID_4": "IDN.27.11.6.12_1", "NAME_4": "Tinabogan", "VARNAME_4": null, "TYPE_4": "Desa", "ENGTYPE_4": "Village", "CC_4": "7206030010" }, "geometry": { "type": "MultiPolygon", "coordinates": [ [ [ [ 120.53336334228527, 0.766090810299033 ], [ 120.524795532226676, 0.771281003952026 ], [ 120.527458190918082, 0.777120411396027 ], [ 120.526832580566406, 0.777801692485866 ], [ 120.525863647460938, 0.778778374195042 ], [ 120.521560668945426, 0.780398845672607 ], [ 120.518798828125, 0.781247317791099 ], [ 120.511489868164176, 0.7838529944421 ], [ 120.513267517089844, 0.790750145912114 ], [ 120.513313293457031, 0.792348146438712 ], [ 120.513336181640739, 0.792928397655544 ], [ 120.51334381103527, 0.79314607381815 ], [ 120.515029907226562, 0.793147087097225 ], [ 120.516952514648665, 0.793302834034023 ], [ 120.518562316894531, 0.793381094932556 ], [ 120.52032470703125, 0.793072998523712 ], [ 120.522628784179688, 0.792842566967067 ], [ 120.525161743164176, 0.792225778102988 ], [ 120.527931213378906, 0.79137730598444 ], [ 120.530235290527344, 0.790992259979248 ], [ 120.532539367675781, 0.791689217090664 ], [ 120.534301757812727, 0.792308568954468 ], [ 120.534996032714844, 0.791613399982509 ], [ 120.536987304687614, 0.790609836578369 ], [ 120.539756774902344, 0.787519991397971 ], [ 120.545440673828239, 0.781572282314301 ], [ 120.544235229492301, 0.779503405094204 ], [ 120.542045593261719, 0.776873528957424 ], [ 120.5382080078125, 0.772812485694885 ], [ 120.537765502929801, 0.772370576858577 ], [ 120.535926818847656, 0.770205497741699 ], [ 120.53342437744152, 0.766270816326198 ], [ 120.53336334228527, 0.766090810299033 ] ] ] ] } },
{ "type": "Feature", "properties": { "GID_0": "IDN", "NAME_0": "Indonesia", "GID_1": "IDN.27_1", "NAME_1": "Sulawesi Tengah", "GID_2": "IDN.27.11_1", "NAME_2": "Toli Toli", "GID_3": "IDN.27.11.7_1", "NAME_3": "Galang", "GID_4": "IDN.27.11.7.1_1", "NAME_4": "Bajugan", "VARNAME_4": null, "TYPE_4": "Desa", "ENGTYPE_4": "Village", "CC_4": "7206050011" }, "geometry": { "type": "MultiPolygon", "coordinates": [ [ [ [ 121.036781311035156, 1.16074180603033 ], [ 121.025054931640625, 1.16056668758398 ], [ 120.913970947265625, 1.159099221229496 ], [ 120.913223266601562, 1.158776521682796 ], [ 120.912513732910156, 1.158170342445487 ], [ 120.910285949707145, 1.157700896263123 ], [ 120.908142089843977, 1.157699227333069 ], [ 120.906425476074446, 1.157752156257573 ], [ 120.905372619628906, 1.157765746116581 ], [ 120.90189361572277, 1.157946228981018 ], [ 120.897872924804801, 1.158267617225704 ], [ 120.89479064941429, 1.159014105796928 ], [ 120.892700195312727, 1.160193800926265 ], [ 120.891174316406477, 1.160752773284969 ], [ 120.889175415039062, 1.160679578781185 ], [ 120.887130737304688, 1.160303711891231 ], [ 120.885643005371321, 1.159928321838493 ], [ 120.885299682617301, 1.160020112991276 ], [ 120.88492584228527, 1.159921646118221 ], [ 120.882217407226676, 1.160651683807373 ], [ 120.880035400390625, 1.161315560340881 ], [ 120.877723693847656, 1.161779642105159 ], [ 120.8739013671875, 1.163299083709717 ], [ 120.872184753417969, 1.163472533226127 ], [ 120.870704650878906, 1.163922667503357 ], [ 120.87003326416027, 1.16412806510931 ], [ 120.869911193847656, 1.163933753967399 ], [ 120.847320556640739, 1.167475938797111 ], [ 120.839569091796875, 1.168640136718807 ], [ 120.838699340820312, 1.168220520019588 ], [ 120.838958740234489, 1.168445825576896 ], [ 120.834144592285384, 1.169266700744743 ], [ 120.824813842773551, 1.170714855194035 ], [ 120.821990966796989, 1.171713113784847 ], [ 120.822029113769531, 1.17184138298029 ], [ 120.827064514160156, 1.191342949867362 ], [ 120.827346801757926, 1.192004442215023 ], [ 120.827293395996207, 1.19269788265234 ], [ 120.827384948730469, 1.193947911262569 ], [ 120.827262878417969, 1.195092916488647 ], [ 120.827423095703125, 1.196584939956665 ], [ 120.82614898681652, 1.199115991592464 ], [ 120.825744628906477, 1.19908344745636 ], [ 120.82568359375, 1.200131654739494 ], [ 120.826469421386719, 1.201349973678532 ], [ 120.826705932617415, 1.201753377914429 ], [ 120.827140808105582, 1.201979517936707 ], [ 120.828048706054801, 1.20227062702179 ], [ 120.827949523925781, 1.203609108924866 ], [ 120.827697753906364, 1.203963756561279 ], [ 120.827423095703125, 1.205092549324036 ], [ 120.826881408691406, 1.205511450767517 ], [ 120.826316833496321, 1.205680251121464 ], [ 120.825302124023438, 1.205816507339534 ], [ 120.824722290039062, 1.205824136734066 ], [ 120.824234008789176, 1.20569479465496 ], [ 120.823852539062614, 1.2054283618927 ], [ 120.822654724121094, 1.205346703529472 ], [ 120.82208251953125, 1.205249547958374 ], [ 120.821556091308821, 1.205240964889583 ], [ 120.820144653320312, 1.205236434936637 ], [ 120.819442749023438, 1.205251574516353 ], [ 120.818862915039062, 1.205440163612479 ], [ 120.818428039550781, 1.205801963806209 ], [ 120.818161010742301, 1.206384539604301 ], [ 120.818077087402344, 1.207077503204403 ], [ 120.818092346191406, 1.207565784454346 ], [ 120.818107604980469, 1.208243012428284 ], [ 120.817512512207031, 1.208604812622184 ], [ 120.817199707031364, 1.208777785301208 ], [ 120.8167724609375, 1.209064126014823 ], [ 120.816497802734375, 1.209864020347652 ], [ 120.816467285156364, 1.21022617816925 ], [ 120.81607818603527, 1.210225820541382 ], [ 120.816154479980469, 1.21107637882244 ], [ 120.816307067871094, 1.211706519127006 ], [ 120.816635131836051, 1.211895823478756 ], [ 120.816123962402344, 1.212289214134273 ], [ 120.8148193359375, 1.213818550109977 ], [ 120.81463623046875, 1.214035749435538 ], [ 120.815132141113395, 1.214163780212459 ], [ 120.817451477050781, 1.216701030731258 ], [ 120.822578430175895, 1.216025471687374 ], [ 120.824935913085938, 1.215460896492061 ], [ 120.8262939453125, 1.214725613594055 ], [ 120.83197021484375, 1.215806484222412 ], [ 120.833328247070312, 1.215563535690364 ], [ 120.833473205566406, 1.215583324432373 ], [ 120.833541870117188, 1.215525507926998 ], [ 120.836479187011832, 1.213431000709591 ], [ 120.837425231933707, 1.213171839714164 ], [ 120.838027954101676, 1.213144063949699 ], [ 120.841171264648438, 1.212537765502873 ], [ 120.841484069824219, 1.212528705596981 ], [ 120.842674255371094, 1.212529659271297 ], [ 120.844451904296989, 1.213302135467529 ], [ 120.846549987793082, 1.214345455169621 ], [ 120.849136352539062, 1.216330051422119 ], [ 120.850318908691406, 1.216861128807068 ], [ 120.851264953613281, 1.217512965202388 ], [ 120.855895996093864, 1.219364643096981 ], [ 120.856330871582145, 1.219560980796871 ], [ 120.859100341796875, 1.222803354263249 ], [ 120.859207153320312, 1.223135709762687 ], [ 120.860557556152344, 1.222400426864624 ], [ 120.860656738281477, 1.222270965576172 ], [ 120.861534118652344, 1.22183084487915 ], [ 120.866096496582031, 1.215472817421016 ], [ 120.866592407226676, 1.215358138084412 ], [ 120.868392944335938, 1.215524554252738 ], [ 120.870208740234489, 1.216185212135429 ], [ 120.87058258056652, 1.216347217559814 ], [ 120.874168395996094, 1.215377092361507 ], [ 120.875335693359602, 1.215137958526611 ], [ 120.87542724609375, 1.215035200118962 ], [ 120.87558746337902, 1.214991688728389 ], [ 120.877281188964957, 1.21380341053009 ], [ 120.878250122070426, 1.21190166473383 ], [ 120.87872314453125, 1.211379408836478 ], [ 120.87908935546875, 1.211127996444759 ], [ 120.880287170410156, 1.211215376854 ], [ 120.880424499511719, 1.211061596870422 ], [ 120.880546569824332, 1.211086869239864 ], [ 120.880760192871094, 1.21069431304943 ], [ 120.881614685058594, 1.209753870964164 ], [ 120.882179260253906, 1.209502100944576 ], [ 120.882110595703125, 1.209209442138786 ], [ 120.882286071777344, 1.209014177322388 ], [ 120.881660461425895, 1.207307577133179 ], [ 120.8812255859375, 1.205486178398246 ], [ 120.884292602539062, 1.202407598495597 ], [ 120.889434814453125, 1.198006153106633 ], [ 120.892387390136832, 1.196188807487601 ], [ 120.892799377441406, 1.195188641548214 ], [ 120.892944335937614, 1.194952011108512 ], [ 120.892982482910156, 1.19473659992218 ], [ 120.89353179931652, 1.193412423133907 ], [ 120.893783569335938, 1.193298816680908 ], [ 120.900093078613281, 1.191275477409306 ], [ 120.900932312011832, 1.191332697868461 ], [ 120.902191162109375, 1.190529823303223 ], [ 120.902359008789062, 1.190452694892883 ], [ 120.905998229980469, 1.18930375576025 ], [ 120.912849426269531, 1.189404845237846 ], [ 120.91291809082054, 1.189346313476562 ], [ 120.913375854492188, 1.189359545707703 ], [ 120.914505004882926, 1.188680648803825 ], [ 120.915794372558707, 1.18737864494318 ], [ 120.916427612304688, 1.186330914497489 ], [ 120.91741943359375, 1.185481667518616 ], [ 120.917228698730469, 1.184999108314457 ], [ 120.917037963867188, 1.184505820274353 ], [ 120.916526794433594, 1.183187961578426 ], [ 120.916847229003906, 1.181673049926815 ], [ 120.917167663574332, 1.1809197664262 ], [ 120.91831207275402, 1.180193781852779 ], [ 120.918418884277344, 1.177949786186332 ], [ 120.918655395507926, 1.177378892898673 ], [ 120.920196533203239, 1.177978277206535 ], [ 120.921035766601562, 1.178035616874638 ], [ 120.924530029296875, 1.179681062698364 ], [ 120.929649353027344, 1.18070459365839 ], [ 120.934432983398438, 1.18229436874384 ], [ 120.936431884765739, 1.182037591934261 ], [ 120.95172119140625, 1.18323290348053 ], [ 120.953483581542969, 1.182994008064384 ], [ 120.95395660400402, 1.182997465133667 ], [ 120.954368591308707, 1.18287372589117 ], [ 120.957771301269645, 1.182410836219901 ], [ 120.960723876953125, 1.183506965637321 ], [ 120.9609375, 1.183786988258419 ], [ 120.961456298828125, 1.183778524398747 ], [ 120.962188720703239, 1.184050798416138 ], [ 120.967994689941406, 1.183640241622982 ], [ 120.971946716308594, 1.181719779968375 ], [ 120.976150512695312, 1.183064103126583 ], [ 120.981086730957031, 1.181967496872062 ], [ 120.98211669921875, 1.182086825370789 ], [ 120.982994079589844, 1.181870460510368 ], [ 120.988693237304801, 1.18285429477703 ], [ 120.989570617675781, 1.183089852333069 ], [ 120.990768432617301, 1.183412313461304 ], [ 120.9910888671875, 1.183267951011658 ], [ 120.991691589355696, 1.183371067047176 ], [ 120.992408752441406, 1.183010697364807 ], [ 120.992546081542969, 1.182939052581901 ], [ 120.993728637695312, 1.182345032691899 ], [ 120.995132446289176, 1.181903600692863 ], [ 120.999580383300895, 1.185803532600403 ], [ 121.003028869628906, 1.18524158000946 ], [ 121.007774353027457, 1.184654474258423 ], [ 121.008590698242188, 1.184815168380794 ], [ 121.014396667480582, 1.186320900917167 ], [ 121.018608093261832, 1.186748147010917 ], [ 121.021415710449219, 1.184403657913322 ], [ 121.029792785644531, 1.178955674171505 ], [ 121.036376953125114, 1.168064951896724 ], [ 121.036590576171875, 1.167713761329594 ], [ 121.037094116211051, 1.166987657546997 ], [ 121.036781311035156, 1.16074180603033 ] ] ], [ [ [ 120.838699340820312, 1.168220520019588 ], [ 120.8355712890625, 1.165487408638057 ], [ 120.836189270019531, 1.16619706153881 ], [ 120.837875366210938, 1.167825222015438 ], [ 120.838699340820312, 1.168220520019588 ] ] ] ] } },
{ "type": "Feature", "properties": { "GID_0": "IDN", "NAME_0": "Indonesia", "GID_1": "IDN.27_1", "NAME_1": "Sulawesi Tengah", "GID_2": "IDN.27.11_1", "NAME_2": "Toli Toli", "GID_3": "IDN.27.11.7_1", "NAME_3": "Galang", "GID_4": "IDN.27.11.7.2_1", "NAME_4": "Ginunggung", "VARNAME_4": null, "TYPE_4": "Desa", "ENGTYPE_4": "Village", "CC_4": "7206050007" }, "geometry": { "type": "MultiPolygon", "coordinates": [ [ [ [ 120.81778717041027, 1.117297768592948 ], [ 120.817123413085938, 1.116907477378845 ], [ 120.815620422363281, 1.116022825241146 ], [ 120.815315246582145, 1.115829706192073 ], [ 120.815185546875, 1.115748167037964 ], [ 120.811859130859489, 1.113326787948722 ], [ 120.811569213867188, 1.113102555275077 ], [ 120.809028625488395, 1.107220530510006 ], [ 120.809654235839844, 1.104165077209529 ], [ 120.807037353515625, 1.100898861885184 ], [ 120.802177429199219, 1.100321888923702 ], [ 120.793685913085938, 1.096989274024963 ], [ 120.79337310791027, 1.096866011619511 ], [ 120.793289184570312, 1.096834063530025 ], [ 120.789093017578125, 1.103524684906063 ], [ 120.787643432617301, 1.104009747505188 ], [ 120.78656005859375, 1.105198740959111 ], [ 120.78629302978527, 1.105880141258353 ], [ 120.785003662109489, 1.105573892593497 ], [ 120.784843444824219, 1.105751156806946 ], [ 120.784500122070312, 1.106183767318782 ], [ 120.784736633301009, 1.106380105018673 ], [ 120.785919189453239, 1.107344985008297 ], [ 120.785499572754134, 1.108324527740535 ], [ 120.7852783203125, 1.108878135681209 ], [ 120.785263061523438, 1.109431743621826 ], [ 120.7852783203125, 1.109968185424805 ], [ 120.785781860351562, 1.110189437866268 ], [ 120.786323547363395, 1.110410690307674 ], [ 120.785903930664176, 1.111225366592521 ], [ 120.785507202148665, 1.112066388130245 ], [ 120.787475585937614, 1.113189816474915 ], [ 120.788650512695312, 1.113839507102966 ], [ 120.794013977050781, 1.115359425544739 ], [ 120.796981811523551, 1.117599487304631 ], [ 120.799621582031477, 1.11832869052887 ], [ 120.800933837890625, 1.118597149849052 ], [ 120.803886413574332, 1.119334220886344 ], [ 120.818809509277344, 1.122583150863647 ], [ 120.818771362304688, 1.122745752334595 ], [ 120.818954467773551, 1.122785449028015 ], [ 120.820274353027457, 1.118758082389945 ], [ 120.81778717041027, 1.117297768592948 ] ] ] ] } },
{ "type": "Feature", "properties": { "GID_0": "IDN", "NAME_0": "Indonesia", "GID_1": "IDN.27_1", "NAME_1": "Sulawesi Tengah", "GID_2": "IDN.27.11_1", "NAME_2": "Toli Toli", "GID_3": "IDN.27.11.7_1", "NAME_3": "Galang", "GID_4": "IDN.27.11.7.3_1", "NAME_4": "Kalangkangan", "VARNAME_4": null, "TYPE_4": "Desa", "ENGTYPE_4": "Village", "CC_4": "7206050003" }, "geometry": { "type": "MultiPolygon", "coordinates": [ [ [ [ 120.817535400390625, 1.085835218429565 ], [ 120.809036254882926, 1.085196733474845 ], [ 120.808952331542969, 1.085190534591675 ], [ 120.803192138671875, 1.082373976707515 ], [ 120.801094055175781, 1.08225524425518 ], [ 120.800743103027344, 1.082034111022949 ], [ 120.798492431640739, 1.080959558486938 ], [ 120.797729492187614, 1.087070822715816 ], [ 120.797180175781364, 1.089084625244084 ], [ 120.793998718261719, 1.093596696853581 ], [ 120.79337310791027, 1.096866011619511 ], [ 120.793685913085938, 1.096989274024963 ], [ 120.802177429199219, 1.100321888923702 ], [ 120.807037353515625, 1.100898861885184 ], [ 120.809654235839844, 1.104165077209529 ], [ 120.809028625488395, 1.107220530510006 ], [ 120.811569213867188, 1.113102555275077 ], [ 120.811859130859489, 1.113326787948722 ], [ 120.815185546875, 1.115748167037964 ], [ 120.815315246582145, 1.115829706192073 ], [ 120.815620422363281, 1.116022825241146 ], [ 120.817123413085938, 1.116907477378845 ], [ 120.81778717041027, 1.117297768592948 ], [ 120.820274353027457, 1.1185498237611 ], [ 120.821586608886832, 1.11452245712286 ], [ 120.821769714355582, 1.114405035972595 ], [ 120.821830749511719, 1.114241361618156 ], [ 120.823493957519645, 1.113332986831722 ], [ 120.825035095214957, 1.112371921539307 ], [ 120.8228759765625, 1.111239910125846 ], [ 120.822418212890625, 1.111050367355347 ], [ 120.822319030761946, 1.110948801040706 ], [ 120.822479248046875, 1.110451698303279 ], [ 120.822624206542969, 1.109175324440116 ], [ 120.823440551757812, 1.108521103858948 ], [ 120.824279785156364, 1.107719421386719 ], [ 120.82318115234375, 1.106953144073486 ], [ 120.822982788085938, 1.105920076370239 ], [ 120.822486877441406, 1.104452371597233 ], [ 120.821113586425781, 1.102990031242484 ], [ 120.819938659667969, 1.101950168609676 ], [ 120.819320678711051, 1.102114200591984 ], [ 120.817382812500114, 1.102712273597717 ], [ 120.817665100097656, 1.101252675056458 ], [ 120.817726135253906, 1.10026574134838 ], [ 120.814483642578125, 1.101459980010986 ], [ 120.813522338867188, 1.100556373596248 ], [ 120.813682556152344, 1.100484013557377 ], [ 120.813522338867188, 1.100347995758057 ], [ 120.8157958984375, 1.099377274513358 ], [ 120.815452575683821, 1.098057508468628 ], [ 120.814628601074219, 1.097362279892025 ], [ 120.81524658203125, 1.093563079834041 ], [ 120.81591796875, 1.091413021087703 ], [ 120.817535400390625, 1.085835218429565 ] ] ] ] } },
{ "type": "Feature", "properties": { "GID_0": "IDN", "NAME_0": "Indonesia", "GID_1": "IDN.27_1", "NAME_1": "Sulawesi Tengah", "GID_2": "IDN.27.11_1", "NAME_2": "Toli Toli", "GID_3": "IDN.27.11.7_1", "NAME_3": "Galang", "GID_4": "IDN.27.11.7.4_1", "NAME_4": "Lakatan", "VARNAME_4": null, "TYPE_4": "Desa", "ENGTYPE_4": "Village", "CC_4": "7206050005" }, "geometry": { "type": "MultiPolygon", "coordinates": [ [ [ [ 121.028434753417969, 1.082722783088798 ], [ 121.028327941894645, 1.082798838615474 ], [ 121.01938629150402, 1.088892459869442 ], [ 120.988510131836051, 1.089086055755615 ], [ 120.970138549804915, 1.089118361473197 ], [ 120.950119018554801, 1.087829351425171 ], [ 120.914123535156364, 1.085389256477356 ], [ 120.870506286621094, 1.093588709831351 ], [ 120.850440979003906, 1.088565826416016 ], [ 120.845573425292969, 1.087307810783386 ], [ 120.844345092773438, 1.087510466575623 ], [ 120.842536926269759, 1.08767569065094 ], [ 120.84014892578125, 1.08814263343811 ], [ 120.832717895507812, 1.08608090877533 ], [ 120.832672119140739, 1.085975050926265 ], [ 120.829956054687614, 1.088593125343436 ], [ 120.82989501953125, 1.088653206825256 ], [ 120.829513549804688, 1.091392397880554 ], [ 120.82928466796875, 1.092861294746399 ], [ 120.828758239746094, 1.098444581031799 ], [ 120.82938385009777, 1.103864073753414 ], [ 120.829940795898665, 1.109603047370967 ], [ 120.830055236816406, 1.10968101024622 ], [ 120.830062866210938, 1.109753966331482 ], [ 120.83050537109375, 1.109995603561345 ], [ 120.836090087890739, 1.113266825676078 ], [ 120.844757080078125, 1.115384340286312 ], [ 120.856071472168196, 1.119515538215637 ], [ 120.859817504882812, 1.117463588714656 ], [ 120.860832214355469, 1.116907238960323 ], [ 120.866012573242301, 1.119428515434322 ], [ 120.869026184082031, 1.120941281318778 ], [ 120.872283935547102, 1.122201681137085 ], [ 120.875778198242301, 1.121985077857914 ], [ 120.876205444335938, 1.121948242187614 ], [ 120.880889892578239, 1.121526360511893 ], [ 120.884811401367188, 1.124132037162838 ], [ 120.887680053710938, 1.125408411026001 ], [ 120.8983154296875, 1.125866889953727 ], [ 121.076530456542969, 1.132498145103511 ], [ 121.076744079589844, 1.132543087005615 ], [ 121.077934265136832, 1.132587671280021 ], [ 121.077682495117188, 1.132741451263428 ], [ 121.080200195312614, 1.133341431617737 ], [ 121.080558776855469, 1.132976651191768 ], [ 121.081977844238395, 1.132023572921753 ], [ 121.082405090332031, 1.13151049613964 ], [ 121.082489013671989, 1.13134860992443 ], [ 121.08267974853527, 1.130819201469421 ], [ 121.08282470703125, 1.130302190780753 ], [ 121.083061218261832, 1.129076004028434 ], [ 121.083183288574219, 1.128607988357601 ], [ 121.083305358886832, 1.12832152843481 ], [ 121.083404541015625, 1.128022551536617 ], [ 121.083610534667969, 1.127717375755253 ], [ 121.083969116210938, 1.127213001251334 ], [ 121.084144592285156, 1.1270574331283 ], [ 121.085121154785156, 1.126394510269165 ], [ 121.086555480957145, 1.12548470497137 ], [ 121.087669372558707, 1.124404311180228 ], [ 121.088714599609375, 1.123291373252982 ], [ 121.089286804199219, 1.122475743293876 ], [ 121.089324951171875, 1.122363567352238 ], [ 121.089324951171875, 1.121559977531433 ], [ 121.089408874511832, 1.120299816131705 ], [ 121.089538574218977, 1.119111776352042 ], [ 121.089569091796989, 1.119024634361381 ], [ 121.089965820312614, 1.11799693107605 ], [ 121.090377807617188, 1.117075204849357 ], [ 121.09039306640625, 1.11696302890789 ], [ 121.090385437011719, 1.116572260856742 ], [ 121.090423583984375, 1.116380453109798 ], [ 121.090438842773438, 1.11624372005474 ], [ 121.090438842773438, 1.115996718406791 ], [ 121.090492248535384, 1.114661693572998 ], [ 121.090492248535384, 1.114196181297302 ], [ 121.090484619140852, 1.11384820938116 ], [ 121.090492248535384, 1.11363685131073 ], [ 121.09055328369152, 1.112722396850643 ], [ 121.090843200683594, 1.112197875976619 ], [ 121.091453552246207, 1.111045479774532 ], [ 121.091598510742188, 1.110781669616813 ], [ 121.091697692871207, 1.110549092292842 ], [ 121.091804504394531, 1.110316395759696 ], [ 121.092208862304915, 1.109410285949764 ], [ 121.092300415039062, 1.109230756759644 ], [ 121.092330932617188, 1.10904502868658 ], [ 121.092437744140739, 1.108548998832759 ], [ 121.092536926269531, 1.10806322097784 ], [ 121.092643737793082, 1.107552886009216 ], [ 121.092460632324332, 1.107011675834769 ], [ 121.092376708984375, 1.106594443321342 ], [ 121.092132568359375, 1.105885148048515 ], [ 121.09189605712902, 1.105381965637207 ], [ 121.091339111328125, 1.104287266731319 ], [ 121.091148376464844, 1.103352665901127 ], [ 121.090988159179688, 1.10223114490509 ], [ 121.090568542480469, 1.101430177688599 ], [ 121.089874267578125, 1.100656032562313 ], [ 121.089447021484375, 1.100362420082206 ], [ 121.089263916015625, 1.099454522132817 ], [ 121.089530944824446, 1.098439574241581 ], [ 121.090591430664062, 1.096142649650631 ], [ 121.091041564941406, 1.09560835361475 ], [ 121.091255187988509, 1.095100879669246 ], [ 121.092842102050895, 1.09448611736309 ], [ 121.094367980957145, 1.093783736229057 ], [ 121.095146179199219, 1.093447804450989 ], [ 121.094795227050781, 1.09343063831335 ], [ 121.093727111816634, 1.093206524849052 ], [ 121.09297180175804, 1.09284865856165 ], [ 121.091331481933594, 1.092088103294373 ], [ 121.089996337890625, 1.091372489929199 ], [ 121.088981628418082, 1.090925097465458 ], [ 121.086761474609375, 1.090298295021057 ], [ 121.083961486816406, 1.089805126190299 ], [ 121.082588195800781, 1.089625477790833 ], [ 121.08094787597679, 1.089624404907227 ], [ 121.079307556152457, 1.089444637298584 ], [ 121.07806396484375, 1.088371753692627 ], [ 121.073654174804688, 1.083994746208191 ], [ 121.073287963867188, 1.083811640739441 ], [ 121.073104858398438, 1.083697080612183 ], [ 121.069015502929688, 1.083854556083793 ], [ 121.068702697753906, 1.083922982215881 ], [ 121.068313598632812, 1.083831310272274 ], [ 121.067741394042969, 1.083762288093567 ], [ 121.066696166992301, 1.08344137668621 ], [ 121.065254211425781, 1.083056092262325 ], [ 121.060859680175781, 1.080555677413997 ], [ 121.058502197265739, 1.079433441162166 ], [ 121.056793212890739, 1.078540205955619 ], [ 121.056114196777344, 1.078173875808773 ], [ 121.055839538574332, 1.077693343162593 ], [ 121.054321289062614, 1.075245022773856 ], [ 121.053909301757926, 1.074398398399353 ], [ 121.053413391113281, 1.073757648468018 ], [ 121.053092956542969, 1.0735058784486 ], [ 121.051689147949219, 1.072155475616512 ], [ 121.051300048828125, 1.071789264679069 ], [ 121.050933837890625, 1.070965647697506 ], [ 121.050590515136719, 1.07015419006342 ], [ 121.050392150878906, 1.069753050804195 ], [ 121.050033569335938, 1.069663047790641 ], [ 121.049316406250114, 1.070064306259212 ], [ 121.04837799072277, 1.070583701133728 ], [ 121.047210693359489, 1.071265339851436 ], [ 121.046043395996321, 1.071946978568974 ], [ 121.045013427734375, 1.072650432586727 ], [ 121.042709350585938, 1.074176311492977 ], [ 121.041404724121094, 1.075031161308402 ], [ 121.040336608886832, 1.075626254081726 ], [ 121.039443969726676, 1.075928926467896 ], [ 121.038101196289176, 1.076231360435543 ], [ 121.036865234375, 1.076674699783325 ], [ 121.036010742187614, 1.077324032783508 ], [ 121.035148620605469, 1.077930092811641 ], [ 121.033248901367188, 1.079326152801571 ], [ 121.031929016113509, 1.080202698707637 ], [ 121.031326293945312, 1.080397248268071 ], [ 121.030876159667969, 1.080256104469413 ], [ 121.030471801757926, 1.080028414726257 ], [ 121.029098510742301, 1.081851720809937 ], [ 121.028434753417969, 1.082722783088798 ] ] ] ] } },
{ "type": "Feature", "properties": { "GID_0": "IDN", "NAME_0": "Indonesia", "GID_1": "IDN.27_1", "NAME_1": "Sulawesi Tengah", "GID_2": "IDN.27.11_1", "NAME_2": "Toli Toli", "GID_3": "IDN.27.11.7_1", "NAME_3": "Galang", "GID_4": "IDN.27.11.7.5_1", "NAME_4": "Lalos", "VARNAME_4": null, "TYPE_4": "Desa", "ENGTYPE_4": "Village", "CC_4": "7206050008" }, "geometry": { "type": "MultiPolygon", "coordinates": [ [ [ [ 120.78656005859375, 1.105198740959111 ], [ 120.784324645996094, 1.103359818458614 ], [ 120.782363891601562, 1.103803157806453 ], [ 120.77695465087902, 1.108229041099548 ], [ 120.776885986328125, 1.110821962356624 ], [ 120.779251098632926, 1.112286210060176 ], [ 120.78421783447277, 1.119756102562064 ], [ 120.785354614257926, 1.122430443763676 ], [ 120.786048889160156, 1.12516820430767 ], [ 120.78680419921875, 1.129942893982047 ], [ 120.789833068847656, 1.137742161750907 ], [ 120.790893554687614, 1.137900590896606 ], [ 120.79129791259777, 1.137960672378654 ], [ 120.793014526367301, 1.138216614723262 ], [ 120.793098449707031, 1.138239860534782 ], [ 120.795173645019531, 1.13909220695507 ], [ 120.795394897460938, 1.13917958736431 ], [ 120.796989440918082, 1.13824903965002 ], [ 120.798263549804688, 1.137658715248222 ], [ 120.801887512207031, 1.137566804885864 ], [ 120.804000854492415, 1.137594819069022 ], [ 120.80423736572277, 1.137503027916011 ], [ 120.807548522949219, 1.136205196380615 ], [ 120.807807922363281, 1.136116623878593 ], [ 120.8087158203125, 1.134590983390865 ], [ 120.810333251953239, 1.132047533989009 ], [ 120.816352844238281, 1.130144119262752 ], [ 120.818428039550781, 1.129585027694702 ], [ 120.818397521972656, 1.129498720169124 ], [ 120.817657470703125, 1.127263426780701 ], [ 120.817680358886719, 1.127185940742493 ], [ 120.817619323730582, 1.127045273780823 ], [ 120.817985534668082, 1.125944375991935 ], [ 120.818771362304688, 1.122745752334595 ], [ 120.818809509277344, 1.122583150863647 ], [ 120.803886413574332, 1.119334220886344 ], [ 120.800933837890625, 1.118597149849052 ], [ 120.799621582031477, 1.11832869052887 ], [ 120.796981811523551, 1.117599487304631 ], [ 120.794013977050781, 1.115359425544739 ], [ 120.788650512695312, 1.113839507102966 ], [ 120.787475585937614, 1.113189816474915 ], [ 120.785507202148665, 1.112066388130245 ], [ 120.785903930664176, 1.111225366592521 ], [ 120.786323547363395, 1.110410690307674 ], [ 120.785781860351562, 1.110189437866268 ], [ 120.7852783203125, 1.109968185424805 ], [ 120.785263061523438, 1.109431743621826 ], [ 120.7852783203125, 1.108878135681209 ], [ 120.785499572754134, 1.108324527740535 ], [ 120.785919189453239, 1.107344985008297 ], [ 120.784736633301009, 1.106380105018673 ], [ 120.784500122070312, 1.106183767318782 ], [ 120.784843444824219, 1.105751156806946 ], [ 120.785003662109489, 1.105573892593497 ], [ 120.78629302978527, 1.105880141258353 ], [ 120.78656005859375, 1.105198740959111 ] ] ] ] } },
{ "type": "Feature", "properties": { "GID_0": "IDN", "NAME_0": "Indonesia", "GID_1": "IDN.27_1", "NAME_1": "Sulawesi Tengah", "GID_2": "IDN.27.11_1", "NAME_2": "Toli Toli", "GID_3": "IDN.27.11.7_1", "NAME_3": "Galang", "GID_4": "IDN.27.11.7.6_1", "NAME_4": "Lantapan", "VARNAME_4": null, "TYPE_4": "Desa", "ENGTYPE_4": "Village", "CC_4": "7206050004" }, "geometry": { "type": "MultiPolygon", "coordinates": [ [ [ [ 120.818962097167969, 1.079866051674003 ], [ 120.818092346191406, 1.083966732025203 ], [ 120.817619323730582, 1.085841298103389 ], [ 120.817535400390625, 1.085835218429565 ], [ 120.81591796875, 1.091413021087703 ], [ 120.81524658203125, 1.093563079834041 ], [ 120.814628601074219, 1.097362279892025 ], [ 120.815452575683821, 1.098057508468628 ], [ 120.8157958984375, 1.099377274513358 ], [ 120.813522338867188, 1.100347995758057 ], [ 120.813682556152344, 1.100484013557377 ], [ 120.813522338867188, 1.100556373596248 ], [ 120.814483642578125, 1.101459980010986 ], [ 120.817726135253906, 1.10026574134838 ], [ 120.817665100097656, 1.101252675056458 ], [ 120.817382812500114, 1.102712273597717 ], [ 120.819320678711051, 1.102114200591984 ], [ 120.819938659667969, 1.101950168609676 ], [ 120.821113586425781, 1.102990031242484 ], [ 120.822486877441406, 1.104452371597233 ], [ 120.822982788085938, 1.105920076370239 ], [ 120.82318115234375, 1.106953144073486 ], [ 120.824279785156364, 1.107719421386719 ], [ 120.823440551757812, 1.108521103858948 ], [ 120.822624206542969, 1.109175324440116 ], [ 120.822479248046875, 1.110451698303279 ], [ 120.822319030761946, 1.110948801040706 ], [ 120.822418212890625, 1.111050367355347 ], [ 120.8228759765625, 1.111239910125846 ], [ 120.825035095214957, 1.112371921539307 ], [ 120.823493957519645, 1.113332986831722 ], [ 120.82541656494152, 1.112287282943782 ], [ 120.830062866210938, 1.109753966331482 ], [ 120.830055236816406, 1.10968101024622 ], [ 120.829940795898665, 1.109603047370967 ], [ 120.82938385009777, 1.103864073753414 ], [ 120.828758239746094, 1.098444581031799 ], [ 120.82928466796875, 1.092861294746399 ], [ 120.829513549804688, 1.091392397880554 ], [ 120.82989501953125, 1.088653206825256 ], [ 120.829956054687614, 1.088593125343436 ], [ 120.832672119140739, 1.085975050926265 ], [ 120.832366943359375, 1.085245132446289 ], [ 120.831863403320426, 1.084019303321838 ], [ 120.831558227539062, 1.0837757587434 ], [ 120.830184936523551, 1.08248162269598 ], [ 120.827850341797102, 1.082567691803035 ], [ 120.825019836425895, 1.082565665245113 ], [ 120.822013854980469, 1.08136343956005 ], [ 120.82154846191429, 1.081163764000053 ], [ 120.819053649902344, 1.07981288433075 ], [ 120.819038391113281, 1.079901337623653 ], [ 120.818962097167969, 1.079866051674003 ] ] ] ] } },
{ "type": "Feature", "properties": { "GID_0": "IDN", "NAME_0": "Indonesia", "GID_1": "IDN.27_1", "NAME_1": "Sulawesi Tengah", "GID_2": "IDN.27.11_1", "NAME_2": "Toli Toli", "GID_3": "IDN.27.11.7_1", "NAME_3": "Galang", "GID_4": "IDN.27.11.7.7_1", "NAME_4": "Ogomoli", "VARNAME_4": null, "TYPE_4": "Desa", "ENGTYPE_4": "Village", "CC_4": "7206050001" }, "geometry": { "type": "MultiPolygon", "coordinates": [ [ [ [ 120.819580078125, 1.062920212745667 ], [ 120.818473815917969, 1.062823057174796 ], [ 120.816513061523438, 1.062922358512935 ], [ 120.814788818359375, 1.063633680343742 ], [ 120.814231872558594, 1.063396453857422 ], [ 120.812446594238395, 1.062864065170345 ], [ 120.811447143554915, 1.062618613243103 ], [ 120.808906555175781, 1.062574863433838 ], [ 120.808563232421875, 1.062402486801204 ], [ 120.807319641113395, 1.061960697174129 ], [ 120.804061889648551, 1.062558174133414 ], [ 120.802375793457031, 1.064294815063477 ], [ 120.802108764648551, 1.064749002456779 ], [ 120.801940917968864, 1.065196037292594 ], [ 120.80173492431652, 1.065775752067623 ], [ 120.801300048828125, 1.06612324714672 ], [ 120.801048278808594, 1.066553354263419 ], [ 120.799331665039062, 1.066300511360168 ], [ 120.798698425293082, 1.066333413124141 ], [ 120.798225402832031, 1.066137909889221 ], [ 120.797843933105469, 1.066082358360347 ], [ 120.797088623046875, 1.067839384079036 ], [ 120.799453735351676, 1.0703160762788 ], [ 120.799415588378906, 1.072176694870109 ], [ 120.800346374511719, 1.073173403740043 ], [ 120.800811767578239, 1.07504856586462 ], [ 120.800956726074446, 1.075025796890372 ], [ 120.801040649414062, 1.074931621551514 ], [ 120.803138732910156, 1.074581623077449 ], [ 120.806228637695312, 1.074361562728996 ], [ 120.806396484375, 1.074349522590694 ], [ 120.806747436523551, 1.074439883232117 ], [ 120.810295104980696, 1.075231194496098 ], [ 120.812507629394531, 1.078279495239315 ], [ 120.815216064453125, 1.078986525535697 ], [ 120.816513061523438, 1.079290628433228 ], [ 120.818733215332145, 1.079748749733028 ], [ 120.818962097167969, 1.079866051674003 ], [ 120.819038391113281, 1.079901337623653 ], [ 120.819053649902344, 1.07981288433075 ], [ 120.82154846191429, 1.081163764000053 ], [ 120.822013854980469, 1.08136343956005 ], [ 120.825019836425895, 1.082565665245113 ], [ 120.827850341797102, 1.082567691803035 ], [ 120.830184936523551, 1.08248162269598 ], [ 120.831558227539062, 1.0837757587434 ], [ 120.831863403320426, 1.084019303321838 ], [ 120.832366943359375, 1.085245132446289 ], [ 120.832672119140739, 1.085975050926265 ], [ 120.832717895507812, 1.08608090877533 ], [ 120.84014892578125, 1.08814263343811 ], [ 120.842536926269759, 1.08767569065094 ], [ 120.844345092773438, 1.087510466575623 ], [ 120.845573425292969, 1.087307810783386 ], [ 120.850440979003906, 1.088565826416016 ], [ 120.870506286621094, 1.093588709831351 ], [ 120.914123535156364, 1.085389256477356 ], [ 120.950119018554801, 1.087829351425171 ], [ 120.970138549804915, 1.089118361473197 ], [ 120.988510131836051, 1.089086055755615 ], [ 121.01938629150402, 1.088892459869442 ], [ 121.028327941894645, 1.082798838615474 ], [ 121.028434753417969, 1.082722783088798 ], [ 121.014129638671875, 1.076711773872375 ], [ 121.007820129394531, 1.077907919883785 ], [ 121.000328063964957, 1.076188206672668 ], [ 120.99163818359375, 1.077039837837333 ], [ 120.986190795898551, 1.072920918464661 ], [ 120.980567932128906, 1.073431611061153 ], [ 120.975799560546875, 1.071713685989437 ], [ 120.973587036132926, 1.069311618804988 ], [ 120.969497680664062, 1.068965911865291 ], [ 120.954856872558594, 1.057467699050903 ], [ 120.952278137207145, 1.058183670043945 ], [ 120.947021484375, 1.054890394210929 ], [ 120.942192077636719, 1.05544292926794 ], [ 120.941841125488281, 1.055607199668941 ], [ 120.94073486328125, 1.056473135948238 ], [ 120.940032958984489, 1.057240486145133 ], [ 120.938560485839844, 1.05808341503149 ], [ 120.937339782714957, 1.059124112129211 ], [ 120.936302185058594, 1.059708714485282 ], [ 120.935508728027344, 1.059746265411377 ], [ 120.934974670410156, 1.05964815616619 ], [ 120.932876586914062, 1.061053872108573 ], [ 120.92181396484375, 1.054359197616691 ], [ 120.920112609863281, 1.050928711891117 ], [ 120.915679931640625, 1.049039602279663 ], [ 120.913497924804801, 1.050645709037781 ], [ 120.912307739257812, 1.051619052887077 ], [ 120.912017822265739, 1.051731109619141 ], [ 120.909301757812614, 1.053730130195561 ], [ 120.906181335449219, 1.05414879322052 ], [ 120.904800415039062, 1.055339097976798 ], [ 120.903221130371207, 1.056668400764465 ], [ 120.902320861816406, 1.057731986045837 ], [ 120.901489257812614, 1.059692859649772 ], [ 120.900466918945312, 1.061022520065308 ], [ 120.899200439453239, 1.061728596687374 ], [ 120.898254394531364, 1.062252521515006 ], [ 120.89630126953125, 1.063315510749931 ], [ 120.894721984863281, 1.065959930420036 ], [ 120.893669128418082, 1.067791342735347 ], [ 120.892234802246094, 1.069295525550956 ], [ 120.891311645507812, 1.07026040554058 ], [ 120.88986968994152, 1.071186780929565 ], [ 120.888984680175781, 1.071763992309627 ], [ 120.887741088867415, 1.072576522827148 ], [ 120.88716125488304, 1.072837710380668 ], [ 120.884788513183594, 1.074559688568115 ], [ 120.883728027343977, 1.07496082782751 ], [ 120.88278961181652, 1.075788736343497 ], [ 120.881614685058594, 1.076449275016842 ], [ 120.880592346191406, 1.076767921447868 ], [ 120.87918853759777, 1.077663898468074 ], [ 120.878616333007926, 1.078081607818547 ], [ 120.876991271972656, 1.079357624054012 ], [ 120.875946044921989, 1.079714179039001 ], [ 120.875389099121207, 1.079691052436829 ], [ 120.874626159668082, 1.080154061317501 ], [ 120.873817443847884, 1.080601096153316 ], [ 120.873046875000227, 1.081042528152523 ], [ 120.87253570556652, 1.081034541130123 ], [ 120.872116088867301, 1.081041812896785 ], [ 120.871398925781364, 1.081048965454102 ], [ 120.870712280273438, 1.080767154693604 ], [ 120.869583129882812, 1.080378651619071 ], [ 120.868682861328239, 1.080294489860592 ], [ 120.867813110351562, 1.080042958259583 ], [ 120.866790771484489, 1.079753398895321 ], [ 120.865730285644531, 1.07988178730011 ], [ 120.865303039550895, 1.079790353775024 ], [ 120.864570617675781, 1.079653978347835 ], [ 120.863433837890625, 1.079392194748038 ], [ 120.863006591796989, 1.079043745994625 ], [ 120.862472534179688, 1.077390551567078 ], [ 120.861785888671875, 1.076792716980037 ], [ 120.861595153808594, 1.076722979545593 ], [ 120.860107421875114, 1.076257944107169 ], [ 120.858604431152457, 1.075824975967407 ], [ 120.857315063476562, 1.075193047523612 ], [ 120.856109619140739, 1.074622154235954 ], [ 120.85493469238304, 1.073963403701839 ], [ 120.851661682128906, 1.072134137153625 ], [ 120.850814819335938, 1.070828557014522 ], [ 120.847747802734489, 1.070768475532532 ], [ 120.847663879394531, 1.069840431213436 ], [ 120.846847534179688, 1.068969845771846 ], [ 120.845161437988281, 1.06944668293005 ], [ 120.843902587890739, 1.068011045456046 ], [ 120.840988159179688, 1.066105008125419 ], [ 120.840957641601562, 1.066381216049137 ], [ 120.835411071777344, 1.067356944084224 ], [ 120.833618164062614, 1.06854259967804 ], [ 120.833465576171875, 1.068978667259159 ], [ 120.831802368164062, 1.069743394851741 ], [ 120.831710815429801, 1.069803595542908 ], [ 120.831428527832031, 1.069914698600883 ], [ 120.829483032226562, 1.069318056106681 ], [ 120.826751708984489, 1.068722367286625 ], [ 120.819580078125, 1.062920212745667 ] ] ] ] } },
{ "type": "Feature", "properties": { "GID_0": "IDN", "NAME_0": "Indonesia", "GID_1": "IDN.27_1", "NAME_1": "Sulawesi Tengah", "GID_2": "IDN.27.11_1", "NAME_2": "Toli Toli", "GID_3": "IDN.27.11.7_1", "NAME_3": "Galang", "GID_4": "IDN.27.11.7.8_1", "NAME_4": "Sabang", "VARNAME_4": null, "TYPE_4": "Desa", "ENGTYPE_4": "Village", "CC_4": "7206050010" }, "geometry": { "type": "MultiPolygon", "coordinates": [ [ [ [ 120.790893554687614, 1.137900590896606 ], [ 120.789962768554801, 1.138007283210811 ], [ 120.790290832519645, 1.139822721481437 ], [ 120.789367675781364, 1.141947984695378 ], [ 120.787628173828239, 1.142361164093131 ], [ 120.787322998046875, 1.145393967628536 ], [ 120.788406372070426, 1.149354934692383 ], [ 120.788841247558594, 1.156183719635067 ], [ 120.788780212402457, 1.161568522453251 ], [ 120.788169860840071, 1.164065122604427 ], [ 120.79239654541027, 1.163761258125419 ], [ 120.795173645019531, 1.16020512580883 ], [ 120.797325134277571, 1.157914400100822 ], [ 120.799278259277457, 1.159027934074516 ], [ 120.802963256835938, 1.161832809448242 ], [ 120.805854797363281, 1.163441181182861 ], [ 120.806755065917969, 1.164080500602836 ], [ 120.807861328125114, 1.164780497551078 ], [ 120.81005859375, 1.166039466858024 ], [ 120.814529418945426, 1.170556426048336 ], [ 120.816146850585938, 1.171257376670894 ], [ 120.81878662109375, 1.171606421470699 ], [ 120.821434020996207, 1.172081112861576 ], [ 120.822029113769531, 1.17184138298029 ], [ 120.821990966796989, 1.171713113784847 ], [ 120.824813842773551, 1.170714855194035 ], [ 120.834144592285384, 1.169266700744743 ], [ 120.838958740234489, 1.168445825576896 ], [ 120.838699340820312, 1.168220520019588 ], [ 120.837875366210938, 1.167825222015438 ], [ 120.836189270019531, 1.16619706153881 ], [ 120.8355712890625, 1.165487408638057 ], [ 120.834785461425895, 1.164574980735779 ], [ 120.833801269531364, 1.161314487457389 ], [ 120.832420349121321, 1.16026759147644 ], [ 120.831192016601562, 1.159298181533927 ], [ 120.829261779785156, 1.158106207847595 ], [ 120.827644348144531, 1.157054901123047 ], [ 120.821578979492301, 1.156776547432059 ], [ 120.820770263671875, 1.156739115715141 ], [ 120.820648193359489, 1.156733512878532 ], [ 120.819175720214844, 1.156998395919913 ], [ 120.814643859863281, 1.157735943794194 ], [ 120.811714172363281, 1.156804084777946 ], [ 120.807411193847656, 1.148279070854187 ], [ 120.80423736572277, 1.137503027916011 ], [ 120.804000854492415, 1.137594819069022 ], [ 120.801887512207031, 1.137566804885864 ], [ 120.798263549804688, 1.137658715248222 ], [ 120.796989440918082, 1.13824903965002 ], [ 120.795394897460938, 1.13917958736431 ], [ 120.795173645019531, 1.13909220695507 ], [ 120.793098449707031, 1.138239860534782 ], [ 120.793014526367301, 1.138216614723262 ], [ 120.79129791259777, 1.137960672378654 ], [ 120.790893554687614, 1.137900590896606 ] ] ], [ [ [ 120.78474426269554, 1.168463706970329 ], [ 120.785781860351562, 1.168431758880615 ], [ 120.78610992431652, 1.168383002281189 ], [ 120.786430358886719, 1.168312430381889 ], [ 120.786865234375114, 1.168178796768245 ], [ 120.787696838378906, 1.167127370834351 ], [ 120.78779602050804, 1.166086316108704 ], [ 120.784988403320426, 1.167571544647274 ], [ 120.783706665039062, 1.167471289634818 ], [ 120.783164978027344, 1.168313741684074 ], [ 120.78474426269554, 1.168463706970329 ] ] ] ] } },
{ "type": "Feature", "properties": { "GID_0": "IDN", "NAME_0": "Indonesia", "GID_1": "IDN.27_1", "NAME_1": "Sulawesi Tengah", "GID_2": "IDN.27.11_1", "NAME_2": "Toli Toli", "GID_3": "IDN.27.11.7_1", "NAME_3": "Galang", "GID_4": "IDN.27.11.7.9_1", "NAME_4": "Sandana", "VARNAME_4": null, "TYPE_4": "Desa", "ENGTYPE_4": "Village", "CC_4": "7206050002" }, "geometry": { "type": "MultiPolygon", "coordinates": [ [ [ [ 120.800956726074446, 1.075025796890372 ], [ 120.800285339355469, 1.075809836387691 ], [ 120.799407958984375, 1.077590823173637 ], [ 120.799118041992301, 1.078445553779602 ], [ 120.798362731933594, 1.080788612365836 ], [ 120.799697875976562, 1.081375479698181 ], [ 120.800743103027344, 1.082034111022949 ], [ 120.801094055175781, 1.08225524425518 ], [ 120.803192138671875, 1.082373976707515 ], [ 120.808952331542969, 1.085190534591675 ], [ 120.809036254882926, 1.085196733474845 ], [ 120.817535400390625, 1.085835218429565 ], [ 120.817619323730582, 1.085841298103389 ], [ 120.818092346191406, 1.083966732025203 ], [ 120.818962097167969, 1.079866051674003 ], [ 120.818733215332145, 1.079748749733028 ], [ 120.816513061523438, 1.079290628433228 ], [ 120.815216064453125, 1.078986525535697 ], [ 120.812507629394531, 1.078279495239315 ], [ 120.810295104980696, 1.075231194496098 ], [ 120.806747436523551, 1.074439883232117 ], [ 120.806396484375, 1.074349522590694 ], [ 120.806228637695312, 1.074361562728996 ], [ 120.803138732910156, 1.074581623077449 ], [ 120.801040649414062, 1.074931621551514 ], [ 120.800956726074446, 1.075025796890372 ] ] ] ] } },
{ "type": "Feature", "properties": { "GID_0": "IDN", "NAME_0": "Indonesia", "GID_1": "IDN.27_1", "NAME_1": "Sulawesi Tengah", "GID_2": "IDN.27.11_1", "NAME_2": "Toli Toli", "GID_3": "IDN.27.11.7_1", "NAME_3": "Galang", "GID_4": "IDN.27.11.7.10_1", "NAME_4": "Tende", "VARNAME_4": null, "TYPE_4": "Desa", "ENGTYPE_4": "Village", "CC_4": "7206050009" }, "geometry": { "type": "MultiPolygon", "coordinates": [ [ [ [ 120.80423736572277, 1.137503027916011 ], [ 120.807411193847656, 1.148279070854187 ], [ 120.811714172363281, 1.156804084777946 ], [ 120.814643859863281, 1.157735943794194 ], [ 120.819175720214844, 1.156998395919913 ], [ 120.820648193359489, 1.156733512878532 ], [ 120.820770263671875, 1.156739115715141 ], [ 120.821578979492301, 1.156776547432059 ], [ 120.827644348144531, 1.157054901123047 ], [ 120.829261779785156, 1.158106207847595 ], [ 120.831192016601562, 1.159298181533927 ], [ 120.832420349121321, 1.16026759147644 ], [ 120.833801269531364, 1.161314487457389 ], [ 120.834785461425895, 1.164574980735779 ], [ 120.8355712890625, 1.165487408638057 ], [ 120.838699340820312, 1.168220520019588 ], [ 120.839569091796875, 1.168640136718807 ], [ 120.847320556640739, 1.167475938797111 ], [ 120.869911193847656, 1.163933753967399 ], [ 120.86885070800804, 1.162279486656189 ], [ 120.865409851074219, 1.157931685447693 ], [ 120.864303588867301, 1.156781673431396 ], [ 120.86175537109375, 1.15617835521698 ], [ 120.858283996582031, 1.155600309372005 ], [ 120.855979919433594, 1.153506755828857 ], [ 120.852890014648551, 1.15339183807373 ], [ 120.852401733398438, 1.153058290481511 ], [ 120.852195739746094, 1.15304970741272 ], [ 120.851692199707259, 1.15269494056713 ], [ 120.849693298339844, 1.151338696479741 ], [ 120.84885406494152, 1.150779247283992 ], [ 120.848457336425895, 1.150514483451957 ], [ 120.848335266113281, 1.150408148765678 ], [ 120.847167968750114, 1.149409651756343 ], [ 120.846138000488281, 1.148547410965023 ], [ 120.84552001953125, 1.148138165474052 ], [ 120.844139099121094, 1.147223949432487 ], [ 120.842506408691406, 1.145946979522762 ], [ 120.841033935546989, 1.145081758499202 ], [ 120.839958190917969, 1.143936753273124 ], [ 120.8385009765625, 1.14339017868042 ], [ 120.838104248046875, 1.14315140247345 ], [ 120.837791442871207, 1.143035054206962 ], [ 120.836486816406364, 1.142244219780025 ], [ 120.835319519043082, 1.141709923744202 ], [ 120.835029602050781, 1.141551136970577 ], [ 120.834640502929688, 1.141375303268489 ], [ 120.833389282226676, 1.140676617622432 ], [ 120.831733703613395, 1.139748573303166 ], [ 120.829864501953125, 1.138765811920166 ], [ 120.828666687011832, 1.138146758079586 ], [ 120.827171325683594, 1.13690006732952 ], [ 120.821182250976676, 1.132759451866207 ], [ 120.819816589355469, 1.132174730301017 ], [ 120.819557189941406, 1.131633400916996 ], [ 120.819435119628906, 1.131550312042236 ], [ 120.81903076171875, 1.1305348873139 ], [ 120.818511962890739, 1.129462361335811 ], [ 120.818397521972656, 1.129498720169124 ], [ 120.818428039550781, 1.129585027694702 ], [ 120.816352844238281, 1.130144119262752 ], [ 120.810333251953239, 1.132047533989009 ], [ 120.8087158203125, 1.134590983390865 ], [ 120.807807922363281, 1.136116623878593 ], [ 120.807548522949219, 1.136205196380615 ], [ 120.80423736572277, 1.137503027916011 ] ] ] ] } },
{ "type": "Feature", "properties": { "GID_0": "IDN", "NAME_0": "Indonesia", "GID_1": "IDN.27_1", "NAME_1": "Sulawesi Tengah", "GID_2": "IDN.27.11_1", "NAME_2": "Toli Toli", "GID_3": "IDN.27.11.7_1", "NAME_3": "Galang", "GID_4": "IDN.27.11.7.11_1", "NAME_4": "Tinigi", "VARNAME_4": null, "TYPE_4": "Desa", "ENGTYPE_4": "Village", "CC_4": "7206050006" }, "geometry": { "type": "MultiPolygon", "coordinates": [ [ [ [ 120.818771362304688, 1.122745752334595 ], [ 120.817985534668082, 1.125944375991935 ], [ 120.817619323730582, 1.127045273780823 ], [ 120.817680358886719, 1.127185940742493 ], [ 120.817657470703125, 1.127263426780701 ], [ 120.818397521972656, 1.129498720169124 ], [ 120.818511962890739, 1.129462361335811 ], [ 120.81903076171875, 1.1305348873139 ], [ 120.819435119628906, 1.131550312042236 ], [ 120.819557189941406, 1.131633400916996 ], [ 120.819816589355469, 1.132174730301017 ], [ 120.821182250976676, 1.132759451866207 ], [ 120.827171325683594, 1.13690006732952 ], [ 120.828666687011832, 1.138146758079586 ], [ 120.829864501953125, 1.138765811920166 ], [ 120.831733703613395, 1.139748573303166 ], [ 120.833389282226676, 1.140676617622432 ], [ 120.834640502929688, 1.141375303268489 ], [ 120.835029602050781, 1.141551136970577 ], [ 120.835319519043082, 1.141709923744202 ], [ 120.836486816406364, 1.142244219780025 ], [ 120.837791442871207, 1.143035054206962 ], [ 120.838104248046875, 1.14315140247345 ], [ 120.8385009765625, 1.14339017868042 ], [ 120.839958190917969, 1.143936753273124 ], [ 120.841033935546989, 1.145081758499202 ], [ 120.842506408691406, 1.145946979522762 ], [ 120.844139099121094, 1.147223949432487 ], [ 120.84552001953125, 1.148138165474052 ], [ 120.846138000488281, 1.148547410965023 ], [ 120.847167968750114, 1.149409651756343 ], [ 120.848335266113281, 1.150408148765678 ], [ 120.848457336425895, 1.150514483451957 ], [ 120.84885406494152, 1.150779247283992 ], [ 120.849693298339844, 1.151338696479741 ], [ 120.851692199707259, 1.15269494056713 ], [ 120.852195739746094, 1.15304970741272 ], [ 120.852401733398438, 1.153058290481511 ], [ 120.852890014648551, 1.15339183807373 ], [ 120.855979919433594, 1.153506755828857 ], [ 120.858283996582031, 1.155600309372005 ], [ 120.86175537109375, 1.15617835521698 ], [ 120.864303588867301, 1.156781673431396 ], [ 120.865409851074219, 1.157931685447693 ], [ 120.86885070800804, 1.162279486656189 ], [ 120.869911193847656, 1.163933753967399 ], [ 120.87003326416027, 1.16412806510931 ], [ 120.870704650878906, 1.163922667503357 ], [ 120.872184753417969, 1.163472533226127 ], [ 120.8739013671875, 1.163299083709717 ], [ 120.877723693847656, 1.161779642105159 ], [ 120.880035400390625, 1.161315560340881 ], [ 120.882217407226676, 1.160651683807373 ], [ 120.88492584228527, 1.159921646118221 ], [ 120.885299682617301, 1.160020112991276 ], [ 120.885643005371321, 1.159928321838493 ], [ 120.887130737304688, 1.160303711891231 ], [ 120.889175415039062, 1.160679578781185 ], [ 120.891174316406477, 1.160752773284969 ], [ 120.892700195312727, 1.160193800926265 ], [ 120.89479064941429, 1.159014105796928 ], [ 120.897872924804801, 1.158267617225704 ], [ 120.90189361572277, 1.157946228981018 ], [ 120.905372619628906, 1.157765746116581 ], [ 120.906425476074446, 1.157752156257573 ], [ 120.908142089843977, 1.157699227333069 ], [ 120.910285949707145, 1.157700896263123 ], [ 120.912513732910156, 1.158170342445487 ], [ 120.913223266601562, 1.158776521682796 ], [ 120.913970947265625, 1.159099221229496 ], [ 121.025054931640625, 1.16056668758398 ], [ 121.036781311035156, 1.16074180603033 ], [ 121.037109375000114, 1.159839391708374 ], [ 121.037925720214844, 1.15721607208252 ], [ 121.03668212890625, 1.15606880187994 ], [ 121.027885437011719, 1.148168921470699 ], [ 121.028327941894645, 1.145310163497982 ], [ 121.039268493652344, 1.14250493049633 ], [ 121.040580749511832, 1.143396496772766 ], [ 121.046585083007812, 1.146881699562073 ], [ 121.053230285644531, 1.145879149437064 ], [ 121.05377197265625, 1.145797610282955 ], [ 121.058700561523551, 1.144644856452942 ], [ 121.058753967285156, 1.144554615020866 ], [ 121.065040588378906, 1.143135905265865 ], [ 121.07181549072277, 1.13632249832159 ], [ 121.071907043457031, 1.136268377304077 ], [ 121.073188781738395, 1.135484457016105 ], [ 121.077682495117188, 1.132835865020752 ], [ 121.080200195312614, 1.133341431617737 ], [ 121.077682495117188, 1.132741451263428 ], [ 121.077934265136832, 1.132587671280021 ], [ 121.076744079589844, 1.132543087005615 ], [ 121.076530456542969, 1.132498145103511 ], [ 120.8983154296875, 1.125866889953727 ], [ 120.887680053710938, 1.125408411026001 ], [ 120.884811401367188, 1.124132037162838 ], [ 120.880889892578239, 1.121526360511893 ], [ 120.876205444335938, 1.121948242187614 ], [ 120.875778198242301, 1.121985077857914 ], [ 120.872283935547102, 1.122201681137085 ], [ 120.869026184082031, 1.120941281318778 ], [ 120.866012573242301, 1.119428515434322 ], [ 120.860832214355469, 1.116907238960323 ], [ 120.859817504882812, 1.117463588714656 ], [ 120.856071472168196, 1.119515538215637 ], [ 120.844757080078125, 1.115384340286312 ], [ 120.836090087890739, 1.113266825676078 ], [ 120.83050537109375, 1.109995603561345 ], [ 120.830062866210938, 1.109753966331482 ], [ 120.82541656494152, 1.112287282943782 ], [ 120.823493957519645, 1.113332986831722 ], [ 120.821830749511719, 1.114241361618156 ], [ 120.821769714355582, 1.114405035972595 ], [ 120.821586608886832, 1.11452245712286 ], [ 120.820274353027457, 1.1185498237611 ], [ 120.81778717041027, 1.117297768592948 ], [ 120.820274353027457, 1.118758082389945 ], [ 120.818954467773551, 1.122785449028015 ], [ 120.818771362304688, 1.122745752334595 ] ] ] ] } },
{ "type": "Feature", "properties": { "GID_0": "IDN", "NAME_0": "Indonesia", "GID_1": "IDN.27_1", "NAME_1": "Sulawesi Tengah", "GID_2": "IDN.27.11_1", "NAME_2": "Toli Toli", "GID_3": "IDN.27.11.8_1", "NAME_3": "Lampasio", "GID_4": "IDN.27.11.8.1_1", "NAME_4": "Janja", "VARNAME_4": null, "TYPE_4": "Desa", "ENGTYPE_4": "Village", "CC_4": "7206041001" }, "geometry": { "type": "MultiPolygon", "coordinates": [ [ [ [ 120.825828552246094, 0.803363084793205 ], [ 120.825996398925895, 0.808194398880119 ], [ 120.826873779296875, 0.829055666923637 ], [ 120.826713562011832, 0.829770684242249 ], [ 120.826721191406364, 0.830000400543327 ], [ 120.825447082519531, 0.835515499115104 ], [ 120.81986236572277, 0.859577000141201 ], [ 120.81986236572277, 0.860296487808341 ], [ 120.819976806640625, 0.860321342945156 ], [ 120.825111389160156, 0.89166247844696 ], [ 120.825195312500114, 0.89166247844696 ], [ 120.85340881347679, 0.888358056545314 ], [ 120.859458923339844, 0.888170659542141 ], [ 120.863296508789062, 0.888330698013363 ], [ 120.870124816894531, 0.890020787716026 ], [ 120.872650146484375, 0.890876829624119 ], [ 120.879127502441406, 0.895857393741721 ], [ 120.876167297363395, 0.899203121662197 ], [ 120.88671875, 0.889882981777248 ], [ 120.902191162109375, 0.884199142456112 ], [ 120.902473449707145, 0.884123921394405 ], [ 120.90142822265625, 0.878138244152183 ], [ 120.912483215332031, 0.854291558265743 ], [ 120.930656433105696, 0.83172839880001 ], [ 120.934684753418082, 0.826733648777008 ], [ 120.934829711914062, 0.826704204082489 ], [ 120.934883117675895, 0.826552867889461 ], [ 120.933944702148551, 0.826774477958793 ], [ 120.933265686035156, 0.826969265937805 ], [ 120.932518005371094, 0.826854467392025 ], [ 120.931922912597656, 0.826716959476528 ], [ 120.931785583496094, 0.826694011688346 ], [ 120.931655883789176, 0.826442360878104 ], [ 120.931655883789176, 0.825939178466797 ], [ 120.933082580566406, 0.823195457458553 ], [ 120.933311462402344, 0.822349309921265 ], [ 120.933357238769645, 0.821297287940979 ], [ 120.933265686035156, 0.820451021194515 ], [ 120.93304443359375, 0.819719016552028 ], [ 120.932838439941406, 0.819284379482212 ], [ 120.932518005371094, 0.819124102592525 ], [ 120.93204498291027, 0.818940877914429 ], [ 120.9315185546875, 0.818780541419926 ], [ 120.931045532226676, 0.81875741481781 ], [ 120.93035888671875, 0.818734169006461 ], [ 120.93009185791027, 0.818665444851035 ], [ 120.92988586425804, 0.818390846252441 ], [ 120.928634643554688, 0.81662917137146 ], [ 120.927070617675895, 0.814112544059753 ], [ 120.925819396972656, 0.812510967254696 ], [ 120.924728393554688, 0.811092376709041 ], [ 120.922325134277457, 0.808598220348472 ], [ 120.920959472656364, 0.807156682014465 ], [ 120.920463562011719, 0.806721866130886 ], [ 120.919281005859489, 0.805692076683044 ], [ 120.917144775390739, 0.804067134857121 ], [ 120.916740417480582, 0.803632378578186 ], [ 120.916671752929688, 0.803380787372703 ], [ 120.916282653808594, 0.802511513233242 ], [ 120.916282653808594, 0.801848232746181 ], [ 120.916213989257926, 0.800864756107387 ], [ 120.916030883789176, 0.799423813819942 ], [ 120.915832519531364, 0.798342585563717 ], [ 120.915718078613281, 0.797594010829926 ], [ 120.915489196777344, 0.797113597393093 ], [ 120.915306091308594, 0.796884775161686 ], [ 120.914329528808594, 0.796175301075095 ], [ 120.913375854492188, 0.79521423578268 ], [ 120.91290283203125, 0.794939577579498 ], [ 120.912567138671989, 0.794559657573814 ], [ 120.905784606933594, 0.793248891830387 ], [ 120.90531158447277, 0.793100595474243 ], [ 120.904449462890625, 0.793105602264404 ], [ 120.901657104492415, 0.792989850044364 ], [ 120.90142822265625, 0.792943954467773 ], [ 120.900199890136832, 0.792646050453243 ], [ 120.898933410644531, 0.792119324207306 ], [ 120.896911621093864, 0.791226387023926 ], [ 120.894821166992301, 0.79033333063137 ], [ 120.893569946289062, 0.789463639259452 ], [ 120.892684936523438, 0.788868546486015 ], [ 120.891868591308594, 0.788044810295105 ], [ 120.891319274902344, 0.787449896335602 ], [ 120.891098022460938, 0.786672174930629 ], [ 120.891098022460938, 0.786260545253811 ], [ 120.891098022460938, 0.784385144710654 ], [ 120.891143798828125, 0.781229078769798 ], [ 120.890869140625, 0.780382752418575 ], [ 120.889144897461051, 0.776105105876866 ], [ 120.887969970703239, 0.772742569446621 ], [ 120.887214660644645, 0.770340800285453 ], [ 120.88671875, 0.768762528896332 ], [ 120.886039733886832, 0.766795337200222 ], [ 120.884948730468864, 0.763867378234977 ], [ 120.883811950683594, 0.761076688766479 ], [ 120.882705688476562, 0.758263111114559 ], [ 120.881889343261832, 0.756112873554287 ], [ 120.881317138671989, 0.754671633243561 ], [ 120.874572753906477, 0.759100317955131 ], [ 120.865394592285156, 0.765123546123618 ], [ 120.847267150878906, 0.787353932857513 ], [ 120.846572875976676, 0.788213551044464 ], [ 120.84641265869152, 0.788407266139984 ], [ 120.8355712890625, 0.791969001293182 ], [ 120.825828552246094, 0.803363084793205 ] ] ] ] } },
{ "type": "Feature", "properties": { "GID_0": "IDN", "NAME_0": "Indonesia", "GID_1": "IDN.27_1", "NAME_1": "Sulawesi Tengah", "GID_2": "IDN.27.11_1", "NAME_2": "Toli Toli", "GID_3": "IDN.27.11.8_1", "NAME_3": "Lampasio", "GID_4": "IDN.27.11.8.2_1", "NAME_4": "Lampasio", "VARNAME_4": null, "TYPE_4": "Desa", "ENGTYPE_4": "Village", "CC_4": "7206041007" }, "geometry": { "type": "MultiPolygon", "coordinates": [ [ [ [ 120.743927001953352, 0.855408132076263 ], [ 120.743362426757926, 0.856458902359122 ], [ 120.729255676269645, 0.893590867519379 ], [ 120.729240417480696, 0.893689930438995 ], [ 120.727958679199332, 0.902716338634491 ], [ 120.728431701660156, 0.903630256652889 ], [ 120.733283996582145, 0.910848557949123 ], [ 120.733108520507926, 0.910965085029545 ], [ 120.749427795410156, 0.929455399513358 ], [ 120.755950927734489, 0.924751996994019 ], [ 120.773757934570312, 0.911909282207603 ], [ 120.785881042480696, 0.907025396823826 ], [ 120.790031433105469, 0.905672252178249 ], [ 120.80035400390625, 0.903304219246024 ], [ 120.8037109375, 0.904432475566921 ], [ 120.812385559082031, 0.908156216144505 ], [ 120.814895629882926, 0.90923380851757 ], [ 120.815170288085938, 0.909350633621273 ], [ 120.814216613769531, 0.904507875442619 ], [ 120.823623657226562, 0.903527975082454 ], [ 120.826934814453239, 0.90327399969101 ], [ 120.826934814453239, 0.903182923793793 ], [ 120.827049255371094, 0.903171181678772 ], [ 120.825195312500114, 0.89166247844696 ], [ 120.825111389160156, 0.89166247844696 ], [ 120.819976806640625, 0.860321342945156 ], [ 120.81986236572277, 0.860296487808341 ], [ 120.81986236572277, 0.860370218753815 ], [ 120.803993225097656, 0.856975436210746 ], [ 120.801284790039062, 0.858447849750632 ], [ 120.800048828125114, 0.858334779739494 ], [ 120.79840087890625, 0.858127653598899 ], [ 120.798156738281364, 0.858373522758598 ], [ 120.797279357910156, 0.859178900718803 ], [ 120.797126770019531, 0.859355211257991 ], [ 120.796447753906364, 0.859128713607845 ], [ 120.796302795410156, 0.859055876731929 ], [ 120.79605865478527, 0.859024822711945 ], [ 120.795249938964957, 0.858536839485112 ], [ 120.795097351074332, 0.858449101448002 ], [ 120.794685363769645, 0.857724547386283 ], [ 120.794410705566406, 0.85764575004572 ], [ 120.792633056640739, 0.85756832361227 ], [ 120.790718078613395, 0.858049690723419 ], [ 120.7894287109375, 0.857887208461818 ], [ 120.789352416992301, 0.857883751392365 ], [ 120.787101745605582, 0.856637716293449 ], [ 120.785865783691406, 0.856638014316559 ], [ 120.785301208496094, 0.857431352138462 ], [ 120.784721374511719, 0.857333481311855 ], [ 120.784255981445312, 0.857400178909359 ], [ 120.783897399902344, 0.857400238513947 ], [ 120.783615112304801, 0.8574316501618 ], [ 120.78034973144554, 0.857432365417537 ], [ 120.772468566894531, 0.852448046207542 ], [ 120.76861572265625, 0.849945247173423 ], [ 120.754981994629134, 0.841300070285797 ], [ 120.752532958984489, 0.839825451373997 ], [ 120.744033813476562, 0.855205833911896 ], [ 120.743927001953352, 0.855408132076263 ] ] ] ] } },
{ "type": "Feature", "properties": { "GID_0": "IDN", "NAME_0": "Indonesia", "GID_1": "IDN.27_1", "NAME_1": "Sulawesi Tengah", "GID_2": "IDN.27.11_1", "NAME_2": "Toli Toli", "GID_3": "IDN.27.11.8_1", "NAME_3": "Lampasio", "GID_4": "IDN.27.11.8.3_1", "NAME_4": "Maibua", "VARNAME_4": null, "TYPE_4": "Desa", "ENGTYPE_4": "Village", "CC_4": "7206041002" }, "geometry": { "type": "MultiPolygon", "coordinates": [ [ [ [ 120.902191162109375, 0.884199142456112 ], [ 120.904541015625114, 0.8852654695512 ], [ 120.910995483398438, 0.888521134853306 ], [ 120.914161682128906, 0.891769051551933 ], [ 120.916488647460938, 0.894253373146057 ], [ 120.917297363281477, 0.895225286483821 ], [ 120.918891906738395, 0.897265911102409 ], [ 120.921577453613281, 0.893862366676387 ], [ 120.923881530761719, 0.895945549011287 ], [ 120.924583435058707, 0.89422649145132 ], [ 120.925483703613281, 0.895184576511497 ], [ 120.927261352539176, 0.897185266018028 ], [ 120.929878234863281, 0.899966537952366 ], [ 120.939399719238281, 0.91008019447338 ], [ 120.944015502929801, 0.910724163055477 ], [ 120.954231262207031, 0.911765813827515 ], [ 120.962913513183707, 0.911091566085929 ], [ 120.962890625000227, 0.910899221897182 ], [ 120.96282958984375, 0.910838723182735 ], [ 120.959983825683594, 0.890421211719513 ], [ 120.955329895019645, 0.85758239030838 ], [ 120.956504821777344, 0.840911269187984 ], [ 120.957023620605582, 0.831710040569305 ], [ 120.956916809082031, 0.831647336483115 ], [ 120.956504821777344, 0.831532716751099 ], [ 120.955940246582031, 0.831418097019252 ], [ 120.95548248291027, 0.831234872341156 ], [ 120.95450592041027, 0.830411016941071 ], [ 120.950920104980582, 0.827618837356681 ], [ 120.950691223144645, 0.827458620071525 ], [ 120.950462341308594, 0.827275514602775 ], [ 120.947280883789176, 0.826633512973842 ], [ 120.945579528808707, 0.826564013958091 ], [ 120.945236206054688, 0.82658022642147 ], [ 120.944877624511719, 0.826654374599514 ], [ 120.944419860839957, 0.826792120933533 ], [ 120.943809509277571, 0.827089130878505 ], [ 120.943145751953125, 0.82727175951004 ], [ 120.942581176757812, 0.827385783195609 ], [ 120.940895080566406, 0.827567875385284 ], [ 120.939765930175781, 0.827224195003566 ], [ 120.939193725585938, 0.827018082141819 ], [ 120.938674926757926, 0.82667475938797 ], [ 120.93814849853527, 0.82646864652645 ], [ 120.937904357910384, 0.826267421245575 ], [ 120.937606811523438, 0.826216757297516 ], [ 120.937278747558594, 0.826198577880973 ], [ 120.934829711914062, 0.826704204082489 ], [ 120.934684753418082, 0.826733648777008 ], [ 120.930656433105696, 0.83172839880001 ], [ 120.912483215332031, 0.854291558265743 ], [ 120.90142822265625, 0.878138244152183 ], [ 120.902473449707145, 0.884123921394405 ], [ 120.902191162109375, 0.884199142456112 ] ] ] ] } },
{ "type": "Feature", "properties": { "GID_0": "IDN", "NAME_0": "Indonesia", "GID_1": "IDN.27_1", "NAME_1": "Sulawesi Tengah", "GID_2": "IDN.27.11_1", "NAME_2": "Toli Toli", "GID_3": "IDN.27.11.8_1", "NAME_3": "Lampasio", "GID_4": "IDN.27.11.8.4_1", "NAME_4": "Muliasari", "VARNAME_4": null, "TYPE_4": "Desa", "ENGTYPE_4": "Village", "CC_4": "7206041004" }, "geometry": { "type": "MultiPolygon", "coordinates": [ [ [ [ 120.962890625000227, 0.910899221897182 ], [ 120.971748352050781, 0.910031855106354 ], [ 120.981178283691406, 0.909178495407161 ], [ 120.981452941894645, 0.909082055091915 ], [ 120.98176574707054, 0.909051418304557 ], [ 121.00662994384777, 0.900452792644558 ], [ 121.006591796875114, 0.900143444538116 ], [ 121.006233215332145, 0.897589862346706 ], [ 121.005821228027457, 0.896200001239833 ], [ 121.005439758300895, 0.89317512512207 ], [ 121.005279541015739, 0.891985654830876 ], [ 121.00537109375, 0.891413927078304 ], [ 121.005645751953239, 0.889286994934082 ], [ 121.005905151367188, 0.887597680091972 ], [ 121.006011962890739, 0.887114346027431 ], [ 121.005966186523438, 0.886839866638184 ], [ 121.005805969238509, 0.886450946331024 ], [ 121.005714416503906, 0.886290788650513 ], [ 121.005439758300895, 0.886199176311607 ], [ 121.004989624023438, 0.886038780212402 ], [ 121.004486083984489, 0.88594704866415 ], [ 121.004280090332259, 0.885946929454803 ], [ 121.004013061523438, 0.88567233085638 ], [ 121.003532409668082, 0.885008752345982 ], [ 121.002433776855582, 0.883090078830833 ], [ 121.00223541259777, 0.882789492607174 ], [ 121.002281188964844, 0.882515072822684 ], [ 121.00241851806652, 0.881119966507072 ], [ 121.002510070800781, 0.880639672279358 ], [ 121.003196716308707, 0.880136847496146 ], [ 121.00357818603527, 0.879679620266018 ], [ 121.004081726074446, 0.879199564457053 ], [ 121.004692077636832, 0.878994047641754 ], [ 121.00531005859375, 0.878897845745144 ], [ 121.006217956543082, 0.878240108490104 ], [ 121.006744384765625, 0.877371251583156 ], [ 121.007240295410156, 0.876456677913723 ], [ 121.007377624511832, 0.875679075717926 ], [ 121.007377624511832, 0.87429499626154 ], [ 121.007766723632926, 0.873437821865195 ], [ 121.007881164550781, 0.871928334236259 ], [ 121.007949829101676, 0.87025868892681 ], [ 121.007949829101676, 0.868611931800956 ], [ 121.007469177246094, 0.867925524711723 ], [ 121.006767272949332, 0.867376208305302 ], [ 121.006431579589957, 0.867215931415615 ], [ 121.006172180175781, 0.86664491891861 ], [ 121.006248474121207, 0.86552327871334 ], [ 121.006408691406364, 0.862275540828648 ], [ 121.006042480468864, 0.8614519834519 ], [ 121.005477905273551, 0.860765516758079 ], [ 121.004844665527571, 0.860330581665153 ], [ 121.004295349121207, 0.860010087490139 ], [ 121.003776550293082, 0.86003273725521 ], [ 121.002685546875, 0.860192239284572 ], [ 121.001327514648438, 0.860412359237785 ], [ 121.000953674316406, 0.86032855510723 ], [ 121.000663757324332, 0.86007684469223 ], [ 121.00018310546875, 0.859550535678977 ], [ 121.000137329101676, 0.859184563159999 ], [ 120.99954986572277, 0.858246445655766 ], [ 120.999046325683594, 0.8572856187821 ], [ 120.998619079589957, 0.854655086994114 ], [ 120.99855041503929, 0.854403495788688 ], [ 120.998138427734375, 0.854083061218205 ], [ 120.996482849121207, 0.852778494358176 ], [ 120.996231079101562, 0.852595388889426 ], [ 120.995941162109489, 0.852366507053489 ], [ 120.995780944824219, 0.852046191692409 ], [ 120.995735168457145, 0.851725995540676 ], [ 120.995597839355469, 0.85149717330944 ], [ 120.995506286621321, 0.851085424423275 ], [ 120.995040893554688, 0.849884629249573 ], [ 120.993324279785156, 0.847859382629395 ], [ 120.993011474609375, 0.847676217556057 ], [ 120.992965698242188, 0.847470343113059 ], [ 120.992828369140852, 0.84635812044138 ], [ 120.99273681640625, 0.845663368702049 ], [ 120.992034912109375, 0.844039142131919 ], [ 120.991493225097884, 0.84316968917858 ], [ 120.990692138671875, 0.84202569723135 ], [ 120.990547180176009, 0.84187757968914 ], [ 120.990264892578125, 0.841590940952358 ], [ 120.989898681640625, 0.841544985771179 ], [ 120.989669799804688, 0.841476261615753 ], [ 120.989028930664176, 0.842056274414062 ], [ 120.988830566406477, 0.842230558395443 ], [ 120.988533020019531, 0.842527747154236 ], [ 120.987968444824219, 0.842596054077205 ], [ 120.987014770507812, 0.842687070369834 ], [ 120.985969543457259, 0.84280085563671 ], [ 120.985038757324332, 0.842731773853416 ], [ 120.984397888183594, 0.842731475830135 ], [ 120.983856201171875, 0.842502474784965 ], [ 120.983421325683594, 0.842273533344382 ], [ 120.983016967773438, 0.842113196849937 ], [ 120.98258209228527, 0.841609776020107 ], [ 120.982086181640625, 0.841182291507778 ], [ 120.980697631836051, 0.841037034988403 ], [ 120.979339599609489, 0.841093897819519 ], [ 120.978263854980469, 0.841241598129272 ], [ 120.977996826171989, 0.841241478920097 ], [ 120.977516174316406, 0.84103536605835 ], [ 120.9765625, 0.84039443731308 ], [ 120.97611236572277, 0.839982509613151 ], [ 120.97476959228527, 0.838678181171417 ], [ 120.974182128906364, 0.838243305683136 ], [ 120.973136901855469, 0.837670922279301 ], [ 120.972770690917969, 0.83741915225994 ], [ 120.97245025634777, 0.837350368499699 ], [ 120.971183776855469, 0.836938023567313 ], [ 120.969406127929801, 0.836777031421661 ], [ 120.967567443847656, 0.836844682693595 ], [ 120.967094421386832, 0.836821556091252 ], [ 120.965293884277344, 0.836623191833439 ], [ 120.963523864746207, 0.836385130882263 ], [ 120.963043212890625, 0.836110413074607 ], [ 120.962661743164062, 0.835790038108939 ], [ 120.9619140625, 0.835309326648826 ], [ 120.9595947265625, 0.833364069461823 ], [ 120.958686828613509, 0.832677423954067 ], [ 120.957023620605582, 0.831710040569305 ], [ 120.956504821777344, 0.840911269187984 ], [ 120.955329895019645, 0.85758239030838 ], [ 120.959983825683594, 0.890421211719513 ], [ 120.96282958984375, 0.910838723182735 ], [ 120.962890625000227, 0.910899221897182 ] ] ] ] } },
{ "type": "Feature", "properties": { "GID_0": "IDN", "NAME_0": "Indonesia", "GID_1": "IDN.27_1", "NAME_1": "Sulawesi Tengah", "GID_2": "IDN.27.11_1", "NAME_2": "Toli Toli", "GID_3": "IDN.27.11.8_1", "NAME_3": "Lampasio", "GID_4": "IDN.27.11.8.5_1", "NAME_4": "Ogomatanang", "VARNAME_4": null, "TYPE_4": "Desa", "ENGTYPE_4": "Village", "CC_4": "7206041009" }, "geometry": { "type": "MultiPolygon", "coordinates": [ [ [ [ 120.825828552246094, 0.803363084793205 ], [ 120.825813293457145, 0.802918314933834 ], [ 120.820297241210938, 0.804560482501984 ], [ 120.804626464843864, 0.809607446193752 ], [ 120.803009033203125, 0.810407459735927 ], [ 120.795989990234602, 0.814142525196075 ], [ 120.792945861816634, 0.815502941608486 ], [ 120.792549133300781, 0.815596282482147 ], [ 120.791900634765625, 0.815915644168967 ], [ 120.777610778808594, 0.819095075130463 ], [ 120.767906188964844, 0.824249446392002 ], [ 120.767463684082031, 0.824499070644492 ], [ 120.762550354003906, 0.825484156608582 ], [ 120.762344360351562, 0.825593292713165 ], [ 120.758857727050895, 0.827459454536495 ], [ 120.758659362793082, 0.828632056713104 ], [ 120.758331298828125, 0.829891622066611 ], [ 120.757316589355582, 0.830415248870906 ], [ 120.757164001464844, 0.830762505531311 ], [ 120.757659912109602, 0.830552935600338 ], [ 120.752532958984489, 0.839825451373997 ], [ 120.754981994629134, 0.841300070285797 ], [ 120.76861572265625, 0.849945247173423 ], [ 120.772468566894531, 0.852448046207542 ], [ 120.78034973144554, 0.857432365417537 ], [ 120.783615112304801, 0.8574316501618 ], [ 120.783897399902344, 0.857400238513947 ], [ 120.784255981445312, 0.857400178909359 ], [ 120.784721374511719, 0.857333481311855 ], [ 120.785301208496094, 0.857431352138462 ], [ 120.785865783691406, 0.856638014316559 ], [ 120.787101745605582, 0.856637716293449 ], [ 120.789352416992301, 0.857883751392365 ], [ 120.7894287109375, 0.857887208461818 ], [ 120.790718078613395, 0.858049690723419 ], [ 120.792633056640739, 0.85756832361227 ], [ 120.794410705566406, 0.85764575004572 ], [ 120.794685363769645, 0.857724547386283 ], [ 120.795097351074332, 0.858449101448002 ], [ 120.795249938964957, 0.858536839485112 ], [ 120.79605865478527, 0.859024822711945 ], [ 120.796302795410156, 0.859055876731929 ], [ 120.796447753906364, 0.859128713607845 ], [ 120.797126770019531, 0.859355211257991 ], [ 120.797279357910156, 0.859178900718803 ], [ 120.798156738281364, 0.858373522758598 ], [ 120.79840087890625, 0.858127653598899 ], [ 120.800048828125114, 0.858334779739494 ], [ 120.801284790039062, 0.858447849750632 ], [ 120.803993225097656, 0.856975436210746 ], [ 120.81986236572277, 0.860370218753815 ], [ 120.81986236572277, 0.860296487808341 ], [ 120.81986236572277, 0.859577000141201 ], [ 120.825447082519531, 0.835515499115104 ], [ 120.826721191406364, 0.830000400543327 ], [ 120.826713562011832, 0.829770684242249 ], [ 120.826873779296875, 0.829055666923637 ], [ 120.825996398925895, 0.808194398880119 ], [ 120.825828552246094, 0.803363084793205 ] ] ] ] } },
{ "type": "Feature", "properties": { "GID_0": "IDN", "NAME_0": "Indonesia", "GID_1": "IDN.27_1", "NAME_1": "Sulawesi Tengah", "GID_2": "IDN.27.11_1", "NAME_2": "Toli Toli", "GID_3": "IDN.27.11.8_1", "NAME_3": "Lampasio", "GID_4": "IDN.27.11.8.6_1", "NAME_4": "Oyom", "VARNAME_4": null, "TYPE_4": "Desa", "ENGTYPE_4": "Village", "CC_4": "7206041005" }, "geometry": { "type": "MultiPolygon", "coordinates": [ [ [ [ 120.876167297363395, 0.899203121662197 ], [ 120.87477111816429, 0.900779724121094 ], [ 120.875495910644531, 0.907204568386078 ], [ 120.874320983886719, 0.907818257808742 ], [ 120.8724365234375, 0.909327149391231 ], [ 120.872291564941634, 0.909459710121268 ], [ 120.870811462402457, 0.910107076168117 ], [ 120.869903564453125, 0.909610867500362 ], [ 120.868469238281477, 0.909012675285453 ], [ 120.868278503418196, 0.909151613712254 ], [ 120.867607116699219, 0.909782350063438 ], [ 120.865051269531364, 0.909780859947318 ], [ 120.864868164062614, 0.909788072109166 ], [ 120.864830017089844, 0.909961342811698 ], [ 120.864593505859375, 0.912427604198456 ], [ 120.864372253417969, 0.91232651472103 ], [ 120.864349365234489, 0.912431478500366 ], [ 120.862922668457031, 0.911666452884731 ], [ 120.861900329589844, 0.911199331283626 ], [ 120.860565185546875, 0.911837935447807 ], [ 120.86051177978527, 0.911894381046409 ], [ 120.858947753906364, 0.914121806621608 ], [ 120.858726501464844, 0.913985431194362 ], [ 120.858917236328125, 0.91419917345047 ], [ 120.870567321777571, 0.931229174137059 ], [ 120.878204345703352, 0.942283928394318 ], [ 120.878494262695312, 0.94252854585659 ], [ 120.886589050293196, 0.949484944343567 ], [ 120.900978088378906, 0.96048462390894 ], [ 120.921073913574219, 0.972554862499294 ], [ 120.931900024414062, 0.977947592735347 ], [ 120.961990356445426, 0.992670178413391 ], [ 120.968643188476676, 0.996256291866302 ], [ 120.970046997070312, 0.996955335140228 ], [ 120.992172241210938, 1.008710622787532 ], [ 120.999153137207145, 1.010294795036373 ], [ 121.018638610839957, 1.014713764190731 ], [ 121.018791198730582, 1.014748454093933 ], [ 121.023880004882812, 1.014751553535518 ], [ 121.024337768554801, 1.014065265655518 ], [ 121.024429321289062, 1.013813734054622 ], [ 121.025550842285156, 1.010566592216549 ], [ 121.025680541992301, 1.010086297988835 ], [ 121.025619506835938, 1.009491562843266 ], [ 121.025527954101562, 1.007433056831417 ], [ 121.02557373046875, 1.007112860679683 ], [ 121.026458740234489, 1.003796935081596 ], [ 121.026870727539062, 1.002241849899349 ], [ 121.027030944824332, 1.00196743011486 ], [ 121.02691650390625, 1.000023245811519 ], [ 121.026687622070312, 0.999497056007442 ], [ 121.02646636962902, 0.999130964279118 ], [ 121.026214599609602, 0.999016463756675 ], [ 121.025917053222656, 0.99899339675909 ], [ 121.025444030761946, 0.999015986919403 ], [ 121.02494049072277, 0.998947083950043 ], [ 121.024444580078125, 0.998718023300114 ], [ 121.023872375488281, 0.998444378376007 ], [ 121.02359771728527, 0.99796271324152 ], [ 121.021690368652457, 0.995422780513763 ], [ 121.021331787109375, 0.995056569576263 ], [ 121.021011352539062, 0.994301617145595 ], [ 121.020378112792969, 0.992471456527653 ], [ 121.020263671875, 0.991808116436005 ], [ 121.019882202148438, 0.990206837654114 ], [ 121.019584655761832, 0.988834321498985 ], [ 121.019424438476562, 0.988170921802521 ], [ 121.019607543945426, 0.986844420433158 ], [ 121.019721984863509, 0.986043989658356 ], [ 121.019973754882926, 0.985449433326721 ], [ 121.0206298828125, 0.984191894531307 ], [ 121.021041870117188, 0.983300089836177 ], [ 121.021430969238281, 0.982614159584159 ], [ 121.021476745605582, 0.981882274150848 ], [ 121.021293640136832, 0.981378972530365 ], [ 121.020683288574446, 0.980555236339683 ], [ 121.019950866699332, 0.97915959358221 ], [ 121.019294738769531, 0.978129923343715 ], [ 121.01904296875, 0.977718114852962 ], [ 121.01902008056652, 0.977054774761257 ], [ 121.019004821777457, 0.975865423679465 ], [ 121.019088745117188, 0.97547668218607 ], [ 121.019317626953125, 0.974927842617092 ], [ 121.01991271972679, 0.974081933498326 ], [ 121.020347595214957, 0.97332638502121 ], [ 121.020431518554688, 0.972892880439815 ], [ 121.020370483398551, 0.972343921661491 ], [ 121.019866943359375, 0.97152024507534 ], [ 121.018981933593864, 0.970215976238251 ], [ 121.018341064453125, 0.969232857227325 ], [ 121.018234252929801, 0.969094812870082 ], [ 121.018142700195312, 0.968728780746517 ], [ 121.018211364746207, 0.968179941177368 ], [ 121.018348693847656, 0.967631042003745 ], [ 121.018325805664062, 0.966899156570435 ], [ 121.018142700195312, 0.966624557972011 ], [ 121.017913818359375, 0.966258466243858 ], [ 121.017692565918082, 0.965983867645264 ], [ 121.017486572265739, 0.965389072895107 ], [ 121.017257690429801, 0.965022981166953 ], [ 121.015625, 0.954981148243007 ], [ 121.014450073242301, 0.949102342128754 ], [ 121.012481689453352, 0.938442826271 ], [ 121.011802673339844, 0.933936655521393 ], [ 121.009101867675895, 0.917101264 ], [ 121.00833892822277, 0.911840260028896 ], [ 121.008041381835938, 0.909713029861564 ], [ 121.007499694824219, 0.905870199203605 ], [ 121.006912231445312, 0.902416229248047 ], [ 121.00662994384777, 0.900452792644558 ], [ 120.98176574707054, 0.909051418304557 ], [ 120.981452941894645, 0.909082055091915 ], [ 120.981178283691406, 0.909178495407161 ], [ 120.971748352050781, 0.910031855106354 ], [ 120.962890625000227, 0.910899221897182 ], [ 120.962913513183707, 0.911091566085929 ], [ 120.954231262207031, 0.911765813827515 ], [ 120.944015502929801, 0.910724163055477 ], [ 120.939399719238281, 0.91008019447338 ], [ 120.929878234863281, 0.899966537952366 ], [ 120.927261352539176, 0.897185266018028 ], [ 120.925483703613281, 0.895184576511497 ], [ 120.924583435058707, 0.89422649145132 ], [ 120.923881530761719, 0.895945549011287 ], [ 120.921577453613281, 0.893862366676387 ], [ 120.918891906738395, 0.897265911102409 ], [ 120.917297363281477, 0.895225286483821 ], [ 120.916488647460938, 0.894253373146057 ], [ 120.914161682128906, 0.891769051551933 ], [ 120.910995483398438, 0.888521134853306 ], [ 120.904541015625114, 0.8852654695512 ], [ 120.902191162109375, 0.884199142456112 ], [ 120.88671875, 0.889882981777248 ], [ 120.876167297363395, 0.899203121662197 ] ] ] ] } },
{ "type": "Feature", "properties": { "GID_0": "IDN", "NAME_0": "Indonesia", "GID_1": "IDN.27_1", "NAME_1": "Sulawesi Tengah", "GID_2": "IDN.27.11_1", "NAME_2": "Toli Toli", "GID_3": "IDN.27.11.8_1", "NAME_3": "Lampasio", "GID_4": "IDN.27.11.8.7_1", "NAME_4": "Salugan", "VARNAME_4": null, "TYPE_4": "Desa", "ENGTYPE_4": "Village", "CC_4": "7206041006" }, "geometry": { "type": "MultiPolygon", "coordinates": [ [ [ [ 120.814895629882926, 0.90923380851757 ], [ 120.815025329589844, 0.909923911094779 ], [ 120.815071105957259, 0.910173475742454 ], [ 120.81695556640625, 0.910900533199367 ], [ 120.821411132812614, 0.913155972957725 ], [ 120.821975708007926, 0.912966310977879 ], [ 120.826156616211051, 0.925038814544678 ], [ 120.842521667480469, 0.94153219461441 ], [ 120.853652954101676, 0.949709475040493 ], [ 120.870407104492301, 0.947949826717434 ], [ 120.870529174804688, 0.947937190532741 ], [ 120.877983093261719, 0.942910194396916 ], [ 120.878494262695312, 0.94252854585659 ], [ 120.878204345703352, 0.942283928394318 ], [ 120.870567321777571, 0.931229174137059 ], [ 120.858917236328125, 0.91419917345047 ], [ 120.858726501464844, 0.913985431194362 ], [ 120.856971740722656, 0.911990106105918 ], [ 120.850967407226676, 0.905521512031669 ], [ 120.841789245605582, 0.90255123376852 ], [ 120.827102661132926, 0.903508901596069 ], [ 120.827049255371094, 0.903171181678772 ], [ 120.826934814453239, 0.903182923793793 ], [ 120.826934814453239, 0.90327399969101 ], [ 120.823623657226562, 0.903527975082454 ], [ 120.814216613769531, 0.904507875442619 ], [ 120.815170288085938, 0.909350633621273 ], [ 120.814895629882926, 0.90923380851757 ] ] ] ] } },
{ "type": "Feature", "properties": { "GID_0": "IDN", "NAME_0": "Indonesia", "GID_1": "IDN.27_1", "NAME_1": "Sulawesi Tengah", "GID_2": "IDN.27.11_1", "NAME_2": "Toli Toli", "GID_3": "IDN.27.11.8_1", "NAME_3": "Lampasio", "GID_4": "IDN.27.11.8.8_1", "NAME_4": "Sibea", "VARNAME_4": null, "TYPE_4": "Desa", "ENGTYPE_4": "Village", "CC_4": "7206041003" }, "geometry": { "type": "MultiPolygon", "coordinates": [ [ [ [ 120.827049255371094, 0.903171181678772 ], [ 120.827102661132926, 0.903508901596069 ], [ 120.841789245605582, 0.90255123376852 ], [ 120.850967407226676, 0.905521512031669 ], [ 120.856971740722656, 0.911990106105918 ], [ 120.858726501464844, 0.913985431194362 ], [ 120.858947753906364, 0.914121806621608 ], [ 120.86051177978527, 0.911894381046409 ], [ 120.860565185546875, 0.911837935447807 ], [ 120.861900329589844, 0.911199331283626 ], [ 120.862922668457031, 0.911666452884731 ], [ 120.864349365234489, 0.912431478500366 ], [ 120.864372253417969, 0.91232651472103 ], [ 120.864593505859375, 0.912427604198456 ], [ 120.864830017089844, 0.909961342811698 ], [ 120.864868164062614, 0.909788072109166 ], [ 120.865051269531364, 0.909780859947318 ], [ 120.867607116699219, 0.909782350063438 ], [ 120.868278503418196, 0.909151613712254 ], [ 120.868469238281477, 0.909012675285453 ], [ 120.869903564453125, 0.909610867500362 ], [ 120.870811462402457, 0.910107076168117 ], [ 120.872291564941634, 0.909459710121268 ], [ 120.8724365234375, 0.909327149391231 ], [ 120.874320983886719, 0.907818257808742 ], [ 120.875495910644531, 0.907204568386078 ], [ 120.87477111816429, 0.900779724121094 ], [ 120.876167297363395, 0.899203121662197 ], [ 120.879127502441406, 0.895857393741721 ], [ 120.872650146484375, 0.890876829624119 ], [ 120.870124816894531, 0.890020787716026 ], [ 120.863296508789062, 0.888330698013363 ], [ 120.859458923339844, 0.888170659542141 ], [ 120.85340881347679, 0.888358056545314 ], [ 120.825195312500114, 0.89166247844696 ], [ 120.827049255371094, 0.903171181678772 ] ] ] ] } },
{ "type": "Feature", "properties": { "GID_0": "IDN", "NAME_0": "Indonesia", "GID_1": "IDN.27_1", "NAME_1": "Sulawesi Tengah", "GID_2": "IDN.27.11_1", "NAME_2": "Toli Toli", "GID_3": "IDN.27.11.8_1", "NAME_3": "Lampasio", "GID_4": "IDN.27.11.8.9_1", "NAME_4": "Tinading", "VARNAME_4": null, "TYPE_4": "Desa", "ENGTYPE_4": "Village", "CC_4": "7206041008" }, "geometry": { "type": "MultiPolygon", "coordinates": [ [ [ [ 120.749427795410156, 0.929455399513358 ], [ 120.749839782715071, 0.929915726184902 ], [ 120.750450134277457, 0.9359286427499 ], [ 120.750747680664062, 0.939229190349579 ], [ 120.750785827636946, 0.939356923103389 ], [ 120.751869201660156, 0.946472227573452 ], [ 120.751853942871094, 0.946572542190665 ], [ 120.775123596191406, 0.948401391506195 ], [ 120.775398254394759, 0.948702752590236 ], [ 120.77569580078125, 0.948729693889732 ], [ 120.778839111328239, 0.952417492866516 ], [ 120.78564453125, 0.959763526916504 ], [ 120.785758972168082, 0.959885895252285 ], [ 120.795616149902571, 0.960289597511235 ], [ 120.79608154296875, 0.960314095020351 ], [ 120.799468994140739, 0.959178686141968 ], [ 120.799354553222656, 0.958502173423767 ], [ 120.816680908203125, 0.953592896461544 ], [ 120.820816040039176, 0.95315808057785 ], [ 120.834037780761719, 0.951222896575985 ], [ 120.848716735839844, 0.950228214263973 ], [ 120.853652954101676, 0.949709475040493 ], [ 120.842521667480469, 0.94153219461441 ], [ 120.826156616211051, 0.925038814544678 ], [ 120.821975708007926, 0.912966310977879 ], [ 120.821411132812614, 0.913155972957725 ], [ 120.81695556640625, 0.910900533199367 ], [ 120.815071105957259, 0.910173475742454 ], [ 120.815025329589844, 0.909923911094779 ], [ 120.814895629882926, 0.90923380851757 ], [ 120.812385559082031, 0.908156216144505 ], [ 120.8037109375, 0.904432475566921 ], [ 120.80035400390625, 0.903304219246024 ], [ 120.790031433105469, 0.905672252178249 ], [ 120.785881042480696, 0.907025396823826 ], [ 120.773757934570312, 0.911909282207603 ], [ 120.755950927734489, 0.924751996994019 ], [ 120.749427795410156, 0.929455399513358 ] ] ] ] } },
{ "type": "Feature", "properties": { "GID_0": "IDN", "NAME_0": "Indonesia", "GID_1": "IDN.27_1", "NAME_1": "Sulawesi Tengah", "GID_2": "IDN.27.11_1", "NAME_2": "Toli Toli", "GID_3": "IDN.27.11.9_1", "NAME_3": "Ogodeide", "GID_4": "IDN.27.11.9.1_1", "NAME_4": "Bambalaga", "VARNAME_4": null, "TYPE_4": "Desa", "ENGTYPE_4": "Village", "CC_4": "7206031003" }, "geometry": { "type": "MultiPolygon", "coordinates": [ [ [ [ 120.702095031738281, 0.811784744262752 ], [ 120.694961547851676, 0.807622611522731 ], [ 120.691810607910156, 0.806232392787933 ], [ 120.690811157226562, 0.811147093773002 ], [ 120.691902160644645, 0.813670873641968 ], [ 120.69248199462902, 0.815526425838527 ], [ 120.692985534667969, 0.818272471427974 ], [ 120.692695617675781, 0.820721209049225 ], [ 120.692260742187614, 0.823021411895695 ], [ 120.691825866699219, 0.825766921043396 ], [ 120.69095611572277, 0.832609355449677 ], [ 120.690917968750114, 0.832724153995628 ], [ 120.689598083496207, 0.837474822998161 ], [ 120.688011169433594, 0.84511011838913 ], [ 120.687973022460938, 0.845287501812095 ], [ 120.687950134277344, 0.845429718494415 ], [ 120.691642761230469, 0.844865560531616 ], [ 120.693313598632812, 0.845007777214107 ], [ 120.694709777832259, 0.846086144447327 ], [ 120.696105957031364, 0.847164571285305 ], [ 120.698791503906364, 0.845957815647125 ], [ 120.700973510742188, 0.845759987831116 ], [ 120.703086853027344, 0.846422731876373 ], [ 120.706375122070426, 0.846341788768825 ], [ 120.708732604980469, 0.846297919750214 ], [ 120.71185302734375, 0.846736967563629 ], [ 120.712196350097656, 0.846819221973476 ], [ 120.717536926269531, 0.848791956901607 ], [ 120.719886779785384, 0.849398493766785 ], [ 120.720085144043196, 0.849465012550297 ], [ 120.721771240234375, 0.850083410739842 ], [ 120.722892761230469, 0.850493311882019 ], [ 120.724777221679688, 0.851182878017426 ], [ 120.725852966308707, 0.851577877998409 ], [ 120.731285095214844, 0.853422164916992 ], [ 120.733924865722656, 0.857334733009452 ], [ 120.734527587890625, 0.857031345367488 ], [ 120.740371704101676, 0.854793012142238 ], [ 120.743774414062614, 0.855381429195461 ], [ 120.743927001953352, 0.855408132076263 ], [ 120.744033813476562, 0.855205833911896 ], [ 120.752532958984489, 0.839825451373997 ], [ 120.757659912109602, 0.830552935600338 ], [ 120.757164001464844, 0.830762505531311 ], [ 120.757316589355582, 0.830415248870906 ], [ 120.755142211914062, 0.831539690494651 ], [ 120.753768920898438, 0.83107960224163 ], [ 120.753654479980696, 0.830971956253165 ], [ 120.752914428711051, 0.830793261528015 ], [ 120.749595642089844, 0.829897761345023 ], [ 120.746223449707145, 0.828708887100277 ], [ 120.744308471679915, 0.827796995639801 ], [ 120.73636627197277, 0.824003517627716 ], [ 120.735923767089957, 0.823937952518463 ], [ 120.731033325195312, 0.823204815387726 ], [ 120.729362487792969, 0.822792053222656 ], [ 120.727973937988395, 0.822476744651794 ], [ 120.726043701171989, 0.82202619314188 ], [ 120.725151062011719, 0.822026371955872 ], [ 120.723808288574219, 0.821936428547019 ], [ 120.721832275390739, 0.821891725063438 ], [ 120.719367980957145, 0.821711838245506 ], [ 120.717849731445426, 0.821621894836483 ], [ 120.715385437011832, 0.821577250957489 ], [ 120.713058471679801, 0.822028577327728 ], [ 120.712791442871094, 0.822076022625026 ], [ 120.707389831542969, 0.822788894176483 ], [ 120.701911926269531, 0.811965584755001 ], [ 120.702095031738281, 0.811784744262752 ] ] ] ] } },
{ "type": "Feature", "properties": { "GID_0": "IDN", "NAME_0": "Indonesia", "GID_1": "IDN.27_1", "NAME_1": "Sulawesi Tengah", "GID_2": "IDN.27.11_1", "NAME_2": "Toli Toli", "GID_3": "IDN.27.11.9_1", "NAME_3": "Ogodeide", "GID_4": "IDN.27.11.9.2_1", "NAME_4": "Batuilo", "VARNAME_4": null, "TYPE_4": "Desa", "ENGTYPE_4": "Village", "CC_4": "7206031002" }, "geometry": { "type": "MultiPolygon", "coordinates": [ [ [ [ 120.642013549804688, 0.784655392169896 ], [ 120.642227172851562, 0.785274624824581 ], [ 120.642471313476676, 0.785504579544181 ], [ 120.642662048339957, 0.785611510276908 ], [ 120.643310546875, 0.787069261074123 ], [ 120.644317626953125, 0.789665460586605 ], [ 120.64554595947277, 0.79244393110281 ], [ 120.646553039550781, 0.795222222805137 ], [ 120.647560119628906, 0.797317504882926 ], [ 120.648101806640625, 0.799549162387905 ], [ 120.648971557617301, 0.802464067936 ], [ 120.649154663086051, 0.803169310092926 ], [ 120.65012359619152, 0.805178761482182 ], [ 120.648376464843864, 0.807472169399261 ], [ 120.648010253906364, 0.808019042015076 ], [ 120.647727966308594, 0.808400392532292 ], [ 120.646842956543196, 0.809734523296413 ], [ 120.646751403808594, 0.809902846813316 ], [ 120.646446228027344, 0.810581386089439 ], [ 120.646316528320426, 0.8119797706604 ], [ 120.646369934082031, 0.812075257301444 ], [ 120.646820068359375, 0.812368273735103 ], [ 120.647567749023438, 0.813081085682029 ], [ 120.647819519043082, 0.81357449293148 ], [ 120.649009704589957, 0.814849257469291 ], [ 120.649238586425781, 0.815578937530574 ], [ 120.649971008300781, 0.8162624239921 ], [ 120.651153564453125, 0.818175673484802 ], [ 120.652069091796875, 0.818950355052948 ], [ 120.652229309082145, 0.81997865438467 ], [ 120.652481079101562, 0.820126533508414 ], [ 120.652259826660156, 0.821286559105033 ], [ 120.65216064453125, 0.822046935558376 ], [ 120.651885986328125, 0.824870109558219 ], [ 120.651336669921875, 0.827966332435608 ], [ 120.650543212890625, 0.83064383268362 ], [ 120.651260375976676, 0.831723511219138 ], [ 120.651885986328125, 0.832350432872772 ], [ 120.651435852050895, 0.839579045772666 ], [ 120.651527404785156, 0.841750562191066 ], [ 120.651046752929801, 0.845248341560364 ], [ 120.651481628418082, 0.845418810844535 ], [ 120.652870178222656, 0.84596091508871 ], [ 120.652938842773665, 0.845712900161686 ], [ 120.653030395507812, 0.845731437206325 ], [ 120.654113769531364, 0.844104409217891 ], [ 120.653152465820426, 0.842781066894531 ], [ 120.654243469238281, 0.842332005500737 ], [ 120.65478515625, 0.842205882072449 ], [ 120.655838012695426, 0.839825391769409 ], [ 120.658821105957031, 0.839541554450989 ], [ 120.658157348632926, 0.842479169368858 ], [ 120.658439636230469, 0.842894077301082 ], [ 120.659103393554801, 0.844617247581482 ], [ 120.664001464843977, 0.841440081596431 ], [ 120.664085388183594, 0.841261982917842 ], [ 120.669609069824332, 0.842757403850555 ], [ 120.669479370117188, 0.842327415943203 ], [ 120.670166015625114, 0.842556834220829 ], [ 120.66880035400402, 0.840087950229758 ], [ 120.668670654296875, 0.839648067951202 ], [ 120.668792724609489, 0.839581727981624 ], [ 120.670799255371094, 0.838698089122829 ], [ 120.674430847167969, 0.84128737449646 ], [ 120.675292968750114, 0.841179668903408 ], [ 120.676116943359375, 0.841392457485199 ], [ 120.677963256836051, 0.844390153884945 ], [ 120.678276062011719, 0.844313979148922 ], [ 120.678375244140739, 0.844469845295009 ], [ 120.679832458496321, 0.843932986259574 ], [ 120.682945251464957, 0.843172311782894 ], [ 120.679710388183707, 0.845821559429226 ], [ 120.679527282714957, 0.845973551273403 ], [ 120.679306030273551, 0.84615433216095 ], [ 120.681953430175895, 0.846463084220943 ], [ 120.683006286621094, 0.846676528453884 ], [ 120.6845703125, 0.845893442630882 ], [ 120.685470581054688, 0.847484588623047 ], [ 120.685638427734375, 0.847813427448386 ], [ 120.687835693359375, 0.845313727855626 ], [ 120.687973022460938, 0.845287501812095 ], [ 120.688011169433594, 0.84511011838913 ], [ 120.689598083496207, 0.837474822998161 ], [ 120.690917968750114, 0.832724153995628 ], [ 120.69095611572277, 0.832609355449677 ], [ 120.691825866699219, 0.825766921043396 ], [ 120.692260742187614, 0.823021411895695 ], [ 120.692695617675781, 0.820721209049225 ], [ 120.692985534667969, 0.818272471427974 ], [ 120.69248199462902, 0.815526425838527 ], [ 120.691902160644645, 0.813670873641968 ], [ 120.690811157226562, 0.811147093773002 ], [ 120.691810607910156, 0.806232392787933 ], [ 120.691825866699219, 0.806156814098358 ], [ 120.683616638183594, 0.802445828914642 ], [ 120.682304382324219, 0.801822841167564 ], [ 120.681114196777344, 0.801312744617519 ], [ 120.670349121093864, 0.79644513130188 ], [ 120.664192199707259, 0.795113027095738 ], [ 120.656654357910156, 0.793324649333954 ], [ 120.642013549804688, 0.784655392169896 ] ] ] ] } },
{ "type": "Feature", "properties": { "GID_0": "IDN", "NAME_0": "Indonesia", "GID_1": "IDN.27_1", "NAME_1": "Sulawesi Tengah", "GID_2": "IDN.27.11_1", "NAME_2": "Toli Toli", "GID_3": "IDN.27.11.9_1", "NAME_3": "Ogodeide", "GID_4": "IDN.27.11.9.3_1", "NAME_4": "Bilo", "VARNAME_4": null, "TYPE_4": "Desa", "ENGTYPE_4": "Village", "CC_4": "7206031006" }, "geometry": { "type": "MultiPolygon", "coordinates": [ [ [ [ 120.685340881347656, 0.897260487079564 ], [ 120.684463500976676, 0.896889150142727 ], [ 120.683258056640625, 0.896662414074058 ], [ 120.681205749511832, 0.895907938480434 ], [ 120.678329467773551, 0.894776284694785 ], [ 120.675888061523551, 0.893569648265782 ], [ 120.672592163086165, 0.892174124717712 ], [ 120.669754028320426, 0.891720414161625 ], [ 120.667694091796989, 0.890589356422424 ], [ 120.665000915527457, 0.88915657997137 ], [ 120.662803649902344, 0.888100743293705 ], [ 120.65997314453125, 0.886780858039856 ], [ 120.656669616699219, 0.886289179325217 ], [ 120.649948120117301, 0.884737074375209 ], [ 120.649620056152344, 0.884949564933891 ], [ 120.649635314941406, 0.885065078735408 ], [ 120.644111633300781, 0.887774348258972 ], [ 120.637641906738281, 0.888177156448478 ], [ 120.627944946289062, 0.889391601085777 ], [ 120.622261047363395, 0.889575481414852 ], [ 120.619720458984375, 0.889657557010764 ], [ 120.616699218750227, 0.890713214874324 ], [ 120.617134094238395, 0.892161071300507 ], [ 120.619964599609489, 0.892085731029624 ], [ 120.620506286621094, 0.893552541732902 ], [ 120.619812011718864, 0.895172834396305 ], [ 120.620964050293082, 0.895868182182426 ], [ 120.619812011718864, 0.898259997367973 ], [ 120.621726989746207, 0.900808215141296 ], [ 120.621879577636832, 0.904204189777374 ], [ 120.623260498046989, 0.904205143451691 ], [ 120.624481201171875, 0.905826687812862 ], [ 120.623100280761719, 0.912617623805943 ], [ 120.626319885253906, 0.912696957588196 ], [ 120.629692077636832, 0.910538136959076 ], [ 120.630485534668082, 0.911361455917302 ], [ 120.631843566894645, 0.910771071910915 ], [ 120.631988525390739, 0.912932217121067 ], [ 120.634826660156477, 0.91440057754528 ], [ 120.635589599609602, 0.918182909488735 ], [ 120.636817932128906, 0.919032692909241 ], [ 120.638122558593864, 0.918956398964042 ], [ 120.63712310791027, 0.922969102859611 ], [ 120.637504577636832, 0.924744546413422 ], [ 120.6357421875, 0.927135944366455 ], [ 120.634742736816406, 0.933078169822693 ], [ 120.63519287109375, 0.937091827392578 ], [ 120.637046813964844, 0.93692076206213 ], [ 120.638191223144531, 0.936814963817653 ], [ 120.641563415527457, 0.936092793941555 ], [ 120.641693115234602, 0.93581235408783 ], [ 120.641792297363281, 0.935794591903743 ], [ 120.641853332519531, 0.935486078262443 ], [ 120.642478942871207, 0.934163928031921 ], [ 120.642372131347656, 0.9328733086586 ], [ 120.6431884765625, 0.928772330284119 ], [ 120.645210266113281, 0.928768336772976 ], [ 120.645935058593864, 0.928875803947506 ], [ 120.647033691406477, 0.928958296775875 ], [ 120.647407531738509, 0.928769826889095 ], [ 120.647613525390739, 0.928769946098441 ], [ 120.650405883789062, 0.927778422832489 ], [ 120.65264892578125, 0.927479088306427 ], [ 120.653999328613281, 0.926989555358887 ], [ 120.654792785644531, 0.92622488737112 ], [ 120.655525207519531, 0.925963819026947 ], [ 120.661338806152571, 0.926146805286521 ], [ 120.6663818359375, 0.924415826797599 ], [ 120.67181396484375, 0.922818541526794 ], [ 120.673583984375114, 0.923448204994315 ], [ 120.674263000488281, 0.924162745475826 ], [ 120.675651550293082, 0.92802399396902 ], [ 120.676559448242188, 0.928165137767905 ], [ 120.676712036132812, 0.928558349609489 ], [ 120.681221008300895, 0.929094970226402 ], [ 120.681579589843864, 0.929228603839931 ], [ 120.686119079589844, 0.931632995605412 ], [ 120.687583923339844, 0.930033028125877 ], [ 120.687530517578239, 0.929802894592285 ], [ 120.687713623046989, 0.929632902145499 ], [ 120.686866760253906, 0.926954746246338 ], [ 120.686653137207031, 0.926030099391937 ], [ 120.692817687988395, 0.922958850860709 ], [ 120.693550109863281, 0.917096138000488 ], [ 120.695968627929688, 0.917192339897213 ], [ 120.696067810058707, 0.917231142520905 ], [ 120.697074890136832, 0.917989253997803 ], [ 120.698455810546875, 0.919233858585358 ], [ 120.698638916015625, 0.919173479080257 ], [ 120.698722839355696, 0.919234037399349 ], [ 120.701103210449219, 0.918368399143333 ], [ 120.703758239746094, 0.91750293970108 ], [ 120.700653076171989, 0.905610859394073 ], [ 120.700973510742188, 0.905140340328217 ], [ 120.70047760009777, 0.905407905578727 ], [ 120.700492858886832, 0.904960215091762 ], [ 120.70029449462902, 0.904624342918453 ], [ 120.700073242187614, 0.904269814491386 ], [ 120.70001220703125, 0.904216349124852 ], [ 120.69974517822277, 0.903954863548392 ], [ 120.69947814941429, 0.903616607189292 ], [ 120.69842529296875, 0.902904808521271 ], [ 120.69797515869152, 0.902635037899074 ], [ 120.693275451660156, 0.900764584541378 ], [ 120.692916870117188, 0.900709569454307 ], [ 120.690994262695312, 0.899892330169735 ], [ 120.689414978027457, 0.899261772632656 ], [ 120.689178466797102, 0.899130940437317 ], [ 120.687400817871094, 0.898164629936332 ], [ 120.6859130859375, 0.89750462770462 ], [ 120.685340881347656, 0.897260487079564 ] ] ] ] } },
{ "type": "Feature", "properties": { "GID_0": "IDN", "NAME_0": "Indonesia", "GID_1": "IDN.27_1", "NAME_1": "Sulawesi Tengah", "GID_2": "IDN.27.11_1", "NAME_2": "Toli Toli", "GID_3": "IDN.27.11.9_1", "NAME_3": "Ogodeide", "GID_4": "IDN.27.11.9.4_1", "NAME_4": "Buga", "VARNAME_4": null, "TYPE_4": "Desa", "ENGTYPE_4": "Village", "CC_4": "7206031001" }, "geometry": { "type": "MultiPolygon", "coordinates": [ [ [ [ 120.642013549804688, 0.784655392169896 ], [ 120.641487121582031, 0.783880591392574 ], [ 120.640434265136719, 0.783014833927211 ], [ 120.639434814453239, 0.782584488391876 ], [ 120.63217926025402, 0.775605916976872 ], [ 120.630668640136832, 0.776781558990479 ], [ 120.626220703125, 0.777298808097839 ], [ 120.617568969726562, 0.777971088886261 ], [ 120.612716674804801, 0.771579623222294 ], [ 120.611869812011719, 0.770331621170044 ], [ 120.599960327148551, 0.777521431446075 ], [ 120.587783813476676, 0.78572005033493 ], [ 120.586151123046875, 0.786795020103568 ], [ 120.590629577636832, 0.794072508811951 ], [ 120.5948486328125, 0.796126186847744 ], [ 120.597618103027344, 0.793783545494136 ], [ 120.599212646484489, 0.798326492309684 ], [ 120.601837158203239, 0.802137494087276 ], [ 120.597175598144531, 0.804772078990936 ], [ 120.595863342285156, 0.807262063026428 ], [ 120.596733093261832, 0.809313833713475 ], [ 120.599502563476562, 0.807410717010498 ], [ 120.601364135742188, 0.809385359287205 ], [ 120.605468750000114, 0.810930728912354 ], [ 120.60721588134777, 0.806975781917572 ], [ 120.610275268554801, 0.80932188034069 ], [ 120.607650756835938, 0.814448416233176 ], [ 120.61026763916027, 0.817087352275848 ], [ 120.6123046875, 0.8189932703973 ], [ 120.613029479980469, 0.820898473262844 ], [ 120.610992431640739, 0.822215914726314 ], [ 120.607208251953239, 0.824704408645687 ], [ 120.603042602539176, 0.821639478206635 ], [ 120.600654602050781, 0.825579583644981 ], [ 120.599929809570426, 0.827923417091426 ], [ 120.600509643554801, 0.830121517181453 ], [ 120.602546691894531, 0.831587910652274 ], [ 120.600654602050781, 0.832319378852958 ], [ 120.600944519043082, 0.834370791912136 ], [ 120.59759521484375, 0.835540831089133 ], [ 120.597885131836051, 0.839203953743038 ], [ 120.601325988769645, 0.844428956508636 ], [ 120.60443115234375, 0.846094310283661 ], [ 120.606315612792969, 0.84843981266016 ], [ 120.605026245117188, 0.851871252059993 ], [ 120.607063293457031, 0.855973601341248 ], [ 120.60965728759777, 0.856646895408687 ], [ 120.611549377441634, 0.858552813529968 ], [ 120.608665466308594, 0.859196484088955 ], [ 120.60980224609375, 0.861482083797569 ], [ 120.604995727539062, 0.863676786422729 ], [ 120.604080200195312, 0.866303503513279 ], [ 120.60398101806652, 0.866606533527374 ], [ 120.614021301269531, 0.861924290657157 ], [ 120.623291015625, 0.859824061393738 ], [ 120.63217926025402, 0.857870697975159 ], [ 120.640815734863281, 0.861013412475529 ], [ 120.640953063964957, 0.861062049865836 ], [ 120.645843505859375, 0.858646035194511 ], [ 120.649116516113281, 0.857394158840293 ], [ 120.649192810058707, 0.856992304325104 ], [ 120.6494140625, 0.855893075466213 ], [ 120.649528503418082, 0.855291545391026 ], [ 120.651008605957031, 0.845323324203548 ], [ 120.651481628418082, 0.845418810844535 ], [ 120.651046752929801, 0.845248341560364 ], [ 120.651527404785156, 0.841750562191066 ], [ 120.651435852050895, 0.839579045772666 ], [ 120.651885986328125, 0.832350432872772 ], [ 120.651260375976676, 0.831723511219138 ], [ 120.650543212890625, 0.83064383268362 ], [ 120.651336669921875, 0.827966332435608 ], [ 120.651885986328125, 0.824870109558219 ], [ 120.65216064453125, 0.822046935558376 ], [ 120.652259826660156, 0.821286559105033 ], [ 120.652481079101562, 0.820126533508414 ], [ 120.652229309082145, 0.81997865438467 ], [ 120.652069091796875, 0.818950355052948 ], [ 120.651153564453125, 0.818175673484802 ], [ 120.649971008300781, 0.8162624239921 ], [ 120.649238586425781, 0.815578937530574 ], [ 120.649009704589957, 0.814849257469291 ], [ 120.647819519043082, 0.81357449293148 ], [ 120.647567749023438, 0.813081085682029 ], [ 120.646820068359375, 0.812368273735103 ], [ 120.646369934082031, 0.812075257301444 ], [ 120.646316528320426, 0.8119797706604 ], [ 120.646446228027344, 0.810581386089439 ], [ 120.646751403808594, 0.809902846813316 ], [ 120.646842956543196, 0.809734523296413 ], [ 120.647727966308594, 0.808400392532292 ], [ 120.648010253906364, 0.808019042015076 ], [ 120.648376464843864, 0.807472169399261 ], [ 120.65012359619152, 0.805178761482182 ], [ 120.649154663086051, 0.803169310092926 ], [ 120.648971557617301, 0.802464067936 ], [ 120.648101806640625, 0.799549162387905 ], [ 120.647560119628906, 0.797317504882926 ], [ 120.646553039550781, 0.795222222805137 ], [ 120.64554595947277, 0.79244393110281 ], [ 120.644317626953125, 0.789665460586605 ], [ 120.643310546875, 0.787069261074123 ], [ 120.642662048339957, 0.785611510276908 ], [ 120.642471313476676, 0.785504579544181 ], [ 120.642227172851562, 0.785274624824581 ], [ 120.642013549804688, 0.784655392169896 ] ] ] ] } },
{ "type": "Feature", "properties": { "GID_0": "IDN", "NAME_0": "Indonesia", "GID_1": "IDN.27_1", "NAME_1": "Sulawesi Tengah", "GID_2": "IDN.27.11_1", "NAME_2": "Toli Toli", "GID_3": "IDN.27.11.9_1", "NAME_3": "Ogodeide", "GID_4": "IDN.27.11.9.5_1", "NAME_4": "Kabetan", "VARNAME_4": null, "TYPE_4": "Desa", "ENGTYPE_4": "Village", "CC_4": "7206031011" }, "geometry": { "type": "MultiPolygon", "coordinates": [ [ [ [ 120.672691345214844, 1.077985644340515 ], [ 120.675506591796989, 1.077810287475643 ], [ 120.674453735351562, 1.072305798530635 ], [ 120.671989440917969, 1.070706009864864 ], [ 120.670578002929688, 1.068396925926208 ], [ 120.667716979980469, 1.07091224193573 ], [ 120.669334411621094, 1.076385259628296 ], [ 120.672691345214844, 1.077985644340515 ] ] ], [ [ [ 120.599334716796875, 1.05733501911169 ], [ 120.599861145019531, 1.060885906219596 ], [ 120.599502563476562, 1.064081192016602 ], [ 120.604789733886719, 1.067813396453801 ], [ 120.611671447753906, 1.069416642189083 ], [ 120.616081237792969, 1.067822337150517 ], [ 120.620750427246207, 1.065865993499756 ], [ 120.625015258789062, 1.064165472984371 ], [ 120.627899169921875, 1.062505483627376 ], [ 120.631774902343977, 1.055992484092712 ], [ 120.637100219726562, 1.053611278533936 ], [ 120.639595031738509, 1.051227807998657 ], [ 120.642723083496094, 1.04955697059637 ], [ 120.644317626953125, 1.047427773475704 ], [ 120.645904541015739, 1.046008706092834 ], [ 120.644668579101562, 1.044409871101493 ], [ 120.647140502929688, 1.041748762130794 ], [ 120.657371520996207, 1.040513634681759 ], [ 120.660202026367301, 1.043064951896667 ], [ 120.665481567382812, 1.040342211723441 ], [ 120.66725158691429, 1.034129738807792 ], [ 120.665489196777344, 1.02986752986908 ], [ 120.665191650390739, 1.02739334106451 ], [ 120.66483306884777, 1.02466690540308 ], [ 120.667259216308707, 1.021702051162777 ], [ 120.674499511718977, 1.015848517417908 ], [ 120.675559997558594, 1.012831211090145 ], [ 120.668144226074219, 1.016376614570618 ], [ 120.665328979492188, 1.01530933380127 ], [ 120.664970397949332, 1.017794609069824 ], [ 120.661796569824219, 1.02258574962616 ], [ 120.65667724609375, 1.023292183876094 ], [ 120.655265808105582, 1.027907013893241 ], [ 120.652259826660156, 1.032875776291007 ], [ 120.643974304199446, 1.033224701881466 ], [ 120.642913818359375, 1.036242008209285 ], [ 120.645378112793082, 1.037841677665767 ], [ 120.644142150878906, 1.04298925399786 ], [ 120.640815734863281, 1.043508887291068 ], [ 120.639549255371094, 1.048134207725639 ], [ 120.634613037109375, 1.049728274345512 ], [ 120.627204895019645, 1.049012541770935 ], [ 120.625267028808594, 1.046880602836609 ], [ 120.618202209472656, 1.053976535797119 ], [ 120.614677429199332, 1.051310777664298 ], [ 120.613975524902344, 1.053263068199215 ], [ 120.613616943359375, 1.058411240577755 ], [ 120.607971191406364, 1.064265370368958 ], [ 120.602325439453125, 1.06106543540966 ], [ 120.598731994628906, 1.054603934288139 ], [ 120.599334716796875, 1.05733501911169 ] ] ], [ [ [ 120.664947509765625, 1.050106287002563 ], [ 120.667770385742188, 1.051173686981315 ], [ 120.668830871582145, 1.048866510391235 ], [ 120.666419982910156, 1.046623587608451 ], [ 120.664947509765625, 1.050106287002563 ] ] ] ] } },
{ "type": "Feature", "properties": { "GID_0": "IDN", "NAME_0": "Indonesia", "GID_1": "IDN.27_1", "NAME_1": "Sulawesi Tengah", "GID_2": "IDN.27.11_1", "NAME_2": "Toli Toli", "GID_3": "IDN.27.11.9_1", "NAME_3": "Ogodeide", "GID_4": "IDN.27.11.9.6_1", "NAME_4": "Kamalu", "VARNAME_4": null, "TYPE_4": "Desa", "ENGTYPE_4": "Village", "CC_4": "7206031004" }, "geometry": { "type": "MultiPolygon", "coordinates": [ [ [ [ 120.640815734863281, 0.861013412475529 ], [ 120.648429870605582, 0.875569522380886 ], [ 120.649948120117301, 0.884737074375209 ], [ 120.656669616699219, 0.886289179325217 ], [ 120.65997314453125, 0.886780858039856 ], [ 120.662803649902344, 0.888100743293705 ], [ 120.665000915527457, 0.88915657997137 ], [ 120.667694091796989, 0.890589356422424 ], [ 120.669754028320426, 0.891720414161625 ], [ 120.672592163086165, 0.892174124717712 ], [ 120.675888061523551, 0.893569648265782 ], [ 120.678329467773551, 0.894776284694785 ], [ 120.681205749511832, 0.895907938480434 ], [ 120.683258056640625, 0.896662414074058 ], [ 120.684463500976676, 0.896889150142727 ], [ 120.685340881347656, 0.897260487079564 ], [ 120.685302734375, 0.894805252552089 ], [ 120.686973571777344, 0.891666173934937 ], [ 120.688980102539062, 0.889424502849579 ], [ 120.692436218261832, 0.885501503944454 ], [ 120.696784973144531, 0.882700502872467 ], [ 120.698364257812614, 0.881381154060421 ], [ 120.700927734375, 0.879086375236568 ], [ 120.707595825195312, 0.875023186206874 ], [ 120.712738037109375, 0.872239470481929 ], [ 120.715225219726562, 0.868017613887844 ], [ 120.718940734863509, 0.856299936771393 ], [ 120.721771240234375, 0.850083410739842 ], [ 120.720085144043196, 0.849465012550297 ], [ 120.719886779785384, 0.849398493766785 ], [ 120.717536926269531, 0.848791956901607 ], [ 120.712196350097656, 0.846819221973476 ], [ 120.71185302734375, 0.846736967563629 ], [ 120.708732604980469, 0.846297919750214 ], [ 120.706375122070426, 0.846341788768825 ], [ 120.703086853027344, 0.846422731876373 ], [ 120.700973510742188, 0.845759987831116 ], [ 120.698791503906364, 0.845957815647125 ], [ 120.696105957031364, 0.847164571285305 ], [ 120.694709777832259, 0.846086144447327 ], [ 120.693313598632812, 0.845007777214107 ], [ 120.691642761230469, 0.844865560531616 ], [ 120.687950134277344, 0.845429718494415 ], [ 120.687973022460938, 0.845287501812095 ], [ 120.687835693359375, 0.845313727855626 ], [ 120.685638427734375, 0.847813427448386 ], [ 120.685470581054688, 0.847484588623047 ], [ 120.6845703125, 0.845893442630882 ], [ 120.683006286621094, 0.846676528453884 ], [ 120.681953430175895, 0.846463084220943 ], [ 120.679306030273551, 0.84615433216095 ], [ 120.679527282714957, 0.845973551273403 ], [ 120.679710388183707, 0.845821559429226 ], [ 120.682945251464957, 0.843172311782894 ], [ 120.679832458496321, 0.843932986259574 ], [ 120.678375244140739, 0.844469845295009 ], [ 120.678276062011719, 0.844313979148922 ], [ 120.677963256836051, 0.844390153884945 ], [ 120.676116943359375, 0.841392457485199 ], [ 120.675292968750114, 0.841179668903408 ], [ 120.674430847167969, 0.84128737449646 ], [ 120.670799255371094, 0.838698089122829 ], [ 120.668792724609489, 0.839581727981624 ], [ 120.668670654296875, 0.839648067951202 ], [ 120.66880035400402, 0.840087950229758 ], [ 120.670166015625114, 0.842556834220829 ], [ 120.669479370117188, 0.842327415943203 ], [ 120.669609069824332, 0.842757403850555 ], [ 120.664085388183594, 0.841261982917842 ], [ 120.664001464843977, 0.841440081596431 ], [ 120.659103393554801, 0.844617247581482 ], [ 120.658439636230469, 0.842894077301082 ], [ 120.658157348632926, 0.842479169368858 ], [ 120.658821105957031, 0.839541554450989 ], [ 120.655838012695426, 0.839825391769409 ], [ 120.65478515625, 0.842205882072449 ], [ 120.654243469238281, 0.842332005500737 ], [ 120.653152465820426, 0.842781066894531 ], [ 120.654113769531364, 0.844104409217891 ], [ 120.653030395507812, 0.845731437206325 ], [ 120.652938842773665, 0.845712900161686 ], [ 120.652870178222656, 0.84596091508871 ], [ 120.651481628418082, 0.845418810844535 ], [ 120.651008605957031, 0.845323324203548 ], [ 120.649528503418082, 0.855291545391026 ], [ 120.6494140625, 0.855893075466213 ], [ 120.649192810058707, 0.856992304325104 ], [ 120.649116516113281, 0.857394158840293 ], [ 120.645843505859375, 0.858646035194511 ], [ 120.640953063964957, 0.861062049865836 ], [ 120.640815734863281, 0.861013412475529 ] ] ] ] } },
{ "type": "Feature", "properties": { "GID_0": "IDN", "NAME_0": "Indonesia", "GID_1": "IDN.27_1", "NAME_1": "Sulawesi Tengah", "GID_2": "IDN.27.11_1", "NAME_2": "Toli Toli", "GID_3": "IDN.27.11.9_1", "NAME_3": "Ogodeide", "GID_4": "IDN.27.11.9.7_1", "NAME_4": "Labuan Lobo", "VARNAME_4": null, "TYPE_4": "Desa", "ENGTYPE_4": "Village", "CC_4": "7206031008" }, "geometry": { "type": "MultiPolygon", "coordinates": [ [ [ [ 120.729240417480696, 0.893689930438995 ], [ 120.726799011230582, 0.895165443420467 ], [ 120.725959777832031, 0.895575284957886 ], [ 120.724685668945426, 0.897072315216064 ], [ 120.723770141601676, 0.897729635238647 ], [ 120.718437194824332, 0.8981973528862 ], [ 120.716011047363281, 0.897807359695378 ], [ 120.715049743652344, 0.898011982441005 ], [ 120.714637756347656, 0.898310124874229 ], [ 120.71321105957054, 0.898943424224967 ], [ 120.711990356445312, 0.899371683597622 ], [ 120.711883544922102, 0.899407804012355 ], [ 120.705116271972656, 0.901107668876705 ], [ 120.704948425292969, 0.90110194683075 ], [ 120.70468902587902, 0.901176393032131 ], [ 120.704391479492188, 0.901176214218196 ], [ 120.704132080078239, 0.901269316673392 ], [ 120.703964233398438, 0.901395499706268 ], [ 120.703453063964844, 0.901523768901882 ], [ 120.700973510742188, 0.905140340328217 ], [ 120.700653076171989, 0.905610859394073 ], [ 120.703758239746094, 0.91750293970108 ], [ 120.701103210449219, 0.918368399143333 ], [ 120.698722839355696, 0.919234037399349 ], [ 120.698638916015625, 0.919173479080257 ], [ 120.698455810546875, 0.919233858585358 ], [ 120.697074890136832, 0.917989253997803 ], [ 120.696067810058707, 0.917231142520905 ], [ 120.695968627929688, 0.917192339897213 ], [ 120.693550109863281, 0.917096138000488 ], [ 120.692817687988395, 0.922958850860709 ], [ 120.686653137207031, 0.926030099391937 ], [ 120.686866760253906, 0.926954746246338 ], [ 120.687713623046989, 0.929632902145499 ], [ 120.687530517578239, 0.929802894592285 ], [ 120.687583923339844, 0.930033028125877 ], [ 120.686119079589844, 0.931632995605412 ], [ 120.681579589843864, 0.929228603839931 ], [ 120.681221008300895, 0.929094970226402 ], [ 120.676712036132812, 0.928558349609489 ], [ 120.676559448242188, 0.928165137767905 ], [ 120.675651550293082, 0.92802399396902 ], [ 120.674263000488281, 0.924162745475826 ], [ 120.673583984375114, 0.923448204994315 ], [ 120.67181396484375, 0.922818541526794 ], [ 120.6663818359375, 0.924415826797599 ], [ 120.661338806152571, 0.926146805286521 ], [ 120.655525207519531, 0.925963819026947 ], [ 120.654792785644531, 0.92622488737112 ], [ 120.653999328613281, 0.926989555358887 ], [ 120.65264892578125, 0.927479088306427 ], [ 120.650405883789062, 0.927778422832489 ], [ 120.647613525390739, 0.928769946098441 ], [ 120.647407531738509, 0.928769826889095 ], [ 120.647033691406477, 0.928958296775875 ], [ 120.645935058593864, 0.928875803947506 ], [ 120.645210266113281, 0.928768336772976 ], [ 120.6431884765625, 0.928772330284119 ], [ 120.642372131347656, 0.9328733086586 ], [ 120.642478942871207, 0.934163928031921 ], [ 120.641853332519531, 0.935486078262443 ], [ 120.641792297363281, 0.935794591903743 ], [ 120.641693115234602, 0.93581235408783 ], [ 120.641563415527457, 0.936092793941555 ], [ 120.638191223144531, 0.936814963817653 ], [ 120.637046813964844, 0.93692076206213 ], [ 120.635269165039176, 0.937664449215049 ], [ 120.635292053222656, 0.939547121524811 ], [ 120.638496398925895, 0.938376545906181 ], [ 120.641113281250227, 0.942287504672947 ], [ 120.644645690917969, 0.943208217620793 ], [ 120.647331237792969, 0.941119015216827 ], [ 120.650245666503906, 0.941120982170219 ], [ 120.652572631836051, 0.942881703376884 ], [ 120.654808044433594, 0.943469583988303 ], [ 120.657524108886946, 0.941614568233604 ], [ 120.658393859863281, 0.942396998405457 ], [ 120.657524108886946, 0.945132851600647 ], [ 120.65946197509777, 0.945231914520264 ], [ 120.661209106445426, 0.946308135986385 ], [ 120.663345336914062, 0.947091460227909 ], [ 120.665168762207145, 0.947828054428157 ], [ 120.667228698730469, 0.947778165340424 ], [ 120.667716979980469, 0.949342191219387 ], [ 120.670555114746207, 0.94998121261608 ], [ 120.671104431152457, 0.950106024742183 ], [ 120.671264648437614, 0.949824810028133 ], [ 120.671600341796875, 0.94975042343151 ], [ 120.674003601074219, 0.944968938827515 ], [ 120.67506408691429, 0.94307994842535 ], [ 120.678390502929688, 0.940665364265556 ], [ 120.679756164550781, 0.939766764640808 ], [ 120.680183410644531, 0.939706444740239 ], [ 120.687042236328125, 0.938971221446991 ], [ 120.693672180175781, 0.938041746616364 ], [ 120.710586547851676, 0.925779819488469 ], [ 120.732933044433707, 0.911078691482544 ], [ 120.733108520507926, 0.910965085029545 ], [ 120.733283996582145, 0.910848557949123 ], [ 120.728431701660156, 0.903630256652889 ], [ 120.727958679199332, 0.902716338634491 ], [ 120.729240417480696, 0.893689930438995 ] ] ] ] } },
{ "type": "Feature", "properties": { "GID_0": "IDN", "NAME_0": "Indonesia", "GID_1": "IDN.27_1", "NAME_1": "Sulawesi Tengah", "GID_2": "IDN.27.11_1", "NAME_2": "Toli Toli", "GID_3": "IDN.27.11.9_1", "NAME_3": "Ogodeide", "GID_4": "IDN.27.11.9.8_1", "NAME_4": "Muara Besar", "VARNAME_4": null, "TYPE_4": "Desa", "ENGTYPE_4": "Village", "CC_4": "7206031005" }, "geometry": { "type": "MultiPolygon", "coordinates": [ [ [ [ 120.640815734863281, 0.861013412475529 ], [ 120.63217926025402, 0.857870697975159 ], [ 120.623291015625, 0.859824061393738 ], [ 120.614021301269531, 0.861924290657157 ], [ 120.60398101806652, 0.866606533527374 ], [ 120.604080200195312, 0.866303503513279 ], [ 120.603942871093864, 0.866366446018219 ], [ 120.603294372558594, 0.868758916854915 ], [ 120.60369873046875, 0.872014462947902 ], [ 120.605987548828125, 0.875949382781982 ], [ 120.610702514648438, 0.875545501709041 ], [ 120.610702514648438, 0.880699694156647 ], [ 120.613395690917969, 0.8826003074646 ], [ 120.614334106445312, 0.884364247322083 ], [ 120.615547180175781, 0.886535167694092 ], [ 120.616622924804688, 0.890740633010864 ], [ 120.616699218750227, 0.890713214874324 ], [ 120.619720458984375, 0.889657557010764 ], [ 120.622261047363395, 0.889575481414852 ], [ 120.627944946289062, 0.889391601085777 ], [ 120.637641906738281, 0.888177156448478 ], [ 120.644111633300781, 0.887774348258972 ], [ 120.649635314941406, 0.885065078735408 ], [ 120.649620056152344, 0.884949564933891 ], [ 120.649948120117301, 0.884737074375209 ], [ 120.648429870605582, 0.875569522380886 ], [ 120.640815734863281, 0.861013412475529 ] ] ] ] } },
{ "type": "Feature", "properties": { "GID_0": "IDN", "NAME_0": "Indonesia", "GID_1": "IDN.27_1", "NAME_1": "Sulawesi Tengah", "GID_2": "IDN.27.11_1", "NAME_2": "Toli Toli", "GID_3": "IDN.27.11.9_1", "NAME_3": "Ogodeide", "GID_4": "IDN.27.11.9.9_1", "NAME_4": "Pagaitan", "VARNAME_4": null, "TYPE_4": "Desa", "ENGTYPE_4": "Village", "CC_4": "7206031007" }, "geometry": { "type": "MultiPolygon", "coordinates": [ [ [ [ 120.721771240234375, 0.850083410739842 ], [ 120.718940734863509, 0.856299936771393 ], [ 120.715225219726562, 0.868017613887844 ], [ 120.712738037109375, 0.872239470481929 ], [ 120.707595825195312, 0.875023186206874 ], [ 120.700927734375, 0.879086375236568 ], [ 120.698364257812614, 0.881381154060421 ], [ 120.696784973144531, 0.882700502872467 ], [ 120.692436218261832, 0.885501503944454 ], [ 120.688980102539062, 0.889424502849579 ], [ 120.686973571777344, 0.891666173934937 ], [ 120.685302734375, 0.894805252552089 ], [ 120.685340881347656, 0.897260487079564 ], [ 120.6859130859375, 0.89750462770462 ], [ 120.687400817871094, 0.898164629936332 ], [ 120.689178466797102, 0.899130940437317 ], [ 120.689414978027457, 0.899261772632656 ], [ 120.690994262695312, 0.899892330169735 ], [ 120.692916870117188, 0.900709569454307 ], [ 120.693275451660156, 0.900764584541378 ], [ 120.69797515869152, 0.902635037899074 ], [ 120.69842529296875, 0.902904808521271 ], [ 120.69947814941429, 0.903616607189292 ], [ 120.69974517822277, 0.903954863548392 ], [ 120.70001220703125, 0.904216349124852 ], [ 120.700073242187614, 0.904269814491386 ], [ 120.70029449462902, 0.904624342918453 ], [ 120.700492858886832, 0.904960215091762 ], [ 120.70047760009777, 0.905407905578727 ], [ 120.700973510742188, 0.905140340328217 ], [ 120.703453063964844, 0.901523768901882 ], [ 120.703964233398438, 0.901395499706268 ], [ 120.704132080078239, 0.901269316673392 ], [ 120.704391479492188, 0.901176214218196 ], [ 120.70468902587902, 0.901176393032131 ], [ 120.704948425292969, 0.90110194683075 ], [ 120.705116271972656, 0.901107668876705 ], [ 120.711883544922102, 0.899407804012355 ], [ 120.711990356445312, 0.899371683597622 ], [ 120.71321105957054, 0.898943424224967 ], [ 120.714637756347656, 0.898310124874229 ], [ 120.715049743652344, 0.898011982441005 ], [ 120.716011047363281, 0.897807359695378 ], [ 120.718437194824332, 0.8981973528862 ], [ 120.723770141601676, 0.897729635238647 ], [ 120.724685668945426, 0.897072315216064 ], [ 120.725959777832031, 0.895575284957886 ], [ 120.726799011230582, 0.895165443420467 ], [ 120.729240417480696, 0.893689930438995 ], [ 120.729255676269645, 0.893590867519379 ], [ 120.743362426757926, 0.856458902359122 ], [ 120.743927001953352, 0.855408132076263 ], [ 120.743774414062614, 0.855381429195461 ], [ 120.740371704101676, 0.854793012142238 ], [ 120.734527587890625, 0.857031345367488 ], [ 120.733924865722656, 0.857334733009452 ], [ 120.731285095214844, 0.853422164916992 ], [ 120.725852966308707, 0.851577877998409 ], [ 120.724777221679688, 0.851182878017426 ], [ 120.722892761230469, 0.850493311882019 ], [ 120.721771240234375, 0.850083410739842 ] ] ] ] } },
{ "type": "Feature", "properties": { "GID_0": "IDN", "NAME_0": "Indonesia", "GID_1": "IDN.27_1", "NAME_1": "Sulawesi Tengah", "GID_2": "IDN.27.11_1", "NAME_2": "Toli Toli", "GID_3": "IDN.27.11.9_1", "NAME_3": "Ogodeide", "GID_4": "IDN.27.11.9.10_1", "NAME_4": "Pulias", "VARNAME_4": null, "TYPE_4": "Desa", "ENGTYPE_4": "Village", "CC_4": "7206031010" }, "geometry": { "type": "MultiPolygon", "coordinates": [ [ [ [ 120.705589294433821, 0.997557103633937 ], [ 120.705619812011832, 0.997747421264762 ], [ 120.711074829101562, 0.999603509902954 ], [ 120.714767456054801, 1.001517772674674 ], [ 120.720565795898438, 1.002159118652457 ], [ 120.727737426757926, 1.002376556396541 ], [ 120.730064392089957, 1.000147819519157 ], [ 120.732597351074219, 0.998131632804871 ], [ 120.73565673828125, 0.997815191745701 ], [ 120.734817504882926, 0.993672490119877 ], [ 120.733444213867301, 0.991866052150726 ], [ 120.73154449462902, 0.992926836013794 ], [ 120.731018066406364, 0.990165054798183 ], [ 120.728378295898438, 0.992181181907711 ], [ 120.727958679199332, 0.98995053768158 ], [ 120.726585388183707, 0.991224110126552 ], [ 120.725006103515625, 0.992497444152889 ], [ 120.7252197265625, 0.990798294544334 ], [ 120.722785949707145, 0.99154007434845 ], [ 120.721794128418196, 0.990047633648032 ], [ 120.72415924072277, 0.989204466342983 ], [ 120.725639343261832, 0.987399995326996 ], [ 120.725112915039176, 0.98612517118454 ], [ 120.723518371582259, 0.986311256885529 ], [ 120.722686767578125, 0.985380053520259 ], [ 120.718040466308707, 0.989731311798039 ], [ 120.720046997070312, 0.985590636730194 ], [ 120.718147277832031, 0.985695540905112 ], [ 120.715194702148551, 0.989092051982823 ], [ 120.715087890625, 0.987074077129478 ], [ 120.711395263671875, 0.986965358257351 ], [ 120.710235595703239, 0.990681707859096 ], [ 120.708969116210938, 0.989193975925559 ], [ 120.708122253418082, 0.991636097431297 ], [ 120.708023071289062, 0.988662302494049 ], [ 120.706863403320312, 0.986324965953941 ], [ 120.704254150390852, 0.988055646419525 ], [ 120.704437255859602, 0.989263236522618 ], [ 120.705703735351562, 0.99760913848877 ], [ 120.705589294433821, 0.997557103633937 ] ] ], [ [ [ 120.750747680664062, 0.939229190349579 ], [ 120.731750488281364, 0.943722665309906 ], [ 120.729606628417969, 0.944048047065735 ], [ 120.717071533203239, 0.94549161195755 ], [ 120.703231811523438, 0.948018968105373 ], [ 120.699150085449332, 0.953432679176444 ], [ 120.699020385742188, 0.953596413135642 ], [ 120.69895172119152, 0.953688979148978 ], [ 120.699813842773438, 0.956689119339103 ], [ 120.69992828369152, 0.958101272583065 ], [ 120.700035095214844, 0.961599767208099 ], [ 120.70343017578125, 0.985175728797969 ], [ 120.703544616699332, 0.98595434427267 ], [ 120.703636169433594, 0.985924363136348 ], [ 120.705680847167969, 0.98188304901123 ], [ 120.703544616699332, 0.980960607528743 ], [ 120.705375671386719, 0.978352427482719 ], [ 120.707893371582145, 0.979812383651847 ], [ 120.708045959472656, 0.977817058563232 ], [ 120.706291198730469, 0.976818144321442 ], [ 120.70713043212902, 0.974362790584564 ], [ 120.711936950683707, 0.97405910491949 ], [ 120.712089538574332, 0.976591885089988 ], [ 120.714302062988281, 0.974904954433498 ], [ 120.715293884277344, 0.976287066936493 ], [ 120.717506408691406, 0.975214123725948 ], [ 120.71744537353527, 0.978105068206901 ], [ 120.718505859375, 0.977062046527919 ], [ 120.721260070800895, 0.975325584411621 ], [ 120.721450805664176, 0.974366366863364 ], [ 120.722801208496207, 0.972847819328365 ], [ 120.720977783203125, 0.972063601017112 ], [ 120.720275878906477, 0.969553768634853 ], [ 120.719856262207031, 0.96286249160778 ], [ 120.71250152587902, 0.959202647209224 ], [ 120.705261230468864, 0.961596071720237 ], [ 120.711547851562614, 0.958530485630035 ], [ 120.712600708007812, 0.957955539226646 ], [ 120.714698791503906, 0.959012269973812 ], [ 120.717460632324332, 0.957766950130519 ], [ 120.720787048339844, 0.961230814457053 ], [ 120.72470855712902, 0.965202271938324 ], [ 120.728797912597656, 0.962667226791382 ], [ 120.731369018554801, 0.961325883865413 ], [ 120.732231140136719, 0.96161425113678 ], [ 120.729179382324219, 0.963530898094234 ], [ 120.731567382812614, 0.964888274669647 ], [ 120.727340698242301, 0.965735077858085 ], [ 120.7249755859375, 0.971228301525116 ], [ 120.726425170898551, 0.971536278724784 ], [ 120.730697631835938, 0.968622744083518 ], [ 120.731918334961051, 0.970542311668396 ], [ 120.729934692382812, 0.971922397613639 ], [ 120.728713989257926, 0.971230864524898 ], [ 120.72723388671875, 0.973063290119285 ], [ 120.729766845703125, 0.973914623260498 ], [ 120.729972839355469, 0.97731339931488 ], [ 120.733245849609602, 0.979014933109283 ], [ 120.734443664550895, 0.978222608566398 ], [ 120.735038757324219, 0.974130630493221 ], [ 120.737251281738509, 0.976362466812191 ], [ 120.73789215087902, 0.974769771099091 ], [ 120.74200439453125, 0.974560141563472 ], [ 120.744216918945312, 0.975305080413818 ], [ 120.741790771484375, 0.975940704345817 ], [ 120.741157531738281, 0.977214753627891 ], [ 120.741897583007926, 0.979658007621822 ], [ 120.73915100097679, 0.978912711143607 ], [ 120.737251281738509, 0.980185925960598 ], [ 120.737251281738509, 0.98411554098135 ], [ 120.740623474121094, 0.985923409462032 ], [ 120.738311767578125, 0.987277805805206 ], [ 120.738311767578125, 0.989657044410819 ], [ 120.739906311035156, 0.988967418670654 ], [ 120.74167633056652, 0.990809619426841 ], [ 120.741783142089844, 0.992402851581573 ], [ 120.738929748535156, 0.994206368923301 ], [ 120.741142272949219, 0.995270013809204 ], [ 120.74220275878929, 0.993252754211483 ], [ 120.745048522949219, 0.99251127243042 ], [ 120.745574951171875, 0.993467509746608 ], [ 120.747901916503906, 0.993469119072074 ], [ 120.747055053710938, 0.996229946613425 ], [ 120.74948883056652, 1.001351594924927 ], [ 120.748466491699219, 0.971781849861202 ], [ 120.751853942871094, 0.946572542190665 ], [ 120.751869201660156, 0.946472227573452 ], [ 120.750785827636946, 0.939356923103389 ], [ 120.750747680664062, 0.939229190349579 ] ] ], [ [ [ 120.719192504882926, 0.982618153095302 ], [ 120.718742370605696, 0.98305565118801 ], [ 120.718170166015852, 0.9832741618157 ], [ 120.718254089355469, 0.983737766742763 ], [ 120.719009399414176, 0.984098792076168 ], [ 120.719573974609489, 0.983661413192806 ], [ 120.719535827636832, 0.982669949531612 ], [ 120.719192504882926, 0.982618153095302 ] ] ] ] } },
{ "type": "Feature", "properties": { "GID_0": "IDN", "NAME_0": "Indonesia", "GID_1": "IDN.27_1", "NAME_1": "Sulawesi Tengah", "GID_2": "IDN.27.11_1", "NAME_2": "Toli Toli", "GID_3": "IDN.27.11.9_1", "NAME_3": "Ogodeide", "GID_4": "IDN.27.11.9.11_1", "NAME_4": "Sambujan", "VARNAME_4": null, "TYPE_4": "Desa", "ENGTYPE_4": "Village", "CC_4": "7206031009" }, "geometry": { "type": "MultiPolygon", "coordinates": [ [ [ [ 120.704254150390852, 0.988055646419525 ], [ 120.702941894531364, 0.987246453762111 ], [ 120.702278137207031, 0.99018520116806 ], [ 120.700088500976676, 0.991800248622951 ], [ 120.699722290039176, 0.993196070194358 ], [ 120.701766967773665, 0.994373202323914 ], [ 120.703590393066406, 0.996652364730949 ], [ 120.705589294433821, 0.997557103633937 ], [ 120.705703735351562, 0.99760913848877 ], [ 120.704437255859602, 0.989263236522618 ], [ 120.704254150390852, 0.988055646419525 ] ] ], [ [ [ 120.687614440917969, 0.984443485736961 ], [ 120.68790435791027, 0.985766351223106 ], [ 120.687614440917969, 0.986427426338253 ], [ 120.687316894531364, 0.987823367118835 ], [ 120.689071655273438, 0.987604141235352 ], [ 120.689804077148551, 0.986796379089469 ], [ 120.690650939941406, 0.98681169748312 ], [ 120.691261291503906, 0.986503481864929 ], [ 120.690170288086051, 0.985400497913474 ], [ 120.687614440917969, 0.984443485736961 ] ] ], [ [ [ 120.733108520507926, 0.910965085029545 ], [ 120.732933044433707, 0.911078691482544 ], [ 120.710586547851676, 0.925779819488469 ], [ 120.693672180175781, 0.938041746616364 ], [ 120.687042236328125, 0.938971221446991 ], [ 120.680183410644531, 0.939706444740239 ], [ 120.679756164550781, 0.939766764640808 ], [ 120.678390502929688, 0.940665364265556 ], [ 120.67506408691429, 0.94307994842535 ], [ 120.674003601074219, 0.944968938827515 ], [ 120.671600341796875, 0.94975042343151 ], [ 120.671264648437614, 0.949824810028133 ], [ 120.671104431152457, 0.950106024742183 ], [ 120.670555114746207, 0.94998121261608 ], [ 120.664375305175781, 0.951336622238273 ], [ 120.663230895996094, 0.952943205833492 ], [ 120.665397644043082, 0.955700099468345 ], [ 120.666534423828239, 0.955471277236938 ], [ 120.668022155761832, 0.957538902759666 ], [ 120.670074462890625, 0.957884728908539 ], [ 120.668624877929801, 0.959856569767112 ], [ 120.669036865234489, 0.961445152759552 ], [ 120.670982360839844, 0.961214840412197 ], [ 120.669540405273665, 0.96338415145874 ], [ 120.670150756836051, 0.965727984905357 ], [ 120.671775817871094, 0.966037452220974 ], [ 120.673263549804688, 0.964431107044277 ], [ 120.674758911132926, 0.965181887149924 ], [ 120.676666259765739, 0.964634656906185 ], [ 120.675544738769531, 0.961677253246307 ], [ 120.675857543945426, 0.960551679134312 ], [ 120.67508697509777, 0.959610342979545 ], [ 120.676460266113395, 0.958348333835602 ], [ 120.677261352539062, 0.95559340715414 ], [ 120.676116943359375, 0.954214930534363 ], [ 120.6767578125, 0.953074157238063 ], [ 120.678512573242301, 0.953527688980216 ], [ 120.679428100585938, 0.952035725116787 ], [ 120.678863525390625, 0.950542807579154 ], [ 120.682327270507926, 0.949653923511619 ], [ 120.681365966797102, 0.95295554399496 ], [ 120.682624816894531, 0.952841579914093 ], [ 120.683532714843864, 0.952268123626652 ], [ 120.684898376464844, 0.953205823898429 ], [ 120.686958312988395, 0.952500104904232 ], [ 120.687408447265625, 0.953383147716636 ], [ 120.689018249511832, 0.953497469425145 ], [ 120.687408447265625, 0.955485522747153 ], [ 120.688667297363395, 0.955830812454337 ], [ 120.686386108398551, 0.957436621189231 ], [ 120.685356140136719, 0.956632196903286 ], [ 120.682731628418082, 0.957204520702476 ], [ 120.683578491210938, 0.95853328704834 ], [ 120.680679321289062, 0.961221516132468 ], [ 120.683174133300781, 0.961808741092682 ], [ 120.689384460449332, 0.959094226360378 ], [ 120.692596435546875, 0.956818521022797 ], [ 120.69266510009777, 0.959096491336879 ], [ 120.691207885742188, 0.960932493209896 ], [ 120.692672729492301, 0.961084127426204 ], [ 120.694564819336051, 0.959097743034476 ], [ 120.694671630859375, 0.960203647613582 ], [ 120.697410583496207, 0.961230576038361 ], [ 120.694778442382926, 0.961302280426025 ], [ 120.693977355957145, 0.963138759136314 ], [ 120.695877075195426, 0.965858817100582 ], [ 120.694198608398551, 0.964902400970459 ], [ 120.692733764648438, 0.965709686279297 ], [ 120.693389892578239, 0.964534461498317 ], [ 120.692886352539062, 0.963431954383907 ], [ 120.691856384277571, 0.964900851249752 ], [ 120.690475463867188, 0.963944613933563 ], [ 120.689666748046875, 0.96504628658306 ], [ 120.690254211425781, 0.965928435325736 ], [ 120.688934326171875, 0.968719780445213 ], [ 120.688072204589957, 0.968250095844326 ], [ 120.687843322754134, 0.970556020736751 ], [ 120.686676025390625, 0.971510410308952 ], [ 120.686088562011719, 0.970407843589783 ], [ 120.68487548828125, 0.969713032245636 ], [ 120.682365417480582, 0.968274354934692 ], [ 120.678726196289176, 0.970092296600342 ], [ 120.682289123535156, 0.975401818752403 ], [ 120.686157226562614, 0.976212799549046 ], [ 120.686622619628906, 0.978772938251495 ], [ 120.688011169433594, 0.979852974414939 ], [ 120.6917724609375, 0.982241988182011 ], [ 120.691627502441406, 0.983858466148433 ], [ 120.692886352539062, 0.984561502933502 ], [ 120.694404602050895, 0.984227776527518 ], [ 120.694488525390625, 0.985454976558742 ], [ 120.697029113769645, 0.986874938011169 ], [ 120.698196411132926, 0.986763954162711 ], [ 120.700096130371207, 0.98577481508255 ], [ 120.699440002441406, 0.9817329645158 ], [ 120.697616577148551, 0.979674279689789 ], [ 120.699951171875, 0.978279769420567 ], [ 120.701126098632812, 0.97490048408514 ], [ 120.701934814453125, 0.978645801544303 ], [ 120.700462341308707, 0.980337560176849 ], [ 120.701408386230582, 0.983938753604946 ], [ 120.703590393066406, 0.986253559589386 ], [ 120.703544616699332, 0.98595434427267 ], [ 120.70343017578125, 0.985175728797969 ], [ 120.700035095214844, 0.961599767208099 ], [ 120.69992828369152, 0.958101272583065 ], [ 120.699813842773438, 0.956689119339103 ], [ 120.69895172119152, 0.953688979148978 ], [ 120.699020385742188, 0.953596413135642 ], [ 120.699150085449332, 0.953432679176444 ], [ 120.703231811523438, 0.948018968105373 ], [ 120.717071533203239, 0.94549161195755 ], [ 120.729606628417969, 0.944048047065735 ], [ 120.731750488281364, 0.943722665309906 ], [ 120.750747680664062, 0.939229190349579 ], [ 120.750450134277457, 0.9359286427499 ], [ 120.749839782715071, 0.929915726184902 ], [ 120.749427795410156, 0.929455399513358 ], [ 120.733108520507926, 0.910965085029545 ] ] ] ] } },
{ "type": "Feature", "properties": { "GID_0": "IDN", "NAME_0": "Indonesia", "GID_1": "IDN.27_1", "NAME_1": "Sulawesi Tengah", "GID_2": "IDN.27.11_1", "NAME_2": "Toli Toli", "GID_3": "IDN.27.11.10_1", "NAME_3": "Tolitoli Utara", "GID_4": "IDN.27.11.10.1_1", "NAME_4": "Binontoan", "VARNAME_4": null, "TYPE_4": "Desa", "ENGTYPE_4": "Village", "CC_4": "7206060010" }, "geometry": { "type": "MultiPolygon", "coordinates": [ [ [ [ 121.141937255859375, 1.290184736251774 ], [ 121.141845703125114, 1.290128469467163 ], [ 121.139236450195312, 1.288470029831046 ], [ 121.136955261230469, 1.287841916084403 ], [ 121.135566711425895, 1.2867671251297 ], [ 121.135444641113281, 1.286667227745113 ], [ 121.135498046875227, 1.286342620849609 ], [ 121.135467529296875, 1.286088109016475 ], [ 121.135551452636832, 1.28599846363079 ], [ 121.135574340820426, 1.285867810249329 ], [ 121.136009216308594, 1.285541534423771 ], [ 121.1365966796875, 1.284948945045528 ], [ 121.13720703125, 1.283459544181881 ], [ 121.137557983398438, 1.283331632614136 ], [ 121.13840484619152, 1.282953262329158 ], [ 121.138542175292969, 1.282478094101066 ], [ 121.137641906738395, 1.282408237457389 ], [ 121.136421203613281, 1.283372282981873 ], [ 121.134071350097656, 1.283110618591422 ], [ 121.13401031494152, 1.283032894134521 ], [ 121.133666992187614, 1.282662391662598 ], [ 121.132820129394531, 1.281505942344779 ], [ 121.132820129394531, 1.281271338462886 ], [ 121.132690429687614, 1.280145049095154 ], [ 121.132026672363281, 1.279425024986381 ], [ 121.131019592285156, 1.278469562530518 ], [ 121.130538940429915, 1.277144432067928 ], [ 121.130363464355582, 1.276813387870902 ], [ 121.128845214843864, 1.277069091796875 ], [ 121.128150939941406, 1.276018261909542 ], [ 121.128204345703125, 1.27582955360424 ], [ 121.128570556640625, 1.274376511573905 ], [ 121.128318786621207, 1.273302912712154 ], [ 121.127479553222656, 1.271883845329285 ], [ 121.127304077148665, 1.271629691124019 ], [ 121.127281188964844, 1.271551489830074 ], [ 121.127746582031364, 1.26951789855957 ], [ 121.127792358398438, 1.269269704818839 ], [ 121.129364013671875, 1.26872098445898 ], [ 121.129470825195426, 1.268612742424125 ], [ 121.130844116210938, 1.26699519157421 ], [ 121.129974365234602, 1.26559412479412 ], [ 121.129997253418082, 1.265503048896903 ], [ 121.130081176757812, 1.265195846557617 ], [ 121.130233764648551, 1.264630556106681 ], [ 121.130332946777344, 1.264519333839417 ], [ 121.131446838378906, 1.264518857002315 ], [ 121.132148742675781, 1.264454483985901 ], [ 121.1298828125, 1.2608642578125 ], [ 121.127029418945312, 1.257190227508659 ], [ 121.077613830566406, 1.193738460540715 ], [ 121.075042724609602, 1.188682436943054 ], [ 121.065093994140625, 1.169168710708732 ], [ 121.059135437011719, 1.157482981681824 ], [ 121.054061889648665, 1.14642250537878 ], [ 121.05377197265625, 1.145797610282955 ], [ 121.053230285644531, 1.145879149437064 ], [ 121.046585083007812, 1.146881699562073 ], [ 121.040580749511832, 1.143396496772766 ], [ 121.039268493652344, 1.14250493049633 ], [ 121.028327941894645, 1.145310163497982 ], [ 121.027885437011719, 1.148168921470699 ], [ 121.03668212890625, 1.15606880187994 ], [ 121.037925720214844, 1.15721607208252 ], [ 121.037109375000114, 1.159839391708374 ], [ 121.036781311035156, 1.16074180603033 ], [ 121.037094116211051, 1.166987657546997 ], [ 121.036590576171875, 1.167713761329594 ], [ 121.036376953125114, 1.168064951896724 ], [ 121.036666870117188, 1.169635057449341 ], [ 121.037582397460938, 1.174883961677551 ], [ 121.038604736328352, 1.183857083320618 ], [ 121.03875732421875, 1.185412526130733 ], [ 121.038803100586165, 1.185541272163391 ], [ 121.038841247558707, 1.185914278030509 ], [ 121.042625427246207, 1.198219060897941 ], [ 121.044731140136832, 1.205007910728511 ], [ 121.04443359375, 1.212573289871216 ], [ 121.04953765869152, 1.223786354064998 ], [ 121.055564880371094, 1.23731374740612 ], [ 121.056282043457031, 1.238588690757751 ], [ 121.063613891601676, 1.254695177078247 ], [ 121.064872741699219, 1.257461667060909 ], [ 121.065422058105469, 1.258658051490841 ], [ 121.081047058105469, 1.288051009178162 ], [ 121.098037719726562, 1.313434720039425 ], [ 121.09989166259777, 1.316245317459106 ], [ 121.100059509277457, 1.31641066074377 ], [ 121.124069213867301, 1.303261160850582 ], [ 121.133384704589844, 1.298439383506775 ], [ 121.143127441406477, 1.292741537094116 ], [ 121.141937255859375, 1.290184736251774 ] ] ] ] } },
{ "type": "Feature", "properties": { "GID_0": "IDN", "NAME_0": "Indonesia", "GID_1": "IDN.27_1", "NAME_1": "Sulawesi Tengah", "GID_2": "IDN.27.11_1", "NAME_2": "Toli Toli", "GID_3": "IDN.27.11.10_1", "NAME_3": "Tolitoli Utara", "GID_4": "IDN.27.11.10.2_1", "NAME_4": "Diule", "VARNAME_4": null, "TYPE_4": "Desa", "ENGTYPE_4": "Village", "CC_4": "7206060008" }, "geometry": { "type": "MultiPolygon", "coordinates": [ [ [ [ 120.969871520996094, 1.264867544174251 ], [ 120.969673156738281, 1.264798521995544 ], [ 120.970550537109489, 1.267293334007263 ], [ 120.971626281738281, 1.271160244941825 ], [ 120.972618103027571, 1.273227214813176 ], [ 120.973045349121207, 1.274456858635006 ], [ 120.973403930664176, 1.274866461753845 ], [ 120.973869323730469, 1.275828123092708 ], [ 120.974990844726562, 1.276677250862235 ], [ 120.976501464843864, 1.278408288955688 ], [ 120.9776611328125, 1.281007051467896 ], [ 120.979011535644531, 1.284230828285331 ], [ 120.980468750000114, 1.285744786262626 ], [ 120.983383178710938, 1.28913235664379 ], [ 120.987014770507812, 1.293953776359558 ], [ 120.987503051757926, 1.294649362564201 ], [ 120.992790222167969, 1.299611568450928 ], [ 120.994171142578352, 1.301283001899776 ], [ 120.998664855957031, 1.307279825210628 ], [ 121.007156372070426, 1.324566483497676 ], [ 121.008285522461165, 1.326017260551509 ], [ 121.009025573730469, 1.326963186264038 ], [ 121.018035888671989, 1.325259685516471 ], [ 121.020751953125114, 1.329367995262203 ], [ 121.025512695312614, 1.327660918235779 ], [ 121.024833679199219, 1.322869896888847 ], [ 121.034187316894531, 1.321166396141109 ], [ 121.038436889648551, 1.321854114532471 ], [ 121.039283752441406, 1.3204860687257 ], [ 121.039245605468864, 1.320417523384208 ], [ 121.034675598144645, 1.312377333641109 ], [ 121.017387390136719, 1.281589150428772 ], [ 121.01751708984375, 1.270370125770683 ], [ 121.017623901367415, 1.26618409156805 ], [ 121.010658264160156, 1.251399993896428 ], [ 121.005691528320312, 1.242092132568359 ], [ 121.005531311035156, 1.241789937019405 ], [ 121.00009918212902, 1.227197408676204 ], [ 120.988998413085938, 1.230266213417053 ], [ 120.983551025390739, 1.230714559555054 ], [ 120.981216430664176, 1.230828166007996 ], [ 120.97666168212902, 1.231611847877616 ], [ 120.968048095703239, 1.231605172157344 ], [ 120.967918395996207, 1.231620311737061 ], [ 120.96784973144554, 1.232017040252742 ], [ 120.967582702636719, 1.232099056243896 ], [ 120.967582702636719, 1.233624577522221 ], [ 120.966606140136719, 1.239427566528377 ], [ 120.966239929199219, 1.241618871688786 ], [ 120.969703674316406, 1.252359986305237 ], [ 120.970512390136946, 1.255431771278438 ], [ 120.970504760742188, 1.264578700065613 ], [ 120.970504760742188, 1.265188097953853 ], [ 120.969871520996094, 1.264867544174251 ] ] ] ] } },
{ "type": "Feature", "properties": { "GID_0": "IDN", "NAME_0": "Indonesia", "GID_1": "IDN.27_1", "NAME_1": "Sulawesi Tengah", "GID_2": "IDN.27.11_1", "NAME_2": "Toli Toli", "GID_3": "IDN.27.11.10_1", "NAME_3": "Tolitoli Utara", "GID_4": "IDN.27.11.10.3_1", "NAME_4": "Lakuan Tolitoli", "VARNAME_4": null, "TYPE_4": "Desa", "ENGTYPE_4": "Village", "CC_4": "7206060011" }, "geometry": { "type": "MultiPolygon", "coordinates": [ [ [ [ 121.080200195312614, 1.133341431617737 ], [ 121.077682495117188, 1.132835865020752 ], [ 121.073188781738395, 1.135484457016105 ], [ 121.071907043457031, 1.136268377304077 ], [ 121.07181549072277, 1.13632249832159 ], [ 121.065040588378906, 1.143135905265865 ], [ 121.058753967285156, 1.144554615020866 ], [ 121.058700561523551, 1.144644856452942 ], [ 121.063789367676009, 1.154861092567444 ], [ 121.067092895507926, 1.162602543830928 ], [ 121.071601867676009, 1.170625090599174 ], [ 121.073890686035384, 1.175133228302002 ], [ 121.076873779296875, 1.181105971336365 ], [ 121.080192565918196, 1.188041687011719 ], [ 121.080574035644759, 1.188532590866203 ], [ 121.080757141113509, 1.188907742500419 ], [ 121.130126953125, 1.252442836761475 ], [ 121.153442382812614, 1.282543063163871 ], [ 121.154335021972656, 1.283444166183472 ], [ 121.1556396484375, 1.284761667251701 ], [ 121.163116455078125, 1.277635455131588 ], [ 121.177452087402344, 1.267888188362178 ], [ 121.176742553711051, 1.260527968406734 ], [ 121.176383972168082, 1.256765723228568 ], [ 121.177017211914062, 1.255911231041011 ], [ 121.177360534667969, 1.254834294319153 ], [ 121.177421569824219, 1.253945589065609 ], [ 121.17691802978527, 1.253774881363029 ], [ 121.176742553711051, 1.253433227539062 ], [ 121.177116394043082, 1.252971529960746 ], [ 121.177574157714844, 1.25227069854742 ], [ 121.177421569824219, 1.251484513282776 ], [ 121.177154541015739, 1.250783920288143 ], [ 121.17706298828125, 1.249963641166687 ], [ 121.177352905273438, 1.249536275863761 ], [ 121.177474975586051, 1.248767137527409 ], [ 121.177253723144531, 1.248340010643005 ], [ 121.176078796386719, 1.247998714447078 ], [ 121.17572021484375, 1.247469067573491 ], [ 121.175621032714957, 1.24572587013256 ], [ 121.175346374511719, 1.245008111000061 ], [ 121.174705505371094, 1.244478702545223 ], [ 121.174003601074219, 1.244222640991211 ], [ 121.173393249511719, 1.244581818580741 ], [ 121.1728515625, 1.244821310043278 ], [ 121.172363281250114, 1.244582295417786 ], [ 121.172004699707145, 1.244172215461845 ], [ 121.171882629394531, 1.243574142456168 ], [ 121.171676635742188, 1.242890596389827 ], [ 121.171173095703352, 1.242446422576904 ], [ 121.170425415039176, 1.242207527160701 ], [ 121.169151306152344, 1.242327690124569 ], [ 121.16802978515625, 1.242482066154594 ], [ 121.167587280273551, 1.242520928382874 ], [ 121.165191650390625, 1.239960551261845 ], [ 121.161262512207145, 1.243454694747868 ], [ 121.161102294921989, 1.24353384971613 ], [ 121.160789489746094, 1.243717312812805 ], [ 121.160072326660156, 1.243973612785339 ], [ 121.15966796875, 1.244427680969238 ], [ 121.159271240234375, 1.244509339332694 ], [ 121.158882141113281, 1.244672417640743 ], [ 121.158531188964844, 1.244684219360295 ], [ 121.158393859863509, 1.244512438774109 ], [ 121.158523559570312, 1.243528723716793 ], [ 121.158432006836051, 1.243238210678101 ], [ 121.157928466796875, 1.243033409118766 ], [ 121.155799865722656, 1.242931842803898 ], [ 121.154937744140625, 1.242846727371159 ], [ 121.153915405273438, 1.242932677269039 ], [ 121.153053283691634, 1.242693781852722 ], [ 121.152389526367188, 1.242591500282288 ], [ 121.151557922363395, 1.242232918739319 ], [ 121.150405883789176, 1.241276383400077 ], [ 121.149581909179688, 1.241409301757812 ], [ 121.149772644042969, 1.239927530288696 ], [ 121.150253295898551, 1.239635705947819 ], [ 121.151435852050781, 1.238780617714042 ], [ 121.151252746582031, 1.238131284713859 ], [ 121.15087890625, 1.237328171730098 ], [ 121.150741577148438, 1.236302852630615 ], [ 121.150772094726676, 1.235482454299984 ], [ 121.150962829589957, 1.234627842903251 ], [ 121.150604248046989, 1.233858942985648 ], [ 121.150177001953125, 1.233278036117611 ], [ 121.14898681640625, 1.232262253761405 ], [ 121.148147583007926, 1.231091141700745 ], [ 121.148040771484375, 1.230373501777649 ], [ 121.148139953613395, 1.228578925132808 ], [ 121.148017883300781, 1.227946639060974 ], [ 121.148406982421875, 1.227365374565238 ], [ 121.148345947265739, 1.226946592330933 ], [ 121.148818969726562, 1.225868582725639 ], [ 121.145637512207145, 1.220529198646545 ], [ 121.145637512207145, 1.220427751541251 ], [ 121.145446777343864, 1.220077037811393 ], [ 121.145446777343864, 1.219890832901058 ], [ 121.145477294921989, 1.219332218170223 ], [ 121.145050048828239, 1.219169497489929 ], [ 121.145027160644531, 1.218913435936088 ], [ 121.144935607910156, 1.218727231025753 ], [ 121.14469146728527, 1.218459725380058 ], [ 121.144233703613281, 1.21816003322607 ], [ 121.143768310546989, 1.217380404472351 ], [ 121.142341613769531, 1.215324997901917 ], [ 121.142326354980469, 1.215165138244686 ], [ 121.142028808593864, 1.21488094329834 ], [ 121.140037536621094, 1.212010979652405 ], [ 121.139709472656364, 1.211406350135803 ], [ 121.139533996582145, 1.211286306381339 ], [ 121.137870788574219, 1.208891630172673 ], [ 121.137031555176009, 1.205921411514282 ], [ 121.135986328125, 1.205968618393058 ], [ 121.135635375976562, 1.205614209175167 ], [ 121.133781433105696, 1.20486307144165 ], [ 121.133102416992188, 1.205461502075252 ], [ 121.132286071777457, 1.205307960510368 ], [ 121.131271362304688, 1.205479383468685 ], [ 121.13004302978527, 1.206129312515259 ], [ 121.129348754882812, 1.206215023994559 ], [ 121.128837585449332, 1.205770969390983 ], [ 121.128349304199219, 1.205480575561467 ], [ 121.127838134765625, 1.205002188682556 ], [ 121.127189636230469, 1.204541087150687 ], [ 121.125801086425895, 1.203312277793998 ], [ 121.121444702148551, 1.196577668190002 ], [ 121.115180969238281, 1.192123889923096 ], [ 121.115112304687614, 1.1916424036026 ], [ 121.114593505859489, 1.191706180572623 ], [ 121.114280700683594, 1.191482067108268 ], [ 121.113983154296989, 1.191338896751461 ], [ 121.113822937011832, 1.191198587417716 ], [ 121.113555908203125, 1.191134691238517 ], [ 121.0982666015625, 1.183834910392761 ], [ 121.098693847656477, 1.176199197769165 ], [ 121.095390319824219, 1.176434874534721 ], [ 121.095222473144531, 1.17628383636486 ], [ 121.095039367675781, 1.176120400428772 ], [ 121.094833374023438, 1.175969243049735 ], [ 121.094528198242301, 1.17576277256012 ], [ 121.094383239746094, 1.175664782524109 ], [ 121.094268798828125, 1.175615668296757 ], [ 121.093292236328125, 1.175261020660344 ], [ 121.092796325683707, 1.175264358520508 ], [ 121.092803955078239, 1.167286515236015 ], [ 121.080169677734375, 1.151581883430538 ], [ 121.081016540527457, 1.142673850059452 ], [ 121.085243225097656, 1.134686231613159 ], [ 121.080352783203125, 1.133371353149471 ], [ 121.080200195312614, 1.133341431617737 ] ] ] ] } },
{ "type": "Feature", "properties": { "GID_0": "IDN", "NAME_0": "Indonesia", "GID_1": "IDN.27_1", "NAME_1": "Sulawesi Tengah", "GID_2": "IDN.27.11_1", "NAME_2": "Toli Toli", "GID_3": "IDN.27.11.10_1", "NAME_3": "Tolitoli Utara", "GID_4": "IDN.27.11.10.4_1", "NAME_4": "Laulalang", "VARNAME_4": null, "TYPE_4": "Desa", "ENGTYPE_4": "Village", "CC_4": "7206060006" }, "geometry": { "type": "MultiPolygon", "coordinates": [ [ [ [ 120.966156005859489, 1.342468500137386 ], [ 120.965911865234375, 1.340245008468742 ], [ 120.962348937988395, 1.32896268367773 ], [ 120.955673217773551, 1.322188615799007 ], [ 120.9515380859375, 1.319264411926326 ], [ 120.946037292480469, 1.315398573875427 ], [ 120.941856384277344, 1.310302138328609 ], [ 120.932929992675781, 1.300646781921387 ], [ 120.93292236328125, 1.300568461418266 ], [ 120.931709289550781, 1.28923773765564 ], [ 120.931632995605582, 1.288185238838309 ], [ 120.931045532226676, 1.282512187957821 ], [ 120.928924560546875, 1.275918126106262 ], [ 120.927612304687614, 1.272581577301025 ], [ 120.926101684570426, 1.270925521850586 ], [ 120.924453735351562, 1.269268035888729 ], [ 120.921340942382926, 1.270001173019466 ], [ 120.923088073730582, 1.280796170234737 ], [ 120.922157287597656, 1.283919572830314 ], [ 120.920448303222656, 1.289659380912838 ], [ 120.919937133789062, 1.295848011970577 ], [ 120.919822692871207, 1.297205209732056 ], [ 120.919746398925781, 1.299588441848755 ], [ 120.919616699218864, 1.30330419540411 ], [ 120.915603637695426, 1.309399843215999 ], [ 120.913032531738281, 1.310852766036987 ], [ 120.912315368652344, 1.311257839202938 ], [ 120.912269592285156, 1.311158299446049 ], [ 120.912063598632812, 1.311239719390983 ], [ 120.912063598632812, 1.311878561973572 ], [ 120.911148071289062, 1.312151193618831 ], [ 120.910537719726562, 1.31275570392603 ], [ 120.909667968750227, 1.312714934349174 ], [ 120.90869140625, 1.314439773559684 ], [ 120.91123199462902, 1.31712460517889 ], [ 120.912895202636719, 1.317430853843746 ], [ 120.913421630859375, 1.318802118301448 ], [ 120.916145324707031, 1.319489836692867 ], [ 120.916633605957031, 1.32389223575592 ], [ 120.918411254882812, 1.326117515563965 ], [ 120.920608520507926, 1.325357794761658 ], [ 120.920158386230696, 1.322158813476619 ], [ 120.919853210449332, 1.319645285606498 ], [ 120.92227935791027, 1.318809628486633 ], [ 120.922431945800781, 1.3171342611314 ], [ 120.924392700195426, 1.316983580589408 ], [ 120.924545288086165, 1.319344639778251 ], [ 120.926284790039176, 1.317975282669124 ], [ 120.928329467773438, 1.318586230278072 ], [ 120.927749633789062, 1.320011973381042 ], [ 120.928482055664062, 1.321023344993648 ], [ 120.926887512207145, 1.321555137634334 ], [ 120.924919128417969, 1.323457479476929 ], [ 120.925674438476562, 1.324219703674316 ], [ 120.9281005859375, 1.322622418403682 ], [ 120.930290222168082, 1.325137495994682 ], [ 120.929306030273438, 1.326888203621024 ], [ 120.92990875244152, 1.32818341255188 ], [ 120.930137634277457, 1.330544471740723 ], [ 120.924385070800895, 1.328102588653564 ], [ 120.922492980957145, 1.32909107208252 ], [ 120.921058654785156, 1.328328251838741 ], [ 120.921661376953125, 1.330613493919486 ], [ 120.928695678710938, 1.334122657775879 ], [ 120.930961608886719, 1.337247133255062 ], [ 120.931114196777344, 1.340217351913509 ], [ 120.934593200683594, 1.341895818710327 ], [ 120.939430236816634, 1.346012473106384 ], [ 120.941543579101676, 1.348222851753235 ], [ 120.942153930664176, 1.350355863571281 ], [ 120.946014404296875, 1.3492928743363 ], [ 120.949569702148551, 1.347620368003959 ], [ 120.955169677734375, 1.346558928489685 ], [ 120.96121978759777, 1.344423413276672 ], [ 120.964706420898438, 1.342759013175908 ], [ 120.966156005859489, 1.342468500137386 ] ] ] ] } },
{ "type": "Feature", "properties": { "GID_0": "IDN", "NAME_0": "Indonesia", "GID_1": "IDN.27_1", "NAME_1": "Sulawesi Tengah", "GID_2": "IDN.27.11_1", "NAME_2": "Toli Toli", "GID_3": "IDN.27.11.10_1", "NAME_3": "Tolitoli Utara", "GID_4": "IDN.27.11.10.5_1", "NAME_4": "Pinjan", "VARNAME_4": null, "TYPE_4": "Desa", "ENGTYPE_4": "Village", "CC_4": "7206060009" }, "geometry": { "type": "MultiPolygon", "coordinates": [ [ [ [ 121.059066772461051, 1.317650318145752 ], [ 121.060234069824332, 1.320001721382141 ], [ 121.063507080078125, 1.321884632110653 ], [ 121.062103271484489, 1.316712498664856 ], [ 121.060981750488395, 1.315293788910026 ], [ 121.059303283691406, 1.31318461894989 ], [ 121.05673980712902, 1.315062999725455 ], [ 121.059066772461051, 1.317650318145752 ] ] ], [ [ [ 121.036376953125114, 1.168064951896724 ], [ 121.029792785644531, 1.178955674171505 ], [ 121.021415710449219, 1.184403657913322 ], [ 121.018608093261832, 1.186748147010917 ], [ 121.014396667480582, 1.186320900917167 ], [ 121.008590698242188, 1.184815168380794 ], [ 121.007774353027457, 1.184654474258423 ], [ 121.003028869628906, 1.18524158000946 ], [ 120.999580383300895, 1.185803532600403 ], [ 120.995132446289176, 1.181903600692863 ], [ 120.993728637695312, 1.182345032691899 ], [ 120.992546081542969, 1.182939052581901 ], [ 120.992408752441406, 1.183010697364807 ], [ 120.996444702148438, 1.192480683326778 ], [ 120.998870849609375, 1.209845066070557 ], [ 120.999336242675895, 1.21347987651825 ], [ 120.999481201171875, 1.214236140251273 ], [ 120.99991607666027, 1.217353224754333 ], [ 121.000816345214844, 1.22196984291088 ], [ 121.000038146972656, 1.227033495903072 ], [ 121.00009918212902, 1.227197408676204 ], [ 121.005531311035156, 1.241789937019405 ], [ 121.005691528320312, 1.242092132568359 ], [ 121.010658264160156, 1.251399993896428 ], [ 121.017623901367415, 1.26618409156805 ], [ 121.01751708984375, 1.270370125770683 ], [ 121.017387390136719, 1.281589150428772 ], [ 121.034675598144645, 1.312377333641109 ], [ 121.039245605468864, 1.320417523384208 ], [ 121.03958892822277, 1.312752723693791 ], [ 121.045913696289176, 1.313606142997742 ], [ 121.046333312988281, 1.310212850570792 ], [ 121.052658081054688, 1.310217738151607 ], [ 121.055610656738395, 1.305129528045768 ], [ 121.062698364257926, 1.30284762382513 ], [ 121.068183898925895, 1.305434942245483 ], [ 121.068183898925895, 1.307785391807556 ], [ 121.070053100585938, 1.310372352600154 ], [ 121.074256896972656, 1.30990552902233 ], [ 121.07682037353527, 1.313433289527893 ], [ 121.079620361328352, 1.319546818733272 ], [ 121.092933654785156, 1.314856052398795 ], [ 121.09989166259777, 1.316245317459106 ], [ 121.098037719726562, 1.313434720039425 ], [ 121.081047058105469, 1.288051009178162 ], [ 121.065422058105469, 1.258658051490841 ], [ 121.064872741699219, 1.257461667060909 ], [ 121.063613891601676, 1.254695177078247 ], [ 121.056282043457031, 1.238588690757751 ], [ 121.055564880371094, 1.23731374740612 ], [ 121.04953765869152, 1.223786354064998 ], [ 121.04443359375, 1.212573289871216 ], [ 121.044731140136832, 1.205007910728511 ], [ 121.042625427246207, 1.198219060897941 ], [ 121.038841247558707, 1.185914278030509 ], [ 121.038803100586165, 1.185541272163391 ], [ 121.03875732421875, 1.185412526130733 ], [ 121.038604736328352, 1.183857083320618 ], [ 121.037582397460938, 1.174883961677551 ], [ 121.036666870117188, 1.169635057449341 ], [ 121.036376953125114, 1.168064951896724 ] ] ] ] } },
{ "type": "Feature", "properties": { "GID_0": "IDN", "NAME_0": "Indonesia", "GID_1": "IDN.27_1", "NAME_1": "Sulawesi Tengah", "GID_2": "IDN.27.11_1", "NAME_2": "Toli Toli", "GID_3": "IDN.27.11.10_1", "NAME_3": "Tolitoli Utara", "GID_4": "IDN.27.11.10.6_1", "NAME_4": "Salumpaga", "VARNAME_4": null, "TYPE_4": "Desa", "ENGTYPE_4": "Village", "CC_4": "7206060007" }, "geometry": { "type": "MultiPolygon", "coordinates": [ [ [ [ 120.969673156738281, 1.264798521995544 ], [ 120.956634521484489, 1.266337633132935 ], [ 120.9527587890625, 1.266539335250854 ], [ 120.944313049316406, 1.267405986785946 ], [ 120.927871704101562, 1.268571734428519 ], [ 120.925025939941406, 1.268773317337093 ], [ 120.921073913574219, 1.269952774047908 ], [ 120.921340942382926, 1.270001173019466 ], [ 120.924453735351562, 1.269268035888729 ], [ 120.926101684570426, 1.270925521850586 ], [ 120.927612304687614, 1.272581577301025 ], [ 120.928924560546875, 1.275918126106262 ], [ 120.931045532226676, 1.282512187957821 ], [ 120.931632995605582, 1.288185238838309 ], [ 120.931709289550781, 1.28923773765564 ], [ 120.93292236328125, 1.300568461418266 ], [ 120.932929992675781, 1.300646781921387 ], [ 120.941856384277344, 1.310302138328609 ], [ 120.946037292480469, 1.315398573875427 ], [ 120.9515380859375, 1.319264411926326 ], [ 120.955673217773551, 1.322188615799007 ], [ 120.962348937988395, 1.32896268367773 ], [ 120.965911865234375, 1.340245008468742 ], [ 120.966156005859489, 1.342468500137386 ], [ 120.968376159667969, 1.342478156089896 ], [ 120.973419189453239, 1.344341516494694 ], [ 120.982910156250227, 1.338895678520203 ], [ 120.993133544921875, 1.335681438446102 ], [ 120.995590209960938, 1.340021729469356 ], [ 120.999046325683594, 1.331843852996826 ], [ 121.005455017089957, 1.328874230384827 ], [ 121.007057189941406, 1.3294953107835 ], [ 121.009025573730469, 1.32751369476324 ], [ 121.008285522461165, 1.326017260551509 ], [ 121.007156372070426, 1.324566483497676 ], [ 120.998664855957031, 1.307279825210628 ], [ 120.994171142578352, 1.301283001899776 ], [ 120.992790222167969, 1.299611568450928 ], [ 120.987503051757926, 1.294649362564201 ], [ 120.987014770507812, 1.293953776359558 ], [ 120.983383178710938, 1.28913235664379 ], [ 120.980468750000114, 1.285744786262626 ], [ 120.979011535644531, 1.284230828285331 ], [ 120.9776611328125, 1.281007051467896 ], [ 120.976501464843864, 1.278408288955688 ], [ 120.974990844726562, 1.276677250862235 ], [ 120.973869323730469, 1.275828123092708 ], [ 120.973403930664176, 1.274866461753845 ], [ 120.973045349121207, 1.274456858635006 ], [ 120.972618103027571, 1.273227214813176 ], [ 120.971626281738281, 1.271160244941825 ], [ 120.970550537109489, 1.267293334007263 ], [ 120.969673156738281, 1.264798521995544 ] ] ], [ [ [ 120.969673156738281, 1.264798521995544 ], [ 120.969871520996094, 1.264867544174251 ], [ 120.9698486328125, 1.264778494835014 ], [ 120.969673156738281, 1.264798521995544 ] ] ] ] } },
{ "type": "Feature", "properties": { "GID_0": "IDN", "NAME_0": "Indonesia", "GID_1": "IDN.27_1", "NAME_1": "Sulawesi Tengah", "GID_2": "IDN.27.11_1", "NAME_2": "Toli Toli", "GID_3": "IDN.27.11.10_1", "NAME_3": "Tolitoli Utara", "GID_4": "IDN.27.11.10.7_1", "NAME_4": "Santigi", "VARNAME_4": null, "TYPE_4": "Desa", "ENGTYPE_4": "Village", "CC_4": "7206060005" }, "geometry": { "type": "MultiPolygon", "coordinates": [ [ [ [ 120.878036499023551, 1.36083102226263 ], [ 120.878990173339957, 1.369698166847286 ], [ 120.881835937500114, 1.372152805328369 ], [ 120.883460998535156, 1.375153541564941 ], [ 120.888206481933594, 1.373923897743339 ], [ 120.889968872070312, 1.370785474777222 ], [ 120.889152526855469, 1.364237427711544 ], [ 120.884269714355469, 1.358100175857658 ], [ 120.881561279296875, 1.35823762416851 ], [ 120.878036499023551, 1.36083102226263 ] ] ], [ [ [ 120.888732910156364, 1.327888965606803 ], [ 120.888191223144645, 1.335315942764339 ], [ 120.895103454589844, 1.341861724853516 ], [ 120.894699096679688, 1.347455263137817 ], [ 120.891220092773551, 1.349382638931331 ], [ 120.891448974609375, 1.350730657577571 ], [ 120.894027709961165, 1.351275444030875 ], [ 120.897277832031477, 1.350592136383057 ], [ 120.903381347656477, 1.356728911399898 ], [ 120.908935546875114, 1.353998303413448 ], [ 120.914489746093864, 1.343082308769226 ], [ 120.915306091308594, 1.340489983558768 ], [ 120.915168762207031, 1.337215900421143 ], [ 120.913406372070312, 1.337080121040344 ], [ 120.911643981933707, 1.339536428451538 ], [ 120.910148620605469, 1.338718414306754 ], [ 120.907943725585938, 1.338588833808956 ], [ 120.904457092285156, 1.339675545692444 ], [ 120.899444580078239, 1.334220409393311 ], [ 120.898490905761832, 1.328763842582646 ], [ 120.900657653808594, 1.328217387199516 ], [ 120.900115966796875, 1.325079798698482 ], [ 120.906349182128906, 1.322349071502629 ], [ 120.905807495117188, 1.317983746528625 ], [ 120.898620605468864, 1.317849874496574 ], [ 120.898216247558594, 1.319896459579525 ], [ 120.896591186523438, 1.322761893272514 ], [ 120.891448974609375, 1.326032161712703 ], [ 120.890625000000114, 1.32794821262371 ], [ 120.889762878417969, 1.327921152114868 ], [ 120.888732910156364, 1.327888965606803 ] ] ] ] } },
{ "type": "Feature", "properties": { "GID_0": "IDN", "NAME_0": "Indonesia", "GID_1": "IDN.27_1", "NAME_1": "Sulawesi Tengah", "GID_2": "IDN.27.11_1", "NAME_2": "Toli Toli", "GID_3": "IDN.27.11.10_1", "NAME_3": "Tolitoli Utara", "GID_4": "IDN.27.11.10.8_1", "NAME_4": "Teluk Jaya", "VARNAME_4": null, "TYPE_4": "Desa", "ENGTYPE_4": "Village", "CC_4": "7206060012" }, "geometry": { "type": "MultiPolygon", "coordinates": [ [ [ [ 120.921073913574219, 1.269952774047908 ], [ 120.906509399414062, 1.268835425376892 ], [ 120.89794921875, 1.269421219825745 ], [ 120.894172668457031, 1.269679665565604 ], [ 120.894065856933707, 1.269686579704342 ], [ 120.89326477050804, 1.274916052818298 ], [ 120.892623901367188, 1.279092311859074 ], [ 120.890579223632812, 1.280167937278748 ], [ 120.888305664062727, 1.281363010406494 ], [ 120.885131835937614, 1.282217621803284 ], [ 120.88409423828125, 1.282496571540889 ], [ 120.883834838867188, 1.282850980758781 ], [ 120.880393981933594, 1.287455320358333 ], [ 120.881286621093864, 1.322085738182182 ], [ 120.881523132324219, 1.322234272956848 ], [ 120.885910034179688, 1.324984073638973 ], [ 120.888473510742188, 1.32788074016571 ], [ 120.888732910156364, 1.327888965606803 ], [ 120.889762878417969, 1.327921152114868 ], [ 120.890625000000114, 1.32794821262371 ], [ 120.891448974609375, 1.326032161712703 ], [ 120.8900146484375, 1.32447075843811 ], [ 120.895774841308707, 1.317859768867606 ], [ 120.892799377441406, 1.318167328834591 ], [ 120.892898559570426, 1.320545077323914 ], [ 120.890121459960938, 1.321162939071598 ], [ 120.885200500488281, 1.316713690757865 ], [ 120.886222839355582, 1.31640446186077 ], [ 120.8887939453125, 1.318370699882621 ], [ 120.890434265136832, 1.317441701889038 ], [ 120.8907470703125, 1.315374612808341 ], [ 120.892799377441406, 1.314445972442684 ], [ 120.89300537109375, 1.312688827514648 ], [ 120.898345947265625, 1.312900066375676 ], [ 120.901016235351562, 1.31352257728588 ], [ 120.901329040527457, 1.309181213378963 ], [ 120.89444732666027, 1.309175372123832 ], [ 120.892906188964957, 1.306486368179321 ], [ 120.895172119140852, 1.30390393733984 ], [ 120.897117614746207, 1.306896328926086 ], [ 120.900405883789062, 1.307216286659298 ], [ 120.902976989746094, 1.305564522743282 ], [ 120.905441284179688, 1.307427287101859 ], [ 120.907798767089957, 1.307015776634159 ], [ 120.909034729003906, 1.308567404747123 ], [ 120.910980224609375, 1.308465600013733 ], [ 120.912269592285156, 1.311158299446049 ], [ 120.912315368652344, 1.311257839202938 ], [ 120.913032531738281, 1.310852766036987 ], [ 120.915603637695426, 1.309399843215999 ], [ 120.919616699218864, 1.30330419540411 ], [ 120.919746398925781, 1.299588441848755 ], [ 120.919822692871207, 1.297205209732056 ], [ 120.919937133789062, 1.295848011970577 ], [ 120.920448303222656, 1.289659380912838 ], [ 120.922157287597656, 1.283919572830314 ], [ 120.923088073730582, 1.280796170234737 ], [ 120.921340942382926, 1.270001173019466 ], [ 120.921073913574219, 1.269952774047908 ] ] ] ] } },
{ "type": "Feature", "properties": { "GID_0": "IDN", "NAME_0": "Indonesia", "GID_1": "IDN.27_1", "NAME_1": "Sulawesi Tengah", "GID_2": "IDN.27.11_1", "NAME_2": "Toli Toli", "GID_3": "IDN.27.11.10_1", "NAME_3": "Tolitoli Utara", "GID_4": "IDN.27.11.10.9_1", "NAME_4": "Timbolo", "VARNAME_4": null, "TYPE_4": "Desa", "ENGTYPE_4": "Village", "CC_4": "7206060013" }, "geometry": { "type": "MultiPolygon", "coordinates": [ [ [ [ 121.058700561523551, 1.144644856452942 ], [ 121.05377197265625, 1.145797610282955 ], [ 121.054061889648665, 1.14642250537878 ], [ 121.059135437011719, 1.157482981681824 ], [ 121.065093994140625, 1.169168710708732 ], [ 121.075042724609602, 1.188682436943054 ], [ 121.077613830566406, 1.193738460540715 ], [ 121.127029418945312, 1.257190227508659 ], [ 121.1298828125, 1.2608642578125 ], [ 121.132148742675781, 1.264454483985901 ], [ 121.131446838378906, 1.264518857002315 ], [ 121.130332946777344, 1.264519333839417 ], [ 121.130233764648551, 1.264630556106681 ], [ 121.130081176757812, 1.265195846557617 ], [ 121.129997253418082, 1.265503048896903 ], [ 121.129974365234602, 1.26559412479412 ], [ 121.130844116210938, 1.26699519157421 ], [ 121.129470825195426, 1.268612742424125 ], [ 121.129364013671875, 1.26872098445898 ], [ 121.127792358398438, 1.269269704818839 ], [ 121.127746582031364, 1.26951789855957 ], [ 121.127281188964844, 1.271551489830074 ], [ 121.127304077148665, 1.271629691124019 ], [ 121.127479553222656, 1.271883845329285 ], [ 121.128318786621207, 1.273302912712154 ], [ 121.128570556640625, 1.274376511573905 ], [ 121.128204345703125, 1.27582955360424 ], [ 121.128150939941406, 1.276018261909542 ], [ 121.128845214843864, 1.277069091796875 ], [ 121.130363464355582, 1.276813387870902 ], [ 121.130538940429915, 1.277144432067928 ], [ 121.131019592285156, 1.278469562530518 ], [ 121.132026672363281, 1.279425024986381 ], [ 121.132690429687614, 1.280145049095154 ], [ 121.132820129394531, 1.281271338462886 ], [ 121.132820129394531, 1.281505942344779 ], [ 121.133666992187614, 1.282662391662598 ], [ 121.13401031494152, 1.283032894134521 ], [ 121.134071350097656, 1.283110618591422 ], [ 121.136421203613281, 1.283372282981873 ], [ 121.137641906738395, 1.282408237457389 ], [ 121.138542175292969, 1.282478094101066 ], [ 121.13840484619152, 1.282953262329158 ], [ 121.137557983398438, 1.283331632614136 ], [ 121.13720703125, 1.283459544181881 ], [ 121.1365966796875, 1.284948945045528 ], [ 121.136009216308594, 1.285541534423771 ], [ 121.135574340820426, 1.285867810249329 ], [ 121.135551452636832, 1.28599846363079 ], [ 121.135467529296875, 1.286088109016475 ], [ 121.135498046875227, 1.286342620849609 ], [ 121.135444641113281, 1.286667227745113 ], [ 121.135566711425895, 1.2867671251297 ], [ 121.136955261230469, 1.287841916084403 ], [ 121.139236450195312, 1.288470029831046 ], [ 121.141845703125114, 1.290128469467163 ], [ 121.141937255859375, 1.290184736251774 ], [ 121.143211364746094, 1.292683362960872 ], [ 121.149566650390625, 1.288972258567867 ], [ 121.155349731445426, 1.284591913223267 ], [ 121.154335021972656, 1.283444166183472 ], [ 121.153442382812614, 1.282543063163871 ], [ 121.130126953125, 1.252442836761475 ], [ 121.080757141113509, 1.188907742500419 ], [ 121.080574035644759, 1.188532590866203 ], [ 121.080192565918196, 1.188041687011719 ], [ 121.076873779296875, 1.181105971336365 ], [ 121.073890686035384, 1.175133228302002 ], [ 121.071601867676009, 1.170625090599174 ], [ 121.067092895507926, 1.162602543830928 ], [ 121.063789367676009, 1.154861092567444 ], [ 121.058700561523551, 1.144644856452942 ] ] ] ] } }
]
}
