{
"type": "FeatureCollection",
"name": "cabdis1",
"crs": { "type": "name", "properties": { "name": "urn:ogc:def:crs:OGC:1.3:CRS84" } },
"features": [
{ "type": "Feature", "properties": { "KDPPUM": null, "NAMOBJ": "Palu Selatan", "REMARK": "Wilayah Administrasi Kecamatan", "KDPBPS": null, "FCODE": null, "LUASWH": 0.0, "UUPP": null, "SRS_ID": null, "LCODE": "BA0080", "METADATA": null, "KDEBPS": null, "KDEPUM": null, "KDCBPS": null, "KDCPUM": null, "KDBBPS": null, "KDBPUM": null, "WADMKD": null, "WIADKD": null, "WADMKC": null, "WIADKC": null, "WADMKK": "Kota Palu", "WIADKK": null, "WADMPR": "Sulawesi Tengah", "WIADPR": null, "TIPADM": 0, "SHAPE_Leng": 0.1980770731, "SHAPE_Area": 0.00152745225, "KODE_KAB": "7271", "layer": null, "path": null }, "geometry": { "type": "MultiPolygon", "coordinates": [ [ [ [ 119.728846598000047, -1.627010773999888, 0.0 ], [ 119.728803958509445, -1.626507751943879, 0.0 ], [ 119.728770770000253, -1.626116223999857, 0.0 ], [ 119.728133897805449, -1.624648947855628, 0.0 ], [ 119.727931859000122, -1.624183474999902, 0.0 ], [ 119.72730763800007, -1.623235440999887, 0.0 ], [ 119.727048771000156, -1.622323070999893, 0.0 ], [ 119.727493191999969, -1.6222501679999, 0.0 ], [ 119.728473627000184, -1.622176538999937, 0.0 ], [ 119.72899699500023, -1.621977006999948, 0.0 ], [ 119.729222808000173, -1.621696570999926, 0.0 ], [ 119.730364400000127, -1.620465992999892, 0.0 ], [ 119.732539574000072, -1.618610465999931, 0.0 ], [ 119.733353078040736, -1.617834968235527, 0.0 ], [ 119.733422444000112, -1.61776884299984, 0.0 ], [ 119.733467044596566, -1.617699125458055, 0.0 ], [ 119.73359413934179, -1.617500456966975, 0.0 ], [ 119.73401557678558, -1.61684168589879, 0.0 ], [ 119.735291383000117, -1.614847405999881, 0.0 ], [ 119.735681763000088, -1.613852822999923, 0.0 ], [ 119.735632339000077, -1.613355858999838, 0.0 ], [ 119.735030485000024, -1.612398757999872, 0.0 ], [ 119.734207338000033, -1.610881704999939, 0.0 ], [ 119.734145366000149, -1.608993080999904, 0.0 ], [ 119.733887683000148, -1.606860703999863, 0.0 ], [ 119.733927967000099, -1.606291344999916, 0.0 ], [ 119.733437314000099, -1.604954550999888, 0.0 ], [ 119.7329306930001, -1.604314952999903, 0.0 ], [ 119.732929639000105, -1.604313621999881, 0.0 ], [ 119.732738427671379, -1.604217420502802, 0.0 ], [ 119.731371118000112, -1.603529504999929, 0.0 ], [ 119.729473018, -1.603116351999851, 0.0 ], [ 119.728126673301787, -1.602336889857376, 0.0 ], [ 119.728001023000161, -1.60226414499986, 0.0 ], [ 119.727993588, -1.602259839999859, 0.0 ], [ 119.727910997600674, -1.601780697833116, 0.0 ], [ 119.727741298000069, -1.600796197999904, 0.0 ], [ 119.726789817651607, -1.599367404119096, 0.0 ], [ 119.726689949000033, -1.599217435999928, 0.0 ], [ 119.726689098000051, -1.599216157999911, 0.0 ], [ 119.725428832000048, -1.598594284999883, 0.0 ], [ 119.724667703481884, -1.598383118312991, 0.0 ], [ 119.723094895000116, -1.597946759999952, 0.0 ], [ 119.720684190000057, -1.597146929999943, 0.0 ], [ 119.720680464000097, -1.59714569399993, 0.0 ], [ 119.719942456451335, -1.596492859091398, 0.0 ], [ 119.71869132800019, -1.595386121999915, 0.0 ], [ 119.71774851700016, -1.594555988999885, 0.0 ], [ 119.716600203000098, -1.593699016999945, 0.0 ], [ 119.715379679015101, -1.592265577336444, 0.0 ], [ 119.71530893900001, -1.592182496999878, 0.0 ], [ 119.715156946000235, -1.591794123999896, 0.0 ], [ 119.71437592000018, -1.589852185999891, 0.0 ], [ 119.713866310000199, -1.588958193999907, 0.0 ], [ 119.713441974132422, -1.588428870222031, 0.0 ], [ 119.71301235900016, -1.587892960999876, 0.0 ], [ 119.712516507999979, -1.587297175999875, 0.0 ], [ 119.711654649, -1.586575367999926, 0.0 ], [ 119.711122674000208, -1.585807906999931, 0.0 ], [ 119.710850332835747, -1.58522700142793, 0.0 ], [ 119.710483316000065, -1.584444151999892, 0.0 ], [ 119.709701662000143, -1.582429916999945, 0.0 ], [ 119.709582481000226, -1.580541341999914, 0.0 ], [ 119.70958443900021, -1.579429779999869, 0.0 ], [ 119.709866130999984, -1.577685265999945, 0.0 ], [ 119.70998400699996, -1.576817554999915, 0.0 ], [ 119.708981627000156, -1.575447634999899, 0.0 ], [ 119.7089798760002, -1.575445241999879, 0.0 ], [ 119.707857918000087, -1.575040041999926, 0.0 ], [ 119.707146224011197, -1.574807333281675, 0.0 ], [ 119.706993810171156, -1.57475749721458, 0.0 ], [ 119.70595848800005, -1.574418968999875, 0.0 ], [ 119.704154776000024, -1.573655579999861, 0.0 ], [ 119.704149103000177, -1.573653178999929, 0.0 ], [ 119.70362041084266, -1.573026455301036, 0.0 ], [ 119.703341915, -1.572696319999895, 0.0 ], [ 119.702572931000233, -1.570862779999888, 0.0 ], [ 119.702268050000058, -1.569950433999895, 0.0 ], [ 119.702029688000053, -1.568721697999925, 0.0 ], [ 119.70176564600014, -1.567230925999858, 0.0 ], [ 119.701655481250199, -1.566974711500108, 0.0 ], [ 119.701363408704225, -1.56629542687165, 0.0 ], [ 119.701265817, -1.566068453999953, 0.0 ], [ 119.701264669000167, -1.566065782999909, 0.0 ], [ 119.700189474000027, -1.565768955999952, 0.0 ], [ 119.699107025000075, -1.565905912999916, 0.0 ], [ 119.697921472157873, -1.565916080107782, 0.0 ], [ 119.697863298000115, -1.56591657899991, 0.0 ], [ 119.696672984000131, -1.565547599999934, 0.0 ], [ 119.695515385000178, -1.564934576999927, 0.0 ], [ 119.694440940000192, -1.564737151999846, 0.0 ], [ 119.693196560000075, -1.564657410999909, 0.0 ], [ 119.69200212600019, -1.564839410999869, 0.0 ], [ 119.692000201000027, -1.564839703999893, 0.0 ], [ 119.689701010000135, -1.562854511999951, 0.0 ], [ 119.689036723000143, -1.561264798999956, 0.0 ], [ 119.688997672152524, -1.560212131302236, 0.0 ], [ 119.688977386000118, -1.559665290999862, 0.0 ], [ 119.689006354000028, -1.559059760999943, 0.0 ], [ 119.688906274000189, -1.558047745999875, 0.0 ], [ 119.688816636796304, -1.5579281143353, 0.0 ], [ 119.688317718000164, -1.557262246999897, 0.0 ], [ 119.687307901370474, -1.556064298004428, 0.0 ], [ 119.68719909700016, -1.555935222999877, 0.0 ], [ 119.68648081700006, -1.554679961999844, 0.0 ], [ 119.685698582000086, -1.553912816999875, 0.0 ], [ 119.685566323418215, -1.553808992690192, 0.0 ], [ 119.684872311000021, -1.553264185999853, 0.0 ], [ 119.684871035000086, -1.553263183999948, 0.0 ], [ 119.68396012375473, -1.552761745349524, 0.0 ], [ 119.683953805000144, -1.552758266999915, 0.0 ], [ 119.681728135894147, -1.551598460070042, 0.0 ], [ 119.681133906000142, -1.551288803999834, 0.0 ], [ 119.67876754400001, -1.550767665999881, 0.0 ], [ 119.678162602000057, -1.550615157999874, 0.0 ], [ 119.678161192000204, -1.550614802999845, 0.0 ], [ 119.677839893000083, -1.550398323999963, 0.0 ], [ 119.677766708902553, -1.550317832881482, 0.0 ], [ 119.677010943000155, -1.549486607999934, 0.0 ], [ 119.676434791, -1.548836660999892, 0.0 ], [ 119.674775907206467, -1.547735573107206, 0.0 ], [ 119.674740555000241, -1.547712107999927, 0.0 ], [ 119.674736125000237, -1.547709167999861, 0.0 ], [ 119.673446896000229, -1.547098739999892, 0.0 ], [ 119.67344166899997, -1.547096264999865, 0.0 ], [ 119.672682550000133, -1.546419429999907, 0.0 ], [ 119.672348146000175, -1.546004145999919, 0.0 ], [ 119.671920844000084, -1.545417257999854, 0.0 ], [ 119.67119495941165, -1.544165789764501, 0.0 ], [ 119.671098471000079, -1.54399943799996, 0.0 ], [ 119.67101101300004, -1.543131969999862, 0.0 ], [ 119.671355331000186, -1.541992840999845, 0.0 ], [ 119.672078350000149, -1.539859106999869, 0.0 ], [ 119.672693309999957, -1.538358129999934, 0.0 ], [ 119.673185075000148, -1.537137466999922, 0.0 ], [ 119.673468315000051, -1.535618839999858, 0.0 ], [ 119.673097597000194, -1.53481771499992, 0.0 ], [ 119.673096335000182, -1.534814988999872, 0.0 ], [ 119.672170014, -1.53458119799989, 0.0 ], [ 119.670671458, -1.534167366999934, 0.0 ], [ 119.670127197482998, -1.534038958538559, 0.0 ], [ 119.669925091919865, -1.533991275372876, 0.0 ], [ 119.669185428000247, -1.533816764999879, 0.0 ], [ 119.668537146000162, -1.533530533999911, 0.0 ], [ 119.66853231200011, -1.533528399999912, 0.0 ], [ 119.668105220314544, -1.533156506740524, 0.0 ], [ 119.6676928440002, -1.532797426999916, 0.0 ], [ 119.667525255880022, -1.532560156002755, 0.0 ], [ 119.666838240000189, -1.531587479999902, 0.0 ], [ 119.666684868000019, -1.531018315999883, 0.0 ], [ 119.666635445000111, -1.530485178999913, 0.0 ], [ 119.666717148000117, -1.529391556999932, 0.0 ], [ 119.666752692000131, -1.528198581999901, 0.0 ], [ 119.666775155000124, -1.526842949999913, 0.0 ], [ 119.666633859238274, -1.526347403467571, 0.0 ], [ 119.66642225300005, -1.525605266999913, 0.0 ], [ 119.666496405816034, -1.525222889397354, 0.0 ], [ 119.666520423000094, -1.525099041999861, 0.0 ], [ 119.666936530000058, -1.524357474999877, 0.0 ], [ 119.667874819000161, -1.523298911999865, 0.0 ], [ 119.66823110600015, -1.522322440999896, 0.0 ], [ 119.66872291900016, -1.521065629999913, 0.0 ], [ 119.668907337000149, -1.520008035999893, 0.0 ], [ 119.669114097000019, -1.518805798999895, 0.0 ], [ 119.66929056000015, -1.518073566999884, 0.0 ], [ 119.669396684000048, -1.517178725999918, 0.0 ], [ 119.669328208000152, -1.515814171999902, 0.0 ], [ 119.669314449000169, -1.514187461999867, 0.0 ], [ 119.670178411000151, -1.512496407999925, 0.0 ], [ 119.670681468000041, -1.511311894999884, 0.0 ], [ 119.67195754700019, -1.508409318999887, 0.0 ], [ 119.672782464176535, -1.506663845053441, 0.0 ], [ 119.672820807000122, -1.506582713999921, 0.0 ], [ 119.673876757173915, -1.504534185841439, 0.0 ], [ 119.674470945000053, -1.503381469999904, 0.0 ], [ 119.675099688000202, -1.502169680999915, 0.0 ], [ 119.675921480000071, -1.500885377999878, 0.0 ], [ 119.676604047000154, -1.499998877999892, 0.0 ], [ 119.67721201900018, -1.499220919999916, 0.0 ], [ 119.678101442000141, -1.498153410999875, 0.0 ], [ 119.679538630000039, -1.496190552999916, 0.0 ], [ 119.680367003240804, -1.494770337546409, 0.0 ], [ 119.680509223000143, -1.494526506999899, 0.0 ], [ 119.680094446000027, -1.490306603999885, 0.0 ], [ 119.681177765000044, -1.488597220999848, 0.0 ], [ 119.682762473000153, -1.486995702999943, 0.0 ], [ 119.684769091, -1.485285181999901, 0.0 ], [ 119.684782533297593, -1.485257340101692, 0.0 ], [ 119.685659723000157, -1.483440490999948, 0.0 ], [ 119.68604105900009, -1.47990646499993, 0.0 ], [ 119.686233323219923, -1.478999606190106, 0.0 ], [ 119.686579588000242, -1.477366367999904, 0.0 ], [ 119.688313894000117, -1.475104938999932, 0.0 ], [ 119.690751272000171, -1.474134990999881, 0.0 ], [ 119.693349178000091, -1.472722022999944, 0.0 ], [ 119.693681890000263, -1.471239495999937, 0.0 ], [ 119.69338098627486, -1.470547055048959, 0.0 ], [ 119.692751651000123, -1.46909882599992, 0.0 ], [ 119.692734344881544, -1.468867626587238, 0.0 ], [ 119.69259540300007, -1.46701144599996, 0.0 ], [ 119.693405396000031, -1.465754271999858, 0.0 ], [ 119.694636138000078, -1.465219583999938, 0.0 ], [ 119.695901360000136, -1.464007068999889, 0.0 ], [ 119.695896103214466, -1.46355989004025, 0.0 ], [ 119.695891374000198, -1.463157589999858, 0.0 ], [ 119.695990280843901, -1.462932978566316, 0.0 ], [ 119.696370933543918, -1.462068539408728, 0.0 ], [ 119.696416942000084, -1.46196405699987, 0.0 ], [ 119.696890392923166, -1.461560754283669, 0.0 ], [ 119.697670583000061, -1.460896159999885, 0.0 ], [ 119.699254541000116, -1.460126082999851, 0.0 ], [ 119.699782424517551, -1.459476128446562, 0.0 ], [ 119.700452109, -1.458651581999886, 0.0 ], [ 119.700271680000171, -1.457504063999886, 0.0 ], [ 119.699771888000114, -1.456745573999834, 0.0 ], [ 119.698885874000254, -1.455472396999918, 0.0 ], [ 119.697182033000232, -1.452709078999897, 0.0 ], [ 119.69545669300021, -1.450896742999868, 0.0 ], [ 119.695454738000223, -1.450894689999876, 0.0 ], [ 119.692507582000175, -1.449795707999895, 0.0 ], [ 119.690719693000048, -1.449987625999876, 0.0 ], [ 119.689729005000146, -1.450305106999854, 0.0 ], [ 119.688590315000155, -1.450405889999933, 0.0 ], [ 119.686430427301772, -1.45016242791886, 0.0 ], [ 119.686055587000041, -1.450120175999919, 0.0 ], [ 119.686051625000161, -1.450119728999882, 0.0 ], [ 119.685017656000142, -1.449009401999939, 0.0 ], [ 119.685009061033, -1.448534132598061, 0.0 ], [ 119.684985787000173, -1.447247165999881, 0.0 ], [ 119.684796436000042, -1.444689853999941, 0.0 ], [ 119.684071435000192, -1.442322958999858, 0.0 ], [ 119.683093045000064, -1.441379516999868, 0.0 ], [ 119.683268580059078, -1.441095543945819, 0.0 ], [ 119.683904594000154, -1.440066627999952, 0.0 ], [ 119.690062703000223, -1.430104229999889, 0.0 ], [ 119.700326222000143, -1.427174118999924, 0.0 ], [ 119.706777582000228, -1.41896980099993, 0.0 ], [ 119.706871416575183, -1.418938547402975, 0.0 ], [ 119.712679647977424, -1.417003992646586, 0.0 ], [ 119.713815422000081, -1.416625698999956, 0.0 ], [ 119.718032841656253, -1.420328989850644, 0.0 ], [ 119.719388998363797, -1.421519822904232, 0.0 ], [ 119.722359894034426, -1.424128548535657, 0.0 ], [ 119.72349245100024, -1.425123039999947, 0.0 ], [ 119.726594165621833, -1.424418661913068, 0.0 ], [ 119.736395175000226, -1.422192919999892, 0.0 ], [ 119.749591134000227, -1.41721171699986, 0.0 ], [ 119.760734394000025, -1.404905238999914, 0.0 ], [ 119.760776601305864, -1.404894695494557, 0.0 ], [ 119.771291162999972, -1.402268127999944, 0.0 ], [ 119.77349640569075, -1.400565422013427, 0.0 ], [ 119.775309824247486, -1.399165250211192, 0.0 ], [ 119.777742499000141, -1.397286939999914, 0.0 ], [ 119.784420708928053, -1.398597693963238, 0.0 ], [ 119.794164151000061, -1.400510070999877, 0.0 ], [ 119.811172269000082, -1.395528865999934, 0.0 ], [ 119.828473643000123, -1.387324539999939, 0.0 ], [ 119.82975403200011, -1.372511779999835, 0.0 ], [ 119.834800351203143, -1.367267769541252, 0.0 ], [ 119.83529354093433, -1.366755258936097, 0.0 ], [ 119.835759869542059, -1.366270661747942, 0.0 ], [ 119.837085124000055, -1.364893489999924, 0.0 ], [ 119.837043742311678, -1.364741877546399, 0.0 ], [ 119.835998315013526, -1.360911685889848, 0.0 ], [ 119.835613011709498, -1.359500028184895, 0.0 ], [ 119.835520058321137, -1.359159469550802, 0.0 ], [ 119.834136948891754, -1.354092092597908, 0.0 ], [ 119.833566192000049, -1.352000977999895, 0.0 ], [ 119.830118317266681, -1.340325751348031, 0.0 ], [ 119.82828781000012, -1.334127269999923, 0.0 ], [ 119.82828781000012, -1.321234756999894, 0.0 ], [ 119.827408083000165, -1.305705137999896, 0.0 ], [ 119.825724965533865, -1.298497473409304, 0.0 ], [ 119.825355383000144, -1.296914798999909, 0.0 ], [ 119.82921352200006, -1.284731039999903, 0.0 ], [ 119.825612806128646, -1.278948746762348, 0.0 ], [ 119.821002712000151, -1.271545519999966, 0.0 ], [ 119.818642531997611, -1.267077146200817, 0.0 ], [ 119.81543107100012, -1.26099709799991, 0.0 ], [ 119.815368024068803, -1.260808106522775, 0.0 ], [ 119.815027610309485, -1.259787671460993, 0.0 ], [ 119.814648766304245, -1.258652036677448, 0.0 ], [ 119.814053002149265, -1.256866155186048, 0.0 ], [ 119.813045151213132, -1.25384498931364, 0.0 ], [ 119.812498640000044, -1.252206749999923, 0.0 ], [ 119.812349961000095, -1.252076758743675, 0.0 ], [ 119.809980193182824, -1.250004851509805, 0.0 ], [ 119.807462114800487, -1.247803275145303, 0.0 ], [ 119.806598878550986, -1.247048540686995, 0.0 ], [ 119.806255224150306, -1.246748080855669, 0.0 ], [ 119.803114852000164, -1.244002427999929, 0.0 ], [ 119.801058916596105, -1.239508620634416, 0.0 ], [ 119.79887029223552, -1.234724785377333, 0.0 ], [ 119.798422961000185, -1.23374702099987, 0.0 ], [ 119.785520243000192, -1.221440539999923, 0.0 ], [ 119.77839781100019, -1.216969139999884, 0.0 ], [ 119.7701870020001, -1.208178799999898, 0.0 ], [ 119.766961319000103, -1.198216396999923, 0.0 ], [ 119.781330252000075, -1.187667980999956, 0.0 ], [ 119.782212647299403, -1.184846548786227, 0.0 ], [ 119.784847173247996, -1.176422731948906, 0.0 ], [ 119.785728902000045, -1.173603430999941, 0.0 ], [ 119.786456656955195, -1.173099997094356, 0.0 ], [ 119.789122446749346, -1.171255902515361, 0.0 ], [ 119.789541061999984, -1.170966319999883, 0.0 ], [ 119.787803150933115, -1.165012469195242, 0.0 ], [ 119.787488361000143, -1.163934040999875, 0.0 ], [ 119.787731224542313, -1.163386531613957, 0.0 ], [ 119.788541672385008, -1.161559465283728, 0.0 ], [ 119.790471874085171, -1.157208035924489, 0.0 ], [ 119.793153223219278, -1.151163226543266, 0.0 ], [ 119.793696159000234, -1.149939236999947, 0.0 ], [ 119.795180748807852, -1.14845582425726, 0.0 ], [ 119.797997268258413, -1.145641537898994, 0.0 ], [ 119.80132050100012, -1.142320939999857, 0.0 ], [ 119.803079970000027, -1.136167689999928, 0.0 ], [ 119.798728521590789, -1.133269020593557, 0.0 ], [ 119.79780158200019, -1.132651549999879, 0.0 ], [ 119.794771185047168, -1.13144034856713, 0.0 ], [ 119.793402933000039, -1.1308934799999, 0.0 ], [ 119.792816433000183, -1.121517110999919, 0.0 ], [ 119.796042111000091, -1.108917608999887, 0.0 ], [ 119.796042111000091, -1.103563832104564, 0.0 ], [ 119.796042111000091, -1.10216928277042, 0.0 ], [ 119.796042111000091, -1.1001272709999, 0.0 ], [ 119.798974551000171, -1.091629929999909, 0.0 ], [ 119.797398450623376, -1.085855458720369, 0.0 ], [ 119.797215090999984, -1.085183670999895, 0.0 ], [ 119.794164037336486, -1.082243910259722, 0.0 ], [ 119.789004274000078, -1.077272358999897, 0.0 ], [ 119.788182595365342, -1.076246072995895, 0.0 ], [ 119.787288748218998, -1.075129647696132, 0.0 ], [ 119.780793450000161, -1.067016945999837, 0.0 ], [ 119.77991372400011, -1.054710469999891, 0.0 ], [ 119.777525172000196, -1.048114479999922, 0.0 ], [ 119.772540029000098, -1.038152079999859, 0.0 ], [ 119.763449485000052, -1.035807988999887, 0.0 ], [ 119.757291369000171, -1.025845599999913, 0.0 ], [ 119.754065692000083, -1.017641266999918, 0.0 ], [ 119.75670487800005, -1.011781035999897, 0.0 ], [ 119.753772442999974, -1.006213818999873, 0.0 ], [ 119.744095422000257, -1.000646596999937, 0.0 ], [ 119.735591350000149, -0.996544429999895, 0.0 ], [ 119.727087291000046, -0.995079379999913, 0.0 ], [ 119.720049448000211, -1.003283695999906, 0.0 ], [ 119.711236343410278, -1.006310806841897, 0.0 ], [ 119.71066565200023, -1.006506826999958, 0.0 ], [ 119.70961369095734, -1.009449981999937, 0.0 ], [ 119.709199431000158, -1.010608989999911, 0.0 ], [ 119.705680521000048, -1.012367060999891, 0.0 ], [ 119.703921054000048, -1.023501496999851, 0.0 ], [ 119.69453725200016, -1.023501496999851, 0.0 ], [ 119.680929519000102, -1.01851328099986, 0.0 ], [ 119.671838973000064, -1.011481, 0.0 ], [ 119.666853832000058, -1.001518610999879, 0.0 ], [ 119.663041674000027, -0.998881499999909, 0.0 ], [ 119.66117160068552, -0.996345548923488, 0.0 ], [ 119.658936264000161, -0.993314274999884, 0.0 ], [ 119.648965981000075, -0.995658379999947, 0.0 ], [ 119.648965981000075, -0.987747059999949, 0.0 ], [ 119.648965981000075, -0.987744598005074, 0.0 ], [ 119.648965981000075, -0.976319607999903, 0.0 ], [ 119.649259223000087, -0.968701310999903, 0.0 ], [ 119.65014382680549, -0.962293018097265, 0.0 ], [ 119.650432200000154, -0.960203969999911, 0.0 ], [ 119.653470716166382, -0.954673192243776, 0.0 ], [ 119.654837942000171, -0.952184535999939, 0.0 ], [ 119.655782351886913, -0.951869981999936, 0.0 ], [ 119.665394710000214, -0.948668399999891, 0.0 ], [ 119.666320559124955, -0.948144167157865, 0.0 ], [ 119.674192011000059, -0.94368720599986, 0.0 ], [ 119.690906890000079, -0.94368720599986, 0.0 ], [ 119.702050150000233, -0.938706008999917, 0.0 ], [ 119.702712992177737, -0.937830039409276, 0.0 ], [ 119.710574006541634, -0.92744142841214, 0.0 ], [ 119.711140690000192, -0.926692535999967, 0.0 ], [ 119.718447769266476, -0.91659955819196, 0.0 ], [ 119.721110970000012, -0.912920984999859, 0.0 ], [ 119.728442060000063, -0.905009679999862, 0.0 ], [ 119.728762703913432, -0.905461512404331, 0.0 ], [ 119.730865827999253, -0.908425110254923, 0.0 ], [ 119.732611239170751, -0.91088464026125, 0.0 ], [ 119.736206354266955, -0.915950663442294, 0.0 ], [ 119.73867125315445, -0.919424052908118, 0.0 ], [ 119.739878562000143, -0.921125320999854, 0.0 ], [ 119.742303638019877, -0.921471485416363, 0.0 ], [ 119.743593113984005, -0.921655550035821, 0.0 ], [ 119.743983961000183, -0.921711340999936, 0.0 ], [ 119.747502890000106, -0.916730139999904, 0.0 ], [ 119.74789191400005, -0.916593563999884, 0.0 ], [ 119.747982559000093, -0.914554044999887, 0.0 ], [ 119.748473492000031, -0.91425948599994, 0.0 ], [ 119.749455019000067, -0.913724105999963, 0.0 ], [ 119.75055552, -0.912861551999915, 0.0 ], [ 119.751418075000046, -0.912326172999938, 0.0 ], [ 119.752726779000142, -0.912028739999931, 0.0 ], [ 119.753648819000048, -0.911731306999924, 0.0 ], [ 119.754689834000033, -0.911374388999969, 0.0 ], [ 119.755492902000043, -0.911195928999947, 0.0 ], [ 119.756117510000124, -0.911195928999947, 0.0 ], [ 119.757307241000063, -0.911314901999932, 0.0 ], [ 119.758259025000029, -0.911523104999928, 0.0 ], [ 119.758913377000084, -0.911820537999935, 0.0 ], [ 119.759775932000039, -0.912117969999942, 0.0 ], [ 119.760995405000045, -0.912058483, 0.0 ], [ 119.76212565000003, -0.911642077999913, 0.0 ], [ 119.76283948800004, -0.911106699999936, 0.0 ], [ 119.76361281299998, -0.91083901, 0.0 ], [ 119.764683570000116, -0.910720037, 0.0 ], [ 119.765248692000156, -0.91083901, 0.0 ], [ 119.766468166000067, -0.91098772699995, 0.0 ], [ 119.767122517000118, -0.910868752999965, 0.0 ], [ 119.767776869000087, -0.910720037, 0.0 ], [ 119.769234290000142, -0.910660549999969, 0.0 ], [ 119.769647052000096, -0.910599400999972, 0.0 ], [ 119.770037357000064, -0.910541577999895, 0.0 ], [ 119.770364533000048, -0.910125171999903, 0.0 ], [ 119.770513249, -0.909292359999919, 0.0 ], [ 119.770602479000104, -0.908489292, 0.0 ], [ 119.770632221999989, -0.908072886999916, 0.0 ], [ 119.770632221999989, -0.907418534999954, 0.0 ], [ 119.770632221999989, -0.906466750999895, 0.0 ], [ 119.770602480000107, -0.905693424999948, 0.0 ], [ 119.770602479000104, -0.905009331000011, 0.0 ], [ 119.770542993000063, -0.904027802999979, 0.0 ], [ 119.770602479000104, -0.903343706999953, 0.0 ], [ 119.770899912000118, -0.902600125999891, 0.0 ], [ 119.771346060999988, -0.901559112, 0.0 ], [ 119.770641018000092, -0.900379248999988, 0.0 ], [ 119.770254356, -0.900052072999918, 0.0 ], [ 119.76974872100007, -0.899754641, 0.0 ], [ 119.769034881999985, -0.899427464999929, 0.0 ], [ 119.768529246000071, -0.89927874799997, 0.0 ], [ 119.76799386800009, -0.899100288999948, 0.0 ], [ 119.767458661000134, -0.898802244999979, 0.0 ], [ 119.765645559000035, -0.898445307999934, 0.0 ], [ 119.763735463000089, -0.898251315999959, 0.0 ], [ 119.763055551000065, -0.898121534999968, 0.0 ], [ 119.76282867700003, -0.897763385, 0.0 ], [ 119.76279584100007, -0.897144490999951, 0.0 ], [ 119.762989462000093, -0.896329977999882, 0.0 ], [ 119.763083676000079, -0.892453518999952, 0.0 ], [ 119.763018178999985, -0.891443753999981, 0.0 ], [ 119.762823461000039, -0.890792406999912, 0.0 ], [ 119.762240012, -0.889783030999974, 0.0 ], [ 119.761281024000056, -0.886899469999952, 0.0 ], [ 119.761214639000059, -0.884684438, 0.0 ], [ 119.761375030000096, -0.882697259999892, 0.0 ], [ 119.761600650000119, -0.881361526999951, 0.0 ], [ 119.761582369825149, -0.881081459113114, 0.0 ], [ 119.761435774904143, -0.877261935046219, 0.0 ], [ 119.761435628000058, -0.877061786999905, 0.0 ], [ 119.761952647000015, -0.875790988999919, 0.0 ], [ 119.762010624190182, -0.875720875593727, 0.0 ], [ 119.763735383000181, -0.873944936999854, 0.0 ], [ 119.764473275088761, -0.873120199443028, 0.0 ], [ 119.764530080000114, -0.873077754999956, 0.0 ], [ 119.766121063000043, -0.871818859999978, 0.0 ], [ 119.766992232, -0.871017851999961, 0.0 ], [ 119.767488268000093, -0.870200193999986, 0.0 ], [ 119.767999853000148, -0.869017684999934, 0.0 ], [ 119.768541294000087, -0.867441112999961, 0.0 ], [ 119.768781453000074, -0.866076940999976, 0.0 ], [ 119.768810717000093, -0.864864478999932, 0.0 ], [ 119.768116377000112, -0.863440370999962, 0.0 ], [ 119.767362016000135, -0.862380036999982, 0.0 ], [ 119.766426988000035, -0.861592634999935, 0.0 ], [ 119.765940833000045, -0.861158733999916, 0.0 ], [ 119.765379418573715, -0.860657663192226, 0.0 ], [ 119.772182576000105, -0.854516953999889, 0.0 ], [ 119.776468138000126, -0.849452198999872, 0.0 ], [ 119.778416120000188, -0.844387444999944, 0.0 ], [ 119.781922489000138, -0.838933092999932, 0.0 ], [ 119.785818454, -0.835426724999893, 0.0 ], [ 119.789324823000129, -0.831920355999943, 0.0 ], [ 119.79361038500015, -0.82724519799992, 0.0 ], [ 119.804537673000112, -0.819742783999915, 0.0 ], [ 119.811130095871633, -0.816550785775155, 0.0 ], [ 119.811125991000068, -0.816608258, 0.0 ], [ 119.811122029000103, -0.816663721999971, 0.0 ], [ 119.811120894000098, -0.816679616999954, 0.0 ], [ 119.811136194000028, -0.816878528999981, 0.0 ], [ 119.811174447000084, -0.816993284999972, 0.0 ], [ 119.811189747000114, -0.817092739999941, 0.0 ], [ 119.811205048000048, -0.817322252999924, 0.0 ], [ 119.811227999000081, -0.817528814999962, 0.0 ], [ 119.811304504000105, -0.817819530999946, 0.0 ], [ 119.811358057, -0.818026091999984, 0.0 ], [ 119.811365707, -0.818263255999979, 0.0 ], [ 119.811377051999969, -0.818410736999924, 0.0 ], [ 119.811381008000041, -0.818462166999916, 0.0 ], [ 119.811397642000074, -0.818495433999916, 0.0 ], [ 119.811442211000127, -0.818584572999919, 0.0 ], [ 119.811488114000099, -0.818768183999923, 0.0 ], [ 119.811534017000085, -0.818997695999906, 0.0 ], [ 119.811564618000034, -0.819296063, 0.0 ], [ 119.811572269000052, -0.81960973, 0.0 ], [ 119.811572269000052, -0.819892795999982, 0.0 ], [ 119.811551974000054, -0.820087628999937, 0.0 ], [ 119.811534017000085, -0.820260017, 0.0 ], [ 119.811497617000086, -0.820401976999923, 0.0 ], [ 119.811457512000061, -0.820558382999897, 0.0 ], [ 119.811358057, -0.820856749999981, 0.0 ], [ 119.811258601000119, -0.821017408999952, 0.0 ], [ 119.811200187000082, -0.821175126999945, 0.0 ], [ 119.811189463, -0.821204081999943, 0.0 ], [ 119.811182097000014, -0.821223969999989, 0.0 ], [ 119.81116679600008, -0.82138462899996, 0.0 ], [ 119.811120894000098, -0.821529987, 0.0 ], [ 119.811020048000017, -0.821700163999955, 0.0 ], [ 119.810998487, -0.821736548999946, 0.0 ], [ 119.810975204000115, -0.821785054999962, 0.0 ], [ 119.810906682000137, -0.821927808999961, 0.0 ], [ 119.810900788, -0.821940250999925, 0.0 ], [ 119.810900769000085, -0.821940289999928, 0.0 ], [ 119.810880430000097, -0.821983229999928, 0.0 ], [ 119.810876255000011, -0.821992043999947, 0.0 ], [ 119.810837828000118, -0.822073168, 0.0 ], [ 119.810822527000013, -0.822210874999934, 0.0 ], [ 119.810830177000113, -0.822340931999948, 0.0 ], [ 119.810886231820547, -0.822441830228742, 0.0 ], [ 119.810944, -0.822600999999883, 0.0 ], [ 119.811037, -0.822766, 0.0 ], [ 119.811177000000114, -0.823001999999844, 0.0 ], [ 119.811318, -0.823237, 0.0 ], [ 119.811416702871, -0.823374441094431, 0.0 ], [ 119.811342756000073, -0.823434942999961, 0.0 ], [ 119.811324422000055, -0.823438802999926, 0.0 ], [ 119.8113056400001, -0.823442756999986, 0.0 ], [ 119.811197398000118, -0.823465545, 0.0 ], [ 119.811052040000078, -0.823503796999974, 0.0 ], [ 119.810960235000039, -0.823565000999976, 0.0 ], [ 119.810929633000086, -0.823656805999933, 0.0 ], [ 119.810906682000137, -0.82385571699996, 0.0 ], [ 119.810906682000137, -0.824062277999909, 0.0 ], [ 119.8108837300001, -0.824322392999937, 0.0 ], [ 119.810853129000051, -0.824475400999985, 0.0 ], [ 119.810837828000118, -0.824651360999978, 0.0 ], [ 119.810761324000097, -0.824873222999949, 0.0 ], [ 119.810692470000092, -0.82498032899993, 0.0 ], [ 119.810623616000072, -0.825148639, 0.0 ], [ 119.810547112000137, -0.825286345999936, 0.0 ], [ 119.810562412000067, -0.825355199999949, 0.0 ], [ 119.810615964999968, -0.825339898999927, 0.0 ], [ 119.810715421000026, -0.825148639, 0.0 ], [ 119.810868429000081, -0.824827320999971, 0.0 ], [ 119.810929633000086, -0.824574856999954, 0.0 ], [ 119.811044388999989, -0.824291790999981, 0.0 ], [ 119.811128544000113, -0.824184685, 0.0 ], [ 119.8112433000001, -0.824046976999975, 0.0 ], [ 119.811342756000073, -0.824001075, 0.0 ], [ 119.811388658000041, -0.824024025999941, 0.0 ], [ 119.811411610000079, -0.824077578999932, 0.0 ], [ 119.811419260000093, -0.824146432999944, 0.0 ], [ 119.811388658000041, -0.824261188999936, 0.0 ], [ 119.811350406000074, -0.82444479899994, 0.0 ], [ 119.811358057, -0.824781417999903, 0.0 ], [ 119.811342756000073, -0.825003280999963, 0.0 ], [ 119.811250951000019, -0.825293996999948, 0.0 ], [ 119.811189747000114, -0.825546460999965, 0.0 ], [ 119.811150976, -0.825745854999942, 0.0 ], [ 119.811136194000028, -0.825821875999926, 0.0 ], [ 119.811059690000093, -0.826143193999956, 0.0 ], [ 119.811056566000019, -0.826193894999976, 0.0 ], [ 119.811056179000076, -0.826200172999963, 0.0 ], [ 119.8110587030001, -0.826235505999955, 0.0 ], [ 119.811061374000062, -0.826272908999941, 0.0 ], [ 119.811062375993828, -0.826275580833451, 0.0 ], [ 119.810824, -0.826602999999897, 0.0 ], [ 119.810636000000116, -0.82674399999984, 0.0 ], [ 119.810589000000135, -0.826932, 0.0 ], [ 119.81080200000018, -0.827817999999885, 0.0 ], [ 119.810919, -0.828077, 0.0 ], [ 119.810989000000106, -0.828429999999896, 0.0 ], [ 119.810989000000106, -0.82871199999987, 0.0 ], [ 119.810988000000208, -0.828970999999894, 0.0 ], [ 119.811105, -0.829136, 0.0 ], [ 119.811292000000137, -0.829348, 0.0 ], [ 119.811526, -0.829537, 0.0 ], [ 119.811713, -0.829678, 0.0 ], [ 119.811853000000184, -0.82989, 0.0 ], [ 119.811970000000187, -0.830196, 0.0 ], [ 119.811923000000206, -0.830477999999884, 0.0 ], [ 119.811829, -0.830737, 0.0 ], [ 119.811712000000156, -0.830925, 0.0 ], [ 119.811712000000156, -0.831231, 0.0 ], [ 119.811735, -0.83142, 0.0 ], [ 119.811852, -0.831608, 0.0 ], [ 119.812109000000234, -0.831796999999861, 0.0 ], [ 119.812366, -0.831891, 0.0 ], [ 119.81253, -0.832031999999854, 0.0 ], [ 119.812717, -0.832103, 0.0 ], [ 119.812927000000144, -0.83215, 0.0 ], [ 119.813078914720862, -0.832247532797242, 0.0 ], [ 119.813082400000127, -0.832268443999967, 0.0 ], [ 119.813123963000095, -0.832361961999977, 0.0 ], [ 119.813128089000088, -0.832376697999953, 0.0 ], [ 119.813138705000071, -0.832414612999981, 0.0 ], [ 119.813138715999983, -0.832414651999985, 0.0 ], [ 119.813160331000091, -0.832491847999977, 0.0 ], [ 119.813207090000134, -0.83264251599992, 0.0 ], [ 119.813227872000084, -0.832704860999927, 0.0 ], [ 119.813238263000045, -0.83281916099997, 0.0 ], [ 119.813238263000045, -0.832851282999963, 0.0 ], [ 119.813238263000045, -0.832851325999966, 0.0 ], [ 119.813238263000045, -0.832855377628688, 0.0 ], [ 119.813137000000111, -0.832974, 0.0 ], [ 119.812996, -0.833067999999864, 0.0 ], [ 119.812926, -0.833163, 0.0 ], [ 119.812900615290175, -0.833232672926981, 0.0 ], [ 119.812884973000124, -0.833245186999958, 0.0 ], [ 119.812848605000141, -0.833276358999962, 0.0 ], [ 119.812812237000145, -0.833338704999969, 0.0 ], [ 119.812770674, -0.833406244999962, 0.0 ], [ 119.812739501, -0.833499762999972, 0.0 ], [ 119.81271352400006, -0.833629648999972, 0.0 ], [ 119.812717688791153, -0.833750438363817, 0.0 ], [ 119.812692, -0.833892, 0.0 ], [ 119.812664582713836, -0.834070504033695, 0.0 ], [ 119.812635592000106, -0.834149192999972, 0.0 ], [ 119.812588833000049, -0.834227124999936, 0.0 ], [ 119.812557661000042, -0.834273883999986, 0.0 ], [ 119.812536879000021, -0.834320642999947, 0.0 ], [ 119.812531683000117, -0.834393378999925, 0.0 ], [ 119.812547270000081, -0.834471309999978, 0.0 ], [ 119.812609615000085, -0.834570023999975, 0.0 ], [ 119.812703133, -0.834684323000017, 0.0 ], [ 119.812770674, -0.834746668999935, 0.0 ], [ 119.812879778000053, -0.8348245999999, 0.0 ], [ 119.812881300422774, -0.834825244105735, 0.0 ], [ 119.813048000000208, -0.835035999999894, 0.0 ], [ 119.813282000000115, -0.835224, 0.0 ], [ 119.813506781468845, -0.835433253801392, 0.0 ], [ 119.813508426000112, -0.83544805299997, 0.0 ], [ 119.81353959800002, -0.83549481200002, 0.0 ], [ 119.813627921000048, -0.835593525000016, 0.0 ], [ 119.813686629000017, -0.835642239999961, 0.0 ], [ 119.813811940000093, -0.835746221999949, 0.0 ], [ 119.81387210600009, -0.835796146999906, 0.0 ], [ 119.814038360999987, -0.835931227999891, 0.0 ], [ 119.814146633000064, -0.836024566999887, 0.0 ], [ 119.814189028000115, -0.83606111399998, 0.0 ], [ 119.814223902000066, -0.836093808999932, 0.0 ], [ 119.814355282000108, -0.836216977999909, 0.0 ], [ 119.814453996000097, -0.836326081999966, 0.0 ], [ 119.814511145000125, -0.836435185999933, 0.0 ], [ 119.814557904, -0.836570266999919, 0.0 ], [ 119.814656618000072, -0.83679367099993, 0.0 ], [ 119.814678365100733, -0.836848038926091, 0.0 ], [ 119.814591000000149, -0.836991, 0.0 ], [ 119.814357000000243, -0.837179, 0.0 ], [ 119.814169000000149, -0.837343, 0.0 ], [ 119.814075, -0.837695999999893, 0.0 ], [ 119.814098, -0.837884999999899, 0.0 ], [ 119.814098, -0.838097, 0.0 ], [ 119.813981, -0.838214, 0.0 ], [ 119.813981, -0.838379, 0.0 ], [ 119.814051, -0.83854399999989, 0.0 ], [ 119.814261000000201, -0.83892, 0.0 ], [ 119.814425000000185, -0.839156, 0.0 ], [ 119.814682, -0.839344, 0.0 ], [ 119.814689862179662, -0.839352620318328, 0.0 ], [ 119.814687790000079, -0.839360217999923, 0.0 ], [ 119.814667009000132, -0.839412171999959, 0.0 ], [ 119.814667009000132, -0.839458931, 0.0 ], [ 119.814687790000079, -0.839500494999895, 0.0 ], [ 119.814737272000087, -0.839549975999903, 0.0 ], [ 119.814739745000111, -0.83955244899993, 0.0 ], [ 119.814833263000125, -0.839661552999898, 0.0 ], [ 119.81491639, -0.839744679999937, 0.0 ], [ 119.815020298000064, -0.839864174999965, 0.0 ], [ 119.815098230000117, -0.839916129999912, 0.0 ], [ 119.815160575000036, -0.83994210699993, 0.0 ], [ 119.815184611235438, -0.83994210699993, 0.0 ], [ 119.815196000000114, -0.839957, 0.0 ], [ 119.815240382528529, -0.84018177603104, 0.0 ], [ 119.815196943000018, -0.840238246999919, 0.0 ], [ 119.81515538000005, -0.840259028999951, 0.0 ], [ 119.815121387000076, -0.840264693999886, 0.0 ], [ 119.815103633000021, -0.840267652999954, 0.0 ], [ 119.815093034000043, -0.840269419000011, 0.0 ], [ 119.815067057000107, -0.84029539699994, 0.0 ], [ 119.815061862000121, -0.840321373999958, 0.0 ], [ 119.815072253000011, -0.840373327999904, 0.0 ], [ 119.815103425000103, -0.840435672999911, 0.0 ], [ 119.815159448000031, -0.840547717999945, 0.0 ], [ 119.815176162000071, -0.840581145999957, 0.0 ], [ 119.815254093000036, -0.840659076999922, 0.0 ], [ 119.815297375000156, -0.840700554999978, 0.0 ], [ 119.81537878400006, -0.84077857199995, 0.0 ], [ 119.815421158, -0.840818592999975, 0.0 ], [ 119.815421189000105, -0.840818620999888, 0.0 ], [ 119.815472301000156, -0.840866894999975, 0.0 ], [ 119.815550233000025, -0.840887676999918, 0.0 ], [ 119.815617774000117, -0.840866894999975, 0.0 ], [ 119.815670588000131, -0.840849289999939, 0.0 ], [ 119.815680755013318, -0.840845900995573, 0.0 ], [ 119.815734, -0.840875, 0.0 ], [ 119.815886132196482, -0.840883693268262, 0.0 ], [ 119.81599184500007, -0.840934435999968, 0.0 ], [ 119.816080168000084, -0.840975998999943, 0.0 ], [ 119.816204858000106, -0.840986389999914, 0.0 ], [ 119.816277594000084, -0.840970803999957, 0.0 ], [ 119.816316328076297, -0.840936912149209, 0.0 ], [ 119.816458, -0.84096999999989, 0.0 ], [ 119.816645000000108, -0.841064, 0.0 ], [ 119.816762, -0.841205999999877, 0.0 ], [ 119.816954084757, -0.841335050732022, 0.0 ], [ 119.81705691, -0.841443587999906, 0.0 ], [ 119.817197187000048, -0.841547496999977, 0.0 ], [ 119.817261631000051, -0.84159498199991, 0.0 ], [ 119.817394614000051, -0.841692969999935, 0.0 ], [ 119.817453961000069, -0.841738073999936, 0.0 ], [ 119.817654386000044, -0.841890395999927, 0.0 ], [ 119.817788039426503, -0.841968745416837, 0.0 ], [ 119.817915000000113, -0.842160999999846, 0.0 ], [ 119.817939, -0.842326, 0.0 ], [ 119.817939, -0.84253699999987, 0.0 ], [ 119.817966850801639, -0.842641541414507, 0.0 ], [ 119.817966112, -0.842648929999894, 0.0 ], [ 119.817966112, -0.842747643999891, 0.0 ], [ 119.8179920890001, -0.842867138999919, 0.0 ], [ 119.818049239000032, -0.842986633999947, 0.0 ], [ 119.818116780000111, -0.843126910999919, 0.0 ], [ 119.818205102000135, -0.843225623999915, 0.0 ], [ 119.818344966049452, -0.843297349348154, 0.0 ], [ 119.818569000000139, -0.843455999999881, 0.0 ], [ 119.818756, -0.843643999999893, 0.0 ], [ 119.818967, -0.843808999999867, 0.0 ], [ 119.819177000000167, -0.843927, 0.0 ], [ 119.819528, -0.844045, 0.0 ], [ 119.819808000000151, -0.844256999999898, 0.0 ], [ 119.820065, -0.844446, 0.0 ], [ 119.820556000000138, -0.84479899999989, 0.0 ], [ 119.820727209814734, -0.844885518838561, 0.0 ], [ 119.820730085000065, -0.844888163999896, 0.0 ], [ 119.820906730000033, -0.844986876999981, 0.0 ], [ 119.821130134000128, -0.845044027, 0.0 ], [ 119.821191457592903, -0.845053461515304, 0.0 ], [ 119.821515000000176, -0.845270999999864, 0.0 ], [ 119.821912, -0.845554, 0.0 ], [ 119.822266048660055, -0.845624950227391, 0.0 ], [ 119.82241860300006, -0.845683065999941, 0.0 ], [ 119.822589151000145, -0.845759427999953, 0.0 ], [ 119.822626359000111, -0.845840526999913, 0.0 ], [ 119.822639577000047, -0.845869336999987, 0.0 ], [ 119.822639595000055, -0.845869374, 0.0 ], [ 119.822704054000056, -0.84600987299998, 0.0 ], [ 119.822880430000083, -0.846394308, 0.0 ], [ 119.822931189000116, -0.846504943999909, 0.0 ], [ 119.822931206000021, -0.846504982999912, 0.0 ], [ 119.822962447000037, -0.84657307499995, 0.0 ], [ 119.82300323900003, -0.846661986999935, 0.0 ], [ 119.823088298000059, -0.84684738399991, 0.0 ], [ 119.823099205000062, -0.846909189999961, 0.0 ], [ 119.823119987000013, -0.847033879999975, 0.0 ], [ 119.823147288000044, -0.847126284999982, 0.0 ], [ 119.823187527000087, -0.847262478999971, 0.0 ], [ 119.823260179000059, -0.847433210999975, 0.0 ], [ 119.823291436000076, -0.847506664999925, 0.0 ], [ 119.823343391000108, -0.847646941999896, 0.0 ], [ 119.823421322000073, -0.84777163199991, 0.0 ], [ 119.823540817000108, -0.847906713999985, 0.0 ], [ 119.823634335000023, -0.848026208999924, 0.0 ], [ 119.823769416000104, -0.848145703999952, 0.0 ], [ 119.823831080970564, -0.848186023017499, 0.0 ], [ 119.82384, -0.848197999999838, 0.0 ], [ 119.824191, -0.848434, 0.0 ], [ 119.824216559665658, -0.848442641601126, 0.0 ], [ 119.8242214200001, -0.848447038999927, 0.0 ], [ 119.824325328000086, -0.848545752999923, 0.0 ], [ 119.824413651000114, -0.848613293, 0.0 ], [ 119.824460410000071, -0.848670442999937, 0.0 ], [ 119.824522755000075, -0.848753569999888, 0.0 ], [ 119.824564319000061, -0.848852283999973, 0.0 ], [ 119.824637055000039, -0.849065295999923, 0.0 ], [ 119.824709791000018, -0.849278308999962, 0.0 ], [ 119.824766941000036, -0.84948093199994, 0.0 ], [ 119.824813700000078, -0.849647185999929, 0.0 ], [ 119.824877519279283, -0.849802175176533, 0.0 ], [ 119.824938, -0.849987999999884, 0.0 ], [ 119.825005260694056, -0.850040215538622, 0.0 ], [ 119.82503963000012, -0.85008671499997, 0.0 ], [ 119.825052690000049, -0.850104383999922, 0.0 ], [ 119.825213748000053, -0.850260246999939, 0.0 ], [ 119.825265703, -0.850307005999989, 0.0 ], [ 119.825322853000117, -0.850384937999953, 0.0 ], [ 119.825400784000081, -0.85053041, 0.0 ], [ 119.825452738000109, -0.850675881999956, 0.0 ], [ 119.825499496999981, -0.850784986999924, 0.0 ], [ 119.825546256000038, -0.850930458999882, 0.0 ], [ 119.825575873000091, -0.851013667999927, 0.0 ], [ 119.825637719000056, -0.851187423999916, 0.0 ], [ 119.825655361, -0.851236989999931, 0.0 ], [ 119.825681338000109, -0.851372070999917, 0.0 ], [ 119.82568190700006, -0.851389707999955, 0.0 ], [ 119.82568296500007, -0.851422525, 0.0 ], [ 119.825686533000095, -0.85153312999992, 0.0 ], [ 119.825707315000031, -0.851663016, 0.0 ], [ 119.825717706000091, -0.851829269999909, 0.0 ], [ 119.825748878000013, -0.852021501, 0.0 ], [ 119.825754074000088, -0.852135800999958, 0.0 ], [ 119.825754074000088, -0.852224122999894, 0.0 ], [ 119.825754074000088, -0.85236959499994, 0.0 ], [ 119.825754074000088, -0.852471886999966, 0.0 ], [ 119.825754074000088, -0.852483894999983, 0.0 ], [ 119.825738488000042, -0.852577412999905, 0.0 ], [ 119.825740971000073, -0.852614654999966, 0.0 ], [ 119.825743683000027, -0.852655343999958, 0.0 ], [ 119.825769660000134, -0.852712493999979, 0.0 ], [ 119.825822885000093, -0.852805638999959, 0.0 ], [ 119.825832005000052, -0.852821597999947, 0.0 ], [ 119.825935914000027, -0.852894335000014, 0.0 ], [ 119.825971025000101, -0.852918273999952, 0.0 ], [ 119.826011786000095, -0.852946064999943, 0.0 ], [ 119.826050214, -0.852972265999979, 0.0 ], [ 119.826180100000073, -0.853024219999925, 0.0 ], [ 119.826304790000094, -0.853086565999932, 0.0 ], [ 119.826393113000108, -0.85314891099994, 0.0 ], [ 119.826512608000058, -0.853268405999968, 0.0 ], [ 119.826621712000019, -0.853377509999936, 0.0 ], [ 119.826720425000104, -0.853522982999982, 0.0 ], [ 119.826803552000143, -0.853704822999928, 0.0 ], [ 119.826850311000015, -0.85390225000001, 0.0 ], [ 119.82690198100012, -0.854081104999976, 0.0 ], [ 119.826917852000093, -0.854136044, 0.0 ], [ 119.826980197000012, -0.854375033999959, 0.0 ], [ 119.827042543000019, -0.85455167899992, 0.0 ], [ 119.827080836000079, -0.854659800999984, 0.0 ], [ 119.827130865000044, -0.854801059999948, 0.0 ], [ 119.827135849000101, -0.854821827999979, 0.0 ], [ 119.827193210000061, -0.855060831999948, 0.0 ], [ 119.827229578000043, -0.855247867999969, 0.0 ], [ 119.827231811000047, -0.855286568999885, 0.0 ], [ 119.827233045000071, -0.855307950999967, 0.0 ], [ 119.827235804000111, -0.855355774000016, 0.0 ], [ 119.827245165, -0.85551803099994, 0.0 ], [ 119.82729192400005, -0.855668698999972, 0.0 ], [ 119.827312705000082, -0.85577780299994, 0.0 ], [ 119.827328292000047, -0.855860929999979, 0.0 ], [ 119.827317900999986, -0.855975228999933, 0.0 ], [ 119.827312705000082, -0.856120701999979, 0.0 ], [ 119.827328292000047, -0.856328518999943, 0.0 ], [ 119.827337386000082, -0.856369443999954, 0.0 ], [ 119.827349073000079, -0.856422036999954, 0.0 ], [ 119.827369855000015, -0.856593486999929, 0.0 ], [ 119.827369855000015, -0.856707785999971, 0.0 ], [ 119.827369855000015, -0.856796109, 0.0 ], [ 119.827367447, -0.856844276999896, 0.0 ], [ 119.827364660000029, -0.856900016999889, 0.0 ], [ 119.827375051000089, -0.857050684999921, 0.0 ], [ 119.827386837000091, -0.857111296999962, 0.0 ], [ 119.827411419000086, -0.857237720999942, 0.0 ], [ 119.827458178000043, -0.857398779999945, 0.0 ], [ 119.827541305000082, -0.857596205999938, 0.0 ], [ 119.827634823, -0.857804024, 0.0 ], [ 119.827649792000088, -0.857839950999944, 0.0 ], [ 119.827712754000146, -0.857991059999923, 0.0 ], [ 119.827795881, -0.858131335999895, 0.0 ], [ 119.827833702000021, -0.858175128999966, 0.0 ], [ 119.827851926000108, -0.858196229999935, 0.0 ], [ 119.827851953000021, -0.858196260999938, 0.0 ], [ 119.827894594000085, -0.858245635999937, 0.0 ], [ 119.827941353000057, -0.85835993599998, 0.0 ], [ 119.82794602, -0.858387939999899, 0.0 ], [ 119.827946027000081, -0.858387982, 0.0 ], [ 119.827949437000015, -0.858408439, 0.0 ], [ 119.827967331000067, -0.858515799, 0.0 ], [ 119.827968570000081, -0.858525215999977, 0.0 ], [ 119.827976276409899, -0.858583784777094, 0.0 ], [ 119.827976000000163, -0.858675, 0.0 ], [ 119.827992132886394, -0.858750824565229, 0.0 ], [ 119.827988112000099, -0.858879478999979, 0.0 ], [ 119.828003699000064, -0.858967801999915, 0.0 ], [ 119.828014090000025, -0.859076905999883, 0.0 ], [ 119.828014090000025, -0.859082029999952, 0.0 ], [ 119.828014090000025, -0.859170423999982, 0.0 ], [ 119.828028083000035, -0.859240389, 0.0 ], [ 119.828037152000078, -0.85928573300002, 0.0 ], [ 119.828040067000046, -0.859300309999982, 0.0 ], [ 119.828066044000067, -0.859378241999947, 0.0 ], [ 119.82810241200005, -0.859502931999961, 0.0 ], [ 119.828112687000015, -0.859522196999956, 0.0 ], [ 119.828131367000054, -0.859557222000012, 0.0 ], [ 119.828143976000121, -0.859580863999925, 0.0 ], [ 119.828197537154566, -0.859704467823368, 0.0 ], [ 119.828249515883357, -0.859865304861101, 0.0 ], [ 119.828268666000127, -0.860032866999932, 0.0 ], [ 119.828331011000046, -0.860219902999953, 0.0 ], [ 119.828336155000116, -0.860240947, 0.0 ], [ 119.828388160999978, -0.860453696999935, 0.0 ], [ 119.828450506000081, -0.860677100999945, 0.0 ], [ 119.828476484, -0.86076542399997, 0.0 ], [ 119.828538829000109, -0.860853746, 0.0 ], [ 119.82866871500002, -0.860983631999906, 0.0 ], [ 119.828741451000084, -0.861129103999952, 0.0 ], [ 119.828803923, -0.861257952999955, 0.0 ], [ 119.828824578000123, -0.861300553999927, 0.0 ], [ 119.828871337, -0.861435635, 0.0 ], [ 119.828872406000087, -0.861437676, 0.0 ], [ 119.828928487000098, -0.861544738999969, 0.0 ], [ 119.828974189259142, -0.861636144871552, 0.0 ], [ 119.829003000000142, -0.86183, 0.0 ], [ 119.829002, -0.862253, 0.0 ], [ 119.82940000000022, -0.862795, 0.0 ], [ 119.829534197314274, -0.862918231774772, 0.0 ], [ 119.829555457000112, -0.862967837999944, 0.0 ], [ 119.829577916000105, -0.863020243999928, 0.0 ], [ 119.829619637000093, -0.863069786999942, 0.0 ], [ 119.829661044000048, -0.863118956999925, 0.0 ], [ 119.829696919000085, -0.863164490999962, 0.0 ], [ 119.829762101000071, -0.863247221999968, 0.0 ], [ 119.829762127000066, -0.863247253999971, 0.0 ], [ 119.829796125000044, -0.863290406999988, 0.0 ], [ 119.829868861000023, -0.86338392399991, 0.0 ], [ 119.829993552000033, -0.863555373999885, 0.0 ], [ 119.83003646100012, -0.863620153999916, 0.0 ], [ 119.830080815000059, -0.86368711399995, 0.0 ], [ 119.830143229000072, -0.86378133899993, 0.0 ], [ 119.830155578000031, -0.863813894999959, 0.0 ], [ 119.830173924000036, -0.863862261999964, 0.0 ], [ 119.830224332000029, -0.863995156999946, 0.0 ], [ 119.830247925000123, -0.864057356999941, 0.0 ], [ 119.830257983999971, -0.864076036999977, 0.0 ], [ 119.830303249000082, -0.864160100999916, 0.0 ], [ 119.830381175000042, -0.864304820999989, 0.0 ], [ 119.830552496000095, -0.864599873999977, 0.0 ], [ 119.830666710000045, -0.864780712999929, 0.0 ], [ 119.830685499000083, -0.864893446999931, 0.0 ], [ 119.830685506, -0.864893488999934, 0.0 ], [ 119.830693895000067, -0.864943819999924, 0.0 ], [ 119.830695264, -0.864952033999982, 0.0 ], [ 119.83069947, -0.86499970499993, 0.0 ], [ 119.830708828000056, -0.865105768, 0.0 ], [ 119.830719175000027, -0.865223029999934, 0.0 ], [ 119.830723069000086, -0.865267158999943, 0.0 ], [ 119.830723817000063, -0.865275640999934, 0.0 ], [ 119.830767129, -0.865412794999914, 0.0 ], [ 119.83078092500007, -0.865456479999976, 0.0 ], [ 119.830813537000026, -0.865504438999947, 0.0 ], [ 119.830892859000102, -0.865621088999918, 0.0 ], [ 119.830942728000053, -0.865694425999946, 0.0 ], [ 119.831134116000072, -0.865926826, 0.0 ], [ 119.831209228000077, -0.866018032999898, 0.0 ], [ 119.831244888, -0.866064953999961, 0.0 ], [ 119.831380542000034, -0.866243445999897, 0.0 ], [ 119.831390067000029, -0.866255978999957, 0.0 ], [ 119.831401990000032, -0.866273861999927, 0.0 ], [ 119.83140201300013, -0.86627389599993, 0.0 ], [ 119.831523316000045, -0.866455853999975, 0.0 ], [ 119.831523424000054, -0.866456059, 0.0 ], [ 119.831608977000116, -0.866617656999951, 0.0 ], [ 119.831625700999979, -0.866667827999928, 0.0 ], [ 119.831640976, -0.866713652999989, 0.0 ], [ 119.831685120000103, -0.866846084999933, 0.0 ], [ 119.83172803, -0.867010572999954, 0.0 ], [ 119.831742227000035, -0.867064995999927, 0.0 ], [ 119.83187547700004, -0.867493298999927, 0.0 ], [ 119.831932738000077, -0.867631400999896, 0.0 ], [ 119.831951489000033, -0.867676623, 0.0 ], [ 119.832037280000023, -0.867883529999974, 0.0 ], [ 119.832040522000028, -0.867893255999979, 0.0 ], [ 119.832040535000019, -0.867893292999982, 0.0 ], [ 119.832106819000089, -0.868092145999915, 0.0 ], [ 119.832173341000086, -0.868291713999907, 0.0 ], [ 119.832189565, -0.868340386999938, 0.0 ], [ 119.832313297000027, -0.868625921999937, 0.0 ], [ 119.832345035000088, -0.868675115999922, 0.0 ], [ 119.832490444000129, -0.868900498999919, 0.0 ], [ 119.832503654000149, -0.868920975000014, 0.0 ], [ 119.832518682000156, -0.86894786699993, 0.0 ], [ 119.832564588000039, -0.869030014999977, 0.0 ], [ 119.832663942000096, -0.869207805999944, 0.0 ], [ 119.832684493000102, -0.869244581999967, 0.0 ], [ 119.83270227800007, -0.869295397, 0.0 ], [ 119.832712250000085, -0.869323886999956, 0.0 ], [ 119.832712264000094, -0.869323926999959, 0.0 ], [ 119.832751118000019, -0.869434939, 0.0 ], [ 119.832779671999987, -0.869615777999948, 0.0 ], [ 119.832798429000022, -0.869656897999976, 0.0 ], [ 119.832810542000047, -0.869683453999953, 0.0 ], [ 119.833013122000025, -0.870127572999928, 0.0 ], [ 119.833027136000027, -0.870158294999984, 0.0 ], [ 119.833124928000046, -0.870333290999985, 0.0 ], [ 119.833207975000079, -0.870481901999936, 0.0 ], [ 119.833503028000152, -0.870948275999977, 0.0 ], [ 119.833523789000097, -0.871000976999897, 0.0 ], [ 119.833559235000095, -0.871090952999969, 0.0 ], [ 119.83355925, -0.871090990999972, 0.0 ], [ 119.83362676, -0.871262364999941, 0.0 ], [ 119.833650138000067, -0.871332497999971, 0.0 ], [ 119.833687902000079, -0.87144579299993, 0.0 ], [ 119.833688803000072, -0.871448494999887, 0.0 ], [ 119.833731456000038, -0.871576454, 0.0 ], [ 119.833921813000075, -0.872042827999946, 0.0 ], [ 119.834026509000026, -0.872280773999917, 0.0 ], [ 119.834067843000071, -0.872385323999952, 0.0 ], [ 119.834188313000013, -0.87269004099994, 0.0 ], [ 119.834312045000033, -0.873108826999951, 0.0 ], [ 119.834407223000085, -0.873432432999904, 0.0 ], [ 119.834468270000073, -0.873541444999953, 0.0 ], [ 119.83448785600001, -0.873576419999916, 0.0 ], [ 119.834487877000015, -0.873576456, 0.0 ], [ 119.834540473000104, -0.873670378999963, 0.0 ], [ 119.83459759800003, -0.873808432000017, 0.0 ], [ 119.834654687000054, -0.873946396999974, 0.0 ], [ 119.834729545000116, -0.874046205999973, 0.0 ], [ 119.834729570000022, -0.874046240999975, 0.0 ], [ 119.834768901000089, -0.874098681999962, 0.0 ], [ 119.834779841000099, -0.874106886999931, 0.0 ], [ 119.834997329000061, -0.874270002999927, 0.0 ], [ 119.835129651868911, -0.874314111240809, 0.0 ], [ 119.835273, -0.874522, 0.0 ], [ 119.835459, -0.874663, 0.0 ], [ 119.8355526957086, -0.874721251608184, 0.0 ], [ 119.835673096000022, -0.874936252999897, 0.0 ], [ 119.835706839000068, -0.875019074, 0.0 ], [ 119.835714409000062, -0.875037655999938, 0.0 ], [ 119.835714425000063, -0.875037694999941, 0.0 ], [ 119.835738963000054, -0.875097923999951, 0.0 ], [ 119.835746500000056, -0.875116423999971, 0.0 ], [ 119.835777793000076, -0.875193233999932, 0.0 ], [ 119.835864371000042, -0.875415863999967, 0.0 ], [ 119.835911042, -0.875535876999949, 0.0 ], [ 119.835912737000044, -0.875540678999903, 0.0 ], [ 119.835912751000052, -0.875540719999906, 0.0 ], [ 119.835937018000095, -0.875609475, 0.0 ], [ 119.836025257000117, -0.875859482999902, 0.0 ], [ 119.836072846000064, -0.875983214999925, 0.0 ], [ 119.836128496000043, -0.876038864999911, 0.0 ], [ 119.83613661375496, -0.876046982754824, 0.0 ], [ 119.836210000000122, -0.87639499999989, 0.0 ], [ 119.83635, -0.876654, 0.0 ], [ 119.83649, -0.876913, 0.0 ], [ 119.836630000000156, -0.877195, 0.0 ], [ 119.83672300000012, -0.877759999999855, 0.0 ], [ 119.836746, -0.878018999999879, 0.0 ], [ 119.836746, -0.878419, 0.0 ], [ 119.83686300000025, -0.878772, 0.0 ], [ 119.837073000000117, -0.879054999999889, 0.0 ], [ 119.8374, -0.879338, 0.0 ], [ 119.837731372400896, -0.879605174898506, 0.0 ], [ 119.83774798600011, -0.879771316999916, 0.0 ], [ 119.837776540000064, -0.87989504899994, 0.0 ], [ 119.837826800999963, -0.880003946999979, 0.0 ], [ 119.837833647, -0.880018780999963, 0.0 ], [ 119.837952710000081, -0.880114945999926, 0.0 ], [ 119.837952730000083, -0.880114962999928, 0.0 ], [ 119.838081111000051, -0.880218655999981, 0.0 ], [ 119.838309653000039, -0.880381899999987, 0.0 ], [ 119.838813985000115, -0.880742136999951, 0.0 ], [ 119.83907096700014, -0.880980083999921, 0.0 ], [ 119.839270841000072, -0.880999118999986, 0.0 ], [ 119.839432645000144, -0.881046707999927, 0.0 ], [ 119.839584930000129, -0.881113332999933, 0.0 ], [ 119.839700432000086, -0.881186833999974, 0.0 ], [ 119.839899019000086, -0.88131320799995, 0.0 ], [ 119.840270215000075, -0.881560672, 0.0 ], [ 119.840382602000133, -0.881614421999915, 0.0 ], [ 119.840708036000066, -0.881770064999914, 0.0 ], [ 119.841012607000039, -0.881865242999973, 0.0 ], [ 119.841469463000095, -0.881960420999944, 0.0 ], [ 119.841764517000072, -0.882093670999955, 0.0 ], [ 119.842126195000077, -0.882388723999943, 0.0 ], [ 119.842135283000019, -0.882394057999941, 0.0 ], [ 119.84256401500015, -0.882645705999979, 0.0 ], [ 119.843039908, -0.882902687999925, 0.0 ], [ 119.843334961000082, -0.883093044999955, 0.0 ], [ 119.843743591000049, -0.883207080999975, 0.0 ], [ 119.843744228000105, -0.883207259, 0.0 ], [ 119.844229638000115, -0.883340508999913, 0.0 ], [ 119.844743602000094, -0.883388097999942, 0.0 ], [ 119.845248047, -0.883435686999972, 0.0 ], [ 119.845876225000112, -0.88344520499996, 0.0 ], [ 119.846551992000073, -0.88344520499996, 0.0 ], [ 119.847361009000124, -0.883464240999936, 0.0 ], [ 119.848093883000018, -0.883502311999978, 0.0 ], [ 119.848255343000048, -0.883511039999989, 0.0 ], [ 119.848389045000104, -0.883518266999966, 0.0 ], [ 119.848446043000109, -0.883521347999954, 0.0 ], [ 119.848592766, -0.883544272999897, 0.0 ], [ 119.848750614000082, -0.883568936999984, 0.0 ], [ 119.84928361300004, -0.883673632999942, 0.0 ], [ 119.850026005, -0.883816400999942, 0.0 ], [ 119.850968272000074, -0.88396868699993, 0.0 ], [ 119.851337382000153, -0.884004263999943, 0.0 ], [ 119.851758253000071, -0.884044828999924, 0.0 ], [ 119.85181693500013, -0.884050816999975, 0.0 ], [ 119.852691001000068, -0.884140007999983, 0.0 ], [ 119.853557125000052, -0.88425422199993, 0.0 ], [ 119.854489874000038, -0.884349399999989, 0.0 ], [ 119.854810994000147, -0.884357850999978, 0.0 ], [ 119.85482100500009, -0.884358113999911, 0.0 ], [ 119.855213230000118, -0.884368435999965, 0.0 ], [ 119.855888997000079, -0.884377953999953, 0.0 ], [ 119.856317300000072, -0.884368435999965, 0.0 ], [ 119.856545728000057, -0.884387471999942, 0.0 ], [ 119.856774157000046, -0.884473131999924, 0.0 ], [ 119.857040656000066, -0.884606381999935, 0.0 ], [ 119.857345691000077, -0.884739345999924, 0.0 ], [ 119.857411852000041, -0.884768184999912, 0.0 ], [ 119.857571970000066, -0.884830452999912, 0.0 ], [ 119.857583173000094, -0.88483481, 0.0 ], [ 119.857599991999976, -0.884886266, 0.0 ], [ 119.857692551, -0.885169442999894, 0.0 ], [ 119.857832734044109, -0.885194138307204, 0.0 ], [ 119.857847000000262, -0.885293999999897, 0.0 ], [ 119.857940000000141, -0.885577, 0.0 ], [ 119.858034000000188, -0.885835999999889, 0.0 ], [ 119.858524000000145, -0.886754, 0.0 ], [ 119.858711, -0.887271999999866, 0.0 ], [ 119.858734, -0.887507999999853, 0.0 ], [ 119.858733000000115, -0.887883999999877, 0.0 ], [ 119.858874000000142, -0.88812, 0.0 ], [ 119.859154000000132, -0.888403, 0.0 ], [ 119.859363303823741, -0.888386519383848, 0.0 ], [ 119.860043, -0.888333, 0.0 ], [ 119.859857, -0.887132, 0.0 ], [ 119.859834, -0.886826, 0.0 ], [ 119.859834, -0.886495999999875, 0.0 ], [ 119.859834, -0.886189999999869, 0.0 ], [ 119.85983500000016, -0.885907999999896, 0.0 ], [ 119.859928, -0.885673, 0.0 ], [ 119.860092000000108, -0.885460999999859, 0.0 ], [ 119.860374000000178, -0.88532, 0.0 ], [ 119.860701, -0.885203, 0.0 ], [ 119.861075000000184, -0.885108999999867, 0.0 ], [ 119.861379, -0.885085, 0.0 ], [ 119.86166, -0.885086, 0.0 ], [ 119.861964000000199, -0.885179999999879, 0.0 ], [ 119.862678000000116, -0.885439, 0.0 ], [ 119.862959, -0.885485999999885, 0.0 ], [ 119.863122000000175, -0.885534, 0.0 ], [ 119.863286000000159, -0.885581, 0.0 ], [ 119.863777, -0.885628, 0.0 ], [ 119.863965000000107, -0.885581, 0.0 ], [ 119.864268000000138, -0.885486999999879, 0.0 ], [ 119.864736000000136, -0.885322999999898, 0.0 ], [ 119.865274000000156, -0.885181999999867, 0.0 ], [ 119.865672000000131, -0.885017999999887, 0.0 ], [ 119.866047, -0.884924, 0.0 ], [ 119.866304, -0.884782999999894, 0.0 ], [ 119.86672500000013, -0.884689, 0.0 ], [ 119.867778000000115, -0.884477999999882, 0.0 ], [ 119.868269, -0.884314, 0.0 ], [ 119.8685270000001, -0.884196, 0.0 ], [ 119.868878, -0.883937999999878, 0.0 ], [ 119.869393000000159, -0.883631999999873, 0.0 ], [ 119.869558343417879, -0.883318256482928, 0.0 ], [ 119.869959, -0.882558, 0.0 ], [ 119.870053, -0.882392999999853, 0.0 ], [ 119.870217000000125, -0.882205, 0.0 ], [ 119.870357, -0.881899, 0.0 ], [ 119.870428, -0.881593, 0.0 ], [ 119.870475000000155, -0.881122, 0.0 ], [ 119.870569000000117, -0.880628, 0.0 ], [ 119.870780000000167, -0.879451, 0.0 ], [ 119.870968, -0.879027999999876, 0.0 ], [ 119.871202000000181, -0.878698, 0.0 ], [ 119.871413000000231, -0.878393, 0.0 ], [ 119.871624, -0.878087, 0.0 ], [ 119.871811000000122, -0.877756999999873, 0.0 ], [ 119.871975000000106, -0.877357, 0.0 ], [ 119.872069000000153, -0.876934, 0.0 ], [ 119.872046000000211, -0.876581, 0.0 ], [ 119.871976, -0.876250999999877, 0.0 ], [ 119.872119, -0.875107, 0.0 ], [ 119.872189, -0.874754, 0.0 ], [ 119.872283, -0.874306999999879, 0.0 ], [ 119.872308000000118, -0.873718, 0.0 ], [ 119.872308000000118, -0.873034999999883, 0.0 ], [ 119.872308000000118, -0.872422999999872, 0.0 ], [ 119.872228372452284, -0.87118427232255, 0.0 ], [ 119.872228761000045, -0.871177407999928, 0.0 ], [ 119.872231945000053, -0.871121159999982, 0.0 ], [ 119.872236165000132, -0.871046594999941, 0.0 ], [ 119.872240653000063, -0.870967311999953, 0.0 ], [ 119.872274044000065, -0.870726897999957, 0.0 ], [ 119.872335832000118, -0.870282027, 0.0 ], [ 119.872450046000068, -0.869796617, 0.0 ], [ 119.872512916000019, -0.869591460999979, 0.0 ], [ 119.872606252000111, -0.869286889999914, 0.0 ], [ 119.872630885000021, -0.869206509999925, 0.0 ], [ 119.872887866000056, -0.868730617999985, 0.0 ], [ 119.873268580000016, -0.868169064999973, 0.0 ], [ 119.873499462000026, -0.867818620000021, 0.0 ], [ 119.873619760627349, -0.86763602502044, 0.0 ], [ 119.874450000000166, -0.866690999999891, 0.0 ], [ 119.874481765575396, -0.866500406548203, 0.0 ], [ 119.874493124000082, -0.866486697999951, 0.0 ], [ 119.874534453000038, -0.86643681799991, 0.0 ], [ 119.874724810000075, -0.866275014999934, 0.0 ], [ 119.874939972000107, -0.866167434, 0.0 ], [ 119.87518166700012, -0.866046585999952, 0.0 ], [ 119.875667077000145, -0.865837193999946, 0.0 ], [ 119.875861729, -0.865601987999936, 0.0 ], [ 119.875861754000084, -0.865601957999933, 0.0 ], [ 119.875895505000031, -0.865561175999934, 0.0 ], [ 119.875908396000128, -0.865546672999889, 0.0 ], [ 119.875946117684308, -0.865504236322073, 0.0 ], [ 119.876112000000191, -0.865420999999882, 0.0 ], [ 119.876533, -0.865092, 0.0 ], [ 119.876861, -0.864809999999865, 0.0 ], [ 119.877365297018798, -0.864472472090155, 0.0 ], [ 119.877741967000048, -0.864257231999959, 0.0 ], [ 119.877998948999988, -0.86408591, 0.0 ], [ 119.878067838774683, -0.864002258225154, 0.0 ], [ 119.878125, -0.863964, 0.0 ], [ 119.878569000000169, -0.863376, 0.0 ], [ 119.878780000000134, -0.862999, 0.0 ], [ 119.878944000000203, -0.862552, 0.0 ], [ 119.879062000000104, -0.862104999999874, 0.0 ], [ 119.879203, -0.861422, 0.0 ], [ 119.87925, -0.86074, 0.0 ], [ 119.87925100000021, -0.86001, 0.0 ], [ 119.879204000000229, -0.859586, 0.0 ], [ 119.879158, -0.859257, 0.0 ], [ 119.878525, -0.858393999999867, 0.0 ], [ 119.87829415031139, -0.858242813805726, 0.0 ], [ 119.878236291, -0.85817255599993, 0.0 ], [ 119.878201829000076, -0.858130709999932, 0.0 ], [ 119.878170193000045, -0.858092293999951, 0.0 ], [ 119.878170166000032, -0.858092260999948, 0.0 ], [ 119.878121976000131, -0.858033744999902, 0.0 ], [ 119.878113163000123, -0.858023043999905, 0.0 ], [ 119.878039785000084, -0.857963642999964, 0.0 ], [ 119.877913288000101, -0.857861240000018, 0.0 ], [ 119.877637271, -0.857604258999983, 0.0 ], [ 119.877637000000149, -0.85760329114512, 0.0 ], [ 119.877637000000149, -0.857356999999864, 0.0 ], [ 119.877708000000254, -0.857051, 0.0 ], [ 119.877825000000172, -0.856697999999872, 0.0 ], [ 119.877829609875405, -0.856665925656335, 0.0 ], [ 119.877894252000033, -0.856509706999924, 0.0 ], [ 119.878002153, -0.856193530999965, 0.0 ], [ 119.878074267000102, -0.855982220999978, 0.0 ], [ 119.878241937000112, -0.855490909, 0.0 ], [ 119.87830352000006, -0.855310458, 0.0 ], [ 119.878617609000116, -0.854225423999926, 0.0 ], [ 119.878655801999983, -0.853964437999915, 0.0 ], [ 119.878663627, -0.853910968000021, 0.0 ], [ 119.878731823000052, -0.85344496100001, 0.0 ], [ 119.878752990000038, -0.85322799499991, 0.0 ], [ 119.878769894000015, -0.853054728999963, 0.0 ], [ 119.878741341000051, -0.852597873, 0.0 ], [ 119.878655680000065, -0.852236194999916, 0.0 ], [ 119.878560502, -0.85183644499997, 0.0 ], [ 119.878526624000045, -0.851658588999909, 0.0 ], [ 119.878522430000046, -0.851636569999952, 0.0 ], [ 119.878523726999987, -0.851605450999953, 0.0 ], [ 119.878525512000039, -0.85156259399996, 0.0 ], [ 119.878530710000021, -0.851437846999941, 0.0 ], [ 119.878530712000028, -0.851437805999938, 0.0 ], [ 119.878531948000045, -0.85140814199997, 0.0 ], [ 119.87867064600006, -0.851238124999936, 0.0 ], [ 119.878827001000118, -0.851046463999976, 0.0 ], [ 119.879141090000076, -0.850646714999941, 0.0 ], [ 119.879192998000022, -0.850537130999934, 0.0 ], [ 119.879252551000064, -0.850411406999923, 0.0 ], [ 119.879263323000075, -0.850388666999907, 0.0 ], [ 119.879312411000129, -0.850285036999948, 0.0 ], [ 119.879352786000013, -0.850123536999908, 0.0 ], [ 119.879417107000094, -0.849866250999936, 0.0 ], [ 119.879431450000126, -0.849804099999945, 0.0 ], [ 119.879437727000109, -0.849776898999915, 0.0 ], [ 119.879500649000079, -0.849504237999914, 0.0 ], [ 119.879515246000125, -0.849440985999921, 0.0 ], [ 119.879531322000034, -0.849371323999931, 0.0 ], [ 119.879538510000103, -0.849283264999928, 0.0 ], [ 119.879559061000023, -0.84903151499997, 0.0 ], [ 119.879569393000082, -0.848904948999978, 0.0 ], [ 119.879565407000101, -0.848814608999964, 0.0 ], [ 119.87955324836841, -0.848539014173538, 0.0 ], [ 119.879564, -0.848374, 0.0 ], [ 119.879565000000156, -0.847902999999855, 0.0 ], [ 119.879542, -0.847527, 0.0 ], [ 119.879682000000159, -0.847174, 0.0 ], [ 119.879683, -0.846702999999865, 0.0 ], [ 119.879613, -0.846467, 0.0 ], [ 119.879519, -0.846101999999876, 0.0 ], [ 119.879483000000121, -0.845853999999873, 0.0 ], [ 119.879483000000121, -0.845293, 0.0 ], [ 119.879447, -0.84477799999984, 0.0 ], [ 119.879374755205049, -0.844449769710758, 0.0 ], [ 119.87936, -0.844269758999888, 0.0 ], [ 119.879346742000038, -0.844150439999963, 0.0 ], [ 119.879312411000129, -0.843841455999977, 0.0 ], [ 119.879274340000094, -0.843536884999912, 0.0 ], [ 119.879283858, -0.843279902999965, 0.0 ], [ 119.879379036000046, -0.84292774299996, 0.0 ], [ 119.879588429000052, -0.842328118999907, 0.0 ], [ 119.879683607000032, -0.841956922999925, 0.0 ], [ 119.879712161000086, -0.841547655999902, 0.0 ], [ 119.879684637614105, -0.841318294289389, 0.0 ], [ 119.879716, -0.840719, 0.0 ], [ 119.879725000000164, -0.840379, 0.0 ], [ 119.879762000000113, -0.840019999999891, 0.0 ], [ 119.879836000000111, -0.839624999999893, 0.0 ], [ 119.879955, -0.839386, 0.0 ], [ 119.880037, -0.839229, 0.0 ], [ 119.880074, -0.838943999999858, 0.0 ], [ 119.880068, -0.837784999999885, 0.0 ], [ 119.880179, -0.837301999999889, 0.0 ], [ 119.880309000000167, -0.836763, 0.0 ], [ 119.880364000000185, -0.836409999999892, 0.0 ], [ 119.880569000000193, -0.835746999999836, 0.0 ], [ 119.88057, -0.835134, 0.0 ], [ 119.88057, -0.834669999999898, 0.0 ], [ 119.880607, -0.834260999999897, 0.0 ], [ 119.880737000000138, -0.833982, 0.0 ], [ 119.880497000000176, -0.83335, 0.0 ], [ 119.880349, -0.833126999999861, 0.0 ], [ 119.880202000000196, -0.832923, 0.0 ], [ 119.880054000000115, -0.832773999999874, 0.0 ], [ 119.879981000000114, -0.832494999999883, 0.0 ], [ 119.879926, -0.832049, 0.0 ], [ 119.879926, -0.831566, 0.0 ], [ 119.879871, -0.831176, 0.0 ], [ 119.879649000000185, -0.830441, 0.0 ], [ 119.879557000000119, -0.830198999999892, 0.0 ], [ 119.879502000000102, -0.82992, 0.0 ], [ 119.87941, -0.829752999999849, 0.0 ], [ 119.87928722870619, -0.829505238653743, 0.0 ], [ 119.879310514691781, -0.82929178236199, 0.0 ], [ 119.87941, -0.829102999999892, 0.0 ], [ 119.880021, -0.828247999999848, 0.0 ], [ 119.880298, -0.82784, 0.0 ], [ 119.880446000000134, -0.827467999999881, 0.0 ], [ 119.880649000000147, -0.827058999999879, 0.0 ], [ 119.880852000000161, -0.826706999999887, 0.0 ], [ 119.880943387603239, -0.826589540858274, 0.0 ], [ 119.881044659000025, -0.826471390999933, 0.0 ], [ 119.881122609501986, -0.826359189589104, 0.0 ], [ 119.881185, -0.826279, 0.0 ], [ 119.881674897924, -0.825564644339954, 0.0 ], [ 119.881734173000055, -0.825491255000015, 0.0 ], [ 119.881872711000057, -0.825319731999945, 0.0 ], [ 119.881872711000057, -0.825276198760621, 0.0 ], [ 119.881962, -0.825146, 0.0 ], [ 119.882165000000256, -0.824923999999887, 0.0 ], [ 119.882350000000201, -0.824608, 0.0 ], [ 119.882516000000166, -0.824124999999858, 0.0 ], [ 119.882665000000245, -0.823679, 0.0 ], [ 119.882702000000194, -0.823362999999871, 0.0 ], [ 119.882662, -0.821954, 0.0 ], [ 119.882608000000147, -0.821601, 0.0 ], [ 119.88246, -0.821396, 0.0 ], [ 119.882054, -0.821117, 0.0 ], [ 119.88172200000011, -0.820874999999893, 0.0 ], [ 119.881371, -0.820596, 0.0 ], [ 119.880725000000126, -0.819982999999896, 0.0 ], [ 119.879747000000208, -0.819424, 0.0 ], [ 119.879594869820195, -0.81933388467032, 0.0 ], [ 119.879474215000116, -0.81922831199998, 0.0 ], [ 119.87938855400013, -0.819123614999933, 0.0 ], [ 119.879363847000036, -0.81907694599998, 0.0 ], [ 119.879333054000071, -0.819018781999963, 0.0 ], [ 119.879302893000059, -0.818961811999957, 0.0 ], [ 119.879259016000063, -0.818873012999981, 0.0 ], [ 119.879108705000064, -0.818568812999947, 0.0 ], [ 119.879077974497562, -0.818506620063546, 0.0 ], [ 119.878936000000166, -0.81801099999989, 0.0 ], [ 119.878825, -0.817565, 0.0 ], [ 119.878770000000102, -0.817044999999899, 0.0 ], [ 119.878722305000068, -0.816600955852314, 0.0 ], [ 119.878722305000068, -0.816382475999971, 0.0 ], [ 119.878702987000068, -0.816278159999955, 0.0 ], [ 119.878674716000134, -0.816125493999936, 0.0 ], [ 119.878668365000053, -0.816076275999949, 0.0 ], [ 119.878653947113435, -0.815964538629038, 0.0 ], [ 119.878641, -0.815844, 0.0 ], [ 119.878635355682192, -0.815822281646133, 0.0 ], [ 119.878579537000064, -0.815468762999954, 0.0 ], [ 119.878484359000012, -0.815049977999942, 0.0 ], [ 119.878467506289581, -0.81498818467926, 0.0 ], [ 119.878439, -0.814728, 0.0 ], [ 119.878402, -0.814189, 0.0 ], [ 119.878218, -0.813073999999874, 0.0 ], [ 119.878163000000242, -0.812833, 0.0 ], [ 119.878016000000159, -0.812460999999869, 0.0 ], [ 119.877868000000177, -0.812219, 0.0 ], [ 119.877610000000146, -0.811959, 0.0 ], [ 119.877370000000184, -0.811531, 0.0 ], [ 119.877241000000168, -0.811002999999848, 0.0 ], [ 119.877241000000168, -0.810687, 0.0 ], [ 119.877315000000152, -0.810241, 0.0 ], [ 119.877352000000201, -0.809776, 0.0 ], [ 119.87750100000018, -0.809348999999864, 0.0 ], [ 119.877575000000178, -0.808364, 0.0 ], [ 119.87755700000011, -0.808047999999866, 0.0 ], [ 119.877391000000145, -0.807732, 0.0 ], [ 119.877151000000183, -0.807341999999894, 0.0 ], [ 119.876967000000135, -0.806617, 0.0 ], [ 119.876783, -0.806188999999884, 0.0 ], [ 119.876563854642427, -0.805658164792183, 0.0 ], [ 119.876552236000109, -0.805522616, 0.0 ], [ 119.876523889000069, -0.805397076999908, 0.0 ], [ 119.876512433000016, -0.805346342999973, 0.0 ], [ 119.876502918770512, -0.805304207555151, 0.0 ], [ 119.876524000000174, -0.805081999999862, 0.0 ], [ 119.876543, -0.804691, 0.0 ], [ 119.876617, -0.804375999999889, 0.0 ], [ 119.877024000000148, -0.803447, 0.0 ], [ 119.877190000000112, -0.803167999999859, 0.0 ], [ 119.877302000000242, -0.802888999999867, 0.0 ], [ 119.877283, -0.802535999999881, 0.0 ], [ 119.877191, -0.802239, 0.0 ], [ 119.877044000000211, -0.80199699999987, 0.0 ], [ 119.876989000000179, -0.801663, 0.0 ], [ 119.876934000000162, -0.801383999999866, 0.0 ], [ 119.876185, -0.801098, 0.0 ], [ 119.876099627714325, -0.801098, 0.0 ], [ 119.876085862000068, -0.801001639999937, 0.0 ], [ 119.876133451000101, -0.800830318999973, 0.0 ], [ 119.876133451000101, -0.800735141, 0.0 ], [ 119.876085862000068, -0.800582854999925, 0.0 ], [ 119.875971648000032, -0.800449604999914, 0.0 ], [ 119.875828880000114, -0.800278283999949, 0.0 ], [ 119.875790809, -0.800164069999914, 0.0 ], [ 119.875705148000094, -0.800049855999967, 0.0 ], [ 119.875609970000042, -0.800021301999914, 0.0 ], [ 119.875505274000076, -0.800021301999914, 0.0 ], [ 119.875382896193699, -0.799995078709086, 0.0 ], [ 119.875355, -0.799945, 0.0 ], [ 119.875207, -0.799703999999862, 0.0 ], [ 119.874857, -0.799405999999896, 0.0 ], [ 119.874166463217392, -0.798891884227542, 0.0 ], [ 119.874163258000067, -0.798888679, 0.0 ], [ 119.873820615000128, -0.798574589999939, 0.0 ], [ 119.873554116000022, -0.798441339999927, 0.0 ], [ 119.87350794000011, -0.798424664999969, 0.0 ], [ 119.873335862000076, -0.798362525999979, 0.0 ], [ 119.873211473000097, -0.798317607999904, 0.0 ], [ 119.873197599, -0.79831184899996, 0.0 ], [ 119.87312666034515, -0.798282403179511, 0.0 ], [ 119.87284500000024, -0.798121999999884, 0.0 ], [ 119.872634564048013, -0.798081865307958, 0.0 ], [ 119.872284415000124, -0.797954537999972, 0.0 ], [ 119.872277859706216, -0.797952154237541, 0.0 ], [ 119.87214300000015, -0.797879999999845, 0.0 ], [ 119.871608000000109, -0.797711999999889, 0.0 ], [ 119.871585204177549, -0.797707011737552, 0.0 ], [ 119.871507779, -0.797679912999987, 0.0 ], [ 119.871012851000074, -0.797499073999946, 0.0 ], [ 119.870851994222221, -0.797453832816613, 0.0 ], [ 119.870197, -0.797126999999891, 0.0 ], [ 119.870024316745173, -0.796951972628362, 0.0 ], [ 119.870013478000075, -0.796937520999935, 0.0 ], [ 119.869861192, -0.796680538999988, 0.0 ], [ 119.869651800000085, -0.796461629, 0.0 ], [ 119.869242532000058, -0.7961094679999, 0.0 ], [ 119.869237016944709, -0.796104718921791, 0.0 ], [ 119.869219000000157, -0.795788, 0.0 ], [ 119.868979000000195, -0.795602, 0.0 ], [ 119.868795, -0.795397, 0.0 ], [ 119.868592000000149, -0.795173999999859, 0.0 ], [ 119.868315000000138, -0.795080999999891, 0.0 ], [ 119.867887054791368, -0.794856715462815, 0.0 ], [ 119.867776784000014, -0.794691309999978, 0.0 ], [ 119.867700203910104, -0.794533894849197, 0.0 ], [ 119.867688000000129, -0.794504, 0.0 ], [ 119.867677317168088, -0.794486849723535, 0.0 ], [ 119.867605463000061, -0.794339148999972, 0.0 ], [ 119.867443660000077, -0.794063131999961, 0.0 ], [ 119.867281856000105, -0.793815668, 0.0 ], [ 119.867281111086726, -0.79381471616699, 0.0 ], [ 119.867208, -0.793667999999863, 0.0 ], [ 119.867130707312668, -0.793622533713128, 0.0 ], [ 119.867110535000052, -0.793596758, 0.0 ], [ 119.86689162500015, -0.793425435999955, 0.0 ], [ 119.866739339000063, -0.793301703999932, 0.0 ], [ 119.866615607000043, -0.79316845499992, 0.0 ], [ 119.866520429000076, -0.792978097999891, 0.0 ], [ 119.86648130340194, -0.792815074560343, 0.0 ], [ 119.86645200000018, -0.792626999999884, 0.0 ], [ 119.866415000000231, -0.792404, 0.0 ], [ 119.866323000000165, -0.792106, 0.0 ], [ 119.866139000000132, -0.791827, 0.0 ], [ 119.865299, -0.791076999999889, 0.0 ], [ 119.865041, -0.790854, 0.0 ], [ 119.864875, -0.790705, 0.0 ], [ 119.864727000000101, -0.790407, 0.0 ], [ 119.864598, -0.790146999999857, 0.0 ], [ 119.864284000000126, -0.790016999999848, 0.0 ], [ 119.864170705013407, -0.789997819133086, 0.0 ], [ 119.864140968000015, -0.789979976999982, 0.0 ], [ 119.863826003000071, -0.789886871, 0.0 ], [ 119.86326724700011, -0.789304010999919, 0.0 ], [ 119.86287718700008, -0.788897125999915, 0.0 ], [ 119.862875095000078, -0.788894942999912, 0.0 ], [ 119.862779916000022, -0.788790245999953, 0.0 ], [ 119.862656184000087, -0.788742656999924, 0.0 ], [ 119.862503899000103, -0.788714103999959, 0.0 ], [ 119.862332577000046, -0.78868555, 0.0 ], [ 119.86223739900008, -0.788656996999942, 0.0 ], [ 119.862142221000113, -0.788618924999989, 0.0 ], [ 119.862066078000112, -0.788542782, 0.0 ], [ 119.861989935000125, -0.788390497, 0.0 ], [ 119.861761507000139, -0.788028819000013, 0.0 ], [ 119.861627000000112, -0.787723936906398, 0.0 ], [ 119.861627000000112, -0.787376, 0.0 ], [ 119.861153537420748, -0.786362687946534, 0.0 ], [ 119.861133767000069, -0.786291020999935, 0.0 ], [ 119.861131786000087, -0.786283838999962, 0.0 ], [ 119.861114293000057, -0.786220427999956, 0.0 ], [ 119.861008785000124, -0.786001294999943, 0.0 ], [ 119.861000334000124, -0.785983740999912, 0.0 ], [ 119.861000315000041, -0.7859837, 0.0 ], [ 119.860990561000122, -0.785963447, 0.0 ], [ 119.860983156000131, -0.785953348999973, 0.0 ], [ 119.860955782, -0.785916020999904, 0.0 ], [ 119.860920743000023, -0.785868239999948, 0.0 ], [ 119.860885865000071, -0.78582067899992, 0.0 ], [ 119.86082576700008, -0.785760581000011, 0.0 ], [ 119.86078116900002, -0.785715982999962, 0.0 ], [ 119.860581294000099, -0.785611285999915, 0.0 ], [ 119.860371902000097, -0.785554178999986, 0.0 ], [ 119.860124438000042, -0.785506589999956, 0.0 ], [ 119.859924563000021, -0.785468518999915, 0.0 ], [ 119.859810349000085, -0.78543996499995, 0.0 ], [ 119.859692830924899, -0.785403805957523, 0.0 ], [ 119.859656735351251, -0.785360059691714, 0.0 ], [ 119.859656292000039, -0.785359438999949, 0.0 ], [ 119.859639028000032, -0.785335269, 0.0 ], [ 119.859543849000062, -0.785144911999963, 0.0 ], [ 119.859534686000103, -0.785117423, 0.0 ], [ 119.859491936000026, -0.784989172999955, 0.0 ], [ 119.859420828574386, -0.784775850014634, 0.0 ], [ 119.859354000000152, -0.784425, 0.0 ], [ 119.859317000000118, -0.784035, 0.0 ], [ 119.859391000000116, -0.783812, 0.0 ], [ 119.859392, -0.783496, 0.0 ], [ 119.859213750357327, -0.78274349745408, 0.0 ], [ 119.859201207000041, -0.782584611999953, 0.0 ], [ 119.859153618, -0.782232451999947, 0.0 ], [ 119.859106667186111, -0.781969531388265, 0.0 ], [ 119.859097, -0.781729999999852, 0.0 ], [ 119.859079000000136, -0.781247, 0.0 ], [ 119.85908, -0.780949999999885, 0.0 ], [ 119.858727000000144, -0.779932999999849, 0.0 ], [ 119.858654, -0.779709999999872, 0.0 ], [ 119.858525000000128, -0.779486999999895, 0.0 ], [ 119.858242576308058, -0.779107793840177, 0.0 ], [ 119.858201833000038, -0.779034455999932, 0.0 ], [ 119.858015529575979, -0.778797993903895, 0.0 ], [ 119.857842000000105, -0.778482999999868, 0.0 ], [ 119.857713, -0.778259999999891, 0.0 ], [ 119.857676, -0.778017999999852, 0.0 ], [ 119.85760055081866, -0.776338219322986, 0.0 ], [ 119.857602209000078, -0.776217173999976, 0.0 ], [ 119.857592691, -0.775684175000018, 0.0 ], [ 119.85758557917589, -0.775658394765893, 0.0 ], [ 119.857586, -0.775416, 0.0 ], [ 119.857530000000139, -0.7751, 0.0 ], [ 119.857328292593891, -0.774659164356544, 0.0 ], [ 119.857297638000105, -0.774561069999907, 0.0 ], [ 119.857221495000104, -0.774208908999901, 0.0 ], [ 119.857221495000104, -0.774048251830822, 0.0 ], [ 119.857260876506516, -0.773507733140038, 0.0 ], [ 119.85730715600009, -0.773114356999931, 0.0 ], [ 119.857364263000022, -0.772752678999938, 0.0 ], [ 119.857421370000125, -0.77226726899992, 0.0 ], [ 119.85744992300009, -0.771905590999927, 0.0 ], [ 119.857421370000125, -0.771620055999927, 0.0 ], [ 119.857364263000022, -0.771277412999909, 0.0 ], [ 119.857340341922722, -0.771162591426682, 0.0 ], [ 119.857332, -0.770831, 0.0 ], [ 119.857332, -0.770329, 0.0 ], [ 119.857332, -0.770295724551778, 0.0 ], [ 119.857364263000022, -0.770059128999916, 0.0 ], [ 119.857421370000125, -0.769564201, 0.0 ], [ 119.857392815999987, -0.769183487999941, 0.0 ], [ 119.857316674000074, -0.768698077999924, 0.0 ], [ 119.857240531000087, -0.768222184999983, 0.0 ], [ 119.857235114448073, -0.768201602227341, 0.0 ], [ 119.857168695376672, -0.767418441089445, 0.0 ], [ 119.85719294200014, -0.767317989999954, 0.0 ], [ 119.857345227000124, -0.766870651999978, 0.0 ], [ 119.857459441000074, -0.766480419999931, 0.0 ], [ 119.857535584000075, -0.766042598999944, 0.0 ], [ 119.857526066000077, -0.765661884999885, 0.0 ], [ 119.857468958999974, -0.765176474999956, 0.0 ], [ 119.85744992300009, -0.764890939999956, 0.0 ], [ 119.85744992300009, -0.764748171999956, 0.0 ], [ 119.857526066000077, -0.764519743999886, 0.0 ], [ 119.857530991000132, -0.764509604999935, 0.0 ], [ 119.857687870000063, -0.764186619999945, 0.0 ], [ 119.857992441000121, -0.763472780999946, 0.0 ], [ 119.858173280000074, -0.763044477999946, 0.0 ], [ 119.858220214840713, -0.762833270806079, 0.0 ], [ 119.858317000000156, -0.76259, 0.0 ], [ 119.858446000000171, -0.762273999999879, 0.0 ], [ 119.858721778286068, -0.761293291121861, 0.0 ], [ 119.858896636000068, -0.760931517, 0.0 ], [ 119.859067957000121, -0.760408034999942, 0.0 ], [ 119.859306159099404, -0.759917619432587, 0.0 ], [ 119.859486, -0.759736999999843, 0.0 ], [ 119.859671000000191, -0.759458, 0.0 ], [ 119.85983700000024, -0.75918, 0.0 ], [ 119.860059000000135, -0.757898, 0.0 ], [ 119.860244, -0.757525999999869, 0.0 ], [ 119.860337000000229, -0.757098999999888, 0.0 ], [ 119.860504, -0.756597, 0.0 ], [ 119.860522000000159, -0.75617, 0.0 ], [ 119.860499352042083, -0.755889416964822, 0.0 ], [ 119.860505151000098, -0.755611041999964, 0.0 ], [ 119.860505151000098, -0.755325506999965, 0.0 ], [ 119.860429009000114, -0.754925756999929, 0.0 ], [ 119.860343348000043, -0.754487935999942, 0.0 ], [ 119.860248170000062, -0.753983490999948, 0.0 ], [ 119.860124, -0.753561313000011, 0.0 ], [ 119.860105402000073, -0.753498080999931, 0.0 ], [ 119.859981670000039, -0.753031705999978, 0.0 ], [ 119.859979124597572, -0.753024547078523, 0.0 ], [ 119.859984, -0.752959, 0.0 ], [ 119.859966000000256, -0.752773999999883, 0.0 ], [ 119.859965859000155, -0.752773824999869, 0.0 ], [ 119.85996593199998, -0.752773768999864, 0.0 ], [ 119.873337948934179, -0.742519474818353, 0.0 ], [ 119.87388440800008, -0.742565066999939, 0.0 ], [ 119.874999997000018, -0.742808292, 0.0 ], [ 119.87514598700011, -0.742792431999922, 0.0 ], [ 119.875242739000115, -0.742749131999981, 0.0 ], [ 119.875293754000069, -0.742713234999941, 0.0 ], [ 119.875389717000104, -0.74262948299994, 0.0 ], [ 119.875473563000028, -0.742560239999895, 0.0 ], [ 119.875602384000118, -0.742484868999965, 0.0 ], [ 119.875748915000074, -0.742450680999978, 0.0 ], [ 119.875898985000063, -0.742420059999931, 0.0 ], [ 119.876032876000039, -0.742370120999974, 0.0 ], [ 119.876166247000057, -0.742293725999959, 0.0 ], [ 119.876319795000057, -0.742172039999927, 0.0 ], [ 119.876470310000073, -0.742040180999942, 0.0 ], [ 119.876581907000073, -0.741909873999907, 0.0 ], [ 119.876683905000078, -0.741774486999896, 0.0 ], [ 119.876785395000041, -0.741638335999911, 0.0 ], [ 119.87688688500009, -0.741502185999925, 0.0 ], [ 119.877273490000093, -0.741200351, 0.0 ], [ 119.877652796000035, -0.740916873999902, 0.0 ], [ 119.878240235999968, -0.740676361999897, 0.0 ], [ 119.878895085000067, -0.740558947999952, 0.0 ], [ 119.879268409000048, -0.740490975999924, 0.0 ], [ 119.879604269000126, -0.740433961999914, 0.0 ], [ 119.879867484000144, -0.740407223000011, 0.0 ], [ 119.880008568000093, -0.740404418999956, 0.0 ], [ 119.880200451000064, -0.740447714999986, 0.0 ], [ 119.880392333000046, -0.740491010999927, 0.0 ], [ 119.880599062000101, -0.740562339999967, 0.0 ], [ 119.880809372, -0.74060471599992, 0.0 ], [ 119.881007975000088, -0.74061725399998, 0.0 ], [ 119.881184095000094, -0.7406044699999, 0.0 ], [ 119.881340444000074, -0.74058265499996, 0.0 ], [ 119.881483322, -0.740578043999934, 0.0 ], [ 119.881700784000046, -0.740562521999982, 0.0 ], [ 119.881889540000117, -0.740642906999971, 0.0 ], [ 119.881958008000097, -0.740711046999925, 0.0 ], [ 119.882013790000087, -0.740815951999901, 0.0 ], [ 119.882086696000087, -0.740999537999903, 0.0 ], [ 119.882123162000084, -0.741112587999931, 0.0 ], [ 119.882159629000085, -0.741225637999959, 0.0 ], [ 119.88224509000004, -0.741364885999934, 0.0 ], [ 119.882350289000129, -0.741460704999957, 0.0 ], [ 119.882473434000104, -0.741506760999949, 0.0 ], [ 119.882586664000058, -0.741515730999891, 0.0 ], [ 119.882761863000084, -0.741467672999912, 0.0 ], [ 119.882884911000048, -0.741363562999913, 0.0 ], [ 119.883008858, -0.741261259999886, 0.0 ], [ 119.883110337000048, -0.741171639999932, 0.0 ], [ 119.883184887000084, -0.741108267999929, 0.0 ], [ 119.883280075000059, -0.741006896999979, 0.0 ], [ 119.883359086000027, -0.740901903999907, 0.0 ], [ 119.883458785000016, -0.740834900999959, 0.0 ], [ 119.883580088000016, -0.740808591, 0.0 ], [ 119.88368073000008, -0.740813042999926, 0.0 ], [ 119.883881179000056, -0.740897038999949, 0.0 ], [ 119.884081628000118, -0.740981034999971, 0.0 ], [ 119.884229087000065, -0.741106679999975, 0.0 ], [ 119.88431362200005, -0.741216083999968, 0.0 ], [ 119.884427810000076, -0.741305562, 0.0 ], [ 119.884547366000106, -0.741365191999959, 0.0 ], [ 119.884649828000065, -0.741394969999936, 0.0 ], [ 119.884857452, -0.741463586999929, 0.0 ], [ 119.88498870500004, -0.741555773999918, 0.0 ], [ 119.885101121, -0.741680528999938, 0.0 ], [ 119.885202758000077, -0.741835153999942, 0.0 ], [ 119.885249561000037, -0.741949551999904, 0.0 ], [ 119.885296365000087, -0.742063950999954, 0.0 ], [ 119.88533062500008, -0.742228568999986, 0.0 ], [ 119.88532509900007, -0.742371173999972, 0.0 ], [ 119.885319572000057, -0.742513779999959, 0.0 ], [ 119.885300342000065, -0.74265310199994, 0.0 ], [ 119.885281111000069, -0.74279242300001, 0.0 ], [ 119.885256513000073, -0.742965216999918, 0.0 ], [ 119.885231914000087, -0.743138009999916, 0.0 ], [ 119.885226619, -0.743291792999939, 0.0 ], [ 119.885219558000045, -0.743489906999988, 0.0 ], [ 119.885242143000042, -0.743671717999932, 0.0 ], [ 119.885329437000067, -0.743867962999916, 0.0 ], [ 119.88545399300007, -0.744013518999969, 0.0 ], [ 119.885578550000076, -0.744159074999933, 0.0 ], [ 119.885677899000044, -0.744239517999928, 0.0 ], [ 119.885777249000085, -0.744319961000011, 0.0 ], [ 119.885937258, -0.744406698, 0.0 ], [ 119.88611969100009, -0.744426483999943, 0.0 ], [ 119.886281426000053, -0.744407374999961, 0.0 ], [ 119.886417086000094, -0.744346682999913, 0.0 ], [ 119.886560818, -0.744275123999943, 0.0 ], [ 119.886718918000014, -0.744186369999971, 0.0 ], [ 119.886850969000108, -0.744124767999937, 0.0 ], [ 119.886970033000011, -0.744121070999897, 0.0 ], [ 119.887089098, -0.744117372999947, 0.0 ], [ 119.887205491000046, -0.744147145999923, 0.0 ], [ 119.887321885, -0.7441769189999, 0.0 ], [ 119.887502533000102, -0.744212987999953, 0.0 ], [ 119.887654405000063, -0.74422464299994, 0.0 ], [ 119.88785749600008, -0.744238080999898, 0.0 ], [ 119.887968035000071, -0.744249772999977, 0.0 ], [ 119.888155434000041, -0.744302567, 0.0 ], [ 119.888342834, -0.744355361, 0.0 ], [ 119.888528878000116, -0.744407699999988, 0.0 ], [ 119.888734697, -0.744460937999952, 0.0 ], [ 119.888900052000096, -0.744474399999911, 0.0 ], [ 119.88906091200009, -0.744487865999959, 0.0 ], [ 119.889228060000065, -0.74449860699996, 0.0 ], [ 119.889356575000122, -0.744506664, 0.0 ], [ 119.889516998000076, -0.744539573999885, 0.0 ], [ 119.889677421000115, -0.744572484999944, 0.0 ], [ 119.889839214000091, -0.744629365999943, 0.0 ], [ 119.889927356000015, -0.744750530999932, 0.0 ], [ 119.889954395000032, -0.7448789649999, 0.0 ], [ 119.889942800000043, -0.745006520999974, 0.0 ], [ 119.889925824000059, -0.745165741999914, 0.0 ], [ 119.889914215000076, -0.745272487999953, 0.0 ], [ 119.889922848000083, -0.745420835999971, 0.0 ], [ 119.889931480000087, -0.745569182999899, 0.0 ], [ 119.890017853000032, -0.745729239, 0.0 ], [ 119.890138345000054, -0.745850372999895, 0.0 ], [ 119.890266901000032, -0.745935323, 0.0 ], [ 119.890362199000023, -0.746004012999906, 0.0 ], [ 119.890430570000078, -0.746114329999974, 0.0 ], [ 119.89050433900006, -0.746245442999987, 0.0 ], [ 119.890578123000026, -0.746383794999888, 0.0 ], [ 119.890730993000062, -0.746549236999988, 0.0 ], [ 119.890871279000038, -0.74669930799997, 0.0 ], [ 119.890999871000105, -0.746840343, 0.0 ], [ 119.891085286999981, -0.746916723999929, 0.0 ], [ 119.891170703000029, -0.746993104999943, 0.0 ], [ 119.89128760600012, -0.747115144999915, 0.0 ], [ 119.891369463000046, -0.747239922999936, 0.0 ], [ 119.891451321000076, -0.747364701999958, 0.0 ], [ 119.891497669000088, -0.747476392999962, 0.0 ], [ 119.891544018000104, -0.747588083999966, 0.0 ], [ 119.891565248, -0.747796198999955, 0.0 ], [ 119.891732394000059, -0.747802412999937, 0.0 ], [ 119.891904084000046, -0.747881, 0.0 ], [ 119.892040684000079, -0.747898094999949, 0.0 ], [ 119.89217725200001, -0.74786996699993, 0.0 ], [ 119.892319166000107, -0.747764036999959, 0.0 ], [ 119.892463768000084, -0.747640910999985, 0.0 ], [ 119.892591312000064, -0.747550369999955, 0.0 ], [ 119.892785354000054, -0.747467925999972, 0.0 ], [ 119.892951588000031, -0.747452436999934, 0.0 ], [ 119.893157389000095, -0.747478530999961, 0.0 ], [ 119.893335352, -0.74752726, 0.0 ], [ 119.893459390000132, -0.747573765999936, 0.0 ], [ 119.893583428000085, -0.747620270999965, 0.0 ], [ 119.893774885000127, -0.747702458999926, 0.0 ], [ 119.893904780000028, -0.747769313999951, 0.0 ], [ 119.894034675000029, -0.747836168999887, 0.0 ], [ 119.894132215000027, -0.747902136999928, 0.0 ], [ 119.894229755000097, -0.747968104999968, 0.0 ], [ 119.894352036000086, -0.748064822999977, 0.0 ], [ 119.894493613, -0.748133475999973, 0.0 ], [ 119.894635191999981, -0.74820212999988, 0.0 ], [ 119.894756072000035, -0.748230543999922, 0.0 ], [ 119.894876953000093, -0.748258957999964, 0.0 ], [ 119.895023891000079, -0.748283282999934, 0.0 ], [ 119.895170830000069, -0.748307608999903, 0.0 ], [ 119.895338032000055, -0.748400673999965, 0.0 ], [ 119.89544236499998, -0.748545337999944, 0.0 ], [ 119.895502694, -0.748725305999914, 0.0 ], [ 119.895527981000129, -0.748919782999929, 0.0 ], [ 119.895546634000084, -0.749071919999905, 0.0 ], [ 119.895565288000029, -0.749224056999969, 0.0 ], [ 119.895709443000143, -0.749320361999944, 0.0 ], [ 119.89585359700007, -0.749416668, 0.0 ], [ 119.896097406000081, -0.749641746999979, 0.0 ], [ 119.896346930000036, -0.749712771, 0.0 ], [ 119.8966170650001, -0.749772453999958, 0.0 ], [ 119.896899473000104, -0.749786888, 0.0 ], [ 119.897152514999988, -0.749852761999941, 0.0 ], [ 119.897483535000106, -0.749913328999979, 0.0 ], [ 119.897688125000073, -0.7499392149999, 0.0 ], [ 119.898204676000091, -0.749975965999921, 0.0 ], [ 119.898340657000062, -0.749978142000012, 0.0 ], [ 119.898476639000037, -0.749980317999926, 0.0 ], [ 119.89867797400008, -0.749977161999931, 0.0 ], [ 119.898900419000014, -0.749920095999917, 0.0 ], [ 119.899110610000093, -0.74978607499993, 0.0 ], [ 119.899219723000144, -0.749679710999922, 0.0 ], [ 119.899328836000109, -0.749573347, 0.0 ], [ 119.899451846000076, -0.749428531999923, 0.0 ], [ 119.899617982000152, -0.749266502999928, 0.0 ], [ 119.899830003000019, -0.749184046999945, 0.0 ], [ 119.900198193, -0.749317275999955, 0.0 ], [ 119.90059851800001, -0.749492317999961, 0.0 ], [ 119.901052485, -0.74959548799997, 0.0 ], [ 119.901259326000059, -0.749620314999982, 0.0 ], [ 119.901565437000073, -0.749636754999921, 0.0 ], [ 119.901833889000088, -0.749624890999916, 0.0 ], [ 119.902136256000048, -0.749615568999944, 0.0 ], [ 119.902454792000029, -0.749656967, 0.0 ], [ 119.90274437, -0.749694222999969, 0.0 ], [ 119.902905709000038, -0.749719080999983, 0.0 ], [ 119.903108440000111, -0.749785521999973, 0.0 ], [ 119.903364959000115, -0.749872732, 0.0 ], [ 119.903878874000085, -0.750000002999956, 0.0 ], [ 119.903898423000101, -0.750075992999937, 0.0 ], [ 119.903933610000081, -0.750212778999975, 0.0 ], [ 119.903946719000018, -0.750263737999928, 0.0 ], [ 119.903969879000073, -0.750345597999951, 0.0 ], [ 119.903995722000076, -0.750429572999971, 0.0 ], [ 119.904006369000072, -0.750464167, 0.0 ], [ 119.904058514000113, -0.750538428, 0.0 ], [ 119.904117526000022, -0.75062014299993, 0.0 ], [ 119.904154114000121, -0.750659866000019, 0.0 ], [ 119.904183066000115, -0.750691298999955, 0.0 ], [ 119.904255473000077, -0.750769909999976, 0.0 ], [ 119.904285846000093, -0.750804912999941, 0.0 ], [ 119.904354428, -0.750883951999908, 0.0 ], [ 119.904413313000077, -0.750944659999957, 0.0 ], [ 119.904455311000092, -0.750985374999951, 0.0 ], [ 119.904536397000044, -0.751063983999883, 0.0 ], [ 119.904586303000087, -0.75110535199993, 0.0 ], [ 119.904641840000068, -0.75115138599992, 0.0 ], [ 119.904701455000023, -0.751200798999923, 0.0 ], [ 119.904785426000132, -0.751254640999937, 0.0 ], [ 119.904869395000063, -0.751308481999951, 0.0 ], [ 119.904943428000067, -0.751356698999944, 0.0 ], [ 119.905045096000123, -0.751422915, 0.0 ], [ 119.905159584000089, -0.751489951999956, 0.0 ], [ 119.905257369000097, -0.751544940999976, 0.0 ], [ 119.905347543000104, -0.751596145999949, 0.0 ], [ 119.905445703000055, -0.751653, 0.0 ], [ 119.905508982000043, -0.75169549, 0.0 ], [ 119.905575866000078, -0.751753765999934, 0.0 ], [ 119.905662740000068, -0.751829456999891, 0.0 ], [ 119.905738043999989, -0.751912439999918, 0.0 ], [ 119.905813349000013, -0.751995421999945, 0.0 ], [ 119.905848496000075, -0.752054052999911, 0.0 ], [ 119.905881434000136, -0.752108997999928, 0.0 ], [ 119.905931331, -0.752192234999976, 0.0 ], [ 119.905992973000039, -0.752282270999965, 0.0 ], [ 119.906036428000078, -0.75234196799993, 0.0 ], [ 119.906096973000118, -0.752425144999973, 0.0 ], [ 119.906141902000101, -0.752488994999927, 0.0 ], [ 119.906201364000054, -0.752577489999966, 0.0 ], [ 119.906267066000069, -0.752675272999975, 0.0 ], [ 119.906317294000047, -0.752750024999942, 0.0 ], [ 119.906346398000053, -0.752793339999885, 0.0 ], [ 119.906377610000064, -0.752827444999953, 0.0 ], [ 119.906432664, -0.752887599999957, 0.0 ], [ 119.906479634000064, -0.75293892199994, 0.0 ], [ 119.90653464, -0.752980994999957, 0.0 ], [ 119.906612832000079, -0.753040798999931, 0.0 ], [ 119.9066634980001, -0.753069900999941, 0.0 ], [ 119.906681299000056, -0.753080125999899, 0.0 ], [ 119.906705835000039, -0.753094218999911, 0.0 ], [ 119.906726717000083, -0.75311699099993, 0.0 ], [ 119.906746807000147, -0.753145774, 0.0 ], [ 119.906868201000066, -0.753319718999917, 0.0 ], [ 119.906969611000022, -0.753480861999927, 0.0 ], [ 119.907047520000077, -0.75365467699992, 0.0 ], [ 119.90712163200007, -0.753842976999957, 0.0 ], [ 119.907140069000093, -0.75395167399998, 0.0 ], [ 119.907159524, -0.754066376999967, 0.0 ], [ 119.907150292000139, -0.754173291999932, 0.0 ], [ 119.907124080000017, -0.754393375999934, 0.0 ], [ 119.907107101000022, -0.754506543999971, 0.0 ], [ 119.907097867000061, -0.75461111899992, 0.0 ], [ 119.9070886330001, -0.754715693999957, 0.0 ], [ 119.907098781000045, -0.754817920999889, 0.0 ], [ 119.907108929000088, -0.754920146999909, 0.0 ], [ 119.907186881000058, -0.755065841999974, 0.0 ], [ 119.907209280000046, -0.755178133999939, 0.0 ], [ 119.907276378, -0.755357780999971, 0.0 ], [ 119.907321159000062, -0.755548671999955, 0.0 ], [ 119.907354752000089, -0.755705880999907, 0.0 ], [ 119.907377220000086, -0.755919248999886, 0.0 ], [ 119.907355060000114, -0.756166339999902, 0.0 ], [ 119.907310495000075, -0.756301137999953, 0.0 ], [ 119.907292186000063, -0.75646616499993, 0.0 ], [ 119.90714710500005, -0.756626375999952, 0.0 ], [ 119.907004739000087, -0.756778374999916, 0.0 ], [ 119.906883415000081, -0.756904364999949, 0.0 ], [ 119.906775352000111, -0.757012724999944, 0.0 ], [ 119.906496387000033, -0.757312703999984, 0.0 ], [ 119.906449386000048, -0.757368294999965, 0.0 ], [ 119.906307572000046, -0.757537536999935, 0.0 ], [ 119.906209230000073, -0.757655842999954, 0.0 ], [ 119.906082306000059, -0.757802258999989, 0.0 ], [ 119.906019504000014, -0.75787584599995, 0.0 ], [ 119.905923117000029, -0.757990203, 0.0 ], [ 119.90584732700006, -0.758080339999905, 0.0 ], [ 119.905823654000059, -0.758108492999925, 0.0 ], [ 119.905795966999989, -0.758141421999897, 0.0 ], [ 119.905770436000012, -0.758171785999922, 0.0 ], [ 119.905744607000088, -0.758202502999977, 0.0 ], [ 119.905714789000029, -0.75822245299994, 0.0 ], [ 119.905665793000054, -0.758255233999899, 0.0 ], [ 119.905636073000082, -0.758275118999945, 0.0 ], [ 119.905586980000109, -0.758307965, 0.0 ], [ 119.90554993300006, -0.758343653999932, 0.0 ], [ 119.905506033000066, -0.758385946999967, 0.0 ], [ 119.90545714800011, -0.758433041999956, 0.0 ], [ 119.90542508700004, -0.758463928999936, 0.0 ], [ 119.905412220000031, -0.758480519999976, 0.0 ], [ 119.905388483000024, -0.758511126999933, 0.0 ], [ 119.905363498, -0.758543343999934, 0.0 ], [ 119.905338975000106, -0.758574963999974, 0.0 ], [ 119.90531422, -0.758606883999951, 0.0 ], [ 119.905278419000069, -0.758654330999969, 0.0 ], [ 119.905250762, -0.758691505999936, 0.0 ], [ 119.905217146000055, -0.758737303, 0.0 ], [ 119.905185714000041, -0.758782157999976, 0.0 ], [ 119.905165949000093, -0.758810363999912, 0.0 ], [ 119.905151019000101, -0.758831667999987, 0.0 ], [ 119.905139954000063, -0.758847458999961, 0.0 ], [ 119.90511428, -0.758884095999973, 0.0 ], [ 119.905104657999985, -0.758897763999949, 0.0 ], [ 119.905092067000012, -0.758915648, 0.0 ], [ 119.905077803000083, -0.758935909999908, 0.0 ], [ 119.905067012999979, -0.758951234999932, 0.0 ], [ 119.905048755000067, -0.758977170999946, 0.0 ], [ 119.905038195000088, -0.758992169999944, 0.0 ], [ 119.905025165000069, -0.759010676999965, 0.0 ], [ 119.905010283, -0.759030222999984, 0.0 ], [ 119.904997978000139, -0.759045627999926, 0.0 ], [ 119.904985674, -0.759061030999957, 0.0 ], [ 119.904975344000036, -0.759073964999962, 0.0 ], [ 119.904958243000038, -0.759095373999957, 0.0 ], [ 119.904945813999987, -0.759110934, 0.0 ], [ 119.904930941000089, -0.759129553999943, 0.0 ], [ 119.90492256600011, -0.759160541999931, 0.0 ], [ 119.904918645000052, -0.759175045999976, 0.0 ], [ 119.904912403000068, -0.759198138999933, 0.0 ], [ 119.904907639000029, -0.75921576699997, 0.0 ], [ 119.90490004000003, -0.759243881999987, 0.0 ], [ 119.904897530000085, -0.759253165999956, 0.0 ], [ 119.904890450000025, -0.759279359999903, 0.0 ], [ 119.904883786000013, -0.7593040149999, 0.0 ], [ 119.904874378000031, -0.759338821999938, 0.0 ], [ 119.904864119000067, -0.75937677699997, 0.0 ], [ 119.904783545000072, -0.759370479999982, 0.0 ], [ 119.904541822000056, -0.759351587999928, 0.0 ], [ 119.904453487000112, -0.759354090999958, 0.0 ], [ 119.904276818000056, -0.759359098999928, 0.0 ], [ 119.903476197000074, -0.759232405000015, 0.0 ], [ 119.903088091000114, -0.759163261999978, 0.0 ], [ 119.902562054000114, -0.759163616999919, 0.0 ], [ 119.902070497000025, -0.759146597999932, 0.0 ], [ 119.901726096000047, -0.759147448999913, 0.0 ], [ 119.901579015000038, -0.759153298999953, 0.0 ], [ 119.901505475, -0.759156224999929, 0.0 ], [ 119.901335557000067, -0.759177900999946, 0.0 ], [ 119.901276078000024, -0.759189472999926, 0.0 ], [ 119.901142801000105, -0.75921540199994, 0.0 ], [ 119.900965763000016, -0.759263677999938, 0.0 ], [ 119.900885103000093, -0.759293201999983, 0.0 ], [ 119.900753564000041, -0.759341348999969, 0.0 ], [ 119.900681873000067, -0.759371906999922, 0.0 ], [ 119.900571789000111, -0.759423538999931, 0.0 ], [ 119.90044754800013, -0.759481811999956, 0.0 ], [ 119.900355470000065, -0.759524997999977, 0.0 ], [ 119.900281715, -0.759561465999974, 0.0 ], [ 119.900207961000106, -0.759597931999972, 0.0 ], [ 119.900134205000043, -0.759634397999969, 0.0 ], [ 119.899933752000067, -0.759733507999909, 0.0 ], [ 119.899852896000041, -0.759765602999989, 0.0 ], [ 119.899749786000044, -0.759803048999979, 0.0 ], [ 119.899698791000077, -0.759821567, 0.0 ], [ 119.899591715000014, -0.759860451999932, 0.0 ], [ 119.899525296000121, -0.759884573999974, 0.0 ], [ 119.899484640000125, -0.759899336999952, 0.0 ], [ 119.89940040500008, -0.759923112999966, 0.0 ], [ 119.899316171000038, -0.759946887999979, 0.0 ], [ 119.899286370999974, -0.759955299999964, 0.0 ], [ 119.899147701000047, -0.759994439, 0.0 ], [ 119.89904246100005, -0.759996274999891, 0.0 ], [ 119.898976343000086, -0.759997428999986, 0.0 ], [ 119.898890664000092, -0.759998922999932, 0.0 ], [ 119.898804985000112, -0.760000417999967, 0.0 ], [ 119.898726436000103, -0.759985376999966, 0.0 ], [ 119.898683787000124, -0.759977209999912, 0.0 ], [ 119.898608377000102, -0.759962770999961, 0.0 ], [ 119.898524719000108, -0.759946751999967, 0.0 ], [ 119.898455423000058, -0.75991982799996, 0.0 ], [ 119.898428644000063, -0.759904359999924, 0.0 ], [ 119.898304361000086, -0.759832568999935, 0.0 ], [ 119.898242218000092, -0.759796673999984, 0.0 ], [ 119.898170605000033, -0.759724236999942, 0.0 ], [ 119.898098993000048, -0.759651800999988, 0.0 ], [ 119.898027381, -0.759579363999945, 0.0 ], [ 119.897955768000102, -0.759506927, 0.0 ], [ 119.897864796000036, -0.759475695999894, 0.0 ], [ 119.897802818000059, -0.759442085999956, 0.0 ], [ 119.897743670000054, -0.759406417999935, 0.0 ], [ 119.897675673000109, -0.759369599, 0.0 ], [ 119.897543200000072, -0.759309694999926, 0.0 ], [ 119.897400376000064, -0.759299038999933, 0.0 ], [ 119.897170872000089, -0.759245679999959, 0.0 ], [ 119.897061015000062, -0.759202783999962, 0.0 ], [ 119.896969457000026, -0.759153736999989, 0.0 ], [ 119.896896208000015, -0.759107747, 0.0 ], [ 119.896642247000045, -0.758996564999952, 0.0 ], [ 119.896352609000061, -0.758920758999986, 0.0 ], [ 119.896000010000108, -0.758832327999952, 0.0 ], [ 119.895836298000063, -0.758781769999944, 0.0 ], [ 119.895496315000088, -0.758731330999945, 0.0 ], [ 119.89523190900006, -0.75873150899996, 0.0 ], [ 119.894967520000037, -0.758757021999939, 0.0 ], [ 119.894677959000063, -0.758795217999902, 0.0 ], [ 119.894325452000118, -0.758846122999939, 0.0 ], [ 119.893771493000017, -0.758897164999988, 0.0 ], [ 119.89276436100009, -0.759087848999956, 0.0 ], [ 119.890784699000065, -0.759502466999978, 0.0 ], [ 119.889633623000037, -0.759696271999937, 0.0 ], [ 119.889185997000041, -0.759793088999954, 0.0 ], [ 119.888536482000035, -0.759920365999916, 0.0 ], [ 119.887843224000136, -0.760244396, 0.0 ], [ 119.887267940000058, -0.760727358999896, 0.0 ], [ 119.886751256000025, -0.761121418, 0.0 ], [ 119.886464973000145, -0.761313771999921, 0.0 ], [ 119.88639907800011, -0.761376918999906, 0.0 ], [ 119.886352376000062, -0.761418341999958, 0.0 ], [ 119.886292257000065, -0.761468978999973, 0.0 ], [ 119.886211464000127, -0.76152845199992, 0.0 ], [ 119.886149226000043, -0.761565956999915, 0.0 ], [ 119.886054735000045, -0.761589123999967, 0.0 ], [ 119.885979465000119, -0.761600708999948, 0.0 ], [ 119.885839694000097, -0.761593564999979, 0.0 ], [ 119.885717278000016, -0.761566158999932, 0.0 ], [ 119.885585056000082, -0.761525421999936, 0.0 ], [ 119.885533256000059, -0.761506908999914, 0.0 ], [ 119.885428845000121, -0.761464002999917, 0.0 ], [ 119.885356019000056, -0.761432386999966, 0.0 ], [ 119.885259631000068, -0.761378110999916, 0.0 ], [ 119.885181498000094, -0.761335161, 0.0 ], [ 119.88512448200008, -0.76130541399994, 0.0 ], [ 119.885073850000069, -0.761278997999975, 0.0 ], [ 119.884975046999969, -0.761212940999927, 0.0 ], [ 119.884926962, -0.761177465999923, 0.0 ], [ 119.88490687800001, -0.761162648999941, 0.0 ], [ 119.884846679, -0.761130480999944, 0.0 ], [ 119.884819433000061, -0.761119907999957, 0.0 ], [ 119.884757172000064, -0.761095746999912, 0.0 ], [ 119.884696419000093, -0.761085006, 0.0 ], [ 119.884631610000071, -0.76107354699994, 0.0 ], [ 119.884571094000123, -0.761062846999943, 0.0 ], [ 119.884525077000049, -0.761060377, 0.0 ], [ 119.884442108000016, -0.761055922, 0.0 ], [ 119.884387390000015, -0.761052984999926, 0.0 ], [ 119.884284020000081, -0.761049869999935, 0.0 ], [ 119.884168438000117, -0.761053334999955, 0.0 ], [ 119.884021442000034, -0.761058900999972, 0.0 ], [ 119.883912800000104, -0.761058067, 0.0 ], [ 119.883822637000094, -0.761053321999954, 0.0 ], [ 119.88376175300003, -0.76104644, 0.0 ], [ 119.883686403000112, -0.761034939999943, 0.0 ], [ 119.883644020999981, -0.761028471999941, 0.0 ], [ 119.883574262000067, -0.761017824999948, 0.0 ], [ 119.883518752000086, -0.761005752999926, 0.0 ], [ 119.883456048000056, -0.760992115999953, 0.0 ], [ 119.883410474000016, -0.760982205999932, 0.0 ], [ 119.883378076000085, -0.760975159999971, 0.0 ], [ 119.883337834000045, -0.760966407999957, 0.0 ], [ 119.883300568000067, -0.760966335999951, 0.0 ], [ 119.883251322000078, -0.760966239999943, 0.0 ], [ 119.883191116999981, -0.760966122999934, 0.0 ], [ 119.883096728000083, -0.76097449, 0.0 ], [ 119.883045795000044, -0.760980787999904, 0.0 ], [ 119.882991755, -0.760985607999947, 0.0 ], [ 119.88292258900006, -0.76099066800001, 0.0 ], [ 119.882841692000028, -0.760983484999949, 0.0 ], [ 119.882826214000076, -0.760982111000013, 0.0 ], [ 119.882778870000067, -0.760977906999932, 0.0 ], [ 119.882733202000026, -0.760971278999916, 0.0 ], [ 119.882699605000084, -0.760965162999943, 0.0 ], [ 119.882659093000015, -0.760957786999954, 0.0 ], [ 119.882614717999985, -0.760949708999908, 0.0 ], [ 119.882565694000021, -0.760937405999956, 0.0 ], [ 119.882533359, -0.760929291, 0.0 ], [ 119.88247718600006, -0.760915192999983, 0.0 ], [ 119.882436236000146, -0.760904915999932, 0.0 ], [ 119.882391322000061, -0.760893644999976, 0.0 ], [ 119.882289279999966, -0.760868035999989, 0.0 ], [ 119.882183741000034, -0.760820379999954, 0.0 ], [ 119.882078203000091, -0.760772723999919, 0.0 ], [ 119.882042287000147, -0.760756506999909, 0.0 ], [ 119.88197266300007, -0.760725067999973, 0.0 ], [ 119.881867125000127, -0.760677411999938, 0.0 ], [ 119.881843709000051, -0.760607757999948, 0.0 ], [ 119.881820293999979, -0.760538102999957, 0.0 ], [ 119.881788342000092, -0.76047456199994, 0.0 ], [ 119.881756389000117, -0.760411022000012, 0.0 ], [ 119.881726679000053, -0.760377109999959, 0.0 ], [ 119.881670037000077, -0.760312453999939, 0.0 ], [ 119.881550899000075, -0.760245578999912, 0.0 ], [ 119.881429965, -0.76023135899989, 0.0 ], [ 119.88137083, -0.760229477999912, 0.0 ], [ 119.881325507000071, -0.760230120999966, 0.0 ], [ 119.881274766000047, -0.760230841999936, 0.0 ], [ 119.881230498000036, -0.760232501999985, 0.0 ], [ 119.881164621, -0.760239504999943, 0.0 ], [ 119.881120605000092, -0.760244183999886, 0.0 ], [ 119.881077411000064, -0.760249504999971, 0.0 ], [ 119.881028910000055, -0.760258141999975, 0.0 ], [ 119.88097026700008, -0.760268585999951, 0.0 ], [ 119.880923525000028, -0.760263642999986, 0.0 ], [ 119.880854491, -0.76025438599993, 0.0 ], [ 119.880799920000115, -0.760243824999945, 0.0 ], [ 119.880750499000101, -0.760258334, 0.0 ], [ 119.880723548000091, -0.760278031999933, 0.0 ], [ 119.880702040000088, -0.760293751, 0.0 ], [ 119.880680206000065, -0.76031855, 0.0 ], [ 119.880663816000038, -0.760339370999946, 0.0 ], [ 119.880647655000033, -0.760367879999906, 0.0 ], [ 119.88063572800003, -0.76038892399996, 0.0 ], [ 119.880612413000136, -0.760424002999931, 0.0 ], [ 119.880593328999979, -0.760451615, 0.0 ], [ 119.880574018000075, -0.76047288999998, 0.0 ], [ 119.880554707000073, -0.760494163999963, 0.0 ], [ 119.880536937000116, -0.760504147999901, 0.0 ], [ 119.880516081000067, -0.760515864999983, 0.0 ], [ 119.880495854000088, -0.760527228999946, 0.0 ], [ 119.880476313000074, -0.760527695999896, 0.0 ], [ 119.880466642000073, -0.760527926999915, 0.0 ], [ 119.880451020000024, -0.760528298999946, 0.0 ], [ 119.880437429000054, -0.760528623999972, 0.0 ], [ 119.880424372000121, -0.760522448999906, 0.0 ], [ 119.880403040000047, -0.760512359999959, 0.0 ], [ 119.88038956700008, -0.760505988999965, 0.0 ], [ 119.88036865100004, -0.760496095999946, 0.0 ], [ 119.880357730000028, -0.760489045999984, 0.0 ], [ 119.880345360000064, -0.760481058999945, 0.0 ], [ 119.880322978000081, -0.760466607999904, 0.0 ], [ 119.880303210000051, -0.760453843999914, 0.0 ], [ 119.880276942, -0.760449338999896, 0.0 ], [ 119.880253123000074, -0.760446413999921, 0.0 ], [ 119.880225263000085, -0.760456384999946, 0.0 ], [ 119.88017359400007, -0.760480621999909, 0.0 ], [ 119.880090937000062, -0.760533383999922, 0.0 ], [ 119.879989022, -0.760578224, 0.0 ], [ 119.879903927000143, -0.760597482999986, 0.0 ], [ 119.87987148400012, -0.760605448999934, 0.0 ], [ 119.879810587000051, -0.76062210799998, 0.0 ], [ 119.879788541000011, -0.760628137999946, 0.0 ], [ 119.879757998000059, -0.760652816999945, 0.0 ], [ 119.879727455000108, -0.760677495999944, 0.0 ], [ 119.879708199000106, -0.760703646999977, 0.0 ], [ 119.879688887000015, -0.760729872999926, 0.0 ], [ 119.87967399800003, -0.760750092, 0.0 ], [ 119.879659401999973, -0.760786002999952, 0.0 ], [ 119.879654631000122, -0.760815104999962, 0.0 ], [ 119.879649815000079, -0.760844484999906, 0.0 ], [ 119.879652168, -0.760860474999985, 0.0 ], [ 119.879657053000045, -0.760893658999978, 0.0 ], [ 119.879668765000048, -0.760954400999941, 0.0 ], [ 119.879677327000039, -0.760993755999911, 0.0 ], [ 119.879678434000041, -0.76101521299991, 0.0 ], [ 119.879679605000049, -0.761037867, 0.0 ], [ 119.87968188300006, -0.761081977999927, 0.0 ], [ 119.879674478000069, -0.761102686999953, 0.0 ], [ 119.879662146000115, -0.761137181999965, 0.0 ], [ 119.879596548000109, -0.76116527299998, 0.0 ], [ 119.879586308000057, -0.761164161999977, 0.0 ], [ 119.879559241000038, -0.761161222999911, 0.0 ], [ 119.879523730000031, -0.761146094, 0.0 ], [ 119.879488219000109, -0.761130964999984, 0.0 ], [ 119.87946166100005, -0.761112736999985, 0.0 ], [ 119.879428339000043, -0.761089864999958, 0.0 ], [ 119.879404587000039, -0.761073562999941, 0.0 ], [ 119.879374010000078, -0.76104576199995, 0.0 ], [ 119.879343432000042, -0.761017960999959, 0.0 ], [ 119.879312172000027, -0.76098337099994, 0.0 ], [ 119.879280912000013, -0.76094878, 0.0 ], [ 119.879265841, -0.760930602000014, 0.0 ], [ 119.879220987000025, -0.760879949999909, 0.0 ], [ 119.879183488000123, -0.760843387, 0.0 ], [ 119.879145265000076, -0.76080818000001, 0.0 ], [ 119.879112943000152, -0.760780826999968, 0.0 ], [ 119.879081605000039, -0.760754307, 0.0 ], [ 119.879049105000021, -0.760727236999974, 0.0 ], [ 119.879014085000136, -0.760698577, 0.0 ], [ 119.878972668000088, -0.760670111999955, 0.0 ], [ 119.87891443900007, -0.760644112999936, 0.0 ], [ 119.878874667000062, -0.76064594699991, 0.0 ], [ 119.878731075, -0.760644235999946, 0.0 ], [ 119.878680056000036, -0.760624816999938, 0.0 ], [ 119.878629036, -0.76060539699993, 0.0 ], [ 119.878504535000076, -0.76059597899995, 0.0 ], [ 119.878417583000086, -0.760609384, 0.0 ], [ 119.878372874000107, -0.760617784999978, 0.0 ], [ 119.878307710000044, -0.760621221999907, 0.0 ], [ 119.878113102000029, -0.760612980999936, 0.0 ], [ 119.878051772, -0.760602363999945, 0.0 ], [ 119.877994761000096, -0.760592494999928, 0.0 ], [ 119.877950795000089, -0.76058488499992, 0.0 ], [ 119.877876419999978, -0.760572008999921, 0.0 ], [ 119.877794605000048, -0.760542656999979, 0.0 ], [ 119.877683903000033, -0.760507425999906, 0.0 ], [ 119.877603119000014, -0.760490982999967, 0.0 ], [ 119.877493447, -0.760468661999896, 0.0 ], [ 119.877403115000078, -0.760463978999953, 0.0 ], [ 119.877278803000095, -0.760457535999953, 0.0 ], [ 119.877161324000141, -0.760465718, 0.0 ], [ 119.877079087000084, -0.760475725999948, 0.0 ], [ 119.876980695000029, -0.760523744999924, 0.0 ], [ 119.876924756000108, -0.760544365999943, 0.0 ], [ 119.876868817000101, -0.760564986999961, 0.0 ], [ 119.87681332400004, -0.760581085999961, 0.0 ], [ 119.876789308000099, -0.760588052999916, 0.0 ], [ 119.876757831000063, -0.760597183999961, 0.0 ], [ 119.87661423200008, -0.760579185999982, 0.0 ], [ 119.876516007000035, -0.760538988999942, 0.0 ], [ 119.876441635000106, -0.760491828999948, 0.0 ], [ 119.876384721, -0.760449499999909, 0.0 ], [ 119.876335034, -0.760410172999942, 0.0 ], [ 119.876285347000049, -0.760370846999974, 0.0 ], [ 119.876240762000094, -0.760343769999954, 0.0 ], [ 119.876200112000106, -0.760319082999954, 0.0 ], [ 119.876179692, -0.760306682, 0.0 ], [ 119.876079659000084, -0.760279620999976, 0.0 ], [ 119.876017868000034, -0.760262902999925, 0.0 ], [ 119.875936065000019, -0.760250515999966, 0.0 ], [ 119.875898454000108, -0.760244820999938, 0.0 ], [ 119.875854261000086, -0.760238128999918, 0.0 ], [ 119.875800125000055, -0.760234634999984, 0.0 ], [ 119.875747496000045, -0.760231237999969, 0.0 ], [ 119.875650673000123, -0.76023125299997, 0.0 ], [ 119.875592703000024, -0.760233776999913, 0.0 ], [ 119.875530462000029, -0.760241060999894, 0.0 ], [ 119.875468222000123, -0.760248344999964, 0.0 ], [ 119.875413618000039, -0.760252226000018, 0.0 ], [ 119.875355426000027, -0.760256474999926, 0.0 ], [ 119.875329138000069, -0.760259167999971, 0.0 ], [ 119.875255096000075, -0.760266752999977, 0.0 ], [ 119.875208773000054, -0.760271496999925, 0.0 ], [ 119.875143190000045, -0.760260250999972, 0.0 ], [ 119.875091393000034, -0.760251368999947, 0.0 ], [ 119.875038801000116, -0.760234694999989, 0.0 ], [ 119.874999994000106, -0.760220384999959, 0.0 ], [ 119.874410321999989, -0.75983121, 0.0 ], [ 119.874135792000104, -0.759636382999956, 0.0 ], [ 119.873642537000052, -0.759463423999945, 0.0 ], [ 119.873356, -0.759368503999907, 0.0 ], [ 119.873082369999977, -0.759218411999923, 0.0 ], [ 119.873014999, -0.759128125999913, 0.0 ], [ 119.872847489, -0.758956682999939, 0.0 ], [ 119.87262004, -0.758830884999922, 0.0 ], [ 119.872615797000094, -0.759305265, 0.0 ], [ 119.872854488000044, -0.760793103, 0.0 ], [ 119.873031761000149, -0.761529496, 0.0 ], [ 119.873273779000101, -0.763548575999911, 0.0 ], [ 119.873336690000059, -0.764717618999915, 0.0 ], [ 119.873414397, -0.76575714099995, 0.0 ], [ 119.87336217500004, -0.766188863999966, 0.0 ], [ 119.873236096, -0.767070342999981, 0.0 ], [ 119.873214669000092, -0.76807744, 0.0 ], [ 119.873394670000067, -0.769886684999948, 0.0 ], [ 119.873452915, -0.770472114999981, 0.0 ], [ 119.873699225000124, -0.772442771999964, 0.0 ], [ 119.873949452000048, -0.773767287999954, 0.0 ], [ 119.874174293, -0.775411184, 0.0 ], [ 119.874192156000049, -0.776380294999973, 0.0 ], [ 119.874999996000014, -0.776149884999915, 0.0 ], [ 119.875154893000044, -0.776065919999985, 0.0 ], [ 119.875270884000045, -0.776003044999934, 0.0 ], [ 119.875375019000131, -0.775946595999882, 0.0 ], [ 119.875523078000043, -0.775866338, 0.0 ], [ 119.875609264000062, -0.775819618999945, 0.0 ], [ 119.87575284100005, -0.775741790999989, 0.0 ], [ 119.875883331000097, -0.775671056, 0.0 ], [ 119.875998895000066, -0.775608412999967, 0.0 ], [ 119.87610081300015, -0.775553165999925, 0.0 ], [ 119.876210664, -0.775493618999972, 0.0 ], [ 119.876327001000035, -0.775439395000015, 0.0 ], [ 119.876437368000111, -0.775388560999984, 0.0 ], [ 119.876547735, -0.775337726999952, 0.0 ], [ 119.876701297000096, -0.775266998999962, 0.0 ], [ 119.876791820000122, -0.775225305999887, 0.0 ], [ 119.876951976000143, -0.775151540999913, 0.0 ], [ 119.877065124000083, -0.775099425999953, 0.0 ], [ 119.877188742000016, -0.775042489999949, 0.0 ], [ 119.877365108000035, -0.774961257999978, 0.0 ], [ 119.877596279000073, -0.774864942999914, 0.0 ], [ 119.877720204000113, -0.774813311999905, 0.0 ], [ 119.877827450000012, -0.774768628999938, 0.0 ], [ 119.878011029000021, -0.774708054999989, 0.0 ], [ 119.878172668000062, -0.774654719999928, 0.0 ], [ 119.878305513000129, -0.774610886999943, 0.0 ], [ 119.878502602000012, -0.774545854999891, 0.0 ], [ 119.878789527000123, -0.774451180999963, 0.0 ], [ 119.878959797000093, -0.774394997999932, 0.0 ], [ 119.879152536000134, -0.774331402, 0.0 ], [ 119.879287555000033, -0.774286850999955, 0.0 ], [ 119.879449063000067, -0.774233559999987, 0.0 ], [ 119.879601872000109, -0.7741831389999, 0.0 ], [ 119.879751602000056, -0.774133732999898, 0.0 ], [ 119.879920998000131, -0.774094982999978, 0.0 ], [ 119.880046477000036, -0.774066278999912, 0.0 ], [ 119.880210829000035, -0.77402868099991, 0.0 ], [ 119.880416565, -0.773981617999924, 0.0 ], [ 119.880619128999982, -0.773935278999909, 0.0 ], [ 119.880795247999984, -0.773894989999951, 0.0 ], [ 119.881096025, -0.773836687000012, 0.0 ], [ 119.881520091000098, -0.773767106999939, 0.0 ], [ 119.881750779000086, -0.773729255, 0.0 ], [ 119.881908517000085, -0.773703372999906, 0.0 ], [ 119.882145219000137, -0.773664535999979, 0.0 ], [ 119.882492121000055, -0.773607615999977, 0.0 ], [ 119.882777729000068, -0.773560753, 0.0 ], [ 119.882906781000088, -0.773547076999941, 0.0 ], [ 119.883075172000076, -0.773529231999886, 0.0 ], [ 119.883252377000076, -0.773510451999931, 0.0 ], [ 119.883455492000095, -0.773488926999926, 0.0 ], [ 119.883640178000107, -0.773469353999905, 0.0 ], [ 119.883818143000084, -0.773450492999944, 0.0 ], [ 119.883937040000063, -0.773437892999967, 0.0 ], [ 119.884133256000041, -0.773417098999934, 0.0 ], [ 119.884343751000046, -0.773402514999971, 0.0 ], [ 119.884555939000023, -0.773387813999909, 0.0 ], [ 119.884652283, -0.773381138999978, 0.0 ], [ 119.884826797000045, -0.773369047999955, 0.0 ], [ 119.885065121000054, -0.773363435999935, 0.0 ], [ 119.885234841000056, -0.773359438999959, 0.0 ], [ 119.885382299000099, -0.773355965999938, 0.0 ], [ 119.885580589000071, -0.773354275999976, 0.0 ], [ 119.885764678000115, -0.773359045999927, 0.0 ], [ 119.885985775000108, -0.773364774999957, 0.0 ], [ 119.886166696999979, -0.7733694639999, 0.0 ], [ 119.886273146, -0.773372221999951, 0.0 ], [ 119.886826962000072, -0.773386571999895, 0.0 ], [ 119.887509419000054, -0.773402887, 0.0 ], [ 119.887954030000074, -0.773409462999924, 0.0 ], [ 119.888187848000058, -0.773412921999943, 0.0 ], [ 119.888433355000117, -0.773416553999978, 0.0 ], [ 119.88862022900004, -0.77341931799994, 0.0 ], [ 119.888760519000016, -0.773421392999934, 0.0 ], [ 119.889099447000078, -0.773422158999908, 0.0 ], [ 119.889286543000011, -0.773422029999987, 0.0 ], [ 119.889544308000026, -0.773421852999972, 0.0 ], [ 119.889836394000127, -0.773417933, 0.0 ], [ 119.889981443000039, -0.773415985999931, 0.0 ], [ 119.89024544800013, -0.773412442999904, 0.0 ], [ 119.89065482900007, -0.773405595999959, 0.0 ], [ 119.890959397000046, -0.773399764999921, 0.0 ], [ 119.891333243000076, -0.77339260699995, 0.0 ], [ 119.891683023000056, -0.773389294999943, 0.0 ], [ 119.891916534000103, -0.773398406999986, 0.0 ], [ 119.892045390000021, -0.773403436999958, 0.0 ], [ 119.892327481000095, -0.773414444999981, 0.0 ], [ 119.892595087000032, -0.773436326999926, 0.0 ], [ 119.892783604000087, -0.773460379999962, 0.0 ], [ 119.89290014600013, -0.773475248999949, 0.0 ], [ 119.89313322700005, -0.773504987999923, 0.0 ], [ 119.893290484000104, -0.773525052999984, 0.0 ], [ 119.893531813000081, -0.773555844999956, 0.0 ], [ 119.893695850000071, -0.773576773999912, 0.0 ], [ 119.893864283000056, -0.773598265, 0.0 ], [ 119.894115029000105, -0.773630257999985, 0.0 ], [ 119.894252895000065, -0.773656085, 0.0 ], [ 119.894534659000101, -0.773708869999917, 0.0 ], [ 119.894737316, -0.773746834999949, 0.0 ], [ 119.894944946000038, -0.77378573199997, 0.0 ], [ 119.895299322000042, -0.773852119999956, 0.0 ], [ 119.895568027000067, -0.773874189, 0.0 ], [ 119.895673766000115, -0.773882874000014, 0.0 ], [ 119.895937451, -0.773887502999953, 0.0 ], [ 119.896224045000082, -0.773862590999935, 0.0 ], [ 119.896593681000027, -0.773733579999918, 0.0 ], [ 119.897139056000029, -0.773545525, 0.0 ], [ 119.897474010000124, -0.773517134999951, 0.0 ], [ 119.897810393000071, -0.773493563999955, 0.0 ], [ 119.898123592000047, -0.773493347999937, 0.0 ], [ 119.898439634000084, -0.7735379879999, 0.0 ], [ 119.898689734000087, -0.773630386, 0.0 ], [ 119.898890019000049, -0.773718881999946, 0.0 ], [ 119.899082344999968, -0.773879897999945, 0.0 ], [ 119.899418920000016, -0.774169736999946, 0.0 ], [ 119.899755557000077, -0.774548207999908, 0.0 ], [ 119.904077846000035, -0.778793161999952, 0.0 ], [ 119.906179169000083, -0.780449785999975, 0.0 ], [ 119.907013827000043, -0.781042110999957, 0.0 ], [ 119.907651892000075, -0.781599900999923, 0.0 ], [ 119.907889893000046, -0.781884548999939, 0.0 ], [ 119.907935298000069, -0.782044012999988, 0.0 ], [ 119.908071462000066, -0.78244265800002, 0.0 ], [ 119.908139633000019, -0.782772994, 0.0 ], [ 119.908253132999988, -0.783148869999922, 0.0 ], [ 119.908309933000069, -0.783410857999927, 0.0 ], [ 119.908410317000033, -0.784067156999962, 0.0 ], [ 119.908455634000049, -0.784620899999949, 0.0 ], [ 119.908455884000077, -0.78498254899994, 0.0 ], [ 119.90845604800009, -0.785219881999948, 0.0 ], [ 119.908532005000069, -0.785683264999919, 0.0 ], [ 119.908586392000032, -0.785811124999929, 0.0 ], [ 119.908631011, -0.785916023, 0.0 ], [ 119.908664013999967, -0.785993607999929, 0.0 ], [ 119.908682520000085, -0.786074516999962, 0.0 ], [ 119.908701026000017, -0.786155426999906, 0.0 ], [ 119.908712101000134, -0.78620640799995, 0.0 ], [ 119.908730661000064, -0.786291848999914, 0.0 ], [ 119.908745977000095, -0.786362354999975, 0.0 ], [ 119.908766427, -0.786495533999892, 0.0 ], [ 119.908781724000036, -0.786595155999963, 0.0 ], [ 119.908789212000116, -0.786643921999913, 0.0 ], [ 119.908808849000053, -0.786750354999926, 0.0 ], [ 119.908824058000064, -0.786827951999951, 0.0 ], [ 119.908839268000079, -0.786905550999977, 0.0 ], [ 119.908871005000051, -0.78706141, 0.0 ], [ 119.908904059000022, -0.787217932999978, 0.0 ], [ 119.90896944100011, -0.78742882399993, 0.0 ], [ 119.909018294999981, -0.787561453999979, 0.0 ], [ 119.909106939000026, -0.787704414, 0.0 ], [ 119.909260379000116, -0.788085578999913, 0.0 ], [ 119.909618244000058, -0.788924031999921, 0.0 ], [ 119.909797191000024, -0.789363226999933, 0.0 ], [ 119.909960107000103, -0.78973592199995, 0.0 ], [ 119.910049343000111, -0.789908274, 0.0 ], [ 119.910124821000053, -0.79001166999994, 0.0 ], [ 119.910234594000073, -0.790142626999939, 0.0 ], [ 119.910441955, -0.790357371999944, 0.0 ], [ 119.910557363000038, -0.790435953999962, 0.0 ], [ 119.910703008000013, -0.790542518999898, 0.0 ], [ 119.910756029000055, -0.790591587999961, 0.0 ], [ 119.910848704000074, -0.790677356999952, 0.0 ], [ 119.910907348000052, -0.790731629999913, 0.0 ], [ 119.911022775000092, -0.790836428999969, 0.0 ], [ 119.911080488000067, -0.790888827999952, 0.0 ], [ 119.911138202000046, -0.790941226999935, 0.0 ], [ 119.911257334000055, -0.791023552, 0.0 ], [ 119.911344680000084, -0.791083910999928, 0.0 ], [ 119.911585863000056, -0.791220910999895, 0.0 ], [ 119.911684660000148, -0.791273825999921, 0.0 ], [ 119.911804557000124, -0.791334068999932, 0.0 ], [ 119.911920527000035, -0.791392337999957, 0.0 ], [ 119.912069172000074, -0.791458120999982, 0.0 ], [ 119.912187702000111, -0.791508554999981, 0.0 ], [ 119.912435464000097, -0.791595828999919, 0.0 ], [ 119.91260108900012, -0.791648153999985, 0.0 ], [ 119.912805858000098, -0.791776722999964, 0.0 ], [ 119.912969138000108, -0.791879229999919, 0.0 ], [ 119.913152884000041, -0.792077502999982, 0.0 ], [ 119.913397859000057, -0.79230993799994, 0.0 ], [ 119.91390143200006, -0.792809007999933, 0.0 ], [ 119.914973541000137, -0.793791062, 0.0 ], [ 119.915536595000091, -0.794212883999917, 0.0 ], [ 119.916070958000077, -0.794529170999974, 0.0 ], [ 119.916328579000066, -0.794653734999978, 0.0 ], [ 119.916548047000106, -0.794778325999983, 0.0 ], [ 119.916681643000061, -0.794864593999927, 0.0 ], [ 119.916777126000056, -0.795008464999929, 0.0 ], [ 119.916854439000062, -0.795176125999946, 0.0 ], [ 119.916928287000047, -0.795371492999946, 0.0 ], [ 119.916965210000072, -0.795469175999946, 0.0 ], [ 119.917002134000114, -0.795566859999946, 0.0 ], [ 119.917011029000051, -0.795640218999976, 0.0 ], [ 119.917019820000064, -0.795712717999935, 0.0 ], [ 119.917028235000046, -0.795782111999904, 0.0 ], [ 119.91702803400004, -0.795867021999912, 0.0 ], [ 119.91702783300002, -0.795951929999921, 0.0 ], [ 119.917027633000089, -0.79603683999993, 0.0 ], [ 119.917027513000079, -0.796087693999963, 0.0 ], [ 119.917024884000043, -0.796176902999973, 0.0 ], [ 119.917021301000105, -0.796254469999907, 0.0 ], [ 119.917015169000038, -0.796387192999964, 0.0 ], [ 119.917012883000112, -0.796450182999935, 0.0 ], [ 119.917008770000038, -0.796563530999988, 0.0 ], [ 119.917007016000071, -0.796611874999902, 0.0 ], [ 119.91700918800008, -0.796745634999956, 0.0 ], [ 119.917010273000074, -0.796812514999983, 0.0 ], [ 119.917016086000118, -0.796909865999956, 0.0 ], [ 119.91702706200013, -0.796980636999949, 0.0 ], [ 119.917035345000016, -0.797034047999928, 0.0 ], [ 119.917049106, -0.797105416999971, 0.0 ], [ 119.917059524999971, -0.797159452, 0.0 ], [ 119.917067755000033, -0.797202129999979, 0.0 ], [ 119.917071812000017, -0.797223170999944, 0.0 ], [ 119.91708081300014, -0.797299132999923, 0.0 ], [ 119.917088243000038, -0.797361849999961, 0.0 ], [ 119.91709583100014, -0.79742588299993, 0.0 ], [ 119.917098992000135, -0.797491194, 0.0 ], [ 119.917102152000126, -0.797556504999902, 0.0 ], [ 119.917104433000048, -0.797596484999923, 0.0 ], [ 119.917108655000135, -0.797670461999916, 0.0 ], [ 119.917110559000108, -0.797703849999925, 0.0 ], [ 119.917121772000058, -0.797776730999916, 0.0 ], [ 119.917132985000109, -0.797849611999906, 0.0 ], [ 119.917139630000037, -0.797892811999928, 0.0 ], [ 119.917155410000092, -0.797995374999976, 0.0 ], [ 119.91717518800013, -0.798070603999983, 0.0 ], [ 119.917181677000045, -0.798095286999983, 0.0 ], [ 119.917194965, -0.798145833, 0.0 ], [ 119.917212127000084, -0.79819650499992, 0.0 ], [ 119.917229289000076, -0.798247177999938, 0.0 ], [ 119.917255277000095, -0.798296276, 0.0 ], [ 119.917281266000032, -0.798345374999981, 0.0 ], [ 119.917315567000017, -0.798402824999938, 0.0 ], [ 119.917349869000105, -0.798460274999984, 0.0 ], [ 119.917379487000076, -0.798507278999965, 0.0 ], [ 119.917431745000044, -0.798587383999932, 0.0 ], [ 119.917442328000121, -0.798602852999968, 0.0 ], [ 119.917460741000042, -0.798629774999975, 0.0 ], [ 119.917478326000079, -0.798655482999971, 0.0 ], [ 119.917497933, -0.798689614999953, 0.0 ], [ 119.917517716000049, -0.798730817999987, 0.0 ], [ 119.917528337000036, -0.798752940999952, 0.0 ], [ 119.917546306000105, -0.79879036399994, 0.0 ], [ 119.917551694000025, -0.798811315999986, 0.0 ], [ 119.917558799000076, -0.798838947999963, 0.0 ], [ 119.917568427000077, -0.798876394999953, 0.0 ], [ 119.917571394000134, -0.79889056099997, 0.0 ], [ 119.917572184000022, -0.79891392799995, 0.0 ], [ 119.917572882000087, -0.798934555999969, 0.0 ], [ 119.917573367000031, -0.798948906, 0.0 ], [ 119.917573873999984, -0.798963876, 0.0 ], [ 119.917574472000041, -0.798981579999952, 0.0 ], [ 119.917569883000013, -0.798991767999906, 0.0 ], [ 119.917563729000122, -0.799005431999971, 0.0 ], [ 119.917554348000067, -0.799026257, 0.0 ], [ 119.917547386000024, -0.799041710999953, 0.0 ], [ 119.917536361000089, -0.799066183999935, 0.0 ], [ 119.917524471000078, -0.799092582999988, 0.0 ], [ 119.917518316000013, -0.799106244999964, 0.0 ], [ 119.917512012000117, -0.799120239999967, 0.0 ], [ 119.917502921000064, -0.799140420999949, 0.0 ], [ 119.917673719000078, -0.799079170999944, 0.0 ], [ 119.917844516000088, -0.799017920999939, 0.0 ], [ 119.918015315, -0.798956669999933, 0.0 ], [ 119.91815863000015, -0.798959011999949, 0.0 ], [ 119.91830194500001, -0.798961352999966, 0.0 ], [ 119.918459845000015, -0.798982021999988, 0.0 ], [ 119.918617746000123, -0.799002689999922, 0.0 ], [ 119.9188558190001, -0.799036754999987, 0.0 ], [ 119.919093903000075, -0.799097709999968, 0.0 ], [ 119.919283412000041, -0.799151371999967, 0.0 ], [ 119.91949236100001, -0.799227021, 0.0 ], [ 119.91969159100006, -0.799305124999899, 0.0 ], [ 119.919912688000053, -0.799373428999955, 0.0 ], [ 119.920138620000102, -0.799424614999927, 0.0 ], [ 119.920369414000106, -0.799470909999938, 0.0 ], [ 119.920520018000033, -0.799480578999939, 0.0 ], [ 119.920716767000059, -0.799477997999903, 0.0 ], [ 119.920913499000093, -0.799450958999975, 0.0 ], [ 119.92116364, -0.79937742099993, 0.0 ], [ 119.921389473000119, -0.799289234999916, 0.0 ], [ 119.921558406000074, -0.799218899999959, 0.0 ], [ 119.921727338000096, -0.799148563999912, 0.0 ], [ 119.921896272000041, -0.799078227999955, 0.0 ], [ 119.922028551000068, -0.799043170999896, 0.0 ], [ 119.922160830000081, -0.799008112999926, 0.0 ], [ 119.922329112460673, -0.798965279952418, 0.0 ], [ 119.92703620000006, -0.802693112999913, 0.0 ], [ 119.931858172000062, -0.804621901999896, 0.0 ], [ 119.939251862000134, -0.809443873999898, 0.0 ], [ 119.9431094400001, -0.81265852199987, 0.0 ], [ 119.946967017000162, -0.815230239999936, 0.0 ], [ 119.952110454000106, -0.817801957999913, 0.0 ], [ 119.955968030999983, -0.818444887999908, 0.0 ], [ 119.966897834000065, -0.820052211999938, 0.0 ], [ 119.980399355000131, -0.820052211999938, 0.0 ], [ 119.986185721000169, -0.819409281999855, 0.0 ], [ 119.989078904000095, -0.817159028999919, 0.0 ], [ 119.991329158000212, -0.816194633999883, 0.0 ], [ 119.994222341000054, -0.816837563999878, 0.0 ], [ 119.996151129000211, -0.820052211999938, 0.0 ], [ 119.996794059000123, -0.825838577999887, 0.0 ], [ 119.99968724200005, -0.833553732999908, 0.0 ], [ 120.003223355000145, -0.841911816999923, 0.0 ], [ 120.003544819000098, -0.847055253999878, 0.0 ], [ 120.006116537999986, -0.85187722499988, 0.0 ], [ 120.010617045000046, -0.85798505599996, 0.0 ], [ 120.012545833000203, -0.863449957999867, 0.0 ], [ 120.016724876000026, -0.866664605999839, 0.0 ], [ 120.020582453000088, -0.869236323999905, 0.0 ], [ 120.025725890000132, -0.869879252999899, 0.0 ], [ 120.035004902000225, -0.870874443999908, 0.0 ], [ 120.03514155022674, -0.870894770201163, 0.0 ], [ 120.050840282000124, -0.873229930999935, 0.0 ], [ 120.055563247, -0.886174352999907, 0.0 ], [ 120.060619866000067, -0.900033234999958, 0.0 ], [ 120.06398071600006, -0.905356295999942, 0.0 ], [ 120.064191044000054, -0.905689422999972, 0.0 ], [ 120.064895841000109, -0.907450013999982, 0.0 ], [ 120.066502391000071, -0.911463189999944, 0.0 ], [ 120.066233297197897, -0.912673151047921, 0.0 ], [ 120.06479362489199, -0.919146534669595, 0.0 ], [ 120.064679055000013, -0.9196616899999, 0.0 ], [ 120.064889590646004, -0.920817712443094, 0.0 ], [ 120.065530780999964, -0.924338400999874, 0.0 ], [ 120.064363852000142, -0.936387169999902, 0.0 ], [ 120.062807951000096, -0.946492568999895, 0.0 ], [ 120.058529190000101, -0.955431979999959, 0.0 ], [ 120.052694529000149, -0.962816708999908, 0.0 ], [ 120.052572473095665, -0.965133932398048, 0.0 ], [ 120.052446082528135, -0.967533449092366, 0.0 ], [ 120.052305551000117, -0.970201430999856, 0.0 ], [ 120.064363852000142, -0.971756109999882, 0.0 ], [ 120.073310332, -0.980695509999856, 0.0 ], [ 120.073310332, -0.983971144734246, 0.0 ], [ 120.073310332, -0.989764352450011, 0.0 ], [ 120.073310332, -0.990412249999844, 0.0 ], [ 120.076811131000014, -1.002072335999864, 0.0 ], [ 120.076281586984706, -1.003659705472709, 0.0 ], [ 120.074088279000236, -1.010234399999915, 0.0 ], [ 120.079046182648753, -1.012357533768443, 0.0 ], [ 120.079533963000145, -1.012566416999954, 0.0 ], [ 120.090036353000031, -1.013343759999879, 0.0 ], [ 120.091276517062241, -1.018920092879954, 0.0 ], [ 120.091592259000251, -1.020339809999909, 0.0 ], [ 120.092112005522168, -1.020449143827234, 0.0 ], [ 120.098982831000058, -1.021894489999847, 0.0 ], [ 120.109096241000188, -1.017619117999862, 0.0 ], [ 120.111819092000061, -1.016453116999843, 0.0 ], [ 120.112900368244681, -1.021002759023586, 0.0 ], [ 120.114225611000037, -1.026578928999927, 0.0 ], [ 120.114550605272697, -1.027029953205199, 0.0 ], [ 120.121464480000085, -1.036624967999893, 0.0 ], [ 120.128301192000166, -1.040375487999883, 0.0 ], [ 120.139695710000069, -1.038768118999938, 0.0 ], [ 120.144720171000031, -1.039627899999845, 0.0 ], [ 120.154774159000127, -1.04940604999994, 0.0 ], [ 120.164023832000012, -1.050209729999912, 0.0 ], [ 120.16426241790127, -1.050383109729685, 0.0 ], [ 120.169314126423799, -1.054054172663415, 0.0 ], [ 120.174345929000083, -1.057710769999892, 0.0 ], [ 120.184936129000135, -1.066685240999925, 0.0 ], [ 120.191772852000128, -1.065345769999853, 0.0 ], [ 120.198868211163102, -1.065003861242191, 0.0 ], [ 120.199865981999977, -1.064955780999915, 0.0 ], [ 120.20227894100006, -1.057320796999866, 0.0 ], [ 120.204175567101558, -1.059057996102924, 0.0 ], [ 120.210031647748806, -1.064421825083011, 0.0 ], [ 120.210322129000133, -1.064687888999865, 0.0 ], [ 120.216637343941784, -1.06658095311502, 0.0 ], [ 120.21836532200021, -1.067098935999871, 0.0 ], [ 120.22024207000014, -1.073796295999879, 0.0 ], [ 120.229357681000039, -1.085449698999879, 0.0 ], [ 120.231770644000122, -1.094290218999932, 0.0 ], [ 120.226515452000157, -1.101285857999928, 0.0 ], [ 120.227373400000175, -1.112001640999887, 0.0 ], [ 120.226086492, -1.118859729999871, 0.0 ], [ 120.234236933000076, -1.130647088999853, 0.0 ], [ 120.24195839300009, -1.134076128999888, 0.0 ], [ 120.246069973103843, -1.133709312820768, 0.0 ], [ 120.250432604677087, -1.133320098989559, 0.0 ], [ 120.253969562000208, -1.133004547999866, 0.0 ], [ 120.26003474200013, -1.141426909999959, 0.0 ], [ 120.260566243000056, -1.142232096999967, 0.0 ], [ 120.266683783000047, -1.151499740999922, 0.0 ], [ 120.272474870000025, -1.155357418999897, 0.0 ], [ 120.278909421000236, -1.147213428999921, 0.0 ], [ 120.287059869000032, -1.141855550999898, 0.0 ], [ 120.288561260000094, -1.137997869999923, 0.0 ], [ 120.299285513000214, -1.137140599999958, 0.0 ], [ 120.312845015334673, -1.138782878051375, 0.0 ], [ 120.313441532000155, -1.138855125999887, 0.0 ], [ 120.32395130200004, -1.138855125999887, 0.0 ], [ 120.334967241000228, -1.148558239999902, 0.0 ], [ 120.335345, -1.155541065999904, 0.0 ], [ 120.323722668000215, -1.155541065999904, 0.0 ], [ 120.318600245000042, -1.156329130999916, 0.0 ], [ 120.314659920000068, -1.158693325999865, 0.0 ], [ 120.302838945000147, -1.158693325999865, 0.0 ], [ 120.300318861018752, -1.159779830353196, 0.0 ], [ 120.298870463000071, -1.160404289999855, 0.0 ], [ 120.295352327000117, -1.163027683999934, 0.0 ], [ 120.289441840000023, -1.163027683999934, 0.0 ], [ 120.283925385000117, -1.163027683999934, 0.0 ], [ 120.280773124999982, -1.164209780999952, 0.0 ], [ 120.278022460000116, -1.165037179999933, 0.0 ], [ 120.273369840000186, -1.165926123999943, 0.0 ], [ 120.26855811700014, -1.16775607399992, 0.0 ], [ 120.264617792000081, -1.168544138999932, 0.0 ], [ 120.261859565000037, -1.170120268999868, 0.0 ], [ 120.256343110000216, -1.170908333999881, 0.0 ], [ 120.248462460000184, -1.170908333999881, 0.0 ], [ 120.245704232000222, -1.174060593999842, 0.0 ], [ 120.240975842000154, -1.175636723999956, 0.0 ], [ 120.2327011590002, -1.175636723999956, 0.0 ], [ 120.227184704000109, -1.178000918999905, 0.0 ], [ 120.220880184000094, -1.178394950999911, 0.0 ], [ 120.213787599000156, -1.179183015999834, 0.0 ], [ 120.210241307000018, -1.179971080999847, 0.0 ], [ 120.204724852000012, -1.181547210999961, 0.0 ], [ 120.196056137000056, -1.181941243999878, 0.0 ], [ 120.189357584000035, -1.183123340999897, 0.0 ], [ 120.181082902000171, -1.187063665999871, 0.0 ], [ 120.171626121000116, -1.187457698999877, 0.0 ], [ 120.165715634000193, -1.187457698999877, 0.0 ], [ 120.162169341000236, -1.188245763999889, 0.0 ], [ 120.155076756000113, -1.188245763999889, 0.0 ], [ 120.154014434873048, -1.188433232368807, 0.0 ], [ 120.148378204000096, -1.189427860999908, 0.0 ], [ 120.142073684, -1.193762218999888, 0.0 ], [ 120.140236093000098, -1.195293544999847, 0.0 ], [ 120.137345294000198, -1.197702543999862, 0.0 ], [ 120.137345294000198, -1.205189161999892, 0.0 ], [ 120.140497554000063, -1.212281746999915, 0.0 ], [ 120.143649814000028, -1.222132558999894, 0.0 ], [ 120.146802074000078, -1.229225143999917, 0.0 ], [ 120.149954334000213, -1.235135631999922, 0.0 ], [ 120.151061806538337, -1.237572071921294, 0.0 ], [ 120.151924496000063, -1.239469988999902, 0.0 ], [ 120.152413557221635, -1.240736192862462, 0.0 ], [ 120.154765305000112, -1.246824984999877, 0.0 ], [ 120.155206596000113, -1.249252083999879, 0.0 ], [ 120.15741304900007, -1.252561763999898, 0.0 ], [ 120.16116402, -1.256312734999925, 0.0 ], [ 120.165576927000174, -1.26094628699988, 0.0 ], [ 120.169769189000121, -1.267345001999958, 0.0 ], [ 120.172858224, -1.271537263999905, 0.0 ], [ 120.175505968000053, -1.274405652999915, 0.0 ], [ 120.177712421000095, -1.277494687999885, 0.0 ], [ 120.180801456000069, -1.280804367999904, 0.0 ], [ 120.185655653999987, -1.283672757999915, 0.0 ], [ 120.187862107000029, -1.285437920999859, 0.0 ], [ 120.194443654000139, -1.291306661999963, 0.0 ], [ 120.198417842999973, -1.294662657999906, 0.0 ], [ 120.202099500000045, -1.299080645999878, 0.0 ], [ 120.205044825000201, -1.302025971999859, 0.0 ], [ 120.205412991000017, -1.304603131999931, 0.0 ], [ 120.205412991000017, -1.313807273999872, 0.0 ], [ 120.205412991000017, -1.317857095999935, 0.0 ], [ 120.202099500000045, -1.320434255999919, 0.0 ], [ 120.200626837000229, -1.323011415999902, 0.0 ], [ 120.200626837000229, -1.327429403999874, 0.0 ], [ 120.198786009000059, -1.330006563999858, 0.0 ], [ 120.194368020000184, -1.331111060999939, 0.0 ], [ 120.192527192000199, -1.333688220999923, 0.0 ], [ 120.191454623000183, -1.33561884599988, 0.0 ], [ 120.19068636400003, -1.337001711999902, 0.0 ], [ 120.186636541000141, -1.339578871999885, 0.0 ], [ 120.181850387000082, -1.342156030999869, 0.0 ], [ 120.178536896000196, -1.343260528999862, 0.0 ], [ 120.175591571000126, -1.344733190999941, 0.0 ], [ 120.170805417000153, -1.34510135699985, 0.0 ], [ 120.16712376000018, -1.346205853999932, 0.0 ], [ 120.164178434000107, -1.350255676999906, 0.0 ], [ 120.158287783000233, -1.353937332999882, 0.0 ], [ 120.153869795000261, -1.357618989999859, 0.0 ], [ 120.149083641000203, -1.359827983999933, 0.0 ], [ 120.146874647000047, -1.36350964099991, 0.0 ], [ 120.142088493000074, -1.364245972999905, 0.0 ], [ 120.139879499000173, -1.364614137999903, 0.0 ], [ 120.136934174000189, -1.367191297999886, 0.0 ], [ 120.133620682000128, -1.370872954999863, 0.0 ], [ 120.129939026000244, -1.373450114999846, 0.0 ], [ 120.128466363000157, -1.3789725999999, 0.0 ], [ 120.127730032000073, -1.386335913999853, 0.0 ], [ 120.126257369000086, -1.391122067999911, 0.0 ], [ 120.125521037000084, -1.395171889999885, 0.0 ], [ 120.125521037000084, -1.401062540999936, 0.0 ], [ 120.123680209000185, -1.405480528999908, 0.0 ], [ 120.122207546000112, -1.408794019999887, 0.0 ], [ 120.121103049000027, -1.416893665999835, 0.0 ], [ 120.121103049000027, -1.4205753219999, 0.0 ], [ 120.120366718000028, -1.423520647999881, 0.0 ], [ 120.117053227000056, -1.428306801999939, 0.0 ], [ 120.11558056400024, -1.435670114999892, 0.0 ], [ 120.114844233000071, -1.441928931999941, 0.0 ], [ 120.11373973600007, -1.446346919999913, 0.0 ], [ 120.111898907000082, -1.448555913999899, 0.0 ], [ 120.111530741, -1.455551061999854, 0.0 ], [ 120.11042624400001, -1.462914375999896, 0.0 ], [ 120.11042624400001, -1.467332363999956, 0.0 ], [ 120.112635238000081, -1.470645855999846, 0.0 ], [ 120.116316895000054, -1.475800174999902, 0.0 ], [ 120.118894055000126, -1.481322659999867, 0.0 ], [ 120.121839381000115, -1.48684514599992, 0.0 ], [ 120.125889203000085, -1.492367630999886, 0.0 ], [ 120.12922884000001, -1.496432518999863, 0.0 ], [ 120.12871898861232, -1.50071589373077, 0.0 ], [ 120.128572084000197, -1.501950071999953, 0.0 ], [ 120.128421622137594, -1.503349591449971, 0.0 ], [ 120.128098197000256, -1.506357926999885, 0.0 ], [ 120.124784706, -1.512248577999848, 0.0 ], [ 120.120734884000214, -1.515930234999913, 0.0 ], [ 120.118276099158251, -1.517941967721121, 0.0 ], [ 120.11668506099997, -1.519243725999892, 0.0 ], [ 120.114476067000155, -1.522189050999873, 0.0 ], [ 120.111927001000097, -1.523995080999913, 0.0 ], [ 120.111898348000224, -1.524015381999905, 0.0 ], [ 120.106797620000151, -1.529190114999873, 0.0 ], [ 120.104472006000108, -1.531938567999908, 0.0 ], [ 120.102780651000145, -1.533418503999878, 0.0 ], [ 120.099497402000097, -1.534637862999872, 0.0 ], [ 120.096910788000216, -1.535547398999898, 0.0 ], [ 120.096980759000232, -1.537652784999927, 0.0 ], [ 120.094883392000071, -1.540405374999859, 0.0 ], [ 120.094691142000244, -1.545980637999928, 0.0 ], [ 120.095460144000185, -1.549056643999886, 0.0 ], [ 120.097574898000104, -1.550594647999954, 0.0 ], [ 120.098728401000059, -1.552324901999941, 0.0 ], [ 120.098728401000059, -1.55520865799989, 0.0 ], [ 120.100074154000026, -1.555785408999916, 0.0 ], [ 120.100830324850236, -1.556657914199472, 0.0 ], [ 120.101134400173294, -1.557008770491225, 0.0 ], [ 120.102573408999959, -1.558669165999954, 0.0 ], [ 120.106418418000132, -1.559630417999908, 0.0 ], [ 120.121943356777521, -1.559751706317964, 0.0 ], [ 120.131026472000059, -1.559822667999916, 0.0 ], [ 120.133717978000092, -1.559822667999916, 0.0 ], [ 120.135255980999986, -1.56059166999995, 0.0 ], [ 120.13621723300011, -1.561552921999904, 0.0 ], [ 120.136409484000211, -1.563283175999891, 0.0 ], [ 120.136986234999966, -1.612499283999841, 0.0 ], [ 120.137562986, -1.614037287999909, 0.0 ], [ 120.139485491000173, -1.61538304099988, 0.0 ], [ 120.140638993000039, -1.61672879399985, 0.0 ], [ 120.140533961779695, -1.625766252505495, 0.0 ], [ 120.140325696000232, -1.643686574999953, 0.0 ], [ 120.139414287000051, -1.646420802999965, 0.0 ], [ 120.136680059000042, -1.649610735999935, 0.0 ], [ 120.135926761475773, -1.650560550434949, 0.0 ], [ 120.132688608000095, -1.654643458999877, 0.0 ], [ 120.133865807000163, -1.658367947999845, 0.0 ], [ 120.13393842900004, -1.665913, 0.0 ], [ 120.132578716000154, -1.6719402669999, 0.0 ], [ 120.135768649000212, -1.675585904999916, 0.0 ], [ 120.135768649000212, -1.679687246999889, 0.0 ], [ 120.135768649000212, -1.686978521999921, 0.0 ], [ 120.138242274000064, -1.693532994999919, 0.0 ], [ 120.138848333000027, -1.696072988999936, 0.0 ], [ 120.1403219030001, -1.699029922999901, 0.0 ], [ 120.141407473000029, -1.702718194999892, 0.0 ], [ 120.144171691000039, -1.708695072999883, 0.0 ], [ 120.144539157000153, -1.714559952999934, 0.0 ], [ 120.144600322000244, -1.722403244999898, 0.0 ], [ 120.144882743000082, -1.728447650999882, 0.0 ], [ 120.146249857000129, -1.731181878999894, 0.0 ], [ 120.151262609000099, -1.735283221999867, 0.0 ], [ 120.155819656000219, -1.73938456399993, 0.0 ], [ 120.15961470600007, -1.742522038999911, 0.0 ], [ 120.159548385000264, -1.748476701999929, 0.0 ], [ 120.162655227000116, -1.752144295999897, 0.0 ], [ 120.164933750000074, -1.754422818999951, 0.0 ], [ 120.167667979000086, -1.760802684999891, 0.0 ], [ 120.167667979000086, -1.765815436999957, 0.0 ], [ 120.167667979000086, -1.769005369999927, 0.0 ], [ 120.164022341000162, -1.773562416999947, 0.0 ], [ 120.161288113000055, -1.77629664499987, 0.0 ], [ 120.15809818, -1.780397987999932, 0.0 ], [ 120.157520310445832, -1.781457415656823, 0.0 ], [ 120.155363952000172, -1.78541073999991, 0.0 ], [ 120.154452542000158, -1.789967786999841, 0.0 ], [ 120.154452542000158, -1.794980537999908, 0.0 ], [ 120.156275361000084, -1.79771476699992, 0.0 ], [ 120.159804323000031, -1.80243140399991, 0.0 ], [ 120.161658373000051, -1.805775043999897, 0.0 ], [ 120.164734380000013, -1.810132719999941, 0.0 ], [ 120.171911729000115, -1.820386075999919, 0.0 ], [ 120.174731402000091, -1.826538088999924, 0.0 ], [ 120.177807408000049, -1.833459104999874, 0.0 ], [ 120.180114414000158, -1.841405455999928, 0.0 ], [ 120.181652417000052, -1.849351805999894, 0.0 ], [ 120.181396083000067, -1.854478483999883, 0.0 ], [ 120.177294741000182, -1.857554490999841, 0.0 ], [ 120.170630059000118, -1.860117829999925, 0.0 ], [ 120.164734380000013, -1.864219172999898, 0.0 ], [ 120.15653169499997, -1.868833182999924, 0.0 ], [ 120.149867014000094, -1.8716528559999, 0.0 ], [ 120.140382658999968, -1.874985195999929, 0.0 ], [ 120.132443243305488, -1.87562599838575, 0.0 ], [ 120.131703106000188, -1.875685735999894, 0.0 ], [ 120.122439286000187, -1.87677953399989, 0.0 ], [ 120.114749269000114, -1.878061202999887, 0.0 ], [ 120.108340922000124, -1.881649877999897, 0.0 ], [ 120.101419907000178, -1.884213216999892, 0.0 ], [ 120.100026847589504, -1.885606275992408, 0.0 ], [ 120.098087565999975, -1.88754555699992, 0.0 ], [ 120.097846043632089, -1.890957336437466, 0.0 ], [ 120.097710065000086, -1.892878189999897, 0.0 ], [ 120.095231145000156, -1.893732388999875, 0.0 ], [ 120.09347355600012, -1.896004575999938, 0.0 ], [ 120.096293229000096, -1.897542578999917, 0.0 ], [ 120.097574898000104, -1.900874919999857, 0.0 ], [ 120.097574898000104, -1.906514265999898, 0.0 ], [ 120.097574898000104, -1.911897277999869, 0.0 ], [ 120.099881903000195, -1.914973283999916, 0.0 ], [ 120.101676241000163, -1.918049290999874, 0.0 ], [ 120.101676241000163, -1.922184706606184, 0.0 ], [ 120.101676241000163, -1.923175968999952, 0.0 ], [ 120.099369236000058, -1.92625197599991, 0.0 ], [ 120.092191886000123, -1.934454660999946, 0.0 ], [ 120.090652659827114, -1.93629431834827, 0.0 ], [ 120.08930425100003, -1.937905913999866, 0.0 ], [ 120.086808875000244, -1.940606673999862, 0.0 ], [ 120.085783539000047, -1.949834694999914, 0.0 ], [ 120.085783539000047, -1.955217705999885, 0.0 ], [ 120.087321542000026, -1.959319048999858, 0.0 ], [ 120.092254168000224, -1.964547693999847, 0.0 ], [ 120.093907537025999, -1.965220987487654, 0.0 ], [ 120.095780561000225, -1.965983729999915, 0.0 ], [ 120.100907239000122, -1.96854706899991, 0.0 ], [ 120.106546585000075, -1.972648411999883, 0.0 ], [ 120.110391593000159, -1.977518755999891, 0.0 ], [ 120.11295493200025, -1.981876431999846, 0.0 ], [ 120.112995340599909, -1.98280582942651, 0.0 ], [ 120.113395527000108, -1.99201011299987, 0.0 ], [ 120.112029763000166, -1.992240394999917, 0.0 ], [ 120.111219759000022, -1.992211855999865, 0.0 ], [ 120.110762764000057, -1.992192979999902, 0.0 ], [ 120.1103973660001, -1.9920748739999, 0.0 ], [ 120.109702090000127, -1.991658004999869, 0.0 ], [ 120.109540150229023, -1.991584430791099, 0.0 ], [ 120.109462498000113, -1.991549150999922, 0.0 ], [ 120.108972892000011, -1.991177827999929, 0.0 ], [ 120.108471277000078, -1.990896837999862, 0.0 ], [ 120.108117837000151, -1.990616106999904, 0.0 ], [ 120.107468580000074, -1.99012703999994, 0.0 ], [ 120.10685213400005, -1.98982777599987, 0.0 ], [ 120.106327941000103, -1.989619028999917, 0.0 ], [ 120.105563702000026, -1.989202040999877, 0.0 ], [ 120.105175902000184, -1.989056785999938, 0.0 ], [ 120.104514583000167, -1.988739371999876, 0.0 ], [ 120.103819144000099, -1.988421902999899, 0.0 ], [ 120.102998146000019, -1.988004810999938, 0.0 ], [ 120.102279667000175, -1.987560794999882, 0.0 ], [ 120.100899634000115, -1.986781301999868, 0.0 ], [ 120.100307666000077, -1.986355586999905, 0.0 ], [ 120.099702890000131, -1.986110550999881, 0.0 ], [ 120.098984140000084, -1.98572075499987, 0.0 ], [ 120.098278372000124, -1.985249658999883, 0.0 ], [ 120.097251859000011, -1.984705713999907, 0.0 ], [ 120.095951477000071, -1.984143211999906, 0.0 ], [ 120.095472451000134, -1.983889369999864, 0.0 ], [ 120.09475453400016, -1.983589930999869, 0.0 ], [ 120.093898510000116, -1.983181816999941, 0.0 ], [ 120.092416334000049, -1.982329857999882, 0.0 ], [ 120.0918351360001, -1.981958375999876, 0.0 ], [ 120.091299244000169, -1.981767682999908, 0.0 ], [ 120.090490121000101, -1.98135061999995, 0.0 ], [ 120.089679372000077, -1.981141370999867, 0.0 ], [ 120.088778397000041, -1.980814500999911, 0.0 ], [ 120.087717970000242, -1.980207246999938, 0.0 ], [ 120.087376145000022, -1.980071112999954, 0.0 ], [ 120.087021578000076, -1.979974081999919, 0.0 ], [ 120.08681674, -1.979925551999901, 0.0 ], [ 120.086131848, -1.979797841999903, 0.0 ], [ 120.085264452000089, -1.979733062999872, 0.0 ], [ 120.084545005000066, -1.97974986199993, 0.0 ], [ 120.083905766000029, -1.979757763999873, 0.0 ], [ 120.083209601000164, -1.979864955999861, 0.0 ], [ 120.08259233700015, -1.979990358999934, 0.0 ], [ 120.082056354000215, -1.979908090999877, 0.0 ], [ 120.08145091300004, -1.979952193999885, 0.0 ], [ 120.080709163000122, -1.979987019999924, 0.0 ], [ 120.079612675, -1.98003025399986, 0.0 ], [ 120.078448832000063, -1.979973977999911, 0.0 ], [ 120.078060016000137, -1.979955213999868, 0.0 ], [ 120.077329786000021, -1.98002620599988, 0.0 ], [ 120.076416331000033, -1.980114936999938, 0.0 ], [ 120.075559459, -1.980149555999961, 0.0 ], [ 120.074622666000124, -1.980283422999935, 0.0 ], [ 120.073549109000211, -1.980516432999941, 0.0 ], [ 120.072693102000173, -1.980623337999904, 0.0 ], [ 120.072030277000039, -1.980667333999903, 0.0 ], [ 120.071288292000105, -1.980738296999912, 0.0 ], [ 120.069917552000106, -1.98098884799986, 0.0 ], [ 120.069552130000162, -1.980943019999887, 0.0 ], [ 120.068890007000178, -1.981050263999879, 0.0 ], [ 120.068068411000056, -1.980994589999891, 0.0 ], [ 120.067485827000169, -1.980912233999915, 0.0 ], [ 120.06690406300018, -1.980875056999859, 0.0 ], [ 120.06632175700004, -1.9809914779999, 0.0 ], [ 120.065910503000211, -1.981017852999861, 0.0 ], [ 120.065384988000162, -1.981116302999836, 0.0 ], [ 120.064871040000185, -1.981223805999938, 0.0 ], [ 120.064391408000105, -1.981322339999831, 0.0 ], [ 120.063763757000132, -1.981285078999856, 0.0 ], [ 120.06323860800012, -1.981175718999867, 0.0 ], [ 120.062771026000149, -1.981012249999931, 0.0 ], [ 120.061995390000106, -1.980866305999935, 0.0 ], [ 120.06128681700001, -1.980937317999859, 0.0 ], [ 120.060498956000188, -1.981053371999869, 0.0 ], [ 120.05976773400009, -1.981187592999961, 0.0 ], [ 120.059163209000161, -1.981276866999887, 0.0 ], [ 120.058168737000216, -1.981482895999881, 0.0 ], [ 120.057015343000074, -1.981724783999911, 0.0 ], [ 120.056523849000087, -1.981832326999927, 0.0 ], [ 120.055896026000099, -1.981894452999916, 0.0 ], [ 120.054982543000193, -1.981956064999863, 0.0 ], [ 120.053989175000154, -1.982098848999953, 0.0 ], [ 120.053543660000159, -1.982206475999887, 0.0 ], [ 120.052983569000176, -1.982458456999953, 0.0 ], [ 120.05251543000017, -1.982665426999847, 0.0 ], [ 120.052194310000161, -1.982963012999956, 0.0 ], [ 120.051942082000252, -1.983405283999956, 0.0 ], [ 120.051883929000056, -1.98383886799986, 0.0 ], [ 120.051848859000174, -1.984272491999945, 0.0 ], [ 120.051551241000055, -1.984533980999909, 0.0 ], [ 120.051231365000064, -1.984687005999869, 0.0 ], [ 120.050865628000082, -1.984776697999918, 0.0 ], [ 120.050238526000072, -1.984432234999928, 0.0 ], [ 120.049908553000037, -1.984151551999886, 0.0 ], [ 120.049441580000035, -1.983698956999919, 0.0 ], [ 120.048985741999971, -1.983399979999873, 0.0 ], [ 120.048506999000068, -1.98300157299986, 0.0 ], [ 120.047925645000106, -1.982738509999943, 0.0 ], [ 120.047388694, -1.982602017999841, 0.0 ], [ 120.046841059000158, -1.98251971799987, 0.0 ], [ 120.046179418000222, -1.982509496999913, 0.0 ], [ 120.045141106000102, -1.982073943999846, 0.0 ], [ 120.044731183000209, -1.981811188999866, 0.0 ], [ 120.044331939000116, -1.981602660999932, 0.0 ], [ 120.043704529999985, -1.981384696999927, 0.0 ], [ 120.043031154000147, -1.981311202999886, 0.0 ], [ 120.042517728000021, -1.981283178999877, 0.0 ], [ 120.041924118000026, -1.981245964999906, 0.0 ], [ 120.041388501000114, -1.980919740999915, 0.0 ], [ 120.040829809000073, -1.980539264999876, 0.0 ], [ 120.040544663000105, -1.980303839999848, 0.0 ], [ 120.040283230000156, -1.97986064899986, 0.0 ], [ 120.039965788000174, -1.9791011309999, 0.0 ], [ 120.03963696200006, -1.978178961999894, 0.0 ], [ 120.039102296999957, -1.977364845999946, 0.0 ], [ 120.038647188000056, -1.976758679999885, 0.0 ], [ 120.038226012000024, -1.976260992999918, 0.0 ], [ 120.037361095000136, -1.975328829999884, 0.0 ], [ 120.036950693000108, -1.974831163999919, 0.0 ], [ 120.036597493000016, -1.974487199999881, 0.0 ], [ 120.036085445000097, -1.974088735999952, 0.0 ], [ 120.035526721000153, -1.973726334999898, 0.0 ], [ 120.034785916000132, -1.973146762999906, 0.0 ], [ 120.033931108000203, -1.972594087999918, 0.0 ], [ 120.033155855, -1.972195157999862, 0.0 ], [ 120.032391687000185, -1.971778173999911, 0.0 ], [ 120.031924033000138, -1.971614705999886, 0.0 ], [ 120.031864460257665, -1.97159063593137, 0.0 ], [ 120.031293877770182, -1.97136009493219, 0.0 ], [ 120.031182821, -1.971315222999887, 0.0 ], [ 120.030271004000141, -1.970961216999906, 0.0 ], [ 120.029346523000214, -1.970706577999887, 0.0 ], [ 120.028812647683722, -1.970529064380083, 0.0 ], [ 120.028410514942308, -1.970395355185523, 0.0 ], [ 120.02830834300002, -1.970361382999925, 0.0 ], [ 120.02651768200009, -1.969897386999903, 0.0 ], [ 120.025912640000044, -1.969733666999946, 0.0 ], [ 120.025113996000215, -1.969416009999864, 0.0 ], [ 120.024702657000105, -1.969254434999907, 0.0 ], [ 120.02428214400004, -1.969089255999918, 0.0 ], [ 120.023585903000168, -1.968753711999866, 0.0 ], [ 120.02287994800011, -1.968327797999886, 0.0 ], [ 120.022172965000053, -1.967974166999848, 0.0 ], [ 120.021614014000079, -1.967747288999905, 0.0 ], [ 120.020837282000031, -1.967736852999841, 0.0 ], [ 120.020289034000058, -1.968006916999893, 0.0 ], [ 120.019699365000022, -1.968412187999941, 0.0 ], [ 120.019659677000206, -1.968439464999888, 0.0 ], [ 120.019019732000103, -1.968718394999875, 0.0 ], [ 120.018665798000043, -1.968790035999851, 0.0 ], [ 120.018025997000038, -1.96898764999986, 0.0 ], [ 120.017111997, -1.969510028999916, 0.0 ], [ 120.016470873000159, -1.969897370999901, 0.0 ], [ 120.016196828000034, -1.969987229999965, 0.0 ], [ 120.01571738400007, -1.969995398999841, 0.0 ], [ 120.015181823000077, -1.969696282999961, 0.0 ], [ 120.014794529000184, -1.969343221999881, 0.0 ], [ 120.014487168000159, -1.968981273999865, 0.0 ], [ 120.014055564000145, -1.968293847999919, 0.0 ], [ 120.013986784000139, -1.96804074699985, 0.0 ], [ 120.013851213000024, -1.967624894999903, 0.0 ], [ 120.013669581000187, -1.967154758999906, 0.0 ], [ 120.01341978000012, -1.966792910999899, 0.0 ], [ 120.013391838000217, -1.966718355999947, 0.0 ], [ 120.013226645000046, -1.966277576999892, 0.0 ], [ 120.012885183000122, -1.96595170699993, 0.0 ], [ 120.012451870000149, -1.965725056999918, 0.0 ], [ 120.012030144000079, -1.965543596999914, 0.0 ], [ 120.011471181000189, -1.96532575699992, 0.0 ], [ 120.011049670000133, -1.965026847999879, 0.0 ], [ 120.010494798747004, -1.964604238210582, 0.0 ], [ 120.010490811000167, -1.964601200999922, 0.0 ], [ 120.01001177300023, -1.964383499999939, 0.0 ], [ 120.009452459000045, -1.964364425999871, 0.0 ], [ 120.008688172000049, -1.96438111799992, 0.0 ], [ 120.007843007000105, -1.964478973999845, 0.0 ], [ 120.006781320000101, -1.964639688999909, 0.0 ], [ 120.006202486, -1.964764859999874, 0.0 ], [ 120.005786884000159, -1.964854731999938, 0.0 ], [ 120.005181623, -1.964925918999877, 0.0 ], [ 120.004653561251359, -1.964981625420687, 0.0 ], [ 120.004508019000042, -1.964996978999895, 0.0 ], [ 120.003762070460652, -1.965085309449782, 0.0 ], [ 120.003606180000119, -1.965103768999938, 0.0 ], [ 120.002566948000108, -1.965264515999915, 0.0 ], [ 120.001493690000217, -1.965370994999932, 0.0 ], [ 120.000534849000104, -1.965269878999915, 0.0 ], [ 120.000145663999959, -1.965237080999866, 0.0 ], [ 120.000037382000059, -1.96522795599991, 0.0 ], [ 120.000032947000051, -1.965228704999883, 0.0 ], [ 119.999970490000038, -1.965285730999894, 0.0 ], [ 119.999927045000078, -1.965315603999879, 0.0 ], [ 119.999867302000197, -1.965340041999858, 0.0 ], [ 119.999854562000124, -1.965343994999919, 0.0 ], [ 119.999835994000094, -1.965349756999951, 0.0 ], [ 119.998603432000081, -1.965452131999895, 0.0 ], [ 119.998375670000058, -1.965479645999952, 0.0 ], [ 119.99813606900014, -1.965516217999958, 0.0 ], [ 119.997884722000123, -1.965561850999914, 0.0 ], [ 119.997610873000113, -1.965580415999852, 0.0 ], [ 119.997279787000167, -1.965626183999908, 0.0 ], [ 119.997040262000056, -1.965653722999877, 0.0 ], [ 119.996755204000095, -1.965681340999942, 0.0 ], [ 119.996526764000023, -1.965681754999888, 0.0 ], [ 119.996456504097779, -1.965681881793841, 0.0 ], [ 119.996264108000233, -1.965682228999927, 0.0 ], [ 119.995932923000098, -1.965673793999939, 0.0 ], [ 119.995510815000074, -1.965638416999854, 0.0 ], [ 119.995294230000013, -1.965638807999887, 0.0 ], [ 119.995043289000122, -1.965612157999902, 0.0 ], [ 119.994666682000044, -1.965612834999869, 0.0 ], [ 119.994381038000128, -1.965613352999912, 0.0 ], [ 119.99405049800022, -1.965613946999961, 0.0 ], [ 119.993742440000133, -1.965632575999904, 0.0 ], [ 119.993502772000198, -1.96563300599994, 0.0 ], [ 119.993285585000166, -1.965651466999868, 0.0 ], [ 119.993045921000061, -1.965651901999904, 0.0 ], [ 119.992646358000044, -1.96567068899986, 0.0 ], [ 119.992406813000116, -1.965689189999881, 0.0 ], [ 119.992144288000148, -1.96576194299995, 0.0 ], [ 119.991904684000048, -1.965798514999956, 0.0 ], [ 119.991619673000088, -1.965853240999865, 0.0 ], [ 119.99127692100015, -1.965953240999879, 0.0 ], [ 119.99102564900015, -1.966044040999843, 0.0 ], [ 119.990649349, -1.966216383999892, 0.0 ], [ 119.99043242900018, -1.966334226999872, 0.0 ], [ 119.990066908000045, -1.966560753999874, 0.0 ], [ 119.989702024000053, -1.966841492999921, 0.0 ], [ 119.989450979000068, -1.96705878299987, 0.0 ], [ 119.989177042000136, -1.967330320999866, 0.0 ], [ 119.988971515000088, -1.967592701999904, 0.0 ], [ 119.988708400000078, -1.967990710999884, 0.0 ], [ 119.988571844000063, -1.968207793999905, 0.0 ], [ 119.988365957999989, -1.968569561999906, 0.0 ], [ 119.988183670000012, -1.968922248999955, 0.0 ], [ 119.988057813000168, -1.969148348999833, 0.0 ], [ 119.987966160000127, -1.969365344999846, 0.0 ], [ 119.987863391000161, -1.969645612999943, 0.0 ], [ 119.987715163000061, -1.969962102999928, 0.0 ], [ 119.987601041000033, -1.970170108999908, 0.0 ], [ 119.987360907000053, -1.970513869999929, 0.0 ], [ 119.987212576000132, -1.970721938999914, 0.0 ], [ 119.987053048000163, -1.970948094999886, 0.0 ], [ 119.986904606000053, -1.971147131999923, 0.0 ], [ 119.986744416000207, -1.971301012999954, 0.0 ], [ 119.986455413511507, -1.971630440192945, 0.0 ], [ 119.986379230000097, -1.971717279999935, 0.0 ], [ 119.986196498999988, -1.971871196999881, 0.0 ], [ 119.985831169000136, -1.972206147999883, 0.0 ], [ 119.985614364000057, -1.972387236999857, 0.0 ], [ 119.985237793000167, -1.972713174999913, 0.0 ], [ 119.985043786000091, -1.972840011999927, 0.0 ], [ 119.98484995000004, -1.973012023999948, 0.0 ], [ 119.984632926000032, -1.973120833999892, 0.0 ], [ 119.984404754000067, -1.973274838999934, 0.0 ], [ 119.984050406000151, -1.973474249999913, 0.0 ], [ 119.983776779000252, -1.973619301999924, 0.0 ], [ 119.983376982000209, -1.973809754999873, 0.0 ], [ 119.983114501000074, -1.973909611999875, 0.0 ], [ 119.9827605790001, -1.97404577699995, 0.0 ], [ 119.982463853000155, -1.974127622999883, 0.0 ], [ 119.98213283500003, -1.974218573999859, 0.0 ], [ 119.981882161000073, -1.974291302999926, 0.0 ], [ 119.981516951000145, -1.974391346999943, 0.0 ], [ 119.98107142800005, -1.974473467999899, 0.0 ], [ 119.980831911000124, -1.974510039999905, 0.0 ], [ 119.980581114000159, -1.974564697999898, 0.0 ], [ 119.980329742000237, -1.974601293999906, 0.0 ], [ 119.980010471000099, -1.974628974999887, 0.0 ], [ 119.979747875000044, -1.974665586999897, 0.0 ], [ 119.979428002000233, -1.974711342999863, 0.0 ], [ 119.979154121000221, -1.974711833999904, 0.0 ], [ 119.978674964000177, -1.974766905999931, 0.0 ], [ 119.978332565000187, -1.974767527999894, 0.0 ], [ 119.977898794000083, -1.974795412999891, 0.0 ], [ 119.977442561000089, -1.974814307999856, 0.0 ], [ 119.977168695000074, -1.974823835999934, 0.0 ], [ 119.976689398000119, -1.97485180399985, 0.0 ], [ 119.976449726000183, -1.974852238999886, 0.0 ], [ 119.976175889000174, -1.97487983299986, 0.0 ], [ 119.97585602800018, -1.974880410999908, 0.0 ], [ 119.975593906000157, -1.974880884999947, 0.0 ], [ 119.975274029000076, -1.974872424999869, 0.0 ], [ 119.974886190000134, -1.974873122999926, 0.0 ], [ 119.974612301000121, -1.974873616999967, 0.0 ], [ 119.974178390000105, -1.974820189999899, 0.0 ], [ 119.973870184, -1.974811709999908, 0.0 ], [ 119.973505424000024, -1.974812367999962, 0.0 ], [ 119.973242791000047, -1.974830912999898, 0.0 ], [ 119.972809008000041, -1.974849759999858, 0.0 ], [ 119.972329775000091, -1.974913869999834, 0.0 ], [ 119.972033029000144, -1.974986682999908, 0.0 ], [ 119.971508012000228, -1.97515929299989, 0.0 ], [ 119.971234298000041, -1.975259168999894, 0.0 ], [ 119.970914541000141, -1.975368166999941, 0.0 ], [ 119.970674586000101, -1.975513158999948, 0.0 ], [ 119.970377964000164, -1.975658249999873, 0.0 ], [ 119.970172803000054, -1.975776073999941, 0.0 ], [ 119.969944061000234, -1.975912011999909, 0.0 ], [ 119.969750046000158, -1.976038849999923, 0.0 ], [ 119.969487708000216, -1.976220021999903, 0.0 ], [ 119.969293804000159, -1.976355896999954, 0.0 ], [ 119.969088125000198, -1.976536969999926, 0.0 ], [ 119.968905418000091, -1.976708961999857, 0.0 ], [ 119.968699947000147, -1.97695327699991, 0.0 ], [ 119.968414307000131, -1.977315191999923, 0.0 ], [ 119.968288924000063, -1.97750515499992, 0.0 ], [ 119.968117649000192, -1.977740372999931, 0.0 ], [ 119.967969350000089, -1.978020724999857, 0.0 ], [ 119.967820537000208, -1.978264939999902, 0.0 ], [ 119.967615197000185, -1.978635744999852, 0.0 ], [ 119.967478306000231, -1.978970284999909, 0.0 ], [ 119.967386618000191, -1.979169221999938, 0.0 ], [ 119.967249859000148, -1.979576044999937, 0.0 ], [ 119.96714705400008, -1.97983824299996, 0.0 ], [ 119.967055557000066, -1.9801455999999, 0.0 ], [ 119.966963944000213, -1.980389710999936, 0.0 ], [ 119.966872937000048, -1.980669959999942, 0.0 ], [ 119.966792506000061, -1.980886946999866, 0.0 ], [ 119.966701515000082, -1.98117623299991, 0.0 ], [ 119.96659825500015, -1.98148360999994, 0.0 ], [ 119.966392760000119, -1.98207125499989, 0.0 ], [ 119.966278861000106, -1.982405758999945, 0.0 ], [ 119.966118616000173, -1.982884900999887, 0.0 ], [ 119.966015942000112, -1.983219384999852, 0.0 ], [ 119.965947269000026, -1.983436348999862, 0.0 ], [ 119.965844500000046, -1.98371662099987, 0.0 ], [ 119.965787877000068, -1.984041984999879, 0.0 ], [ 119.96571924000007, -1.984277018999875, 0.0 ], [ 119.965650618999987, -1.984521085999908, 0.0 ], [ 119.965571009000243, -1.98484649399992, 0.0 ], [ 119.96551775687584, -1.985089349439234, 0.0 ], [ 119.965467948000068, -1.985316501999907, 0.0 ], [ 119.965399563, -1.985641885999917, 0.0 ], [ 119.965330890000089, -1.985858852999839, 0.0 ], [ 119.965273721999978, -1.986229390999944, 0.0 ], [ 119.965147829000131, -1.986735580999905, 0.0 ], [ 119.965090939000135, -1.98696155799995, 0.0 ], [ 119.965010715000162, -1.987296002999911, 0.0 ], [ 119.964919429000162, -1.987720812999888, 0.0 ], [ 119.964873836000109, -1.987937735999895, 0.0 ], [ 119.964793632000138, -1.988281213999893, 0.0 ], [ 119.964736742000056, -1.988507194999939, 0.0 ], [ 119.964656406000159, -1.988778386999907, 0.0 ], [ 119.964610945000032, -1.989067592999944, 0.0 ], [ 119.964473755000228, -1.989582839999854, 0.0 ], [ 119.964405326000161, -1.989935330999887, 0.0 ], [ 119.964370535000214, -1.990215479999885, 0.0 ], [ 119.964336697, -1.990477554999898, 0.0 ], [ 119.964267845000251, -1.990893291999924, 0.0 ], [ 119.964233581000073, -1.991164406999885, 0.0 ], [ 119.964199348000079, -1.991507797999875, 0.0 ], [ 119.964185890522998, -1.991687750755683, 0.0 ], [ 119.96416488400007, -1.991968648999904, 0.0 ], [ 119.964130640000079, -1.992303009999946, 0.0 ], [ 119.964084824000025, -1.992745806999902, 0.0 ], [ 119.964084525000089, -1.993179490999903, 0.0 ], [ 119.964084517000089, -1.993477646999881, 0.0 ], [ 119.964084473000085, -1.993802906999881, 0.0 ], [ 119.964118251000031, -1.994462407999914, 0.0 ], [ 119.964141250999987, -1.994769557999926, 0.0 ], [ 119.964209509000213, -1.995275396999946, 0.0 ], [ 119.964300739000038, -1.995772158999926, 0.0 ], [ 119.964357350000014, -1.996043102999873, 0.0 ], [ 119.964380234000132, -1.996287010999892, 0.0 ], [ 119.964414383000118, -1.996548965999895, 0.0 ], [ 119.964414379000019, -1.996847121999873, 0.0 ], [ 119.964414359000202, -1.997136244999903, 0.0 ], [ 119.964413884999985, -1.997524753999897, 0.0 ], [ 119.964356752000228, -1.997913362999898, 0.0 ], [ 119.964311243000012, -1.998175460999913, 0.0 ], [ 119.964208262000199, -1.998636435999862, 0.0 ], [ 119.964139597000198, -1.998853399999873, 0.0 ], [ 119.964002954000179, -1.999323471999953, 0.0 ], [ 119.963922506000088, -1.999531425999929, 0.0 ], [ 119.963874778000147, -1.999856769999936, 0.0 ], [ 119.9638486340002, -2.000001382999911, 0.0 ], [ 119.963818874651608, -2.000154049814301, 0.0 ], [ 119.963786971000246, -2.000317716999883, 0.0 ], [ 119.963312049000123, -2.000887789999889, 0.0 ], [ 119.962689509748856, -2.00114829564752, 0.0 ], [ 119.962401252000163, -2.001268918999894, 0.0 ], [ 119.961375324000102, -2.001297891999893, 0.0 ], [ 119.960426529000202, -2.001173122999872, 0.0 ], [ 119.959707105000092, -2.001210570999951, 0.0 ], [ 119.959025102000069, -2.001482861999921, 0.0 ], [ 119.958457951000128, -2.001953714999888, 0.0 ], [ 119.957994090000028, -2.002433418999877, 0.0 ], [ 119.957419305821375, -2.002892305288046, 0.0 ], [ 119.957370232000102, -2.002931483999876, 0.0 ], [ 119.956608132000198, -2.003258129999902, 0.0 ], [ 119.955959788000101, -2.003521327999919, 0.0 ], [ 119.955504511000186, -2.003784171999906, 0.0 ], [ 119.954984654000071, -2.004336260999934, 0.0 ], [ 119.95441102700012, -2.005304059999896, 0.0 ], [ 119.953937261000178, -2.006172291999881, 0.0 ], [ 119.953361809000086, -2.007022640999895, 0.0 ], [ 119.952935102000225, -2.007890789999872, 0.0 ], [ 119.952757647000098, -2.008487432999856, 0.0 ], [ 119.952679639000038, -2.00880380299992, 0.0 ], [ 119.952342301000016, -2.009382665999854, 0.0 ], [ 119.951297323000063, -2.010062205999858, 0.0 ], [ 119.951137382058604, -2.010133353476923, 0.0 ], [ 119.950012465000256, -2.010633756999897, 0.0 ], [ 119.94916972200015, -2.010815993999876, 0.0 ], [ 119.948328781000114, -2.011350598999878, 0.0 ], [ 119.94754886636369, -2.012209724298248, 0.0 ], [ 119.947490781000056, -2.012273708999873, 0.0 ], [ 119.946937452000014, -2.012943318999855, 0.0 ], [ 119.945769653000212, -2.013993528999886, 0.0 ], [ 119.945012290999983, -2.014817104999906, 0.0 ], [ 119.944481380000113, -2.015468608999899, 0.0 ], [ 119.944326846901163, -2.015738458004019, 0.0 ], [ 119.94430009600012, -2.01578517099989, 0.0 ], [ 119.944143624000134, -2.01616493699987, 0.0 ], [ 119.944107551000087, -2.017330544999946, 0.0 ], [ 119.944496179000083, -2.018703185999921, 0.0 ], [ 119.944982681000013, -2.019569676999939, 0.0 ], [ 119.945226242000189, -2.020174591999896, 0.0 ], [ 119.944968607000092, -2.020780422999841, 0.0 ], [ 119.944357248000046, -2.02134171799992, 0.0 ], [ 119.943938280000026, -2.021821348999903, 0.0 ], [ 119.943840603000027, -2.02243592299986, 0.0 ], [ 119.94396924100019, -2.022806129999938, 0.0 ], [ 119.944178965000134, -2.023320755999886, 0.0 ], [ 119.944760661000117, -2.024684008999883, 0.0 ], [ 119.945194332000028, -2.026128844999969, 0.0 ], [ 119.945227398000199, -2.027330469999916, 0.0 ], [ 119.945006298000195, -2.028270530999893, 0.0 ], [ 119.944032654000011, -2.029320398999896, 0.0 ], [ 119.943882121621456, -2.029409068207516, 0.0 ], [ 119.942817098000248, -2.030036406999897, 0.0 ], [ 119.941825041000143, -2.030191826999878, 0.0 ], [ 119.940684593000015, -2.030230055999932, 0.0 ], [ 119.939943333000244, -2.030321763999882, 0.0 ], [ 119.939262270000199, -2.030828985999928, 0.0 ], [ 119.939251929568215, -2.030847983332612, 0.0 ], [ 119.938868438000114, -2.031552529999931, 0.0 ], [ 119.938759340000146, -2.03205870299989, 0.0 ], [ 119.938502546000137, -2.032827166999879, 0.0 ], [ 119.938128755275713, -2.033125639288364, 0.0 ], [ 119.938116941000203, -2.033135072999865, 0.0 ], [ 119.93801326590129, -2.033135263347158, 0.0 ], [ 119.937454631000108, -2.033136288999876, 0.0 ], [ 119.93678399200023, -2.033498924999949, 0.0 ], [ 119.936605250000085, -2.033978121999897, 0.0 ], [ 119.93663452888056, -2.034092934280824, 0.0 ], [ 119.936699675, -2.034348393999891, 0.0 ], [ 119.936615917000083, -2.03520689899987, 0.0 ], [ 119.935524073999986, -2.035760052999897, 0.0 ], [ 119.934792649000215, -2.035680075999941, 0.0 ], [ 119.934187280000046, -2.035536617999884, 0.0 ], [ 119.93340079800025, -2.035754904999915, 0.0 ], [ 119.932754470000148, -2.036253028999918, 0.0 ], [ 119.932131285000196, -2.036787254999889, 0.0 ], [ 119.931460758000043, -2.037213144999956, 0.0 ], [ 119.930378522000026, -2.037468114999913, 0.0 ], [ 119.929408556000155, -2.037433746999912, 0.0 ], [ 119.928332039000082, -2.037128517999881, 0.0 ], [ 119.927220026000171, -2.036461935999884, 0.0 ], [ 119.927216238000042, -2.036458192999929, 0.0 ], [ 119.926471594000063, -2.03572240499989, 0.0 ], [ 119.925825879000016, -2.034973649999933, 0.0 ], [ 119.925261808000158, -2.034324130999926, 0.0 ], [ 119.925257017000021, -2.034321735999906, 0.0 ], [ 119.924757203646649, -2.034071933235654, 0.0 ], [ 119.924379202000225, -2.033883010999932, 0.0 ], [ 119.923452598000026, -2.03364074499996, 0.0 ], [ 119.922230487000078, -2.033525514999929, 0.0 ], [ 119.921317279, -2.033545250999874, 0.0 ], [ 119.920668138000124, -2.033681962999906, 0.0 ], [ 119.920022802000204, -2.034387897999873, 0.0 ], [ 119.919143221000169, -2.035627353999931, 0.0 ], [ 119.918263541000115, -2.037110765999922, 0.0 ], [ 119.91771240000017, -2.038060485999899, 0.0 ], [ 119.917024499000192, -2.039118884999897, 0.0 ], [ 119.916495182000091, -2.04006857299987, 0.0 ], [ 119.916083861000075, -2.041361391999902, 0.0 ], [ 119.915895380000023, -2.042021319999882, 0.0 ], [ 119.91532194, -2.043106618999885, 0.0 ], [ 119.914986926000168, -2.044083060999852, 0.0 ], [ 119.914901688196338, -2.044322238587276, 0.0 ], [ 119.914719488000074, -2.044833492999948, 0.0 ], [ 119.914449620624509, -2.045151030347298, 0.0 ], [ 119.914142535268169, -2.045512359942165, 0.0 ], [ 119.913950391000213, -2.045738444999862, 0.0 ], [ 119.913773204374394, -2.04588169115702, 0.0 ], [ 119.913065462000176, -2.046453863999903, 0.0 ], [ 119.912411045956333, -2.046969450127118, 0.0 ], [ 119.912226326000024, -2.047114982999893, 0.0 ], [ 119.9114351260001, -2.04816454299987, 0.0 ], [ 119.911132045000073, -2.048770473999912, 0.0 ], [ 119.910514834000168, -2.050135962999916, 0.0 ], [ 119.909898933000093, -2.051627941999906, 0.0 ], [ 119.909677686, -2.052495755999856, 0.0 ], [ 119.909102891000231, -2.053427464999852, 0.0 ], [ 119.908216253000234, -2.053844719999915, 0.0 ], [ 119.907462534000032, -2.053918384999881, 0.0 ], [ 119.906997297611341, -2.053921965951061, 0.0 ], [ 119.905922335000142, -2.053930239999885, 0.0 ], [ 119.90479330399998, -2.054103980999872, 0.0 ], [ 119.90398540000011, -2.05431327799987, 0.0 ], [ 119.903016513000054, -2.054595152999922, 0.0 ], [ 119.902413555000166, -2.054804070999888, 0.0 ], [ 119.90185605800005, -2.05507615899993, 0.0 ], [ 119.901401227000079, -2.05530287699986, 0.0 ], [ 119.900958104000097, -2.055448254999898, 0.0 ], [ 119.900317494000205, -2.055350035999942, 0.0 ], [ 119.899538188000022, -2.054935824999865, 0.0 ], [ 119.898804523000166, -2.054629954999871, 0.0 ], [ 119.897947607000134, -2.054405631999873, 0.0 ], [ 119.897350046665323, -2.054203993887977, 0.0 ], [ 119.896802378000146, -2.054019190999962, 0.0 ], [ 119.89679692200005, -2.054013708999952, 0.0 ], [ 119.895823928000013, -2.053036098999889, 0.0 ], [ 119.895072105000068, -2.051673092999912, 0.0 ], [ 119.894559719000227, -2.050463254999907, 0.0 ], [ 119.894314376, -2.049822174999888, 0.0 ], [ 119.89429125469637, -2.049762036778463, 0.0 ], [ 119.894116499999967, -2.049307501999848, 0.0 ], [ 119.893805314000062, -2.048910500999862, 0.0 ], [ 119.893800582000111, -2.048908501999963, 0.0 ], [ 119.89335817300001, -2.048721565999862, 0.0 ], [ 119.892902458000052, -2.048758535999901, 0.0 ], [ 119.892047543000103, -2.049049228999883, 0.0 ], [ 119.891516265000021, -2.049520045999937, 0.0 ], [ 119.891141133000161, -2.04971951299992, 0.0 ], [ 119.890143242000022, -2.049161119999904, 0.0 ], [ 119.890136817000112, -2.049155717999901, 0.0 ], [ 119.889017214000106, -2.048214415999911, 0.0 ], [ 119.889015646000161, -2.048213600999932, 0.0 ], [ 119.888064972, -2.047719183999969, 0.0 ], [ 119.88703639100018, -2.047576479999885, 0.0 ], [ 119.885388474000166, -2.047028286999914, 0.0 ], [ 119.88388726200003, -2.046253938999882, 0.0 ], [ 119.883883547000252, -2.046249876999901, 0.0 ], [ 119.883683820602883, -2.046031494204587, 0.0 ], [ 119.882666244000163, -2.044918865999906, 0.0 ], [ 119.881981172000152, -2.043510532999909, 0.0 ], [ 119.881786280367621, -2.042985439237483, 0.0 ], [ 119.881689599000183, -2.042724951999925, 0.0 ], [ 119.881475278608619, -2.042447695548883, 0.0 ], [ 119.881285055000191, -2.042201611999878, 0.0 ], [ 119.880857046000216, -2.041407239999965, 0.0 ], [ 119.880717547734832, -2.040763847503707, 0.0 ], [ 119.880584838, -2.040151764999915, 0.0 ], [ 119.880048887000143, -2.038960013999897, 0.0 ], [ 119.879649508407454, -2.038467283445583, 0.0 ], [ 119.879288321000089, -2.038021670999885, 0.0 ], [ 119.87803583100002, -2.03695770499987, 0.0 ], [ 119.878033873000035, -2.036956639999871, 0.0 ], [ 119.876579499000144, -2.036165177999844, 0.0 ], [ 119.87527408400004, -2.035643447999841, 0.0 ], [ 119.874472627000074, -2.035346706999891, 0.0 ], [ 119.873386571000097, -2.035104687999939, 0.0 ], [ 119.872459325000122, -2.034826243999905, 0.0 ], [ 119.871589363000083, -2.034538655999913, 0.0 ], [ 119.871585671000133, -2.03453384999987, 0.0 ], [ 119.870216594000098, -2.032752026999968, 0.0 ], [ 119.86940042600007, -2.030530678999848, 0.0 ], [ 119.868957175000077, -2.029338743999904, 0.0 ], [ 119.868413214000185, -2.028381915999872, 0.0 ], [ 119.868234922000084, -2.027505760999854, 0.0 ], [ 119.868761549000055, -2.026321130999892, 0.0 ], [ 119.869564923000084, -2.025416115999884, 0.0 ], [ 119.87026897300008, -2.024872712999865, 0.0 ], [ 119.871392630000059, -2.0241839879999, 0.0 ], [ 119.872209938000182, -2.023595206999857, 0.0 ], [ 119.872798862000053, -2.023006831999846, 0.0 ], [ 119.872874048000057, -2.022926685254162, 0.0 ], [ 119.873070567000156, -2.022717199999863, 0.0 ], [ 119.873488220999988, -2.022074915999922, 0.0 ], [ 119.873446054000141, -2.021081057999935, 0.0 ], [ 119.872789239000056, -2.020395507999878, 0.0 ], [ 119.872375498000025, -2.020043845999914, 0.0 ], [ 119.871455895000054, -2.019304545999939, 0.0 ], [ 119.8702713, -2.018059714999882, 0.0 ], [ 119.869926181000224, -2.017626608999929, 0.0 ], [ 119.86968715699804, -2.016964493287538, 0.0 ], [ 119.869469804000033, -2.016362407999867, 0.0 ], [ 119.869427125842321, -2.015946922541739, 0.0 ], [ 119.869333391000211, -2.015034383999942, 0.0 ], [ 119.86930439400011, -2.014221211999895, 0.0 ], [ 119.869140284000125, -2.013742603999908, 0.0 ], [ 119.868817845000095, -2.013318491999899, 0.0 ], [ 119.868811976000046, -2.013315175999892, 0.0 ], [ 119.867797497000041, -2.012742007999896, 0.0 ], [ 119.867063099000035, -2.012264407999903, 0.0 ], [ 119.867058245000166, -2.012260301999919, 0.0 ], [ 119.866568817318139, -2.011846302078019, 0.0 ], [ 119.866487467000098, -2.011777488999939, 0.0 ], [ 119.866130876000085, -2.011389580999906, 0.0 ], [ 119.866183908000025, -2.01090154999985, 0.0 ], [ 119.866677721000116, -2.009843485999879, 0.0 ], [ 119.867059787931638, -2.009433828276936, 0.0 ], [ 119.868205571000061, -2.00820530299996, 0.0 ], [ 119.868529504000122, -2.007274040999913, 0.0 ], [ 119.868544829557308, -2.007148902953499, 0.0 ], [ 119.868711027000046, -2.005791847999933, 0.0 ], [ 119.869334455000029, -2.003766722999884, 0.0 ], [ 119.869735994000209, -2.002582322999941, 0.0 ], [ 119.870093511000121, -2.001596792999844, 0.0 ], [ 119.870316100000153, -2.000846427999931, 0.0 ], [ 119.870429772000236, -2.000005896999929, 0.0 ], [ 119.870437240000143, -1.999807099999912, 0.0 ], [ 119.870357741000049, -1.999590375999921, 0.0 ], [ 119.870300600000206, -1.999319403999883, 0.0 ], [ 119.870232222000055, -1.999093629999943, 0.0 ], [ 119.870152707000145, -1.998867875999916, 0.0 ], [ 119.870061398000047, -1.998624071999905, 0.0 ], [ 119.869947451000115, -1.998326086999941, 0.0 ], [ 119.869833142000161, -1.998127500999941, 0.0 ], [ 119.869673685000024, -1.99773923899988, 0.0 ], [ 119.869570919999958, -1.997414133999892, 0.0 ], [ 119.869513859000122, -1.99718833699995, 0.0 ], [ 119.869445508999974, -1.996926421999951, 0.0 ], [ 119.869377131000178, -1.996700643999922, 0.0 ], [ 119.869297302000064, -1.996294175999863, 0.0 ], [ 119.86918367400007, -1.995815472999868, 0.0 ], [ 119.869115308000104, -1.99554451999992, 0.0 ], [ 119.8690250172899, -1.995114892407396, 0.0 ], [ 119.869012801000054, -1.995056763999886, 0.0 ], [ 119.868944372000257, -1.994749669999879, 0.0 ], [ 119.868864359000213, -1.994234769999909, 0.0 ], [ 119.868844355195108, -1.994155488617205, 0.0 ], [ 119.868795993000063, -1.993963813999872, 0.0 ], [ 119.86870485100016, -1.993557360999904, 0.0 ], [ 119.868636517000013, -1.993304479999941, 0.0 ], [ 119.868579411999988, -1.993051573999888, 0.0 ], [ 119.86849975800024, -1.992744495999882, 0.0 ], [ 119.868454400000132, -1.992482536999879, 0.0 ], [ 119.868397108000096, -1.99217541999987, 0.0 ], [ 119.868351786000161, -1.991931531999852, 0.0 ], [ 119.868328814000037, -1.991633391999875, 0.0 ], [ 119.868295251000106, -1.9913352679999, 0.0 ], [ 119.86826111800022, -1.991073288999895, 0.0 ], [ 119.868226706000115, -1.990648665999845, 0.0 ], [ 119.868203818000183, -1.990395704999876, 0.0 ], [ 119.868169657000195, -1.990115650999885, 0.0 ], [ 119.868124303000087, -1.989546474999865, 0.0 ], [ 119.868090174000017, -1.98928449699986, 0.0 ], [ 119.868067384999989, -1.988778529999919, 0.0 ], [ 119.868045023000192, -1.988516530999912, 0.0 ], [ 119.867987906000081, -1.987947370999893, 0.0 ], [ 119.867953729000178, -1.987658288999866, 0.0 ], [ 119.867953861000018, -1.987369137999834, 0.0 ], [ 119.86790842700016, -1.987062000999912, 0.0 ], [ 119.867635458000137, -1.984695090999916, 0.0 ], [ 119.867612566000204, -1.984442128999947, 0.0 ], [ 119.867590033000198, -1.984080735999888, 0.0 ], [ 119.867567515000019, -1.983366942999893, 0.0 ], [ 119.867567817999955, -1.982915148999903, 0.0 ], [ 119.867568220000166, -1.982472394999951, 0.0 ], [ 119.867567849999958, -1.982255535999861, 0.0 ], [ 119.867590814000081, -1.981930207999944, 0.0 ], [ 119.867614072000052, -1.981406086999921, 0.0 ], [ 119.867637076000094, -1.9810988299999, 0.0 ], [ 119.867671373000093, -1.980782515999929, 0.0 ], [ 119.867694440000136, -1.980511399999879, 0.0 ], [ 119.867751206000122, -1.980204082999943, 0.0 ], [ 119.86777416200016, -1.979869717999899, 0.0 ], [ 119.867831363000093, -1.97949914799988, 0.0 ], [ 119.867854434000051, -1.979182857999912, 0.0 ], [ 119.867889169, -1.978857505999904, 0.0 ], [ 119.867889241000086, -1.978532213999901, 0.0 ], [ 119.867900892000165, -1.978152690999941, 0.0 ], [ 119.867923401000255, -1.977872541999942, 0.0 ], [ 119.867923565000169, -1.977601465999896, 0.0 ], [ 119.867923959000024, -1.977203886999862, 0.0 ], [ 119.867924091000035, -1.976968956999875, 0.0 ], [ 119.867958363000028, -1.976634571999919, 0.0 ], [ 119.86798153000008, -1.976056238999941, 0.0 ], [ 119.867981495000166, -1.975721913999901, 0.0 ], [ 119.868004482000032, -1.975405618999932, 0.0 ], [ 119.8680387550002, -1.975071233999887, 0.0 ], [ 119.868061663000049, -1.97470976199991, 0.0 ], [ 119.868142047000134, -1.974086149999915, 0.0 ], [ 119.868142090000134, -1.973797003999883, 0.0 ], [ 119.868176682000154, -1.973336115999852, 0.0 ], [ 119.868187970000108, -1.973055986999944, 0.0 ], [ 119.868211124999988, -1.972839086999939, 0.0 ], [ 119.868211257000169, -1.972549940999907, 0.0 ], [ 119.868211289000172, -1.972251760999927, 0.0 ], [ 119.868211082000158, -1.971818036999923, 0.0 ], [ 119.868176877, -1.971510883999911, 0.0 ], [ 119.868153929000044, -1.971221772999882, 0.0 ], [ 119.868074035000106, -1.970770121999904, 0.0 ], [ 119.868051725000115, -1.97053522799992, 0.0 ], [ 119.867994792000118, -1.970065465999865, 0.0 ], [ 119.86793764300009, -1.969785452999878, 0.0 ], [ 119.867880753, -1.969342794999934, 0.0 ], [ 119.867823931000103, -1.968936282999873, 0.0 ], [ 119.867801075000258, -1.968701387999888, 0.0 ], [ 119.867778529000162, -1.968330957999881, 0.0 ], [ 119.867744404000092, -1.968068982999877, 0.0 ], [ 119.867698975000067, -1.967761840999866, 0.0 ], [ 119.867641814000038, -1.96747279099993, 0.0 ], [ 119.867562199000204, -1.96718378399991, 0.0 ], [ 119.867482047000053, -1.966948991999845, 0.0 ], [ 119.867299635000151, -1.966624014999868, 0.0 ], [ 119.867251397302311, -1.966557688026177, 0.0 ], [ 119.86708305, -1.966326209999919, 0.0 ], [ 119.86674072000018, -1.966019582999862, 0.0 ], [ 119.866734138000083, -1.966014874999916, 0.0 ], [ 119.866501274, -1.965848315999902, 0.0 ], [ 119.866499149000092, -1.965846536999933, 0.0 ], [ 119.866307370000214, -1.965686006999884, 0.0 ], [ 119.866101616000151, -1.965523712999867, 0.0 ], [ 119.866097961000108, -1.965521142999921, 0.0 ], [ 119.86592317242814, -1.965398240365363, 0.0 ], [ 119.865896519000231, -1.965379498999925, 0.0 ], [ 119.865893499000066, -1.965377019999898, 0.0 ], [ 119.865610982000049, -1.96514505799989, 0.0 ], [ 119.865428873000084, -1.965000799999856, 0.0 ], [ 119.86526866799997, -1.964847463999869, 0.0 ], [ 119.865006614000237, -1.964585879999897, 0.0 ], [ 119.86485813900002, -1.964414453999924, 0.0 ], [ 119.864698380000036, -1.964206905999894, 0.0 ], [ 119.8644704310001, -1.963827792999878, 0.0 ], [ 119.86442054862151, -1.963729340374448, 0.0 ], [ 119.864356078000057, -1.963602094999945, 0.0 ], [ 119.864219741000142, -1.963277037999872, 0.0 ], [ 119.864048354000175, -1.962834575999856, 0.0 ], [ 119.864003048000058, -1.962599724999964, 0.0 ], [ 119.863934631, -1.962292622999867, 0.0 ], [ 119.863839644667692, -1.961832814311854, 0.0 ], [ 119.86382080800017, -1.96174162999993, 0.0 ], [ 119.863797955000152, -1.961506734999946, 0.0 ], [ 119.863798075000062, -1.961208554999877, 0.0 ], [ 119.863821130000105, -1.960928401999879, 0.0 ], [ 119.863821298000218, -1.960711541999966, 0.0 ], [ 119.863866939000076, -1.960458456999898, 0.0 ], [ 119.863912946000156, -1.960105981999955, 0.0 ], [ 119.863946752000018, -1.959861953999925, 0.0 ], [ 119.86400410800006, -1.959581744999922, 0.0 ], [ 119.864050199000232, -1.959328659999854, 0.0 ], [ 119.864095792000185, -1.959048471999941, 0.0 ], [ 119.864141314000136, -1.958777315999888, 0.0 ], [ 119.864164413, -1.958470058999867, 0.0 ], [ 119.86428997100009, -1.95805419499992, 0.0 ], [ 119.864416147000043, -1.957629288999935, 0.0 ], [ 119.864559223791701, -1.957297407364694, 0.0 ], [ 119.86456428300005, -1.957285671999926, 0.0 ], [ 119.864690232000072, -1.95709570499984, 0.0 ], [ 119.864895835000212, -1.956851381999875, 0.0 ], [ 119.865055530000191, -1.95670653399988, 0.0 ], [ 119.865249537000082, -1.956561625999881, 0.0 ], [ 119.865420477000015, -1.956425794999922, 0.0 ], [ 119.865672168000145, -1.956244645999944, 0.0 ], [ 119.865911569000232, -1.956072554999916, 0.0 ], [ 119.866071240000039, -1.955909635999936, 0.0 ], [ 119.866231549000148, -1.955755749999905, 0.0 ], [ 119.866298499568884, -1.955673205346481, 0.0 ], [ 119.866437045000097, -1.955502389999903, 0.0 ], [ 119.866573665000033, -1.955303365999955, 0.0 ], [ 119.866745079000012, -1.955077177999892, 0.0 ], [ 119.866882157000163, -1.954832974999937, 0.0 ], [ 119.866996785000055, -1.954588811999897, 0.0 ], [ 119.86709915600008, -1.95437177299988, 0.0 ], [ 119.867179595999986, -1.954145739999919, 0.0 ], [ 119.867316618000046, -1.953865395999904, 0.0 ], [ 119.867418953000168, -1.953630285999902, 0.0 ], [ 119.867465180000167, -1.953404308999946, 0.0 ], [ 119.867510793000221, -1.953187372999937, 0.0 ], [ 119.867567985000065, -1.952807769999882, 0.0 ], [ 119.867545013000111, -1.952500592999868, 0.0 ], [ 119.867442475000161, -1.95224776699991, 0.0 ], [ 119.867237167000141, -1.952031256999937, 0.0 ], [ 119.867043151000161, -1.951796657999888, 0.0 ], [ 119.866838010000151, -1.951625330999923, 0.0 ], [ 119.866833705000062, -1.951622469999953, 0.0 ], [ 119.866621063000053, -1.951481127999894, 0.0 ], [ 119.86661351500014, -1.95147547999987, 0.0 ], [ 119.866404175000042, -1.951318854999879, 0.0 ], [ 119.866244524000066, -1.95117455699993, 0.0 ], [ 119.865913996000174, -1.950885975999944, 0.0 ], [ 119.865720024000197, -1.950678483999918, 0.0 ], [ 119.865594454000103, -1.950452801999897, 0.0 ], [ 119.865571541999984, -1.950181765999942, 0.0 ], [ 119.865581915861938, -1.950105282493303, 0.0 ], [ 119.865605865999981, -1.949928704999876, 0.0 ], [ 119.865629105000039, -1.949702767999923, 0.0 ], [ 119.865720666000158, -1.949413461999877, 0.0 ], [ 119.86580053900002, -1.949169358999931, 0.0 ], [ 119.8659604690001, -1.948843795999905, 0.0 ], [ 119.866131768000159, -1.948545320999901, 0.0 ], [ 119.866291806000078, -1.948283003999957, 0.0 ], [ 119.866497333000112, -1.947993506999896, 0.0 ], [ 119.866714114000018, -1.947722059999907, 0.0 ], [ 119.866942613000191, -1.947423485999894, 0.0 ], [ 119.867136425000155, -1.947215332999902, 0.0 ], [ 119.867158689753296, -1.947192101895662, 0.0 ], [ 119.867387976, -1.946952863999857, 0.0 ], [ 119.867650210000122, -1.946690370999899, 0.0 ], [ 119.86782173600001, -1.946527435999918, 0.0 ], [ 119.868050299000089, -1.946265002999875, 0.0 ], [ 119.868209799000056, -1.946002689999932, 0.0 ], [ 119.868323949000086, -1.945794671999862, 0.0 ], [ 119.868518112000075, -1.945423870999913, 0.0 ], [ 119.86865517400004, -1.945170633999832, 0.0 ], [ 119.86867203225377, -1.945129135246865, 0.0 ], [ 119.868758023000211, -1.944917457999845, 0.0 ], [ 119.868849643000061, -1.94466429699986, 0.0 ], [ 119.868952357000026, -1.944329796999894, 0.0 ], [ 119.869066786000175, -1.943968167999905, 0.0 ], [ 119.869146708000031, -1.943751168999891, 0.0 ], [ 119.869238343999982, -1.943507045999854, 0.0 ], [ 119.869329367000233, -1.943217743999898, 0.0 ], [ 119.869432694000167, -1.94292841799994, 0.0 ], [ 119.869523749000152, -1.94265719099988, 0.0 ], [ 119.869661122000053, -1.942268417999865, 0.0 ], [ 119.869740413000045, -1.941997206999896, 0.0 ], [ 119.86983205000017, -1.941753083999859, 0.0 ], [ 119.869934854999968, -1.941472794999849, 0.0 ], [ 119.870026404000257, -1.941174459999945, 0.0 ], [ 119.870140415000193, -1.940885117999897, 0.0 ], [ 119.870243204000161, -1.940595796999939, 0.0 ], [ 119.870380577000077, -1.940207019999924, 0.0 ], [ 119.870460498000028, -1.93999002499991, 0.0 ], [ 119.870551537000182, -1.939709759999903, 0.0 ], [ 119.870576709178039, -1.939619121987074, 0.0 ], [ 119.870631877000079, -1.939420477999859, 0.0 ], [ 119.870711655000107, -1.939122158999868, 0.0 ], [ 119.870757658000102, -1.938814865999844, 0.0 ], [ 119.870803303000145, -1.938561780999865, 0.0 ], [ 119.870826251, -1.938218382999874, 0.0 ], [ 119.870769169999988, -1.937974514999946, 0.0 ], [ 119.870666743000129, -1.937784933999892, 0.0 ], [ 119.870404131000072, -1.937505274999846, 0.0 ], [ 119.870175918000101, -1.937333983999884, 0.0 ], [ 119.870175494000165, -1.937333760999866, 0.0 ], [ 119.869833815000135, -1.937153851999901, 0.0 ], [ 119.869571494000098, -1.937045869999849, 0.0 ], [ 119.869251948000041, -1.936928946999944, 0.0 ], [ 119.869023349000045, -1.936848012999909, 0.0 ], [ 119.868726870000202, -1.936776232999921, 0.0 ], [ 119.868418657000106, -1.936722542999919, 0.0 ], [ 119.868133463000134, -1.9366868829999, 0.0 ], [ 119.867836523000079, -1.936660281999919, 0.0 ], [ 119.867517144000118, -1.93664275699989, 0.0 ], [ 119.867174702000213, -1.936634304999902, 0.0 ], [ 119.866934950000172, -1.936598569999876, 0.0 ], [ 119.866626769000078, -1.93656295099986, 0.0 ], [ 119.86635331, -1.936509200999853, 0.0 ], [ 119.865942271000193, -1.93640147099991, 0.0 ], [ 119.865680109000181, -1.936338663999954, 0.0 ], [ 119.865451510000184, -1.936257733999919, 0.0 ], [ 119.86515497200007, -1.936149807999871, 0.0 ], [ 119.8649493610002, -1.936068830999921, 0.0 ], [ 119.864698364000219, -1.935969866999904, 0.0 ], [ 119.86462363161985, -1.935928039623497, 0.0 ], [ 119.864424742000224, -1.935816721999845, 0.0 ], [ 119.864105045000059, -1.935609441999925, 0.0 ], [ 119.863899880000048, -1.93547425199993, 0.0 ], [ 119.86389512, -1.935470493999886, 0.0 ], [ 119.863683531347817, -1.935303443567643, 0.0 ], [ 119.863545847000154, -1.935194740999896, 0.0 ], [ 119.863351939000196, -1.935023389999841, 0.0 ], [ 119.863055616000011, -1.934725708999902, 0.0 ], [ 119.862907181000068, -1.934572352999914, 0.0 ], [ 119.862701929000238, -1.934328731999918, 0.0 ], [ 119.862507809999983, -1.934085094999921, 0.0 ], [ 119.862291249000094, -1.93379631499992, 0.0 ], [ 119.86218882600005, -1.933606733999865, 0.0 ], [ 119.862028935000154, -1.933317858999945, 0.0 ], [ 119.861835290000201, -1.932983855999843, 0.0 ], [ 119.861720953000074, -1.932758153999909, 0.0 ], [ 119.861538472999982, -1.932387994999924, 0.0 ], [ 119.861435895000014, -1.932162268999899, 0.0 ], [ 119.861310281000101, -1.931855262999899, 0.0 ], [ 119.861173860000093, -1.931530201999915, 0.0 ], [ 119.861071254000223, -1.931232193999949, 0.0 ], [ 119.860968556000259, -1.930934180999894, 0.0 ], [ 119.860877143000153, -1.930618081999852, 0.0 ], [ 119.86079731700012, -1.930247742999941, 0.0 ], [ 119.860740782000235, -1.930003870999925, 0.0 ], [ 119.860672297000079, -1.929651586999909, 0.0 ], [ 119.860603847000093, -1.929317376999967, 0.0 ], [ 119.860558310000243, -1.928937948999926, 0.0 ], [ 119.860501887000098, -1.928441071999937, 0.0 ], [ 119.860467534000094, -1.92803451199996, 0.0 ], [ 119.860468096000233, -1.927673077999898, 0.0 ], [ 119.86049110800009, -1.927040525999874, 0.0 ], [ 119.860491315000203, -1.926787519999901, 0.0 ], [ 119.860502520000153, -1.926453174999948, 0.0 ], [ 119.860536912000157, -1.926236251999852, 0.0 ], [ 119.860582872000137, -1.925847630999939, 0.0 ], [ 119.860628509000179, -1.925585512999922, 0.0 ], [ 119.860662885000011, -1.925359559999879, 0.0 ], [ 119.860708502000236, -1.925088403999914, 0.0 ], [ 119.860788814000216, -1.924781050999886, 0.0 ], [ 119.860891591000197, -1.924482691999891, 0.0 ], [ 119.860948437, -1.924265736999881, 0.0 ], [ 119.861074207000115, -1.923967337999883, 0.0 ], [ 119.861177136, -1.923759339999903, 0.0 ], [ 119.861371227000177, -1.923343359999858, 0.0 ], [ 119.861497008000015, -1.923053997999896, 0.0 ], [ 119.86162236300008, -1.92282789399984, 0.0 ], [ 119.861849123920521, -1.922531600262029, 0.0 ], [ 119.861850866000154, -1.922529323999917, 0.0 ], [ 119.8620906700002, -1.92227591199991, 0.0 ], [ 119.862122207375393, -1.922230182415169, 0.0 ], [ 119.862227924000095, -1.922076891999875, 0.0 ], [ 119.862353334000161, -1.921886923999877, 0.0 ], [ 119.862513333000081, -1.921597510999912, 0.0 ], [ 119.862627471000025, -1.921380455999894, 0.0 ], [ 119.862753363000138, -1.921154346999837, 0.0 ], [ 119.862822060000141, -1.920937371999915, 0.0 ], [ 119.862924929000116, -1.920693224999876, 0.0 ], [ 119.86306177200008, -1.920304456999861, 0.0 ], [ 119.863096163999984, -1.920033320999898, 0.0 ], [ 119.863073651000079, -1.919671923999927, 0.0 ], [ 119.863027846000023, -1.919455139999843, 0.0 ], [ 119.862925555000174, -1.919021590999942, 0.0 ], [ 119.862822996000119, -1.918804902999866, 0.0 ], [ 119.86268622500009, -1.918588269999883, 0.0 ], [ 119.862548944000181, -1.918389711999885, 0.0 ], [ 119.862321133999984, -1.9180828809999, 0.0 ], [ 119.862161431, -1.91790242899989, 0.0 ], [ 119.861898767000213, -1.917586616999873, 0.0 ], [ 119.861602543000046, -1.917288930999844, 0.0 ], [ 119.861408552000157, -1.917117576999877, 0.0 ], [ 119.861180343000015, -1.91689206199987, 0.0 ], [ 119.860986435000228, -1.916720707999903, 0.0 ], [ 119.860948402187063, -1.916680039264679, 0.0 ], [ 119.860792384000248, -1.916513207999876, 0.0 ], [ 119.860699877916034, -1.91641448255952, 0.0 ], [ 119.860564144000094, -1.916269622999883, 0.0 ], [ 119.86048458900018, -1.916007715999885, 0.0 ], [ 119.86053015000013, -1.915754634999906, 0.0 ], [ 119.86064429200016, -1.915537579999888, 0.0 ], [ 119.860781346000223, -1.915275309999859, 0.0 ], [ 119.860964009000142, -1.91505813899992, 0.0 ], [ 119.861215640000182, -1.914840856999883, 0.0 ], [ 119.861409662999975, -1.914704993999922, 0.0 ], [ 119.861637780000109, -1.914551000999881, 0.0 ], [ 119.861854839000131, -1.91444220699985, 0.0 ], [ 119.861883728940441, -1.914427661589285, 0.0 ], [ 119.862196978000014, -1.914269947999897, 0.0 ], [ 119.862699550000031, -1.9140703179999, 0.0 ], [ 119.863030436000059, -1.913934219999919, 0.0 ], [ 119.863486474000226, -1.913779843999847, 0.0 ], [ 119.863885818000227, -1.913607489999886, 0.0 ], [ 119.864205523000024, -1.913444307999884, 0.0 ], [ 119.864559350000178, -1.913226853999922, 0.0 ], [ 119.864753804000188, -1.913081953999924, 0.0 ], [ 119.864983554495879, -1.912847847476956, 0.0 ], [ 119.864993627000132, -1.912837583999866, 0.0 ], [ 119.865176301999966, -1.912629449999875, 0.0 ], [ 119.865393043000054, -1.912330903999865, 0.0 ], [ 119.865518991000087, -1.912140940999957, 0.0 ], [ 119.865678424000222, -1.911833448999917, 0.0 ], [ 119.865781711000054, -1.911517022999937, 0.0 ], [ 119.865872770000038, -1.911245795999878, 0.0 ], [ 119.865918929000046, -1.910974639999913, 0.0 ], [ 119.865968037311774, -1.910676010179574, 0.0 ], [ 119.865987299000011, -1.910558878999885, 0.0 ], [ 119.866032919000062, -1.910341943999877, 0.0 ], [ 119.866056178000122, -1.910125039999872, 0.0 ], [ 119.866056330000134, -1.909890109999885, 0.0 ], [ 119.86605650500006, -1.909673249999883, 0.0 ], [ 119.866056525255061, -1.909478789087887, 0.0 ], [ 119.866056537000063, -1.909366028999954, 0.0 ], [ 119.866056808000081, -1.909149172999952, 0.0 ], [ 119.866079393000177, -1.908905164999836, 0.0 ], [ 119.86614795400007, -1.908606865999935, 0.0 ], [ 119.86621643099997, -1.908308569999856, 0.0 ], [ 119.866319767000078, -1.907965031999942, 0.0 ], [ 119.866410749999972, -1.90770284199992, 0.0 ], [ 119.866433921000109, -1.907431726999959, 0.0 ], [ 119.866502398000094, -1.907079214999924, 0.0 ], [ 119.866548509000182, -1.906835167999893, 0.0 ], [ 119.866651004000047, -1.906365134999905, 0.0 ], [ 119.866765879000042, -1.905886041999877, 0.0 ], [ 119.866845733000261, -1.905623867999856, 0.0 ], [ 119.866959930000107, -1.905117669999895, 0.0 ], [ 119.867040246000187, -1.904810316999867, 0.0 ], [ 119.867085628000027, -1.904448807999887, 0.0 ], [ 119.867120036000031, -1.904186709999872, 0.0 ], [ 119.867154436000035, -1.903969789999866, 0.0 ], [ 119.867188936000048, -1.903436619999893, 0.0 ], [ 119.86718907100024, -1.903192651999869, 0.0 ], [ 119.867189159000162, -1.902867364999866, 0.0 ], [ 119.867189314000171, -1.902632429999879, 0.0 ], [ 119.867189641000195, -1.90218063999989, 0.0 ], [ 119.867167088000201, -1.901737917999852, 0.0 ], [ 119.867132907000126, -1.901430756999928, 0.0 ], [ 119.867064432999967, -1.901132688999957, 0.0 ], [ 119.867041581000123, -1.900888760999847, 0.0 ], [ 119.867030715000013, -1.900400840999889, 0.0 ], [ 119.867030735000114, -1.900084589999923, 0.0 ], [ 119.867030691000195, -1.899732190999898, 0.0 ], [ 119.867053950000169, -1.899515290999893, 0.0 ], [ 119.867054089, -1.899271322999868, 0.0 ], [ 119.867100085000075, -1.898900780999941, 0.0 ], [ 119.867134433000075, -1.898656752999911, 0.0 ], [ 119.867180130000037, -1.898430779999955, 0.0 ], [ 119.867212679322563, -1.898302129718327, 0.0 ], [ 119.867248742000029, -1.898159592999899, 0.0 ], [ 119.867305592000108, -1.897942636999889, 0.0 ], [ 119.867362976000067, -1.897671465999834, 0.0 ], [ 119.867454385000073, -1.897282772999914, 0.0 ], [ 119.867511829000037, -1.897047742999919, 0.0 ], [ 119.867614447000093, -1.896649996999872, 0.0 ], [ 119.867694496000055, -1.896180000999887, 0.0 ], [ 119.867763081000035, -1.89594495499989, 0.0 ], [ 119.867866237000044, -1.895492988999886, 0.0 ], [ 119.867945999000071, -1.895230818999955, 0.0 ], [ 119.868049187000082, -1.894796927999937, 0.0 ], [ 119.868117739999988, -1.894543806999866, 0.0 ], [ 119.86828917800014, -1.894001375999927, 0.0 ], [ 119.86838024100021, -1.893730148999867, 0.0 ], [ 119.868506269000164, -1.893260072999875, 0.0 ], [ 119.868620339000088, -1.892997842999939, 0.0 ], [ 119.868711968000213, -1.892744689999865, 0.0 ], [ 119.868825989999962, -1.892455352999906, 0.0 ], [ 119.868974739000109, -1.892093671999912, 0.0 ], [ 119.869100377000024, -1.891713956999847, 0.0 ], [ 119.869139520537317, -1.891517662673098, 0.0 ], [ 119.869168870000095, -1.891370482999938, 0.0 ], [ 119.869168934000101, -1.891081336999906, 0.0 ], [ 119.86914692700023, -1.890638619999957, 0.0 ], [ 119.869124042000209, -1.890376616999951, 0.0 ], [ 119.869032868000119, -1.889924977999885, 0.0 ], [ 119.868987072000238, -1.88970819399989, 0.0 ], [ 119.86889616900018, -1.889364986999914, 0.0 ], [ 119.868816606000081, -1.889094041999878, 0.0 ], [ 119.868759449000052, -1.888850169999951, 0.0 ], [ 119.868679859000039, -1.88856115899993, 0.0 ], [ 119.868611525000162, -1.888290194999892, 0.0 ], [ 119.868474551000105, -1.887947062999923, 0.0 ], [ 119.868395008000192, -1.887685155999924, 0.0 ], [ 119.868292338000046, -1.887396176999906, 0.0 ], [ 119.868212660000026, -1.887052945999929, 0.0 ], [ 119.868132571000061, -1.88679103899993, 0.0 ], [ 119.86807603200009, -1.886538129999876, 0.0 ], [ 119.867973242000204, -1.886176871999917, 0.0 ], [ 119.867881949000108, -1.885924017999868, 0.0 ], [ 119.867802286, -1.885644039999884, 0.0 ], [ 119.867699644000027, -1.885318919999896, 0.0 ], [ 119.867540116000242, -1.884912570999847, 0.0 ], [ 119.867437614000195, -1.884668774999837, 0.0 ], [ 119.867311956000108, -1.884379834999911, 0.0 ], [ 119.867186868000061, -1.884108966999881, 0.0 ], [ 119.867061254000234, -1.883792922999933, 0.0 ], [ 119.866912488000182, -1.883431732999891, 0.0 ], [ 119.866809878000126, -1.883178898999843, 0.0 ], [ 119.866673011000088, -1.882899016999867, 0.0 ], [ 119.866411100000093, -1.882321154999928, 0.0 ], [ 119.866282180572867, -1.882088201699545, 0.0 ], [ 119.866251230000088, -1.882032274999918, 0.0 ], [ 119.866011569000065, -1.88166219899994, 0.0 ], [ 119.865772403000094, -1.881319234999896, 0.0 ], [ 119.865578495000122, -1.881138834999891, 0.0 ], [ 119.865372848000064, -1.880976529999873, 0.0 ], [ 119.865371032000098, -1.880975669999891, 0.0 ], [ 119.865087507, -1.880841463999888, 0.0 ], [ 119.864734151000064, -1.880688439999839, 0.0 ], [ 119.864591766845919, -1.880660481824331, 0.0 ], [ 119.864414713000102, -1.88062571599989, 0.0 ], [ 119.864060504000022, -1.880608230999864, 0.0 ], [ 119.863820907000175, -1.880608625999897, 0.0 ], [ 119.863524560000087, -1.880609115999937, 0.0 ], [ 119.863067673000032, -1.880627939999896, 0.0 ], [ 119.862816811999963, -1.880655461999864, 0.0 ], [ 119.86244026900026, -1.880656083999916, 0.0 ], [ 119.862086116000086, -1.880674739999949, 0.0 ], [ 119.861846431000146, -1.880675138999893, 0.0 ], [ 119.86142435900004, -1.880675835999862, 0.0 ], [ 119.861036455000189, -1.880649368999893, 0.0 ], [ 119.860762515000175, -1.880622711999908, 0.0 ], [ 119.860408903000049, -1.880587151999896, 0.0 ], [ 119.860111955000079, -1.880551496999877, 0.0 ], [ 119.859792409000107, -1.880479739999891, 0.0 ], [ 119.859709674646965, -1.880456042361195, 0.0 ], [ 119.859541472000032, -1.880407863999895, 0.0 ], [ 119.85929039900023, -1.880308883999876, 0.0 ], [ 119.859073484000035, -1.880173702999882, 0.0 ], [ 119.859071958000087, -1.88017201199992, 0.0 ], [ 119.858902551000014, -1.879984229999926, 0.0 ], [ 119.858708568000139, -1.879758650999913, 0.0 ], [ 119.858514469000056, -1.87946078599987, 0.0 ], [ 119.858388958000063, -1.879262203999871, 0.0 ], [ 119.858161168000052, -1.878955357999884, 0.0 ], [ 119.858024465000199, -1.878774865999961, 0.0 ], [ 119.857887104000199, -1.878522087999918, 0.0 ], [ 119.85773901200011, -1.878242213999942, 0.0 ], [ 119.857556676000215, -1.877944332999898, 0.0 ], [ 119.857328766000094, -1.877565195999881, 0.0 ], [ 119.85720314000001, -1.87729432699994, 0.0 ], [ 119.857066452999973, -1.877068652999919, 0.0 ], [ 119.856986372, -1.876860961999877, 0.0 ], [ 119.856895441000034, -1.876499671999915, 0.0 ], [ 119.856918078000049, -1.87628277299991, 0.0 ], [ 119.857032750000116, -1.876056683999944, 0.0 ], [ 119.857226598, -1.875812396999893, 0.0 ], [ 119.857443653000104, -1.875703610999952, 0.0 ], [ 119.857706182000157, -1.8756128189999, 0.0 ], [ 119.85803710800009, -1.875503844999854, 0.0 ], [ 119.858356957000169, -1.875431028999869, 0.0 ], [ 119.858596434000177, -1.875358347999895, 0.0 ], [ 119.858790517000259, -1.875258637999905, 0.0 ], [ 119.858984493000136, -1.875149883999877, 0.0 ], [ 119.859270009000042, -1.875004839999867, 0.0 ], [ 119.859532462000089, -1.874868873999897, 0.0 ], [ 119.859772462000052, -1.874732938999929, 0.0 ], [ 119.860000642000017, -1.874615095999949, 0.0 ], [ 119.86024011900011, -1.87448820299993, 0.0 ], [ 119.860651150000194, -1.874270664999872, 0.0 ], [ 119.860891213000073, -1.874170875999876, 0.0 ], [ 119.861393171000032, -1.873926078999872, 0.0 ], [ 119.861621463000091, -1.873826309999877, 0.0 ], [ 119.862021344000055, -1.873653971999917, 0.0 ], [ 119.86226083700015, -1.873536107999935, 0.0 ], [ 119.862546262000052, -1.873391063999924, 0.0 ], [ 119.862786265000111, -1.873255133999868, 0.0 ], [ 119.863253963000076, -1.872983288999936, 0.0 ], [ 119.863459673000222, -1.872856447999921, 0.0 ], [ 119.863676641000239, -1.872693444999935, 0.0 ], [ 119.863916014000239, -1.872503298999923, 0.0 ], [ 119.864121741000119, -1.8723312789999, 0.0 ], [ 119.864293179, -1.87216835199992, 0.0 ], [ 119.864567263000112, -1.871951041999881, 0.0 ], [ 119.864886801000083, -1.871688476999917, 0.0 ], [ 119.865103709000095, -1.87148932999987, 0.0 ], [ 119.865108635047136, -1.871485216525243, 0.0 ], [ 119.865320557000089, -1.871308251999898, 0.0 ], [ 119.865395837457967, -1.871242582238803, 0.0 ], [ 119.86566302300001, -1.871009506999871, 0.0 ], [ 119.865822730000261, -1.870864669999878, 0.0 ], [ 119.866040116000036, -1.87062938099995, 0.0 ], [ 119.866325413000098, -1.870348801999916, 0.0 ], [ 119.866530988000065, -1.870140640999923, 0.0 ], [ 119.866850455000119, -1.869832896999863, 0.0 ], [ 119.867113250000187, -1.869579457999854, 0.0 ], [ 119.867299203560378, -1.869419338319051, 0.0 ], [ 119.867376094000079, -1.869353129999868, 0.0 ], [ 119.867393511586741, -1.869340934035452, 0.0 ], [ 119.867570113000056, -1.869217275999907, 0.0 ], [ 119.867787077000159, -1.869054276999921, 0.0 ], [ 119.868049410000012, -1.86884601999992, 0.0 ], [ 119.868346466000077, -1.86861963299993, 0.0 ], [ 119.868654811000198, -1.868375158999863, 0.0 ], [ 119.868837486000118, -1.868221249999919, 0.0 ], [ 119.869110985, -1.867976830999857, 0.0 ], [ 119.86931668300015, -1.867786744999939, 0.0 ], [ 119.869613648000126, -1.867506140999903, 0.0 ], [ 119.869921857000051, -1.867180347999859, 0.0 ], [ 119.870082055000154, -1.867008406999932, 0.0 ], [ 119.870378629000086, -1.866763948999956, 0.0 ], [ 119.870618588000227, -1.866600910999877, 0.0 ], [ 119.871040808000075, -1.866365286999922, 0.0 ], [ 119.871280313000085, -1.866256464999888, 0.0 ], [ 119.871611263000119, -1.866165560999916, 0.0 ], [ 119.871942827000012, -1.866065624999908, 0.0 ], [ 119.872159292000077, -1.8659839459999, 0.0 ], [ 119.87254744700013, -1.865838731999875, 0.0 ], [ 119.872741530000113, -1.865739017999885, 0.0 ], [ 119.873118384000023, -1.865548648999943, 0.0 ], [ 119.873312355000095, -1.865439897999916, 0.0 ], [ 119.873609515000069, -1.865222551999874, 0.0 ], [ 119.87380341500004, -1.865068626999839, 0.0 ], [ 119.874020351000055, -1.864887552999956, 0.0 ], [ 119.874237243000138, -1.864679371999961, 0.0 ], [ 119.874465343000011, -1.864462141999929, 0.0 ], [ 119.874659606, -1.864199783999893, 0.0 ], [ 119.874785575000033, -1.863964646999889, 0.0 ], [ 119.874967839000107, -1.863557735999971, 0.0 ], [ 119.875093660000033, -1.863286456999908, 0.0 ], [ 119.875242398000083, -1.862915742999877, 0.0 ], [ 119.87536817500019, -1.86261735999988, 0.0 ], [ 119.875402603000111, -1.862364298999903, 0.0 ], [ 119.875436887000106, -1.862075100999955, 0.0 ], [ 119.875459788000128, -1.861632307999911, 0.0 ], [ 119.875436927000109, -1.861379342999942, 0.0 ], [ 119.875380563999968, -1.860900539999938, 0.0 ], [ 119.875323550000047, -1.860683775999855, 0.0 ], [ 119.875220932000175, -1.86042190799986, 0.0 ], [ 119.875095398000184, -1.860205255999875, 0.0 ], [ 119.874821580000088, -1.859862343999835, 0.0 ], [ 119.874638842000067, -1.859699998999903, 0.0 ], [ 119.87434214800021, -1.859483624999942, 0.0 ], [ 119.874148287999972, -1.859330336999959, 0.0 ], [ 119.874144317000088, -1.859327854999932, 0.0 ], [ 119.873932010000203, -1.859195151999876, 0.0 ], [ 119.873669063000122, -1.859023904999918, 0.0 ], [ 119.873668018000203, -1.859022769999913, 0.0 ], [ 119.87365715220119, -1.859010966678482, 0.0 ], [ 119.872145352925642, -1.857368726395875, 0.0 ], [ 119.872140839000053, -1.857363822999964, 0.0 ], [ 119.87200412700011, -1.857120077999869, 0.0 ], [ 119.871798576000074, -1.856731875999901, 0.0 ], [ 119.871673600000037, -1.856470039999908, 0.0 ], [ 119.87149122700022, -1.85614505099993, 0.0 ], [ 119.871365625000038, -1.855883215999937, 0.0 ], [ 119.871267656108557, -1.855698064341399, 0.0 ], [ 119.871217537999954, -1.855603345999962, 0.0 ], [ 119.871114545000054, -1.855386656999886, 0.0 ], [ 119.870989437000091, -1.855097717999871, 0.0 ], [ 119.870971677523187, -1.855045614761791, 0.0 ], [ 119.870909404000045, -1.854862914999894, 0.0 ], [ 119.870818568, -1.854610060999934, 0.0 ], [ 119.870692875000074, -1.854239797999852, 0.0 ], [ 119.870510841000012, -1.853788301999887, 0.0 ], [ 119.870418970000145, -1.853562556999861, 0.0 ], [ 119.870316431000091, -1.853291651999917, 0.0 ], [ 119.870271059028497, -1.853183700939293, 0.0 ], [ 119.870202576, -1.853020762999885, 0.0 ], [ 119.870031285000124, -1.85260539699989, 0.0 ], [ 119.869917578000042, -1.852370649999918, 0.0 ], [ 119.869769422000132, -1.852045600999936, 0.0 ], [ 119.869609619000144, -1.851792858999896, 0.0 ], [ 119.869438548000019, -1.851513024999924, 0.0 ], [ 119.869198983, -1.851251380999947, 0.0 ], [ 119.86903934300021, -1.851098028999959, 0.0 ], [ 119.869032337000164, -1.851093368999929, 0.0 ], [ 119.868822512000037, -1.850953810999928, 0.0 ], [ 119.868767918951463, -1.850918267226137, 0.0 ], [ 119.868628695000069, -1.850827622999879, 0.0 ], [ 119.868366306000127, -1.850665404999869, 0.0 ], [ 119.868125826724338, -1.850510800430988, 0.0 ], [ 119.868057881000183, -1.850467117999893, 0.0 ], [ 119.867863978000216, -1.850340929999933, 0.0 ], [ 119.867658984000045, -1.850241873999908, 0.0 ], [ 119.86744218000004, -1.850115721999951, 0.0 ], [ 119.86744046700008, -1.850113728999875, 0.0 ], [ 119.867225085000115, -1.84986307599983, 0.0 ], [ 119.867225276000127, -1.849646211999917, 0.0 ], [ 119.867270937000086, -1.849393134999938, 0.0 ], [ 119.867306939398304, -1.849181704832609, 0.0 ], [ 119.867317108000179, -1.849121987999886, 0.0 ], [ 119.867396922000026, -1.848886924999888, 0.0 ], [ 119.867534059000192, -1.848615625999911, 0.0 ], [ 119.867728155, -1.848244840999874, 0.0 ], [ 119.867854139000116, -1.848018740999907, 0.0 ], [ 119.8680482030001, -1.847629880999885, 0.0 ], [ 119.868208288000019, -1.847331437999883, 0.0 ], [ 119.868299451000183, -1.847114430999869, 0.0 ], [ 119.868436453000157, -1.84681602799987, 0.0 ], [ 119.8685281650002, -1.846608053999893, 0.0 ], [ 119.868676312000019, -1.846255418999937, 0.0 ], [ 119.868767933000044, -1.845993228999915, 0.0 ], [ 119.868859386000068, -1.845622610999892, 0.0 ], [ 119.868928226000079, -1.845152637999909, 0.0 ], [ 119.868950867000081, -1.844935738999903, 0.0 ], [ 119.868985566000205, -1.844511, 0.0 ], [ 119.868996942000081, -1.844267012999906, 0.0 ], [ 119.868986104000072, -1.843779096999859, 0.0 ], [ 119.868986263, -1.843544165999961, 0.0 ], [ 119.868986140000075, -1.843128516999854, 0.0 ], [ 119.868986359, -1.842875515999881, 0.0 ], [ 119.86892913000024, -1.842577423999908, 0.0 ], [ 119.868883796000219, -1.842306423999957, 0.0 ], [ 119.868781242000168, -1.842026477999887, 0.0 ], [ 119.868655731000175, -1.841818857999939, 0.0 ], [ 119.868604844621075, -1.841743663375456, 0.0 ], [ 119.868484704000068, -1.8415661319999, 0.0 ], [ 119.868348008000027, -1.841385636999887, 0.0 ], [ 119.868108539000204, -1.84112398499991, 0.0 ], [ 119.86793764700009, -1.840952581999939, 0.0 ], [ 119.867663873000183, -1.840690981999965, 0.0 ], [ 119.867355863000185, -1.840411370999923, 0.0 ], [ 119.867347932000058, -1.84040585299991, 0.0 ], [ 119.867161497000183, -1.840276149999837, 0.0 ], [ 119.866876618000234, -1.840086859999896, 0.0 ], [ 119.8668728600001, -1.840084075999932, 0.0 ], [ 119.866694015000135, -1.839951614999896, 0.0 ], [ 119.866692896000046, -1.839951104999943, 0.0 ], [ 119.866397457000019, -1.839816556999913, 0.0 ], [ 119.865986785000061, -1.839582291999892, 0.0 ], [ 119.865644159000141, -1.839447305999914, 0.0 ], [ 119.865370637000154, -1.839285100999905, 0.0 ], [ 119.865165018000098, -1.83918604099988, 0.0 ], [ 119.864902676000071, -1.839050926999891, 0.0 ], [ 119.864894907000135, -1.839045435999881, 0.0 ], [ 119.864685828000162, -1.838897666999912, 0.0 ], [ 119.864468881000235, -1.838735373999895, 0.0 ], [ 119.864286819000185, -1.838600128999896, 0.0 ], [ 119.864024434000058, -1.838383691999929, 0.0 ], [ 119.863738846000047, -1.838085969999898, 0.0 ], [ 119.863522249000155, -1.837806206999843, 0.0 ], [ 119.863305756000187, -1.837535481999914, 0.0 ], [ 119.86325406967137, -1.837458228403505, 0.0 ], [ 119.863100431999982, -1.837228591999923, 0.0 ], [ 119.862940661, -1.836993915999868, 0.0 ], [ 119.862913557476659, -1.836952581882939, 0.0 ], [ 119.862632886000029, -1.836524544999846, 0.0 ], [ 119.862438775000129, -1.836208605999906, 0.0 ], [ 119.862313699000168, -1.835937728999876, 0.0 ], [ 119.86213130600018, -1.835594660999912, 0.0 ], [ 119.861994487000047, -1.835278625999876, 0.0 ], [ 119.861732441000044, -1.834655572999838, 0.0 ], [ 119.861718462086287, -1.834603939817842, 0.0 ], [ 119.861629739000165, -1.834276227999893, 0.0 ], [ 119.8616134797456, -1.834213921096878, 0.0 ], [ 119.861493036000041, -1.833752369999892, 0.0 ], [ 119.861424586000155, -1.833400077999964, 0.0 ], [ 119.861379168000212, -1.833074857999878, 0.0 ], [ 119.86135679800023, -1.832785746999938, 0.0 ], [ 119.861322577999971, -1.832442436999865, 0.0 ], [ 119.86127688900001, -1.831945534999874, 0.0 ], [ 119.861243369999983, -1.831647406999898, 0.0 ], [ 119.86118611300013, -1.83133124499994, 0.0 ], [ 119.861144531836828, -1.831122676878944, 0.0 ], [ 119.861117680000163, -1.830987989999872, 0.0 ], [ 119.861025059866989, -1.830748736891169, 0.0 ], [ 119.860981343000063, -1.830635808999953, 0.0 ], [ 119.860810208000117, -1.830310791999884, 0.0 ], [ 119.860707641000246, -1.83007602099991, 0.0 ], [ 119.860581928000244, -1.829741894999887, 0.0 ], [ 119.860479469000111, -1.829516164999862, 0.0 ], [ 119.860354365000063, -1.829227217999846, 0.0 ], [ 119.860217594000019, -1.828938286999921, 0.0 ], [ 119.860114517000198, -1.828721589999932, 0.0 ], [ 119.859920976, -1.828423716999889, 0.0 ], [ 119.859704315000187, -1.828044555999958, 0.0 ], [ 119.859567548000058, -1.827818877999937, 0.0 ], [ 119.859350959000082, -1.827484894999926, 0.0 ], [ 119.859191108, -1.827196003999915, 0.0 ], [ 119.859088558000039, -1.826970269999889, 0.0 ], [ 119.859043272000022, -1.826726373999871, 0.0 ], [ 119.858996773487789, -1.826512987201862, 0.0 ], [ 119.858986191000184, -1.826464422999957, 0.0 ], [ 119.858951492000074, -1.826157257999856, 0.0 ], [ 119.858951647, -1.82591328999992, 0.0 ], [ 119.858906329000249, -1.825651318999916, 0.0 ], [ 119.858860776000029, -1.825235741999903, 0.0 ], [ 119.858845749587999, -1.825169144436262, 0.0 ], [ 119.858803711000107, -1.824982827999849, 0.0 ], [ 119.858747100000031, -1.824675698999928, 0.0 ], [ 119.858564425000196, -1.824151907999844, 0.0 ], [ 119.858461835000142, -1.823899066999885, 0.0 ], [ 119.858291153000053, -1.823519829999948, 0.0 ], [ 119.858188185000159, -1.823312166999908, 0.0 ], [ 119.858051617000044, -1.822869624999885, 0.0 ], [ 119.857983298999983, -1.822598659999936, 0.0 ], [ 119.857949325000021, -1.822065593999883, 0.0 ], [ 119.857983976000043, -1.821604705999941, 0.0 ], [ 119.858040782000216, -1.821351608999872, 0.0 ], [ 119.85809821400008, -1.821098512999892, 0.0 ], [ 119.858247083000137, -1.820800089999891, 0.0 ], [ 119.85845255, -1.820519645999869, 0.0 ], [ 119.858646518000157, -1.820347657999938, 0.0 ], [ 119.858908895000013, -1.820166516999961, 0.0 ], [ 119.859106852042586, -1.82003327092472, 0.0 ], [ 119.859137645000104, -1.820012543999922, 0.0 ], [ 119.859388814000013, -1.819840459999894, 0.0 ], [ 119.859651207000141, -1.819668359999866, 0.0 ], [ 119.859856384000153, -1.819541530999852, 0.0 ], [ 119.860107548000244, -1.819369446999914, 0.0 ], [ 119.860518559000141, -1.819079642999916, 0.0 ], [ 119.860724226000016, -1.81892570199988, 0.0 ], [ 119.860952418000167, -1.818762694999893, 0.0 ], [ 119.861204040000104, -1.818536395999909, 0.0 ], [ 119.861455125, -1.818310095999926, 0.0 ], [ 119.861740466000171, -1.818056636999915, 0.0 ], [ 119.861969069000082, -1.817812301999861, 0.0 ], [ 119.86219704600002, -1.817567971999895, 0.0 ], [ 119.862391496000129, -1.817359833999904, 0.0 ], [ 119.86258574300021, -1.817025193999927, 0.0 ], [ 119.862688644000016, -1.816790099999927, 0.0 ], [ 119.862722924000195, -1.816491860999853, 0.0 ], [ 119.862723012000018, -1.816148497999953, 0.0 ], [ 119.862700108000169, -1.815859387999924, 0.0 ], [ 119.862632371999979, -1.81527216099992, 0.0 ], [ 119.86254093500024, -1.814974124999863, 0.0 ], [ 119.862393178000175, -1.814495456999871, 0.0 ], [ 119.862267548000176, -1.814206509999855, 0.0 ], [ 119.862028286000182, -1.813727985999875, 0.0 ], [ 119.861879732000062, -1.81348425699987, 0.0 ], [ 119.861674914000261, -1.813150254999857, 0.0 ], [ 119.861537684, -1.812969751999932, 0.0 ], [ 119.86129809600007, -1.812680987999932, 0.0 ], [ 119.861047358000206, -1.812383201999896, 0.0 ], [ 119.86088767800004, -1.812202738999885, 0.0 ], [ 119.860534067, -1.811814754999935, 0.0 ], [ 119.86032877500007, -1.811580147999886, 0.0 ], [ 119.860146562000097, -1.811345503999923, 0.0 ], [ 119.859952515000032, -1.811065701999953, 0.0 ], [ 119.859871312707057, -1.810928581994292, 0.0 ], [ 119.859781443000088, -1.810776825999944, 0.0 ], [ 119.85954231300002, -1.810379625999853, 0.0 ], [ 119.859416734000192, -1.810126819999897, 0.0 ], [ 119.859291073, -1.809819793999895, 0.0 ], [ 119.859200269000226, -1.809521757999927, 0.0 ], [ 119.859108912000039, -1.809214679999921, 0.0 ], [ 119.859040925000187, -1.808808171999948, 0.0 ], [ 119.859018048000067, -1.808537127999904, 0.0 ], [ 119.858972639000129, -1.808211911999908, 0.0 ], [ 119.858972654000041, -1.807877582999867, 0.0 ], [ 119.858972826000155, -1.80764264799988, 0.0 ], [ 119.858996061000113, -1.807398640999852, 0.0 ], [ 119.859019350482555, -1.807180431370909, 0.0 ], [ 119.859052970000121, -1.806865434999877, 0.0 ], [ 119.859144519000239, -1.806549032999899, 0.0 ], [ 119.859224787000031, -1.806196504999952, 0.0 ], [ 119.859316431000067, -1.805943352999878, 0.0 ], [ 119.859430418000088, -1.805617881999861, 0.0 ], [ 119.859556175000094, -1.805238169999885, 0.0 ], [ 119.85967062400006, -1.804867520999948, 0.0 ], [ 119.859796390000085, -1.804551062999876, 0.0 ], [ 119.85987613200011, -1.804207572999878, 0.0 ], [ 119.85995644400009, -1.803882153999953, 0.0 ], [ 119.860047937000104, -1.803529605999915, 0.0 ], [ 119.860139469000046, -1.8032041709999, 0.0 ], [ 119.860173674000208, -1.80285171599987, 0.0 ], [ 119.86023087099997, -1.802445011999882, 0.0 ], [ 119.860288167000178, -1.802101553999885, 0.0 ], [ 119.860357222000033, -1.801758083999888, 0.0 ], [ 119.860528572, -1.801134332999882, 0.0 ], [ 119.860620153000028, -1.80083600599989, 0.0 ], [ 119.86073461800008, -1.800474389999901, 0.0 ], [ 119.860802708000207, -1.80025742199989, 0.0 ], [ 119.860928561000136, -1.799940967999908, 0.0 ], [ 119.861088834000086, -1.799470847999912, 0.0 ], [ 119.861226000000244, -1.799208586999884, 0.0 ], [ 119.861488509000111, -1.798765414999898, 0.0 ], [ 119.861694100000065, -1.798503049999861, 0.0 ], [ 119.861865427000026, -1.798267847999852, 0.0 ], [ 119.862059311000081, -1.798041643999876, 0.0 ], [ 119.862242432000045, -1.797824493999939, 0.0 ], [ 119.862447565000053, -1.797616343999947, 0.0 ], [ 119.862767617000159, -1.79733572499991, 0.0 ], [ 119.862950300000179, -1.797181827999878, 0.0 ], [ 119.863133110000021, -1.797055033999867, 0.0 ], [ 119.863657992000199, -1.796774095999893, 0.0 ], [ 119.863920346000242, -1.796574891999842, 0.0 ], [ 119.864125957000013, -1.796384813999835, 0.0 ], [ 119.864377543000046, -1.796077197999874, 0.0 ], [ 119.864502333000161, -1.795887250999878, 0.0 ], [ 119.864742555000049, -1.795489289999902, 0.0 ], [ 119.864947870999984, -1.795109462999917, 0.0 ], [ 119.865073852000023, -1.794874333999913, 0.0 ], [ 119.865187862000127, -1.79456692899988, 0.0 ], [ 119.865256463000122, -1.794331890999884, 0.0 ], [ 119.865348099000158, -1.794069704999862, 0.0 ], [ 119.865439425000247, -1.793608733999913, 0.0 ], [ 119.865462688000136, -1.79338280099996, 0.0 ], [ 119.865462648000033, -1.793012329999949, 0.0 ], [ 119.865462827000229, -1.792777395999873, 0.0 ], [ 119.865440038000116, -1.792560575999874, 0.0 ], [ 119.865434062297524, -1.792480513625544, 0.0 ], [ 119.86541711000018, -1.792253386999948, 0.0 ], [ 119.865349048000141, -1.791792669999931, 0.0 ], [ 119.865303809000039, -1.791575877999935, 0.0 ], [ 119.865246927000044, -1.791088029999893, 0.0 ], [ 119.865212591000045, -1.790663398999931, 0.0 ], [ 119.865212814000145, -1.790401360999833, 0.0 ], [ 119.865258638000029, -1.789958531999964, 0.0 ], [ 119.865316034000259, -1.789678330999872, 0.0 ], [ 119.865361994000054, -1.789262605999848, 0.0 ], [ 119.86543065400005, -1.789009493999866, 0.0 ], [ 119.865522239000171, -1.788711165999874, 0.0 ], [ 119.865670490000184, -1.788421784999911, 0.0 ], [ 119.865887772000036, -1.788114224999954, 0.0 ], [ 119.86603615900006, -1.78790616699997, 0.0 ], [ 119.866367308000108, -1.787544215999954, 0.0 ], [ 119.866549904000209, -1.787336102999876, 0.0 ], [ 119.86677853800002, -1.787109846999896, 0.0 ], [ 119.86687694388506, -1.787015402376396, 0.0 ], [ 119.866995434000032, -1.786901681999903, 0.0 ], [ 119.867189346000174, -1.786693551999913, 0.0 ], [ 119.867383234000144, -1.786530600999931, 0.0 ], [ 119.867547629721273, -1.786362287753657, 0.0 ], [ 119.867577696000154, -1.786331504999889, 0.0 ], [ 119.867851725000179, -1.786078073999881, 0.0 ], [ 119.868068624000188, -1.785869908999888, 0.0 ], [ 119.868262445000056, -1.785661778999898, 0.0 ], [ 119.868639605000084, -1.785263610999904, 0.0 ], [ 119.868822141000095, -1.785019359999857, 0.0 ], [ 119.86919905900001, -1.784521792999899, 0.0 ], [ 119.869404594000144, -1.784223290999893, 0.0 ], [ 119.869747323000084, -1.783743854999925, 0.0 ], [ 119.869941689, -1.78348150499989, 0.0 ], [ 119.870101265000145, -1.783255360999919, 0.0 ], [ 119.870261486000075, -1.783038249999897, 0.0 ], [ 119.870409813, -1.782794050999942, 0.0 ], [ 119.87051277000009, -1.782595101999912, 0.0 ], [ 119.87062691200012, -1.782369025999858, 0.0 ], [ 119.870763930000081, -1.782070630999949, 0.0 ], [ 119.870912815000153, -1.781781248999898, 0.0 ], [ 119.8710722550002, -1.781464747999912, 0.0 ], [ 119.87120976700011, -1.781139240999891, 0.0 ], [ 119.871277946000163, -1.78092227299988, 0.0 ], [ 119.871369666000106, -1.780714306999903, 0.0 ], [ 119.871404249000037, -1.780199211999917, 0.0 ], [ 119.871397567000017, -1.779819711999958, 0.0 ], [ 119.871396764000139, -1.779118481999936, 0.0 ], [ 119.871374059000033, -1.778612522999906, 0.0 ], [ 119.871282757000117, -1.778386757999878, 0.0 ], [ 119.87119191400015, -1.778061613999887, 0.0 ], [ 119.87107819700006, -1.777808791999841, 0.0 ], [ 119.870941292000012, -1.777483721999945, 0.0 ], [ 119.870701503000163, -1.777059393999919, 0.0 ], [ 119.870519261, -1.776788606999896, 0.0 ], [ 119.870291465000079, -1.776463680999924, 0.0 ], [ 119.87014302700014, -1.77629224799995, 0.0 ], [ 119.86989230800009, -1.775994452999913, 0.0 ], [ 119.869607183000127, -1.775615388999902, 0.0 ], [ 119.869447404000042, -1.775371682999899, 0.0 ], [ 119.869150817000104, -1.774848073999919, 0.0 ], [ 119.869013984000063, -1.774568170999941, 0.0 ], [ 119.86887729700004, -1.774324415999934, 0.0 ], [ 119.86874041600008, -1.774026450999883, 0.0 ], [ 119.868687209155112, -1.773894884951427, 0.0 ], [ 119.868675569907936, -1.77386610426053, 0.0 ], [ 119.868649114000078, -1.773800685999944, 0.0 ], [ 119.868512402000221, -1.773538868999863, 0.0 ], [ 119.868409808, -1.773277003999868, 0.0 ], [ 119.868284824000128, -1.772997076999888, 0.0 ], [ 119.868273796309111, -1.772975482929623, 0.0 ], [ 119.868091169000181, -1.772617867999865, 0.0 ], [ 119.867908734000096, -1.772229615999893, 0.0 ], [ 119.867771515000115, -1.772040096999933, 0.0 ], [ 119.86765775000012, -1.771814355999907, 0.0 ], [ 119.867395208000062, -1.771534670999858, 0.0 ], [ 119.867201287000185, -1.771336180999866, 0.0 ], [ 119.866900763000103, -1.771124966999888, 0.0 ], [ 119.866893408000109, -1.771119797999904, 0.0 ], [ 119.866448649000176, -1.770948800999878, 0.0 ], [ 119.866151651000024, -1.77086796899994, 0.0 ], [ 119.865900739000139, -1.770841251999861, 0.0 ], [ 119.865535337000097, -1.770841808999907, 0.0 ], [ 119.86528454600014, -1.770842195999939, 0.0 ], [ 119.864999444000077, -1.770842656999888, 0.0 ], [ 119.864702494000113, -1.770852135999873, 0.0 ], [ 119.86433731000001, -1.770924989999862, 0.0 ], [ 119.864051724000177, -1.771015809999915, 0.0 ], [ 119.863766816000052, -1.771142753999849, 0.0 ], [ 119.863412416000045, -1.771333048999874, 0.0 ], [ 119.863161214000129, -1.771496092999864, 0.0 ], [ 119.862830437000213, -1.771686362999886, 0.0 ], [ 119.862625176000194, -1.771813185999899, 0.0 ], [ 119.862351028000063, -1.771985296999929, 0.0 ], [ 119.862145235000085, -1.772121138999888, 0.0 ], [ 119.861688821000072, -1.772365838999884, 0.0 ], [ 119.861400696000032, -1.772445236999881, 0.0 ], [ 119.861392065000118, -1.7724476149999, 0.0 ], [ 119.86110691500015, -1.772411926999879, 0.0 ], [ 119.860695861000067, -1.772267986999871, 0.0 ], [ 119.860467799000034, -1.772159903999898, 0.0 ], [ 119.860196623000249, -1.771999116999917, 0.0 ], [ 119.86019420700022, -1.771997683999888, 0.0 ], [ 119.859966145000186, -1.771835390999871, 0.0 ], [ 119.859714991000189, -1.771664102999909, 0.0 ], [ 119.859269966000127, -1.771330473999838, 0.0 ], [ 119.859099137000115, -1.771186169999889, 0.0 ], [ 119.858763102000111, -1.770947074999913, 0.0 ], [ 119.85875699500005, -1.770942729999908, 0.0 ], [ 119.858562591000052, -1.770834599999932, 0.0 ], [ 119.858186284, -1.770618313999889, 0.0 ], [ 119.857935203000096, -1.770492217999936, 0.0 ], [ 119.857547701, -1.770312104999955, 0.0 ], [ 119.857319107000095, -1.770204022999894, 0.0 ], [ 119.856896858000155, -1.770069125999924, 0.0 ], [ 119.856600344000043, -1.769961163999873, 0.0 ], [ 119.85637242700011, -1.769943440999916, 0.0 ], [ 119.856120910000172, -1.769898660999941, 0.0 ], [ 119.855493450000125, -1.769863481999873, 0.0 ], [ 119.855151091000124, -1.769891143999852, 0.0 ], [ 119.854751571000207, -1.769945960999947, 0.0 ], [ 119.854489029000064, -1.770009626999886, 0.0 ], [ 119.854146863000167, -1.770118580999841, 0.0 ], [ 119.85365685544599, -1.770309385977259, 0.0 ], [ 119.853587686000182, -1.770336319999916, 0.0 ], [ 119.853358898000167, -1.770463166999931, 0.0 ], [ 119.852913679000196, -1.770771095999918, 0.0 ], [ 119.852662574000107, -1.770970264999966, 0.0 ], [ 119.852411445000115, -1.771169456999927, 0.0 ], [ 119.852126149000043, -1.77140482299995, 0.0 ], [ 119.851909162000126, -1.771558774999899, 0.0 ], [ 119.851623842000137, -1.771767059999902, 0.0 ], [ 119.85140683000013, -1.771902925999863, 0.0 ], [ 119.851064181000197, -1.772102238999923, 0.0 ], [ 119.850836047000058, -1.772238129999887, 0.0 ], [ 119.850459111000049, -1.772383304999908, 0.0 ], [ 119.850162379000011, -1.772528335999918, 0.0 ], [ 119.849626123000135, -1.772727963999915, 0.0 ], [ 119.849294742000069, -1.772882085999878, 0.0 ], [ 119.848997913000204, -1.772972905999931, 0.0 ], [ 119.848747316000072, -1.773108819999897, 0.0 ], [ 119.848472974000202, -1.773208658999898, 0.0 ], [ 119.847993516000059, -1.773435295999909, 0.0 ], [ 119.847742750000094, -1.773517, 0.0 ], [ 119.847445437000189, -1.773643967999855, 0.0 ], [ 119.847069130000136, -1.773789143999877, 0.0 ], [ 119.846806636000082, -1.773897976999911, 0.0 ], [ 119.846532343000035, -1.774042982999918, 0.0 ], [ 119.846178547000164, -1.774215215999958, 0.0 ], [ 119.845847576000224, -1.774360294999883, 0.0 ], [ 119.845596374000138, -1.774505251999886, 0.0 ], [ 119.845299739000197, -1.774659349999847, 0.0 ], [ 119.844854471000218, -1.774922062999912, 0.0 ], [ 119.844660478000151, -1.77503079899985, 0.0 ], [ 119.844409301000056, -1.775202886999877, 0.0 ], [ 119.844169318000013, -1.775347819999879, 0.0 ], [ 119.843769968000103, -1.775511081999887, 0.0 ], [ 119.843498097000165, -1.775466690999855, 0.0 ], [ 119.843496013000077, -1.775466350999916, 0.0 ], [ 119.843222300000164, -1.775231832999874, 0.0 ], [ 119.843062618000104, -1.775042313999914, 0.0 ], [ 119.842846113000036, -1.774753488999909, 0.0 ], [ 119.842663461000029, -1.774564041999954, 0.0 ], [ 119.84243788000019, -1.774367883999889, 0.0 ], [ 119.842435253000147, -1.774365599999878, 0.0 ], [ 119.842093160000175, -1.774167327999904, 0.0 ], [ 119.841864591000189, -1.774086350999865, 0.0 ], [ 119.841385665000175, -1.773951550999903, 0.0 ], [ 119.841079399317053, -1.773867696205861, 0.0 ], [ 119.840860653000078, -1.773807803999911, 0.0 ], [ 119.840575455000106, -1.773744986999865, 0.0 ], [ 119.840290208000042, -1.773646043999849, 0.0 ], [ 119.839993718000116, -1.773556120999959, 0.0 ], [ 119.839788167000151, -1.773438970999947, 0.0 ], [ 119.839310261000051, -1.773178363999878, 0.0 ], [ 119.839308975000122, -1.773177662999909, 0.0 ], [ 119.839103908000112, -1.773033407999875, 0.0 ], [ 119.838693120999963, -1.772699729999888, 0.0 ], [ 119.838503110985485, -1.772519406241297, 0.0 ], [ 119.838464962000188, -1.772483201999914, 0.0 ], [ 119.838111432000161, -1.772131340999844, 0.0 ], [ 119.837906195000045, -1.771932875999943, 0.0 ], [ 119.837700524000169, -1.771725365999916, 0.0 ], [ 119.837529646000164, -1.771553932999942, 0.0 ], [ 119.837300810000229, -1.77130128099991, 0.0 ], [ 119.837084403000091, -1.771066690999862, 0.0 ], [ 119.836821933000039, -1.770850210999892, 0.0 ], [ 119.836571336, -1.770624712999886, 0.0 ], [ 119.836308842000136, -1.770390170999842, 0.0 ], [ 119.836012451000215, -1.770155933999912, 0.0 ], [ 119.836012158000102, -1.770155701999893, 0.0 ], [ 119.835715523000246, -1.769957356999913, 0.0 ], [ 119.835351681000162, -1.769741841999845, 0.0 ], [ 119.83535033800014, -1.769741046999868, 0.0 ], [ 119.835083938000039, -1.769556665999889, 0.0 ], [ 119.835076794000244, -1.769551720999924, 0.0 ], [ 119.83472287700009, -1.769371535999936, 0.0 ], [ 119.834380881000044, -1.769218454999883, 0.0 ], [ 119.834015793000034, -1.769074441999869, 0.0 ], [ 119.834000068760261, -1.769069418523656, 0.0 ], [ 119.833593545000085, -1.768939544999898, 0.0 ], [ 119.833274059000118, -1.768840651999887, 0.0 ], [ 119.832863103000051, -1.768750921999923, 0.0 ], [ 119.832429708000163, -1.768670259999911, 0.0 ], [ 119.832375350159538, -1.768663727174164, 0.0 ], [ 119.832132758000199, -1.768634571999889, 0.0 ], [ 119.831801570000053, -1.768626036999893, 0.0 ], [ 119.831448040000211, -1.768626594999939, 0.0 ], [ 119.831082662000085, -1.768645237999883, 0.0 ], [ 119.830797608000125, -1.76868182299989, 0.0 ], [ 119.830455370000138, -1.768727522999941, 0.0 ], [ 119.830180906999985, -1.768773126999895, 0.0 ], [ 119.829827498000242, -1.768854975999917, 0.0 ], [ 119.829416759000182, -1.768918859999874, 0.0 ], [ 119.82902848300003, -1.768991762999867, 0.0 ], [ 119.828605945000064, -1.769019521999943, 0.0 ], [ 119.828241123000069, -1.769047184999923, 0.0 ], [ 119.827921251000163, -1.769047668999874, 0.0 ], [ 119.82754460500017, -1.769030187999937, 0.0 ], [ 119.827327883000095, -1.769003397999941, 0.0 ], [ 119.827053951999986, -1.768976728999866, 0.0 ], [ 119.826717921731316, -1.768925519652437, 0.0 ], [ 119.826643020000091, -1.768914104999836, 0.0 ], [ 119.826312315, -1.768815210999914, 0.0 ], [ 119.826052457000173, -1.76869028899988, 0.0 ], [ 119.826050015000234, -1.768689114999872, 0.0 ], [ 119.825753331000115, -1.768463664999959, 0.0 ], [ 119.824667954575375, -1.767255007562713, 0.0 ], [ 119.824521622000162, -1.767092053999892, 0.0 ], [ 119.824370340196808, -1.767136152592136, 0.0 ], [ 119.819636731000202, -1.768515997999937, 0.0 ], [ 119.815062113000138, -1.768515997999937, 0.0 ], [ 119.808581403000034, -1.768515997999937, 0.0 ], [ 119.8024819110002, -1.768515997999937, 0.0 ], [ 119.794095110000029, -1.768515997999937, 0.0 ], [ 119.78875805500013, -1.768515997999937, 0.0 ], [ 119.785708309000029, -1.769278434999872, 0.0 ], [ 119.784183436000163, -1.771946962999954, 0.0 ], [ 119.779608817000025, -1.772328180999877, 0.0 ], [ 119.773128108, -1.772328180999877, 0.0 ], [ 119.767028616000161, -1.771946962999954, 0.0 ], [ 119.763597652000144, -1.770040870999895, 0.0 ], [ 119.763597652000144, -1.768515997999937, 0.0 ], [ 119.762835215000123, -1.765847470999854, 0.0 ], [ 119.759785470000025, -1.763178942999949, 0.0 ], [ 119.756735724000109, -1.761654069999902, 0.0 ], [ 119.755592069000073, -1.759747978999932, 0.0 ], [ 119.756354505000104, -1.726581992999882, 0.0 ], [ 119.757116942000039, -1.724675901999912, 0.0 ], [ 119.758641815, -1.723913465999888, 0.0 ], [ 119.760547906000056, -1.723532246999876, 0.0 ], [ 119.761691561000177, -1.722769810999853, 0.0 ], [ 119.762453997000108, -1.721626155999906, 0.0 ], [ 119.762453997000108, -1.719720064999936, 0.0 ], [ 119.762453997000108, -1.716289100999918, 0.0 ], [ 119.763597652000144, -1.713620573999925, 0.0 ], [ 119.765503743000025, -1.713620573999925, 0.0 ], [ 119.768934707000042, -1.713620573999925, 0.0 ], [ 119.771222016000024, -1.712476918999889, 0.0 ], [ 119.773128108, -1.711714481999866, 0.0 ], [ 119.776836190000026, -1.710207333999953, 0.0 ], [ 119.776189603000176, -1.708193122999918, 0.0 ], [ 119.776138197000094, -1.707976328999922, 0.0 ], [ 119.776134570000067, -1.707831758999862, 0.0 ], [ 119.77610681200008, -1.707642020999883, 0.0 ], [ 119.776102073000217, -1.707452258999903, 0.0 ], [ 119.776096173000084, -1.707235391999901, 0.0 ], [ 119.776093127000095, -1.707108883999914, 0.0 ], [ 119.776100816000209, -1.706964313999943, 0.0 ], [ 119.776119652000162, -1.706819694999878, 0.0 ], [ 119.776139116000081, -1.706675076999903, 0.0 ], [ 119.776156791000034, -1.706485266999919, 0.0 ], [ 119.776165061000015, -1.706367801999881, 0.0 ], [ 119.7762745940001, -1.705283247999939, 0.0 ], [ 119.776315385000188, -1.70511149999994, 0.0 ], [ 119.776346650000022, -1.70498494399986, 0.0 ], [ 119.776377261000249, -1.70484934399992, 0.0 ], [ 119.776408501000077, -1.704722787999841, 0.0 ], [ 119.776439765000177, -1.704605274999888, 0.0 ], [ 119.776492888000135, -1.704451563999959, 0.0 ], [ 119.776535372000012, -1.704334026999915, 0.0 ], [ 119.776610909000127, -1.704162230999912, 0.0 ], [ 119.776676363000135, -1.704035625999917, 0.0 ], [ 119.776785002000153, -1.703827631999938, 0.0 ], [ 119.776861675000092, -1.703682916999866, 0.0 ], [ 119.776993284999975, -1.703474898999885, 0.0 ], [ 119.777125475000076, -1.703284942999889, 0.0 ], [ 119.777191509000119, -1.703185443999916, 0.0 ], [ 119.777290621999967, -1.703040703999931, 0.0 ], [ 119.77741280100004, -1.702886921999908, 0.0 ], [ 119.777544991000056, -1.70269694199991, 0.0 ], [ 119.777622269000148, -1.702606484999886, 0.0 ], [ 119.777766887000212, -1.702452653999948, 0.0 ], [ 119.777844794000174, -1.702362173999922, 0.0 ], [ 119.777999423000082, -1.702163126999884, 0.0 ], [ 119.778099091000158, -1.702036472999885, 0.0 ], [ 119.778232514000095, -1.701891708999898, 0.0 ], [ 119.778310300000143, -1.701792185999923, 0.0 ], [ 119.778421308000176, -1.701674551999871, 0.0 ], [ 119.778565298000103, -1.70150265799986, 0.0 ], [ 119.778665619000236, -1.701394066999845, 0.0 ], [ 119.778798970000167, -1.701258321999894, 0.0 ], [ 119.778888072000157, -1.701158797999919, 0.0 ], [ 119.779010275000147, -1.701023077999881, 0.0 ], [ 119.779143602000161, -1.700869246999942, 0.0 ], [ 119.779231495000062, -1.700742617999945, 0.0 ], [ 119.779308845000074, -1.700634050999933, 0.0 ], [ 119.77938496300024, -1.700480340999916, 0.0 ], [ 119.77942686600025, -1.700335673999848, 0.0 ], [ 119.779433902000022, -1.70017301699989, 0.0 ], [ 119.779429139000072, -1.69998325499991, 0.0 ], [ 119.779412600000128, -1.699784474999894, 0.0 ], [ 119.779397754000144, -1.699639928999924, 0.0 ], [ 119.779381239000017, -1.699450166999944, 0.0 ], [ 119.779389508000079, -1.699332701999906, 0.0 ], [ 119.779386462, -1.699206169999917, 0.0 ], [ 119.779382956000077, -1.699079685999933, 0.0 ], [ 119.779401767000209, -1.69892602499992, 0.0 ], [ 119.779398817000143, -1.698808559999882, 0.0 ], [ 119.77940346, -1.698537457999922, 0.0 ], [ 119.779411753000062, -1.69842901199983, 0.0 ], [ 119.77941765300001, -1.698221163999952, 0.0 ], [ 119.779448337000062, -1.698076520999886, 0.0 ], [ 119.779455349000202, -1.697904821999891, 0.0 ], [ 119.779474838000041, -1.697778288999902, 0.0 ], [ 119.779482987000179, -1.697642713999875, 0.0 ], [ 119.779510769000169, -1.697398692999847, 0.0 ], [ 119.779530234000092, -1.697263117999909, 0.0 ], [ 119.779568534000148, -1.696982947999909, 0.0 ], [ 119.779577360000175, -1.696865458999869, 0.0 ], [ 119.779605674000209, -1.696648543999863, 0.0 ], [ 119.779646344000113, -1.69644062299989, 0.0 ], [ 119.779653936000201, -1.696296028999916, 0.0 ], [ 119.779662206000083, -1.696178539999877, 0.0 ], [ 119.779691657000214, -1.695988753999894, 0.0 ], [ 119.779728845, -1.695672410999921, 0.0 ], [ 119.779736534000193, -1.69551877399991, 0.0 ], [ 119.779744707000077, -1.695392265999923, 0.0 ], [ 119.779752396000177, -1.695247671999861, 0.0 ], [ 119.77978071000021, -1.695021712999906, 0.0 ], [ 119.779777107000086, -1.694886161999881, 0.0 ], [ 119.779783539000178, -1.694678312999915, 0.0 ], [ 119.77977938, -1.694533742999854, 0.0 ], [ 119.779774641000159, -1.694343981999874, 0.0 ], [ 119.779769297000072, -1.694127113999872, 0.0 ], [ 119.779753339000081, -1.693955438999878, 0.0 ], [ 119.779725580000175, -1.6937657009999, 0.0 ], [ 119.779709066000152, -1.693575963999922, 0.0 ], [ 119.779669411000057, -1.693359144999923, 0.0 ], [ 119.77964225700012, -1.693205579999918, 0.0 ], [ 119.779615080000099, -1.693033904999925, 0.0 ], [ 119.779576102000064, -1.692844190999948, 0.0 ], [ 119.779537149000134, -1.69267256399987, 0.0 ], [ 119.779499911999977, -1.692564190999874, 0.0 ], [ 119.779447370000071, -1.692302204999868, 0.0 ], [ 119.779410085000094, -1.692175745999886, 0.0 ], [ 119.779356986000053, -1.691904715999931, 0.0 ], [ 119.779319169000033, -1.691760194999875, 0.0 ], [ 119.779266047000078, -1.691480145999885, 0.0 ], [ 119.779228230000058, -1.691344643999865, 0.0 ], [ 119.779176244000027, -1.691100743999935, 0.0 ], [ 119.779137290000264, -1.690929091999855, 0.0 ], [ 119.779098869000109, -1.690739378999878, 0.0 ], [ 119.779049252000092, -1.690585838999875, 0.0 ], [ 119.779009646000091, -1.690396124999899, 0.0 ], [ 119.778971273000025, -1.690233516999856, 0.0 ], [ 119.77892052, -1.690043827999882, 0.0 ], [ 119.778824841000173, -1.689881316999936, 0.0 ], [ 119.778750417000055, -1.689655502999904, 0.0 ], [ 119.778608144000188, -1.689438829999918, 0.0 ], [ 119.778591463574074, -1.689409094521038, 0.0 ], [ 119.778511909000031, -1.689267275999934, 0.0 ], [ 119.778417463000125, -1.689158974999944, 0.0 ], [ 119.778262738000109, -1.6889061779999, 0.0 ], [ 119.778191384000166, -1.688806871999854, 0.0 ], [ 119.778108690000153, -1.688689527999915, 0.0 ], [ 119.777919823000076, -1.688481946999882, 0.0 ], [ 119.777789906000066, -1.688310440999902, 0.0 ], [ 119.777672441000036, -1.68818410299984, 0.0 ], [ 119.777578552, -1.688084844999888, 0.0 ], [ 119.777495882000167, -1.687985563999844, 0.0 ], [ 119.77740088000003, -1.687859176999956, 0.0 ], [ 119.777305854, -1.687714727999906, 0.0 ], [ 119.777199609000078, -1.687579346999896, 0.0 ], [ 119.777093968000045, -1.687489132999892, 0.0 ], [ 119.77696521200005, -1.687371837999868, 0.0 ], [ 119.776854002000078, -1.687294173999926, 0.0 ], [ 119.776848980000111, -1.687290666999902, 0.0 ], [ 119.776735127000194, -1.687228911999855, 0.0 ], [ 119.77673267600008, -1.687227582999923, 0.0 ], [ 119.776634246000114, -1.687159662999899, 0.0 ], [ 119.776628148000142, -1.687155454999906, 0.0 ], [ 119.776489502000032, -1.687092394999929, 0.0 ], [ 119.776315892000142, -1.687020339999918, 0.0 ], [ 119.776131184000135, -1.686957352999857, 0.0 ], [ 119.776004314000119, -1.686912354999953, 0.0 ], [ 119.775854351999968, -1.686858361999927, 0.0 ], [ 119.775670176000105, -1.686795373999867, 0.0 ], [ 119.775474805000187, -1.686750472999971, 0.0 ], [ 119.775278877000147, -1.686696528999948, 0.0 ], [ 119.775083506000229, -1.686660670999912, 0.0 ], [ 119.77494590000012, -1.686642778999942, 0.0 ], [ 119.774819078000206, -1.686606823999898, 0.0 ], [ 119.774692764000136, -1.68657988799989, 0.0 ], [ 119.774507959000033, -1.686516900999918, 0.0 ], [ 119.774358650000025, -1.686471926999928, 0.0 ], [ 119.774173289000061, -1.68639991999992, 0.0 ], [ 119.774035755000142, -1.686363965999877, 0.0 ], [ 119.773908909000028, -1.686318967999884, 0.0 ], [ 119.77380438, -1.68626490199994, 0.0 ], [ 119.773670334000187, -1.686195517999884, 0.0 ], [ 119.773665082000193, -1.686192798999836, 0.0 ], [ 119.773540647000118, -1.686079355999865, 0.0 ], [ 119.773536422000035, -1.686075503999901, 0.0 ], [ 119.773421327, -1.686039524999944, 0.0 ], [ 119.773305023000077, -1.685967396999927, 0.0 ], [ 119.773165749000185, -1.685895317999914, 0.0 ], [ 119.773050001000016, -1.685841252999881, 0.0 ], [ 119.772934577000157, -1.685778291999912, 0.0 ], [ 119.772934350000043, -1.685778167999902, 0.0 ], [ 119.772731033000099, -1.685646933999879, 0.0 ], [ 119.772724833000112, -1.685642931999904, 0.0 ], [ 119.772557639000226, -1.685539074999926, 0.0 ], [ 119.772550643000187, -1.685534728999921, 0.0 ], [ 119.772457407000019, -1.685453533999865, 0.0 ], [ 119.772340547000027, -1.685363343999863, 0.0 ], [ 119.77222421900008, -1.685273129999859, 0.0 ], [ 119.772095559000192, -1.685173920999911, 0.0 ], [ 119.772002250000099, -1.685101769999892, 0.0 ], [ 119.771884785000154, -1.684975430999919, 0.0 ], [ 119.771790364000069, -1.684876149999876, 0.0 ], [ 119.771673456000173, -1.684758854999852, 0.0 ], [ 119.771567791000123, -1.68465055499995, 0.0 ], [ 119.771461545000037, -1.684524191999887, 0.0 ], [ 119.771343452000039, -1.684388810999876, 0.0 ], [ 119.771237787, -1.684280533999888, 0.0 ], [ 119.771132098000052, -1.684163214999951, 0.0 ], [ 119.77102532100001, -1.684018789999903, 0.0 ], [ 119.770953822000038, -1.683892354999922, 0.0 ], [ 119.770870015000128, -1.683747905999961, 0.0 ], [ 119.770809784000207, -1.683639556999878, 0.0 ], [ 119.770702862000149, -1.683477045999932, 0.0 ], [ 119.770642751000238, -1.683377740999886, 0.0 ], [ 119.770525867000075, -1.683278483999845, 0.0 ], [ 119.77042020200021, -1.683161163999908, 0.0 ], [ 119.770279089999988, -1.683007744999915, 0.0 ], [ 119.770138534000083, -1.682872411999909, 0.0 ], [ 119.769985670000139, -1.682728034999864, 0.0 ], [ 119.769846346999984, -1.682628826999916, 0.0 ], [ 119.769718244000131, -1.682538660999916, 0.0 ], [ 119.769566589000107, -1.682430433999843, 0.0 ], [ 119.769466221000059, -1.682361152999884, 0.0 ], [ 119.769462060999984, -1.682358281999913, 0.0 ], [ 119.769322762000087, -1.682277158999862, 0.0 ], [ 119.769171664000027, -1.682187017999865, 0.0 ], [ 119.76900934600009, -1.682087833999918, 0.0 ], [ 119.768904842000239, -1.682033767999886, 0.0 ], [ 119.76880041000004, -1.681979702999853, 0.0 ], [ 119.768684686000057, -1.681925637999909, 0.0 ], [ 119.76848757400009, -1.681808438999894, 0.0 ], [ 119.768244434000039, -1.681673632999931, 0.0 ], [ 119.768243747000071, -1.681673251999899, 0.0 ], [ 119.768110158000127, -1.681586781999939, 0.0 ], [ 119.768104448, -1.681583085999899, 0.0 ], [ 119.767993626999981, -1.681514358999897, 0.0 ], [ 119.767988143999972, -1.681510958999882, 0.0 ], [ 119.767883688000126, -1.681438806999952, 0.0 ], [ 119.76773196100018, -1.681330578999968, 0.0 ], [ 119.767615730000074, -1.681249432999915, 0.0 ], [ 119.76750332200001, -1.681170980999908, 0.0 ], [ 119.767499426000128, -1.68116826199986, 0.0 ], [ 119.767362867000202, -1.681088747999854, 0.0 ], [ 119.767360103000243, -1.681087138999898, 0.0 ], [ 119.767185381000075, -1.680969916999881, 0.0 ], [ 119.766987060000105, -1.680816569999894, 0.0 ], [ 119.766858956000164, -1.680717336999854, 0.0 ], [ 119.766649440000052, -1.680573057999907, 0.0 ], [ 119.76652133600011, -1.680482867999905, 0.0 ], [ 119.766370141000124, -1.68038368399987, 0.0 ], [ 119.766237943000121, -1.680298113999895, 0.0 ], [ 119.766230843000059, -1.68029351799987, 0.0 ], [ 119.766102763000035, -1.680221414999944, 0.0 ], [ 119.765940445000098, -1.680122254999911, 0.0 ], [ 119.765818821000082, -1.68004519799993, 0.0 ], [ 119.765812366000077, -1.680041107999947, 0.0 ], [ 119.765649492000094, -1.679932904999876, 0.0 ], [ 119.76557833440198, -1.679881700958069, 0.0 ], [ 119.765486522000202, -1.679815633999854, 0.0 ], [ 119.765357862000215, -1.679707381999957, 0.0 ], [ 119.76516009700002, -1.67956310199992, 0.0 ], [ 119.765066232000251, -1.679481882999862, 0.0 ], [ 119.764949347000169, -1.679373606999873, 0.0 ], [ 119.76482013200004, -1.679256335999852, 0.0 ], [ 119.764726798000225, -1.679166097999935, 0.0 ], [ 119.764608125, -1.679003610999902, 0.0 ], [ 119.764478329000099, -1.678850167999907, 0.0 ], [ 119.764395634000181, -1.678732799999877, 0.0 ], [ 119.764276405000174, -1.67855225099986, 0.0 ], [ 119.764204374000073, -1.678416796999932, 0.0 ], [ 119.764096919000153, -1.678254284999897, 0.0 ], [ 119.763990094000206, -1.678082754999916, 0.0 ], [ 119.763941057999958, -1.677965338999882, 0.0 ], [ 119.763902684000158, -1.677811773999877, 0.0 ], [ 119.763840615000177, -1.677613065999867, 0.0 ], [ 119.763755044000021, -1.677414381999948, 0.0 ], [ 119.76370610400015, -1.677287922999876, 0.0 ], [ 119.76366884300009, -1.677170506999842, 0.0 ], [ 119.763619807000211, -1.677035027999913, 0.0 ], [ 119.76354608400014, -1.676845362999852, 0.0 ], [ 119.763485828000128, -1.676727970999909, 0.0 ], [ 119.763401368999979, -1.676556392999923, 0.0 ], [ 119.763318118000115, -1.676430005999857, 0.0 ], [ 119.763233755000243, -1.676267470999909, 0.0 ], [ 119.76313873, -1.676132040999895, 0.0 ], [ 119.763031227000084, -1.675942423999838, 0.0 ], [ 119.762936781000093, -1.675825080999899, 0.0 ], [ 119.76283053600018, -1.675689698999888, 0.0 ], [ 119.762736091000178, -1.675572355999861, 0.0 ], [ 119.762629773000086, -1.675455035999923, 0.0 ], [ 119.762524108000235, -1.675337692999896, 0.0 ], [ 119.762429638000228, -1.675220348999868, 0.0 ], [ 119.76233463700018, -1.675093986999893, 0.0 ], [ 119.762240167000186, -1.674967599999916, 0.0 ], [ 119.762133366000143, -1.674823150999866, 0.0 ], [ 119.76206247100005, -1.674723869999911, 0.0 ], [ 119.761985997924086, -1.674616025191983, 0.0 ], [ 119.761979245000177, -1.67460650199997, 0.0 ], [ 119.761907794000223, -1.674507219999927, 0.0 ], [ 119.761812188000036, -1.674335641999941, 0.0 ], [ 119.761715953000063, -1.67415504399992, 0.0 ], [ 119.761678789000186, -1.674037627999886, 0.0 ], [ 119.76165274700007, -1.673911144999901, 0.0 ], [ 119.761573607000187, -1.673513655999964, 0.0 ], [ 119.761558229000158, -1.673369085999904, 0.0 ], [ 119.761532841000104, -1.673251644999868, 0.0 ], [ 119.76151506900014, -1.673007672999844, 0.0 ], [ 119.761497998000237, -1.672808891999916, 0.0 ], [ 119.761494395000028, -1.672664321999945, 0.0 ], [ 119.761479645000051, -1.672528794999923, 0.0 ], [ 119.761475462000149, -1.672357094999927, 0.0 ], [ 119.761471302999979, -1.672212500999865, 0.0 ], [ 119.761464848000074, -1.671968527999929, 0.0 ], [ 119.761448865000176, -1.671769747999913, 0.0 ], [ 119.761434043000094, -1.671643263999928, 0.0 ], [ 119.761405727999971, -1.671426420999928, 0.0 ], [ 119.761366702000117, -1.671254769999936, 0.0 ], [ 119.761328982000023, -1.671119290999918, 0.0 ], [ 119.761291165000173, -1.670983788999897, 0.0 ], [ 119.761239179000228, -1.670739864999876, 0.0 ], [ 119.761177811000039, -1.670577280999836, 0.0 ], [ 119.761093328000157, -1.670414745999888, 0.0 ], [ 119.761021877000104, -1.670297377999858, 0.0 ], [ 119.760928084000071, -1.670198120999905, 0.0 ], [ 119.760821766000149, -1.670080800999879, 0.0 ], [ 119.760727974000034, -1.669990538999872, 0.0 ], [ 119.760576223000086, -1.669864248999903, 0.0 ], [ 119.760460681000026, -1.669775094999898, 0.0 ], [ 119.760459338, -1.669774058999901, 0.0 ], [ 119.760361100000054, -1.669714679999873, 0.0 ], [ 119.760354931000165, -1.66971095099992, 0.0 ], [ 119.760238603000218, -1.669620736999916, 0.0 ], [ 119.760110499, -1.669530546999915, 0.0 ], [ 119.759958167000022, -1.669386194999961, 0.0 ], [ 119.759805304000068, -1.66923277599988, 0.0 ], [ 119.759722633999985, -1.669133493999925, 0.0 ], [ 119.759651280000213, -1.669025144999931, 0.0 ], [ 119.759591605000068, -1.668925839999885, 0.0 ], [ 119.7595201540001, -1.668826533999929, 0.0 ], [ 119.759412748000187, -1.668627873999923, 0.0 ], [ 119.759374931000167, -1.668492395999905, 0.0 ], [ 119.759381967000223, -1.668329714999856, 0.0 ], [ 119.759412700000098, -1.668203158999865, 0.0 ], [ 119.759455182999972, -1.668076577999961, 0.0 ], [ 119.759497643000103, -1.667950021999881, 0.0 ], [ 119.759573784000196, -1.667796287999862, 0.0 ], [ 119.759628043000149, -1.667687744999852, 0.0 ], [ 119.759792053000226, -1.667389319999852, 0.0 ], [ 119.759868171000207, -1.66724462799987, 0.0 ], [ 119.759931932000072, -1.667063788999918, 0.0 ], [ 119.759974996000082, -1.666955294999911, 0.0 ], [ 119.760049953000063, -1.666756392999885, 0.0 ], [ 119.760092437000111, -1.666629811999893, 0.0 ], [ 119.760145487000059, -1.666485144999913, 0.0 ], [ 119.760176750999989, -1.666358588999922, 0.0 ], [ 119.760207435000126, -1.666222988999894, 0.0 ], [ 119.760238119000093, -1.666069327999881, 0.0 ], [ 119.760278233000037, -1.66586143099991, 0.0 ], [ 119.76030894100009, -1.665716811999846, 0.0 ], [ 119.760327172000089, -1.665536044999899, 0.0 ], [ 119.760376716000096, -1.665255826999895, 0.0 ], [ 119.76038440500011, -1.665102213999886, 0.0 ], [ 119.760390209000064, -1.664885322999882, 0.0 ], [ 119.760409117000208, -1.664731684999871, 0.0 ], [ 119.760404402000077, -1.664559984999875, 0.0 ], [ 119.760423214000042, -1.664397280999913, 0.0 ], [ 119.760430927000144, -1.664261728999889, 0.0 ], [ 119.760426164000108, -1.66406292399996, 0.0 ], [ 119.760432644000204, -1.663882181999926, 0.0 ], [ 119.760428461000032, -1.663719548999882, 0.0 ], [ 119.76042372100008, -1.663538806999937, 0.0 ], [ 119.760431411000098, -1.663385168999926, 0.0 ], [ 119.760427252000014, -1.663231555999917, 0.0 ], [ 119.760435521000076, -1.663114066999877, 0.0 ], [ 119.76043189400005, -1.662960453999868, 0.0 ], [ 119.760428388000108, -1.662824902999932, 0.0 ], [ 119.76042480900017, -1.662698394999945, 0.0 ], [ 119.760404644000104, -1.662355019999956, 0.0 ], [ 119.760377489999982, -1.662192411999913, 0.0 ], [ 119.760348595000167, -1.661957505999839, 0.0 ], [ 119.760322022000196, -1.661821979999906, 0.0 ], [ 119.760257583000097, -1.661523868999931, 0.0 ], [ 119.760219863000174, -1.661397409999949, 0.0 ], [ 119.760178468000035, -1.661135398999941, 0.0 ], [ 119.760152523000116, -1.661008914999868, 0.0 ], [ 119.760122395000195, -1.660728818999874, 0.0 ], [ 119.760093984000065, -1.660511999999875, 0.0 ], [ 119.760064461000198, -1.660259007999904, 0.0 ], [ 119.760049711000221, -1.660114437999932, 0.0 ], [ 119.760012450000247, -1.659997021999899, 0.0 ], [ 119.759927435000051, -1.659816399999964, 0.0 ], [ 119.759889715000128, -1.659680897999855, 0.0 ], [ 119.759852454000153, -1.659554437999872, 0.0 ], [ 119.759838285000143, -1.659436997999925, 0.0 ], [ 119.759812267000029, -1.659328575999925, 0.0 ], [ 119.759775103000152, -1.659211159999891, 0.0 ], [ 119.759714872000046, -1.659102810999896, 0.0 ], [ 119.759629832000115, -1.65889508399994, 0.0 ], [ 119.759534226000028, -1.658732548999903, 0.0 ], [ 119.759416108000195, -1.658588123999944, 0.0 ], [ 119.75933409100017, -1.658497885999849, 0.0 ], [ 119.759216675000218, -1.658398652999899, 0.0 ], [ 119.759102788000035, -1.658310331999874, 0.0 ], [ 119.7591003470001, -1.658308438999895, 0.0 ], [ 119.758977473000058, -1.658239252999855, 0.0 ], [ 119.758972292000067, -1.658236335999969, 0.0 ], [ 119.758871450000171, -1.658158022999884, 0.0 ], [ 119.758867739000038, -1.658155140999912, 0.0 ], [ 119.758740313000246, -1.658092055999933, 0.0 ], [ 119.758635808000122, -1.6580379909999, 0.0 ], [ 119.758485266000093, -1.657956868999849, 0.0 ], [ 119.758458564662774, -1.657945495202479, 0.0 ], [ 119.758358396000077, -1.657902826999908, 0.0 ], [ 119.758208482000114, -1.657866896999866, 0.0 ], [ 119.75809341100009, -1.657839960999858, 0.0 ], [ 119.757944030000075, -1.65781304999994, 0.0 ], [ 119.757829515000111, -1.657795132999879, 0.0 ], [ 119.757679553000045, -1.657741115999939, 0.0 ], [ 119.757553287000164, -1.65772322299988, 0.0 ], [ 119.757425788000191, -1.657669181999938, 0.0 ], [ 119.757409483695611, -1.657664270910892, 0.0 ], [ 119.757276479000183, -1.657624207999947, 0.0 ], [ 119.757137760000248, -1.657579233999868, 0.0 ], [ 119.756965384000196, -1.657543327999917, 0.0 ], [ 119.756838514000179, -1.657498329999924, 0.0 ], [ 119.756654362000219, -1.657444361999899, 0.0 ], [ 119.756503868000109, -1.657381325999924, 0.0 ], [ 119.756307239000094, -1.657291208999928, 0.0 ], [ 119.756169149000044, -1.6572371919999, 0.0 ], [ 119.755983788000066, -1.657156117999942, 0.0 ], [ 119.755809695000139, -1.657056957999909, 0.0 ], [ 119.755652642000115, -1.656961012999875, 0.0 ], [ 119.75564737800012, -1.656957796999964, 0.0 ], [ 119.755472656000052, -1.656840550999944, 0.0 ], [ 119.75537643296812, -1.656771324807344, 0.0 ], [ 119.755309685000071, -1.656723303999835, 0.0 ], [ 119.755158587000096, -1.656624119999889, 0.0 ], [ 119.755041702000099, -1.656524886999938, 0.0 ], [ 119.754959208000031, -1.656434788999944, 0.0 ], [ 119.754959056000104, -1.656434623999931, 0.0 ], [ 119.754784963000176, -1.656326420999949, 0.0 ], [ 119.754668659000146, -1.656254292999932, 0.0 ], [ 119.754552380000206, -1.656182165999915, 0.0 ], [ 119.75440672199997, -1.656095255999918, 0.0 ], [ 119.754401305000229, -1.656092023999917, 0.0 ], [ 119.754251617, -1.65598482399984, 0.0 ], [ 119.754250183000067, -1.655983796999844, 0.0 ], [ 119.754098360730467, -1.65589138319186, 0.0 ], [ 119.754093445000066, -1.655888390999944, 0.0 ], [ 119.754087236, -1.655884611999897, 0.0 ], [ 119.75391311900016, -1.655758346999931, 0.0 ], [ 119.753785040000039, -1.655668156999929, 0.0 ], [ 119.75358671800015, -1.655514809999942, 0.0 ], [ 119.753423772, -1.655406581999958, 0.0 ], [ 119.753236694000151, -1.655253235999882, 0.0 ], [ 119.753108035000068, -1.655144983999896, 0.0 ], [ 119.752944484000224, -1.655000607999852, 0.0 ], [ 119.752803928000048, -1.654865249999932, 0.0 ], [ 119.752628069000068, -1.654702835999905, 0.0 ], [ 119.752510629000113, -1.65458554099997, 0.0 ], [ 119.752334746000216, -1.654423126999855, 0.0 ], [ 119.752217209000179, -1.65429676399988, 0.0 ], [ 119.752100325, -1.65419753099984, 0.0 ], [ 119.751982885000061, -1.654071168999866, 0.0 ], [ 119.751854225000073, -1.653953873999842, 0.0 ], [ 119.751759223000022, -1.653827510999867, 0.0 ], [ 119.75165353400007, -1.65370112399989, 0.0 ], [ 119.751521828, -1.653475407999866, 0.0 ], [ 119.751427382000188, -1.653358063999927, 0.0 ], [ 119.751283901000221, -1.653114260999916, 0.0 ], [ 119.751234961, -1.652987825999936, 0.0 ], [ 119.75113930600007, -1.652843352999883, 0.0 ], [ 119.75101947200001, -1.652617611999857, 0.0 ], [ 119.75097989000021, -1.652427898999881, 0.0 ], [ 119.750963351000081, -1.652220074999916, 0.0 ], [ 119.75093851982794, -1.652089553218711, 0.0 ], [ 119.750923818000189, -1.652012274999954, 0.0 ], [ 119.750908438999971, -1.651867728999895, 0.0 ], [ 119.750891248000158, -1.651641818999855, 0.0 ], [ 119.750887718000214, -1.651497248999884, 0.0 ], [ 119.750872339000011, -1.651343634999875, 0.0 ], [ 119.750868833000169, -1.651208083999939, 0.0 ], [ 119.750853455000041, -1.65106353799997, 0.0 ], [ 119.750837521000236, -1.650900881999923, 0.0 ], [ 119.750810343000026, -1.650729230999931, 0.0 ], [ 119.750783721000133, -1.650575641999924, 0.0 ], [ 119.750756567000025, -1.650422052999917, 0.0 ], [ 119.750717058000035, -1.650214252999954, 0.0 ], [ 119.750691016000019, -1.650096812999919, 0.0 ], [ 119.750641424, -1.649943271999915, 0.0 ], [ 119.750614826000202, -1.649798701999944, 0.0 ], [ 119.750577662000055, -1.64968128599991, 0.0 ], [ 119.750526837000024, -1.649491596999936, 0.0 ], [ 119.750465445000188, -1.649319969999858, 0.0 ], [ 119.750402868000066, -1.649121260999936, 0.0 ], [ 119.750329120000089, -1.648913509999889, 0.0 ], [ 119.750280084000039, -1.64877803199987, 0.0 ], [ 119.750254066000096, -1.648660590999923, 0.0 ], [ 119.750193255000042, -1.648516093999869, 0.0 ], [ 119.750142526000104, -1.648335423999931, 0.0 ], [ 119.750104129000036, -1.64816377299985, 0.0 ], [ 119.750100550000099, -1.648037264999863, 0.0 ], [ 119.750095787000063, -1.647838459999934, 0.0 ], [ 119.750112350000094, -1.647612524999892, 0.0 ], [ 119.750108167000022, -1.647449868999934, 0.0 ], [ 119.750103426999985, -1.647269125999901, 0.0 ], [ 119.750099897000041, -1.647115511999892, 0.0 ], [ 119.750096319000107, -1.646989004999905, 0.0 ], [ 119.750104587999985, -1.646862496999918, 0.0 ], [ 119.750122844000074, -1.646690748999919, 0.0 ], [ 119.750164191000039, -1.646519000999919, 0.0 ], [ 119.750204861000029, -1.646320146999897, 0.0 ], [ 119.750236149000131, -1.646202633999855, 0.0 ], [ 119.750277376000071, -1.646030861999853, 0.0 ], [ 119.750308640000171, -1.645904304999863, 0.0 ], [ 119.750339928000102, -1.645786791999909, 0.0 ], [ 119.750380695000189, -1.645596957999923, 0.0 ], [ 119.750399531000241, -1.645452338999859, 0.0 ], [ 119.750441434000237, -1.645289633999897, 0.0 ], [ 119.750470909000015, -1.645117885999897, 0.0 ], [ 119.750501617000069, -1.644982286999958, 0.0 ], [ 119.750510443000081, -1.644864797999918, 0.0 ], [ 119.750529932000106, -1.644738265999929, 0.0 ], [ 119.750538104000157, -1.644611732999851, 0.0 ], [ 119.750555248000154, -1.644403860999883, 0.0 ], [ 119.750561123000011, -1.644177950999931, 0.0 ], [ 119.750555828000117, -1.643970101999876, 0.0 ], [ 119.750539893000123, -1.64380746999992, 0.0 ], [ 119.750525627000101, -1.643690005999882, 0.0 ], [ 119.750522663216572, -1.643661966136384, 0.0 ], [ 119.750510346000169, -1.64354543499991, 0.0 ], [ 119.750472529000149, -1.64340993299989, 0.0 ], [ 119.750411717000176, -1.643274478999962, 0.0 ], [ 119.750329841000067, -1.643124497999898, 0.0 ], [ 119.750327911000085, -1.643120961999961, 0.0 ], [ 119.75020152400019, -1.643094026999953, 0.0 ], [ 119.750064546000047, -1.643076157999896, 0.0 ], [ 119.749985963000128, -1.643058192999919, 0.0 ], [ 119.749217994000261, -1.642923707999894, 0.0 ], [ 119.748481652, -1.642951830999912, 0.0 ], [ 119.747085038000179, -1.643161616999861, 0.0 ], [ 119.744931505000153, -1.643535100999943, 0.0 ], [ 119.744740772382642, -1.64356326974186, 0.0 ], [ 119.741842995000056, -1.643991233999937, 0.0 ], [ 119.738098613000034, -1.643815674999888, 0.0 ], [ 119.736178075000026, -1.643447810999915, 0.0 ], [ 119.734229053000149, -1.643649328999891, 0.0 ], [ 119.732373002000145, -1.644094698999882, 0.0 ], [ 119.731781883000082, -1.644375643999857, 0.0 ], [ 119.73122553400006, -1.644683669999941, 0.0 ], [ 119.729904747000106, -1.64501986699987, 0.0 ], [ 119.729129119000063, -1.6449397249999, 0.0 ], [ 119.729127832000046, -1.644939591999889, 0.0 ], [ 119.728232340000204, -1.644281134999853, 0.0 ], [ 119.72783719600001, -1.643468360999928, 0.0 ], [ 119.727206350000046, -1.64181549099986, 0.0 ], [ 119.727085138000049, -1.640975199999967, 0.0 ], [ 119.726529901000205, -1.638780003999879, 0.0 ], [ 119.726447449000048, -1.637189611999918, 0.0 ], [ 119.726245839000057, -1.63498488899993, 0.0 ], [ 119.726800060000173, -1.633095416999914, 0.0 ], [ 119.727287787000122, -1.631440996999895, 0.0 ], [ 119.727932197000243, -1.629451976999902, 0.0 ], [ 119.728423092197616, -1.628141419783907, 0.0 ], [ 119.72858204149064, -1.627717068223705, 0.0 ], [ 119.728831523015231, -1.627051020126319, 0.0 ], [ 119.728846598000047, -1.627010773999888, 0.0 ] ] ], [ [ [ 119.94402826407088, -0.713408522957176, 0.0 ], [ 119.943958616000018, -0.713500847999986, 0.0 ], [ 119.943789678000073, -0.713680674999944, 0.0 ], [ 119.94354363000005, -0.713956191999914, 0.0 ], [ 119.943482802000091, -0.713995848, 0.0 ], [ 119.943447014000057, -0.714010278999949, 0.0 ], [ 119.943364701000078, -0.71404274499997, 0.0 ], [ 119.943089118000103, -0.714125762, 0.0 ], [ 119.942863637000102, -0.714190736999958, 0.0 ], [ 119.942756279, -0.714241226999961, 0.0 ], [ 119.942656087000074, -0.71430251999997, 0.0 ], [ 119.942595265, -0.714352980999971, 0.0 ], [ 119.942498661000101, -0.714428679000017, 0.0 ], [ 119.94237702500007, -0.714544008999967, 0.0 ], [ 119.942294757000013, -0.714648509, 0.0 ], [ 119.942219643000016, -0.714738598999903, 0.0 ], [ 119.942126612000052, -0.714803487999943, 0.0 ], [ 119.942019252000051, -0.714853979999946, 0.0 ], [ 119.941830277000051, -0.714925440999908, 0.0 ], [ 119.941678926000051, -0.714961609999969, 0.0 ], [ 119.941543495000033, -0.714977727999971, 0.0 ], [ 119.941419995000032, -0.714961776999894, 0.0 ], [ 119.941232698999983, -0.714853681999921, 0.0 ], [ 119.940953721999989, -0.714653464999964, 0.0 ], [ 119.940790358000072, -0.714593450999883, 0.0 ], [ 119.94064294600004, -0.714561481, 0.0 ], [ 119.940571246000147, -0.714569544999948, 0.0 ], [ 119.940459716000063, -0.714581640999972, 0.0 ], [ 119.940399981000013, -0.714609733999987, 0.0 ], [ 119.940236715000083, -0.714706030999961, 0.0 ], [ 119.939922108, -0.714854527999902, 0.0 ], [ 119.939822532000107, -0.714874630999967, 0.0 ], [ 119.939703026000075, -0.714874708999973, 0.0 ], [ 119.939527738000052, -0.7148587909999, 0.0 ], [ 119.939344477000077, -0.714830852999986, 0.0 ], [ 119.939264809000051, -0.714834911999967, 0.0 ], [ 119.93920108200011, -0.714850984999964, 0.0 ], [ 119.939125419000064, -0.71489111399991, 0.0 ], [ 119.938802950000124, -0.715203942999947, 0.0 ], [ 119.938564191000083, -0.715414784999984, 0.0 ], [ 119.938029477000072, -0.715857787999957, 0.0 ], [ 119.937934495000022, -0.715935756999924, 0.0 ], [ 119.937769135000025, -0.71604210299993, 0.0 ], [ 119.937730442000102, -0.716077539999931, 0.0 ], [ 119.937568612000035, -0.716198046999954, 0.0 ], [ 119.937403259000035, -0.716315016999951, 0.0 ], [ 119.937280107000149, -0.716371754999939, 0.0 ], [ 119.937086562000118, -0.716435623999894, 0.0 ], [ 119.936812055999965, -0.716485378999925, 0.0 ], [ 119.936593877000035, -0.716549261999971, 0.0 ], [ 119.93645665300005, -0.716623717999914, 0.0 ], [ 119.936326478000026, -0.716708791999936, 0.0 ], [ 119.936231504999981, -0.716800927999921, 0.0 ], [ 119.936175249000044, -0.716896577999931, 0.0 ], [ 119.936126061000053, -0.717031178999965, 0.0 ], [ 119.936105027000096, -0.71716576099991, 0.0 ], [ 119.936111982000043, -0.717354491999982, 0.0 ], [ 119.936129592000086, -0.717603794999915, 0.0 ], [ 119.936136679000043, -0.717768829999981, 0.0 ], [ 119.936140225999978, -0.717860125999985, 0.0 ], [ 119.936105373000032, -0.71793388999996, 0.0 ], [ 119.936039111000056, -0.718011184999961, 0.0 ], [ 119.935965849000027, -0.718060391999947, 0.0 ], [ 119.935822778000102, -0.718099111999953, 0.0 ], [ 119.935459839, -0.718144996000019, 0.0 ], [ 119.934775794000061, -0.718170018999958, 0.0 ], [ 119.934641972, -0.718177874999986, 0.0 ], [ 119.934530306000099, -0.718206038999918, 0.0 ], [ 119.934415168000072, -0.718258786000019, 0.0 ], [ 119.934087226000116, -0.718459152999989, 0.0 ], [ 119.933846526000011, -0.718645416999946, 0.0 ], [ 119.933787248000073, -0.718729729999906, 0.0 ], [ 119.933773326000079, -0.718785922999936, 0.0 ], [ 119.933745497, -0.718929911999949, 0.0 ], [ 119.933759527, -0.719038757999984, 0.0 ], [ 119.933846927000133, -0.71927045999997, 0.0 ], [ 119.934043493000132, -0.719781832, 0.0 ], [ 119.934071328000044, -0.719912122999949, 0.0 ], [ 119.93405913, -0.720123106, 0.0 ], [ 119.933994448, -0.720244150999976, 0.0 ], [ 119.933945144000077, -0.720300027999981, 0.0 ], [ 119.933861924000126, -0.720362133999968, 0.0 ], [ 119.933754007000076, -0.720380819999916, 0.0 ], [ 119.933535075, -0.720399576999958, 0.0 ], [ 119.933013935000034, -0.720409223999956, 0.0 ], [ 119.932788889000065, -0.720442358999945, 0.0 ], [ 119.932321898000069, -0.72050563599994, 0.0 ], [ 119.931905458000074, -0.72055919299993, 0.0 ], [ 119.931744201000058, -0.72061500599993, 0.0 ], [ 119.931599822000095, -0.720714404999983, 0.0 ], [ 119.93145785600008, -0.720821070999927, 0.0 ], [ 119.931376080000064, -0.720937384999958, 0.0 ], [ 119.931308752000078, -0.721058534999946, 0.0 ], [ 119.931233046000131, -0.721325800999944, 0.0 ], [ 119.93118734800008, -0.721521778999906, 0.0 ], [ 119.931134054000012, -0.721786923, 0.0 ], [ 119.93108452, -0.72195985, 0.0 ], [ 119.931015865000091, -0.722086685999928, 0.0 ], [ 119.930775494000017, -0.722413423999962, 0.0 ], [ 119.930577095000118, -0.722690186999946, 0.0 ], [ 119.930451217000012, -0.722909270999955, 0.0 ], [ 119.930294938000131, -0.723362745, 0.0 ], [ 119.930198707000073, -0.723633969999964, 0.0 ], [ 119.930104139000065, -0.723807882999965, 0.0 ], [ 119.929990569000083, -0.723881782999952, 0.0 ], [ 119.929874621000081, -0.723939014999891, 0.0 ], [ 119.929720791000051, -0.723979600999963, 0.0 ], [ 119.929626120000037, -0.723991569999976, 0.0 ], [ 119.929542890000079, -0.723985949999955, 0.0 ], [ 119.929405743000103, -0.723968041999983, 0.0 ], [ 119.929295409000034, -0.723923122, 0.0 ], [ 119.92925363700013, -0.723866159999902, 0.0 ], [ 119.929178988000075, -0.723683240999955, 0.0 ], [ 119.929123421000099, -0.723583206999939, 0.0 ], [ 119.929087840000093, -0.72354325, 0.0 ], [ 119.929058540000057, -0.723511706999973, 0.0 ], [ 119.929035530000107, -0.723501201, 0.0 ], [ 119.92900206, -0.723492803999919, 0.0 ], [ 119.928939328000055, -0.723507574999898, 0.0 ], [ 119.928907978000126, -0.723539158999936, 0.0 ], [ 119.928841098, -0.723608641999911, 0.0 ], [ 119.928805563000097, -0.723640226999949, 0.0 ], [ 119.928765835, -0.72365287799993, 0.0 ], [ 119.928696819000066, -0.723652922999934, 0.0 ], [ 119.928642433000093, -0.723638229999962, 0.0 ], [ 119.92837045400006, -0.723484798999968, 0.0 ], [ 119.928199412000026, -0.723404453999892, 0.0 ], [ 119.928106077000038, -0.723379476999957, 0.0 ], [ 119.927971262999989, -0.723354525999936, 0.0 ], [ 119.927797042000051, -0.723321254999936, 0.0 ], [ 119.927570963000079, -0.723265066999906, 0.0 ], [ 119.927357327000081, -0.723210955999958, 0.0 ], [ 119.927145781000078, -0.723181882999951, 0.0 ], [ 119.926981943000101, -0.723169471, 0.0 ], [ 119.926859592000014, -0.723175808999981, 0.0 ], [ 119.926712371, -0.723205116, 0.0 ], [ 119.926587967000017, -0.72324484099992, 0.0 ], [ 119.926484320000142, -0.723309587999948, 0.0 ], [ 119.926370312000032, -0.723391036999937, 0.0 ], [ 119.926243895000056, -0.723522567999984, 0.0 ], [ 119.926142372000101, -0.72366869, 0.0 ], [ 119.926080246000112, -0.72380435299994, 0.0 ], [ 119.926032688000078, -0.724025552999946, 0.0 ], [ 119.925999673000106, -0.724113313000013, 0.0 ], [ 119.925957887000109, -0.724188813999953, 0.0 ], [ 119.925897322000068, -0.724225139999939, 0.0 ], [ 119.925805016999988, -0.724257130999922, 0.0 ], [ 119.925579991000106, -0.724281950999933, 0.0 ], [ 119.925327528, -0.724266148999957, 0.0 ], [ 119.925132765000043, -0.724244504999943, 0.0 ], [ 119.925002222000089, -0.724233352999908, 0.0 ], [ 119.924875310000061, -0.72422561799989, 0.0 ], [ 119.924725092999978, -0.724223109999949, 0.0 ], [ 119.924577479000021, -0.724241446999956, 0.0 ], [ 119.924502388000022, -0.724267552999985, 0.0 ], [ 119.924432498000101, -0.724324925999936, 0.0 ], [ 119.924362614000103, -0.724392720999949, 0.0 ], [ 119.924305709, -0.724507412999936, 0.0 ], [ 119.924254006000083, -0.72465858199992, 0.0 ], [ 119.924212694000033, -0.724854041999928, 0.0 ], [ 119.924173490000086, -0.725231199999959, 0.0 ], [ 119.924157560000012, -0.725367048999919, 0.0 ], [ 119.924107277000104, -0.725461478999916, 0.0 ], [ 119.924056980000032, -0.725532884999962, 0.0 ], [ 119.924008950000058, -0.72557435799993, 0.0 ], [ 119.923956339000057, -0.725604323999923, 0.0 ], [ 119.923862534000023, -0.725634315, 0.0 ], [ 119.923647453000072, -0.725668990999944, 0.0 ], [ 119.923517014000026, -0.725664469999925, 0.0 ], [ 119.923368260000075, -0.725648451999932, 0.0 ], [ 119.923157679000056, -0.725563402, 0.0 ], [ 119.923016716000021, -0.725477801999935, 0.0 ], [ 119.922962243000043, -0.725457290999925, 0.0 ], [ 119.922846491000058, -0.725411706999973, 0.0 ], [ 119.922755694000102, -0.725359256999985, 0.0 ], [ 119.922596778000099, -0.725231512999896, 0.0 ], [ 119.922413890000058, -0.725081913999952, 0.0 ], [ 119.922343680000026, -0.725037828999946, 0.0 ], [ 119.922262204000035, -0.725013923999922, 0.0 ], [ 119.922195781000042, -0.725012706, 0.0 ], [ 119.922113069000048, -0.725016542999962, 0.0 ], [ 119.922051671000119, -0.725032974999989, 0.0 ], [ 119.921979002000057, -0.725064544999936, 0.0 ], [ 119.921932656000124, -0.725098619999914, 0.0 ], [ 119.921897605999973, -0.725165471999938, 0.0 ], [ 119.921840036, -0.725290340999967, 0.0 ], [ 119.921534664000063, -0.726189977999974, 0.0 ], [ 119.921336104000062, -0.726564191999939, 0.0 ], [ 119.92122022900007, -0.726782004999931, 0.0 ], [ 119.921160035000057, -0.726851630999919, 0.0 ], [ 119.92106413700003, -0.726910055999957, 0.0 ], [ 119.920836630000039, -0.727004483999954, 0.0 ], [ 119.920479713000077, -0.72708777, 0.0 ], [ 119.920139061000143, -0.727162796, 0.0 ], [ 119.919874973000134, -0.727256184999908, 0.0 ], [ 119.919746885000109, -0.727329651999947, 0.0 ], [ 119.919666099000082, -0.727383254999941, 0.0 ], [ 119.919553802000124, -0.727486461999954, 0.0 ], [ 119.919447448000028, -0.727631314999948, 0.0 ], [ 119.919372638000056, -0.727786065999963, 0.0 ], [ 119.91933605900013, -0.727909673999887, 0.0 ], [ 119.919303051000071, -0.728041124999928, 0.0 ], [ 119.919275295000077, -0.728212879999928, 0.0 ], [ 119.919255334000027, -0.729014281999978, 0.0 ], [ 119.919223836, -0.729148473999979, 0.0 ], [ 119.919157265000081, -0.729310932999921, 0.0 ], [ 119.919097677000124, -0.729420425999921, 0.0 ], [ 119.918985445000075, -0.729522893999961, 0.0 ], [ 119.91881354300007, -0.729607743999965, 0.0 ], [ 119.918150467, -0.729890640999924, 0.0 ], [ 119.917594101000063, -0.730172805999912, 0.0 ], [ 119.917124471000108, -0.730386677999933, 0.0 ], [ 119.916947027000077, -0.730421804999908, 0.0 ], [ 119.91673477400002, -0.730446452, 0.0 ], [ 119.916209337000069, -0.730460799999937, 0.0 ], [ 119.915830039000028, -0.730457546999935, 0.0 ], [ 119.915614324000131, -0.730503200999982, 0.0 ], [ 119.915356880000147, -0.7305979, 0.0 ], [ 119.915095975000142, -0.73072060799994, 0.0 ], [ 119.914894230000058, -0.730850280000011, 0.0 ], [ 119.914730778000035, -0.731000933999953, 0.0 ], [ 119.914511669000021, -0.731183133999929, 0.0 ], [ 119.913785128000129, -0.731706699, 0.0 ], [ 119.913496580000057, -0.731967024999951, 0.0 ], [ 119.913208035999986, -0.732240358999919, 0.0 ], [ 119.91263518, -0.732665625999934, 0.0 ], [ 119.911984728000107, -0.733038914999911, 0.0 ], [ 119.911576109000052, -0.733191771999946, 0.0 ], [ 119.911430846000016, -0.733221960999957, 0.0 ], [ 119.911289868000082, -0.73326934299997, 0.0 ], [ 119.911195907000121, -0.733338190999982, 0.0 ], [ 119.911136139000064, -0.733424214, 0.0 ], [ 119.91110202600008, -0.733531714, 0.0 ], [ 119.91110223200009, -0.733849850999951, 0.0 ], [ 119.91103833300005, -0.734150832999985, 0.0 ], [ 119.910974314000086, -0.734266951999912, 0.0 ], [ 119.910897474000123, -0.734383078999928, 0.0 ], [ 119.910782141999988, -0.73444334199994, 0.0 ], [ 119.910585632000078, -0.734516555999958, 0.0 ], [ 119.910307922000015, -0.734568328999979, 0.0 ], [ 119.9100857560001, -0.734615764999907, 0.0 ], [ 119.909773872000059, -0.73468475600002, 0.0 ], [ 119.909483375, -0.734788125999957, 0.0 ], [ 119.90925267100009, -0.734844166999975, 0.0 ], [ 119.908833932000093, -0.734865936999912, 0.0 ], [ 119.908365180000033, -0.734888374, 0.0 ], [ 119.908122700000035, -0.734931590999926, 0.0 ], [ 119.907856458000126, -0.734998743999975, 0.0 ], [ 119.907556968000122, -0.735123328999981, 0.0 ], [ 119.907461909000077, -0.735185586999892, 0.0 ], [ 119.907381145000059, -0.735300459999982, 0.0 ], [ 119.907357439000052, -0.735405726999899, 0.0 ], [ 119.907379995000042, -0.73605889199994, 0.0 ], [ 119.907317139000085, -0.736312558999968, 0.0 ], [ 119.907094682000064, -0.736646646999899, 0.0 ], [ 119.906826023000036, -0.737001898999983, 0.0 ], [ 119.906527870000062, -0.737221903999979, 0.0 ], [ 119.906229669, -0.737374276999974, 0.0 ], [ 119.905721383000042, -0.737501423999925, 0.0 ], [ 119.905478479000095, -0.737574001999979, 0.0 ], [ 119.90483290300007, -0.737817535999968, 0.0 ], [ 119.904541344000094, -0.737914132999967, 0.0 ], [ 119.904241448000064, -0.738002350999983, 0.0 ], [ 119.904038675999985, -0.738035280999954, 0.0 ], [ 119.903880833999978, -0.738080767999987, 0.0 ], [ 119.903800908000122, -0.738134452999899, 0.0 ], [ 119.903661534000136, -0.73820674399993, 0.0 ], [ 119.903639828000109, -0.738193869999931, 0.0 ], [ 119.903624835000116, -0.738177801999933, 0.0 ], [ 119.90361083400002, -0.738154699999976, 0.0 ], [ 119.903605826000145, -0.738133097999965, 0.0 ], [ 119.903606912000143, -0.738117807999943, 0.0 ], [ 119.903622857000045, -0.738013115999896, 0.0 ], [ 119.903617542000049, -0.737914856999938, 0.0 ], [ 119.903596701000097, -0.737805222999926, 0.0 ], [ 119.903559557000136, -0.737719707999956, 0.0 ], [ 119.90352711200002, -0.737654500999978, 0.0 ], [ 119.903481045000035, -0.737567562999979, 0.0 ], [ 119.903448136000065, -0.73750661299991, 0.0 ], [ 119.903360245000073, -0.737354953999974, 0.0 ], [ 119.903330609000022, -0.737275567999978, 0.0 ], [ 119.90331412500008, -0.737200429999978, 0.0 ], [ 119.903314074999983, -0.73712338299991, 0.0 ], [ 119.903326712000052, -0.737052011999955, 0.0 ], [ 119.903352492000053, -0.736985347999946, 0.0 ], [ 119.903383891000075, -0.736904503999918, 0.0 ], [ 119.903399334000028, -0.736827455999938, 0.0 ], [ 119.903407742000013, -0.736755129999905, 0.0 ], [ 119.903414275000017, -0.73669651999994, 0.0 ], [ 119.903424521000062, -0.736565117999904, 0.0 ], [ 119.90342541800014, -0.736495641999928, 0.0 ], [ 119.903423490999984, -0.73641670799997, 0.0 ], [ 119.903414502000032, -0.736312732999982, 0.0 ], [ 119.903413037000092, -0.736227184, 0.0 ], [ 119.903419070000055, -0.736117523999907, 0.0 ], [ 119.903431685000129, -0.736024404000018, 0.0 ], [ 119.903449942000037, -0.735943098999952, 0.0 ], [ 119.903502901999971, -0.735794653999926, 0.0 ], [ 119.903542736000077, -0.735682134999943, 0.0 ], [ 119.903576948000065, -0.735578609, 0.0 ], [ 119.903598483000067, -0.735484064999985, 0.0 ], [ 119.903600795000088, -0.735422141999925, 0.0 ], [ 119.903597441000073, -0.735317222999948, 0.0 ], [ 119.90357433500003, -0.735174022999912, 0.0 ], [ 119.903535767000122, -0.735064392999989, 0.0 ], [ 119.903498632000066, -0.734993992999938, 0.0 ], [ 119.903468063000119, -0.734914607999942, 0.0 ], [ 119.903456279000025, -0.734846551, 0.0 ], [ 119.903445434000105, -0.734774245999963, 0.0 ], [ 119.90342096300003, -0.734686354999974, 0.0 ], [ 119.903386635000032, -0.734609808999947, 0.0 ], [ 119.903352789000081, -0.73454460299997, 0.0 ], [ 119.903323173000118, -0.734493101999972, 0.0 ], [ 119.903227791000035, -0.734377842999939, 0.0 ], [ 119.903192530000055, -0.734316414, 0.0 ], [ 119.90315915100004, -0.734250268999952, 0.0 ], [ 119.90313562200005, -0.734160957999935, 0.0 ], [ 119.903126642000103, -0.734071629, 0.0 ], [ 119.903113916000038, -0.73399034399994, 0.0 ], [ 119.903087106000029, -0.733922774999945, 0.0 ], [ 119.903032576000143, -0.733822135999967, 0.0 ], [ 119.902927332000132, -0.733707821999923, 0.0 ], [ 119.902785473000122, -0.733603463999904, 0.0 ], [ 119.902652531000044, -0.733506182999937, 0.0 ], [ 119.902542612000019, -0.7334230729999, 0.0 ], [ 119.90245553200009, -0.733345949999913, 0.0 ], [ 119.902405475000037, -0.733272809, 0.0 ], [ 119.9023826560001, -0.733135622999919, 0.0 ], [ 119.902403030000102, -0.733007555999981, 0.0 ], [ 119.902468842000033, -0.732836011999909, 0.0 ], [ 119.902542482000086, -0.732719838999978, 0.0 ], [ 119.902669517000035, -0.732648474999936, 0.0 ], [ 119.902796551000066, -0.732577109999982, 0.0 ], [ 119.90296251700012, -0.7324816579999, 0.0 ], [ 119.903008703000026, -0.73242251699998, 0.0 ], [ 119.903021205000087, -0.732390116999964, 0.0 ], [ 119.903021187, -0.73236132499998, 0.0 ], [ 119.903008639000021, -0.732323540999962, 0.0 ], [ 119.902976415000026, -0.732287571999917, 0.0 ], [ 119.902867243000046, -0.732212061999975, 0.0 ], [ 119.90273303000005, -0.732143766, 0.0 ], [ 119.902644995000045, -0.732091390999939, 0.0 ], [ 119.902466980000057, -0.731957797999899, 0.0 ], [ 119.902356965000109, -0.731884793999898, 0.0 ], [ 119.902246951000066, -0.731811789999897, 0.0 ], [ 119.902119637000098, -0.731734757999918, 0.0 ], [ 119.901992323000044, -0.73165772699994, 0.0 ], [ 119.901854508000014, -0.731582874999964, 0.0 ], [ 119.901716693999973, -0.731508023999899, 0.0 ], [ 119.901613480000051, -0.731444655999985, 0.0 ], [ 119.901510266000045, -0.731381288999982, 0.0 ], [ 119.901379221000028, -0.731260107, 0.0 ], [ 119.901294166000099, -0.731079584999977, 0.0 ], [ 119.901224112, -0.730929801999929, 0.0 ], [ 119.901152673000027, -0.730817833999902, 0.0 ], [ 119.901081722000114, -0.730724767999929, 0.0 ], [ 119.900968012000021, -0.730594384999977, 0.0 ], [ 119.900849156000049, -0.730486224999909, 0.0 ], [ 119.900708247000026, -0.730406910999919, 0.0 ], [ 119.900614789000116, -0.730378148999938, 0.0 ], [ 119.900448571000126, -0.730359823999931, 0.0 ], [ 119.900328369000036, -0.730350441999954, 0.0 ], [ 119.900196446000137, -0.730371327999906, 0.0 ], [ 119.900085657000119, -0.730400701999939, 0.0 ], [ 119.899880988000064, -0.730469370999936, 0.0 ], [ 119.899715301000029, -0.730550771999921, 0.0 ], [ 119.899613916, -0.730603777999955, 0.0 ], [ 119.899541629000041, -0.73063927099996, 0.0 ], [ 119.899469805000052, -0.730655861999912, 0.0 ], [ 119.89937356100009, -0.730661598999943, 0.0 ], [ 119.89928340600008, -0.730660708999958, 0.0 ], [ 119.899163672000128, -0.73065322399996, 0.0 ], [ 119.899064136000149, -0.730649502999919, 0.0 ], [ 119.898934539, -0.73064439199994, 0.0 ], [ 119.898852365000039, -0.730632156999905, 0.0 ], [ 119.898739652000032, -0.730586382999936, 0.0 ], [ 119.898593115999986, -0.730509439999965, 0.0 ], [ 119.898533944000064, -0.730489627999924, 0.0 ], [ 119.898448470000105, -0.730466995, 0.0 ], [ 119.898335310000064, -0.730452411999954, 0.0 ], [ 119.898240463000121, -0.730454840999888, 0.0 ], [ 119.898147509000069, -0.730470027, 0.0 ], [ 119.898052685000039, -0.730492776999919, 0.0 ], [ 119.897961614000138, -0.730518831999943, 0.0 ], [ 119.897849412000014, -0.73054253299995, 0.0 ], [ 119.897735794000027, -0.730554425999957, 0.0 ], [ 119.897626866000067, -0.730560640999938, 0.0 ], [ 119.897539063000082, -0.730559748999953, 0.0 ], [ 119.89736815600007, -0.73055087899993, 0.0 ], [ 119.897250287, -0.730526847999984, 0.0 ], [ 119.897144610000041, -0.730479659999988, 0.0 ], [ 119.897076037000062, -0.730441411999932, 0.0 ], [ 119.896991969000027, -0.730399874999959, 0.0 ], [ 119.896923864000073, -0.730364941999911, 0.0 ], [ 119.896829944000032, -0.730343732999932, 0.0 ], [ 119.896716313000042, -0.730335773999984, 0.0 ], [ 119.896605043999983, -0.730343408999905, 0.0 ], [ 119.896501299000107, -0.73036900299998, 0.0 ], [ 119.896396617000065, -0.730403569, 0.0 ], [ 119.896253449000028, -0.730471258, 0.0 ], [ 119.896167089000073, -0.7305086489999, 0.0 ], [ 119.896056306000148, -0.730547953999954, 0.0 ], [ 119.895955375000057, -0.730581098999943, 0.0 ], [ 119.895860550000023, -0.730603378999922, 0.0 ], [ 119.895744113000077, -0.730615272999929, 0.0 ], [ 119.895629081000067, -0.730620073999971, 0.0 ], [ 119.895527189000063, -0.730611157999943, 0.0 ], [ 119.895418717000069, -0.730586182, 0.0 ], [ 119.895282523000077, -0.730539474999963, 0.0 ], [ 119.895213960000092, -0.730518718999933, 0.0 ], [ 119.895121921000026, -0.73050460199992, 0.0 ], [ 119.895010643000049, -0.73049947899994, 0.0 ], [ 119.894906882000086, -0.730499545999946, 0.0 ], [ 119.894813444000079, -0.730503852999947, 0.0 ], [ 119.894710628000098, -0.730521882999929, 0.0 ], [ 119.894640212000041, -0.730536584999902, 0.0 ], [ 119.894569324000045, -0.730557421999938, 0.0 ], [ 119.894475906000039, -0.730576394, 0.0 ], [ 119.894413454000116, -0.730579742, 0.0 ], [ 119.894317203000057, -0.730576496999918, 0.0 ], [ 119.894206850000074, -0.730558136, 0.0 ], [ 119.894044833000081, -0.730500574999942, 0.0 ], [ 119.893952286000058, -0.730421698999988, 0.0 ], [ 119.893874765000035, -0.730344710999924, 0.0 ], [ 119.893832016000047, -0.730308342999935, 0.0 ], [ 119.893736661000062, -0.730246013999929, 0.0 ], [ 119.893654930000054, -0.730196912999952, 0.0 ], [ 119.893550668000131, -0.730157747, 0.0 ], [ 119.893419654000041, -0.730128529999979, 0.0 ], [ 119.893278324000065, -0.730121057999982, 0.0 ], [ 119.893164708000086, -0.730139094999965, 0.0 ], [ 119.892877395000028, -0.730140616, 0.0 ], [ 119.892722522000085, -0.730140715999921, 0.0 ], [ 119.892517680000111, -0.730125772999928, 0.0 ], [ 119.892322802000052, -0.730065591999923, 0.0 ], [ 119.89210792300004, -0.729980295999971, 0.0 ], [ 119.891928009999987, -0.729884926999985, 0.0 ], [ 119.891748100000115, -0.72979458399997, 0.0 ], [ 119.891543236000032, -0.729744459999909, 0.0 ], [ 119.891398345000127, -0.729729477, 0.0 ], [ 119.891233480000082, -0.729729583999921, 0.0 ], [ 119.891068621000031, -0.729739740999962, 0.0 ], [ 119.890942702000089, -0.729786642999935, 0.0 ], [ 119.890833794000045, -0.729825299999936, 0.0 ], [ 119.890809236000152, -0.729895197999946, 0.0 ], [ 119.890791090000064, -0.729970512999961, 0.0 ], [ 119.890767211000039, -0.73005160599992, 0.0 ], [ 119.890737953000112, -0.730141855999927, 0.0 ], [ 119.890682761000079, -0.730255534, 0.0 ], [ 119.890647069000053, -0.73030542499996, 0.0 ], [ 119.890603291000076, -0.73034446, 0.0 ], [ 119.890549733000086, -0.730375703999913, 0.0 ], [ 119.89046549800004, -0.730396450999942, 0.0 ], [ 119.890382592000023, -0.730389383999979, 0.0 ], [ 119.890287216000033, -0.730365356999945, 0.0 ], [ 119.890127450000051, -0.73030474, 0.0 ], [ 119.890065077000031, -0.73026509599991, 0.0 ], [ 119.88996293400011, -0.730200366999972, 0.0 ], [ 119.889916066000055, -0.730151207, 0.0 ], [ 119.889862452000145, -0.730106126, 0.0 ], [ 119.889802102000132, -0.730059017, 0.0 ], [ 119.889735361000021, -0.730023440999988, 0.0 ], [ 119.889658852, -0.729998045999929, 0.0 ], [ 119.889575273000105, -0.729992669999929, 0.0 ], [ 119.889482940000093, -0.729995105999953, 0.0 ], [ 119.889375123000065, -0.730014855999988, 0.0 ], [ 119.889248110000025, -0.730066838999937, 0.0 ], [ 119.88917063400001, -0.73010183, 0.0 ], [ 119.889089762999987, -0.730120532999939, 0.0 ], [ 119.889016648000066, -0.730124988999952, 0.0 ], [ 119.888941502000065, -0.73012640199998, 0.0 ], [ 119.888834335000084, -0.730121718999948, 0.0 ], [ 119.888738968000098, -0.730111940999938, 0.0 ], [ 119.888615277000071, -0.73009573799993, 0.0 ], [ 119.888553607000034, -0.730087302999943, 0.0 ], [ 119.888468682000024, -0.730082604999909, 0.0 ], [ 119.888372991000097, -0.730098615, 0.0 ], [ 119.88829482600012, -0.730124100999967, 0.0 ], [ 119.888192423000078, -0.730173014999929, 0.0 ], [ 119.888130781000129, -0.730222587999945, 0.0 ], [ 119.888080257000041, -0.730253830999954, 0.0 ], [ 119.888029384000092, -0.730271157999967, 0.0 ], [ 119.887955595000108, -0.730287830999925, 0.0 ], [ 119.887865289000018, -0.730292977, 0.0 ], [ 119.887725115000052, -0.730312060999976, 0.0 ], [ 119.887646951000065, -0.730339254999917, 0.0 ], [ 119.887590357, -0.730365747999977, 0.0 ], [ 119.887546908000132, -0.730398340999921, 0.0 ], [ 119.887519983000047, -0.730446870999939, 0.0 ], [ 119.887501814000046, -0.730501161, 0.0 ], [ 119.887460798000035, -0.730648405999917, 0.0 ], [ 119.887438703000072, -0.730753239999975, 0.0 ], [ 119.887404800000013, -0.730864274999925, 0.0 ], [ 119.88736223500004, -0.730961011999936, 0.0 ], [ 119.88732704300007, -0.731007985, 0.0 ], [ 119.887276406000055, -0.731043780999945, 0.0 ], [ 119.887220515000038, -0.731061851999931, 0.0 ], [ 119.887124452000094, -0.731072793999948, 0.0 ], [ 119.887007994000129, -0.73106602900001, 0.0 ], [ 119.886835610000077, -0.731038779999976, 0.0 ], [ 119.886619335000134, -0.730971748999936, 0.0 ], [ 119.886543950000018, -0.73095003, 0.0 ], [ 119.886449117000083, -0.73094853799997, 0.0 ], [ 119.886391977000059, -0.730963501999964, 0.0 ], [ 119.886335778000117, -0.730991521999973, 0.0 ], [ 119.886286682000133, -0.731024208999925, 0.0 ], [ 119.886231107000071, -0.731058760999941, 0.0 ], [ 119.886175214000062, -0.731086157999899, 0.0 ], [ 119.886098924000052, -0.73111170599997, 0.0 ], [ 119.885991759999982, -0.731139758999982, 0.0 ], [ 119.885878098, -0.731170617999959, 0.0 ], [ 119.885744994000078, -0.731212683999976, 0.0 ], [ 119.885654512000059, -0.731250990999948, 0.0 ], [ 119.885565880000101, -0.731288058999906, 0.0 ], [ 119.885483425000118, -0.731327914999918, 0.0 ], [ 119.88536515700001, -0.731383027999948, 0.0 ], [ 119.885309883193585, -0.731402006033759, 0.0 ], [ 119.893936035000038, -0.721158450999953, 0.0 ], [ 119.897356910000198, -0.713746555999888, 0.0 ], [ 119.901918076000115, -0.708045097999948, 0.0 ], [ 119.902015798647255, -0.707830108203671, 0.0 ], [ 119.902037469000135, -0.707814388999955, 0.0 ], [ 119.902146768000122, -0.707729746999968, 0.0 ], [ 119.902280153000149, -0.707635755999918, 0.0 ], [ 119.902393160000088, -0.707566028999922, 0.0 ], [ 119.902537072000086, -0.707512455999931, 0.0 ], [ 119.902663090000033, -0.707493717999979, 0.0 ], [ 119.902836713000099, -0.70752843199992, 0.0 ], [ 119.902951032000061, -0.707576871999931, 0.0 ], [ 119.903137040000075, -0.707666306999959, 0.0 ], [ 119.903289669000102, -0.707717208, 0.0 ], [ 119.903440415000134, -0.707725814, 0.0 ], [ 119.903562108000074, -0.707709572999898, 0.0 ], [ 119.903688732000077, -0.707670313999936, 0.0 ], [ 119.903873409000084, -0.707612360999937, 0.0 ], [ 119.904029080000086, -0.707595781999897, 0.0 ], [ 119.904184752000077, -0.707579202999947, 0.0 ], [ 119.904345389000056, -0.707590919999939, 0.0 ], [ 119.904527683000126, -0.707669784999981, 0.0 ], [ 119.904687136, -0.707767322999969, 0.0 ], [ 119.904813211000032, -0.707841244999956, 0.0 ], [ 119.90492813400013, -0.707862938999975, 0.0 ], [ 119.905112842000136, -0.707856605999984, 0.0 ], [ 119.905257399000106, -0.707842211999948, 0.0 ], [ 119.905393271000065, -0.707781180999961, 0.0 ], [ 119.905480951000044, -0.707700898999979, 0.0 ], [ 119.90554636500012, -0.707598239999923, 0.0 ], [ 119.90558213500006, -0.707498717999949, 0.0 ], [ 119.905612026000043, -0.707379293000015, 0.0 ], [ 119.90564191700004, -0.707259868999904, 0.0 ], [ 119.905674565000069, -0.707104996999968, 0.0 ], [ 119.905714019000044, -0.706969392999939, 0.0 ], [ 119.905756581000105, -0.706865510999959, 0.0 ], [ 119.905837429000044, -0.706733928999908, 0.0 ], [ 119.905918277000069, -0.706602345999945, 0.0 ], [ 119.9060281510001, -0.706460481999931, 0.0 ], [ 119.906161522000033, -0.706344100999983, 0.0 ], [ 119.906317744, -0.70622522, 0.0 ], [ 119.906468437000029, -0.706151114999914, 0.0 ], [ 119.906623453000066, -0.706071413999981, 0.0 ], [ 119.906745420000121, -0.705997023999954, 0.0 ], [ 119.906867385000083, -0.705922633999927, 0.0 ], [ 119.906963082000104, -0.705816225, 0.0 ], [ 119.907061809000098, -0.705632703999919, 0.0 ], [ 119.907112369000018, -0.705472841999926, 0.0 ], [ 119.90714873, -0.705328538999977, 0.0 ], [ 119.907186956000061, -0.705209732999917, 0.0 ], [ 119.907231988000063, -0.705094654999899, 0.0 ], [ 119.907300489000036, -0.704975820999925, 0.0 ], [ 119.907371785, -0.704883427999919, 0.0 ], [ 119.907443080000021, -0.704791035, 0.0 ], [ 119.907537551000033, -0.704711678999919, 0.0 ], [ 119.907632021000026, -0.704632322999926, 0.0 ], [ 119.90774720000006, -0.704570682999888, 0.0 ], [ 119.907862379000079, -0.704509041999939, 0.0 ], [ 119.908059398000134, -0.70442186, 0.0 ], [ 119.9082416010001, -0.704355199, 0.0 ], [ 119.90840404000005, -0.70429197399992, 0.0 ], [ 119.908566481000079, -0.704228749000018, 0.0 ], [ 119.90867642000002, -0.704185146999963, 0.0 ], [ 119.908786360000065, -0.704141543999908, 0.0 ], [ 119.908968538000039, -0.704035704999944, 0.0 ], [ 119.909113646000051, -0.703928650999968, 0.0 ], [ 119.909219840000134, -0.703816018999886, 0.0 ], [ 119.909328491000153, -0.703684726999947, 0.0 ], [ 119.909447327000038, -0.703548765999889, 0.0 ], [ 119.909566162, -0.703412805999919, 0.0 ], [ 119.909665253000043, -0.703309200999962, 0.0 ], [ 119.909764344000152, -0.703205594999917, 0.0 ], [ 119.909915609000151, -0.703055618999942, 0.0 ], [ 119.910092226000103, -0.702941080999969, 0.0 ], [ 119.910195054000084, -0.702886287999965, 0.0 ], [ 119.910297884000073, -0.702831495999961, 0.0 ], [ 119.910410925000093, -0.702812765999921, 0.0 ], [ 119.910523967000032, -0.70279403699997, 0.0 ], [ 119.910721036000083, -0.702789566999956, 0.0 ], [ 119.910851695000062, -0.702787306999946, 0.0 ], [ 119.910982353000037, -0.702785047999937, 0.0 ], [ 119.911124434000072, -0.702776247999919, 0.0 ], [ 119.911256618999985, -0.702731393999938, 0.0 ], [ 119.911381354000014, -0.702643001999908, 0.0 ], [ 119.91147149600009, -0.70255214799994, 0.0 ], [ 119.911546795000021, -0.702440781999963, 0.0 ], [ 119.911625176000015, -0.702317596999896, 0.0 ], [ 119.911712809000079, -0.702176993999986, 0.0 ], [ 119.911788120000097, -0.702082416999888, 0.0 ], [ 119.911900501000062, -0.701987193, 0.0 ], [ 119.91198819000013, -0.701924331999953, 0.0 ], [ 119.912120348000045, -0.701851797, 0.0 ], [ 119.912252507000062, -0.70177926299994, 0.0 ], [ 119.912418029000079, -0.701707633999964, 0.0 ], [ 119.912594679000122, -0.701645963999924, 0.0 ], [ 119.912772578000016, -0.701617859999908, 0.0 ], [ 119.912942462000032, -0.701604073999922, 0.0 ], [ 119.913117922000069, -0.701622621999947, 0.0 ], [ 119.913263741000065, -0.701649889999983, 0.0 ], [ 119.91339658800004, -0.701690231999946, 0.0 ], [ 119.913529436000104, -0.701730573999908, 0.0 ], [ 119.913730878999985, -0.701804447999981, 0.0 ], [ 119.913935402000121, -0.701865887999913, 0.0 ], [ 119.914133716, -0.701888152999979, 0.0 ], [ 119.914361688000128, -0.701897968, 0.0 ], [ 119.914553209, -0.701907794999917, 0.0 ], [ 119.914778091000031, -0.701928796999967, 0.0 ], [ 119.91494367500006, -0.701958546999942, 0.0 ], [ 119.915076521000032, -0.701996398999965, 0.0 ], [ 119.915209367000102, -0.702034250999899, 0.0 ], [ 119.915395361000037, -0.702105026999982, 0.0 ], [ 119.915533168999985, -0.702168992999946, 0.0 ], [ 119.915703705000055, -0.702224236999898, 0.0 ], [ 119.915927980000149, -0.702248971, 0.0 ], [ 119.916073155000078, -0.702247325999943, 0.0 ], [ 119.916218332000099, -0.702245680999985, 0.0 ], [ 119.916340967000124, -0.702253378999911, 0.0 ], [ 119.916463603000054, -0.702261076999926, 0.0 ], [ 119.916689333999983, -0.702363670999977, 0.0 ], [ 119.91682205100004, -0.702505091999955, 0.0 ], [ 119.916930705999974, -0.702731429999941, 0.0 ], [ 119.916991115000087, -0.702929496999987, 0.0 ], [ 119.917003285000121, -0.703111422999941, 0.0 ], [ 119.916987321000036, -0.703293365999984, 0.0 ], [ 119.916955285000057, -0.70347936199992, 0.0 ], [ 119.916826887000084, -0.703810653999975, 0.0 ], [ 119.916733089000147, -0.703981103999956, 0.0 ], [ 119.916677552, -0.704082196999972, 0.0 ], [ 119.916622015000016, -0.704183289999987, 0.0 ], [ 119.916560920000023, -0.704288741, 0.0 ], [ 119.916499825000116, -0.70439419199994, 0.0 ], [ 119.916435021000083, -0.704495601999982, 0.0 ], [ 119.916370217000051, -0.704597012999935, 0.0 ], [ 119.916290598000032, -0.704705894999973, 0.0 ], [ 119.916185022, -0.704815417999976, 0.0 ], [ 119.916085015, -0.70493053, 0.0 ], [ 119.916004757000096, -0.705022616999978, 0.0 ], [ 119.915913394000086, -0.705124043999932, 0.0 ], [ 119.915766468000015, -0.705293298999903, 0.0 ], [ 119.915675118000095, -0.705430796, 0.0 ], [ 119.915552912000109, -0.705614953999961, 0.0 ], [ 119.91566357000012, -0.70573863399998, 0.0 ], [ 119.915747672000052, -0.705867942999932, 0.0 ], [ 119.915812610000103, -0.705981397, 0.0 ], [ 119.915877548000054, -0.706094850999966, 0.0 ], [ 119.915949600000062, -0.706223538999955, 0.0 ], [ 119.916021652000083, -0.706352226999945, 0.0 ], [ 119.916083489000044, -0.706450131999963, 0.0 ], [ 119.916145326000091, -0.706548037999893, 0.0 ], [ 119.916196667, -0.706649067999903, 0.0 ], [ 119.916248008000068, -0.706750097999914, 0.0 ], [ 119.916288533000042, -0.706850817999987, 0.0 ], [ 119.916329059000105, -0.706951537999972, 0.0 ], [ 119.91639652100001, -0.707139930999928, 0.0 ], [ 119.916444202000136, -0.70733019799995, 0.0 ], [ 119.916494374000109, -0.707542229, 0.0 ], [ 119.916553195, -0.707747423999921, 0.0 ], [ 119.916604611, -0.707967541999926, 0.0 ], [ 119.916611126, -0.708095545999948, 0.0 ], [ 119.916617642, -0.708223549999969, 0.0 ], [ 119.916775312, -0.708169860999968, 0.0 ], [ 119.91690671400012, -0.708137203999931, 0.0 ], [ 119.91703408, -0.708124572999951, 0.0 ], [ 119.917161446000065, -0.708111941999972, 0.0 ], [ 119.917328563000027, -0.708080627999957, 0.0 ], [ 119.917474776000049, -0.708034408999952, 0.0 ], [ 119.917605483000116, -0.707965800999959, 0.0 ], [ 119.917703154000023, -0.707892469999932, 0.0 ], [ 119.917781957000059, -0.707812364999965, 0.0 ], [ 119.91787961100006, -0.707710536999977, 0.0 ], [ 119.917973897000053, -0.70760464399992, 0.0 ], [ 119.918111296000049, -0.707460052999947, 0.0 ], [ 119.918223787000116, -0.707371107999959, 0.0 ], [ 119.918364223000012, -0.707246185000015, 0.0 ], [ 119.918504660000082, -0.707121261999893, 0.0 ], [ 119.918624557000058, -0.707020105999961, 0.0 ], [ 119.918751888000116, -0.706936572999977, 0.0 ], [ 119.91890212600002, -0.706855067999895, 0.0 ], [ 119.919015988000027, -0.706806827999989, 0.0 ], [ 119.919129851000122, -0.706758588, 0.0 ], [ 119.919306385999988, -0.706689272999943, 0.0 ], [ 119.919509876000035, -0.706634867999972, 0.0 ], [ 119.919676973, -0.706573031999918, 0.0 ], [ 119.919812388000111, -0.706499668999887, 0.0 ], [ 119.919932294000077, -0.706397834999988, 0.0 ], [ 119.920059564000127, -0.706232215999963, 0.0 ], [ 119.920081034000049, -0.70608905299993, 0.0 ], [ 119.920076246, -0.705966263999896, 0.0 ], [ 119.920043822999986, -0.705846879999966, 0.0 ], [ 119.919993883000117, -0.705747177999976, 0.0 ], [ 119.91993519100005, -0.705646803999931, 0.0 ], [ 119.919886609000031, -0.705552540999948, 0.0 ], [ 119.919858904000051, -0.705440617999924, 0.0 ], [ 119.91985075, -0.705334104, 0.0 ], [ 119.919866156000026, -0.705181109999947, 0.0 ], [ 119.919881560999968, -0.7050281159999, 0.0 ], [ 119.919932021999969, -0.704883578999931, 0.0 ], [ 119.919982509000064, -0.704794674999947, 0.0 ], [ 119.920086917000091, -0.704713189999955, 0.0 ], [ 119.920204812000065, -0.704639846999926, 0.0 ], [ 119.92032270600005, -0.704566503999986, 0.0 ], [ 119.920527539000133, -0.704492427999986, 0.0 ], [ 119.920753303000069, -0.704490929999951, 0.0 ], [ 119.92091981600008, -0.70457155699996, 0.0 ], [ 119.920987955000115, -0.704678023999977, 0.0 ], [ 119.921013630000019, -0.704787914999921, 0.0 ], [ 119.921020456000051, -0.704924273999923, 0.0 ], [ 119.921027282000082, -0.705060632999926, 0.0 ], [ 119.921068492000032, -0.705223425999984, 0.0 ], [ 119.92116493600011, -0.705340057999953, 0.0 ], [ 119.921297077000119, -0.705413920999936, 0.0 ], [ 119.921435243, -0.705433512999958, 0.0 ], [ 119.921541722000015, -0.705419873999984, 0.0 ], [ 119.921656260000077, -0.705375708999972, 0.0 ], [ 119.921782240000113, -0.705300995999918, 0.0 ], [ 119.921893384000072, -0.705212052999931, 0.0 ], [ 119.922032134, -0.705074246999986, 0.0 ], [ 119.922135182, -0.704970381999919, 0.0 ], [ 119.92224664, -0.704845477999887, 0.0 ], [ 119.922358097999975, -0.704720573999944, 0.0 ], [ 119.922500210000095, -0.704578021999962, 0.0 ], [ 119.922630187000109, -0.704434790999924, 0.0 ], [ 119.922722441000019, -0.704307866, 0.0 ], [ 119.922811331000091, -0.704199257999976, 0.0 ], [ 119.922915722000113, -0.704091325999928, 0.0 ], [ 119.92300731900005, -0.703990857999964, 0.0 ], [ 119.923126541000144, -0.703886982999984, 0.0 ], [ 119.923289556000128, -0.703754582999954, 0.0 ], [ 119.923416896, -0.703703623999912, 0.0 ], [ 119.923615682000118, -0.703661437999886, 0.0 ], [ 119.92379092000013, -0.703686428, 0.0 ], [ 119.923935176000086, -0.703744678999934, 0.0 ], [ 119.92411517400005, -0.703832759999939, 0.0 ], [ 119.924269535000036, -0.703886938999981, 0.0 ], [ 119.92438882600004, -0.70389432699997, 0.0 ], [ 119.924538435000073, -0.703884058, 0.0 ], [ 119.924673876, -0.703852764, 0.0 ], [ 119.924820777000079, -0.703818751999934, 0.0 ], [ 119.92495824, -0.703792877999925, 0.0 ], [ 119.925061347000096, -0.703783995, 0.0 ], [ 119.925272283000041, -0.70376825700002, 0.0 ], [ 119.925475157000051, -0.703793915999922, 0.0 ], [ 119.925670633000053, -0.703858919999972, 0.0 ], [ 119.925815582000055, -0.703948378999913, 0.0 ], [ 119.925986150000043, -0.704040530999988, 0.0 ], [ 119.926110179, -0.704075058999914, 0.0 ], [ 119.926252376000136, -0.704069538999901, 0.0 ], [ 119.926394553, -0.70403077699998, 0.0 ], [ 119.926491570000039, -0.703987977999903, 0.0 ], [ 119.926581178000077, -0.703950604999919, 0.0 ], [ 119.926699109000069, -0.703936967999946, 0.0 ], [ 119.926833226000056, -0.703942986999911, 0.0 ], [ 119.926967344000147, -0.703949005999965, 0.0 ], [ 119.927169557000084, -0.70400858399992, 0.0 ], [ 119.927336055000097, -0.704066142999975, 0.0 ], [ 119.927489072000057, -0.704110815999941, 0.0 ], [ 119.927711485999978, -0.704137139999899, 0.0 ], [ 119.92782605000005, -0.704136390000015, 0.0 ], [ 119.927982385000107, -0.704103727999977, 0.0 ], [ 119.92806280956755, -0.704079492722903, 0.0 ], [ 119.927679129999973, -0.706253677999873, 0.0 ], [ 119.927357665000201, -0.709789789999887, 0.0 ], [ 119.928643524000179, -0.712040043999911, 0.0 ], [ 119.936680144000064, -0.714290296999936, 0.0 ], [ 119.94402826407088, -0.713408522957176, 0.0 ] ] ] ] } }
]
}
